time,frequency,packet_delay,packet_loss,attack_label,Bus1_V,Bus1_I,Bus1_P,Bus2_V,Bus2_I,Bus2_P,Bus3_V,Bus3_I,Bus3_P,Bus4_V,Bus4_I,Bus4_P,Bus5_V,Bus5_I,Bus5_P,Bus6_V,Bus6_I,Bus6_P
0,50.01780515454397,23.97676139456343,0.5156854197798988,0,1.0188094755501471,10.909857156618997,50.91935186616642,0.9927939141555565,8.574320089824939,48.44103327979815,1.0075139076971742,11.361726085555341,53.92071556627672,0.9949267890614669,9.9013425226795,48.38574055439725,1.020435209389322,12.167067565424043,54.548689202723544,1.009912234498372,7.5335895497771315,46.43480796630968
1,49.99230336427827,20.030321740341442,1.1843192597352508,0,1.0224955642810956,8.514173099167124,49.256752529200725,0.9749723211746214,13.752845515875837,53.84769834033753,0.9955001037838251,9.74155278250306,50.352463161328444,1.02253842594664,12.13746867779314,48.959822905164266,0.9863361320551073,8.63900820078836,45.87690528408441,0.9990298703043773,9.906785637088689,51.439857692878064
2,49.98534074494293,37.5824042062379,0.4651636666895811,0,1.0359171899284334,10.652162375494262,51.2667174044118,0.9838607755819813,11.755225492980292,50.753763832641646,0.9963067483727137,8.396038912193264,49.022108569175096,0.9759308756585525,12.100716458202065,51.60811163666498,1.0083939176439205,9.219208227252823,52.095476647988285,0.9870141732858092,10.008845370698733,49.75659145272654
3,49.98770520042576,30.58464645687836,1.1981518528381867,0,0.986330761501279,8.309013862294687,48.929961717948395,0.989264174210447,10.192179111068201,49.39155587847137,1.0042778558482526,11.79764043740174,47.982480815755714,0.972926144821304,10.785341442877632,48.61526152714109,0.9785600523063774,9.14081933139809,50.4846514430449,0.9951142977398685,9.752163284367242,49.91583592911043
4,49.99500090655972,28.477995554585945,1.5466502476518407,0,0.9982429293049594,10.379391173683752,53.73591470537804,0.9944852583194175,12.749843200822198,54.070654763366534,0.9823049501698505,10.967476613489193,49.423685759897495,0.986741458750279,14.182111893508335,51.05740152633931,1.0132663205938852,8.003777748048593,53.17437764321198,0.967230232366359,8.496915609570475,50.05738581915922
5,50.00671552188009,35.61203082532451,0.04151137158470952,0,1.0039868475719524,7.05704676633723,49.25472868915663,1.016427492754394,6.6451402438818175,49.16566523548065,1.0001292908058066,8.434015041382871,47.26214547596567,1.0046163467776335,14.72564731988615,48.002076808871244,0.9957715715020655,9.499991030011666,47.03471232126896,0.9893551676354121,7.71447236111167,50.044365392513726
6,50.01516655479259,35.54942698287802,1.967232797015968,0,0.9949345988282008,9.634076439860513,50.074365470208335,0.9934946698919122,12.825859489598512,51.920334947551474,0.9813972715177093,7.788149921800123,53.97319794530716,1.0128525398239652,9.738516778370002,49.103070265992564,1.00056616722071,8.039461277837937,52.91061688264121,1.0207401801263758,11.580744744678466,52.723159636049864
7,49.970347910015406,20.91291920048992,0.5016600863641947,0,0.9878872454120118,10.666008309763301,53.75480742269512,0.9977715834705911,12.230200272914422,53.81270057284542,1.0089163009064948,10.180975159806197,47.24515222060092,1.0495884659751202,9.891404140494995,50.64119966904354,0.9830700543711794,13.815434091860665,50.850939958408155,0.9746270991319611,9.148096239785122,51.80121185029167
8,50.013182128072714,24.75181793853879,1.5229834559333386,0,1.0117812379983186,9.030753410254793,53.05571017698758,1.005391137568655,8.026883813449583,50.296746933743115,1.00081980584695,10.818819001298944,47.7227539208163,0.9950361606546504,9.281309736269034,49.96849631231434,1.0307087201065992,7.986805474563566,50.863125920168514,1.0027304370502788,11.751572265781721,47.37130933558676
9,50.00361652194549,29.133076555590563,0.057684940849868305,0,0.9654532511686156,11.108306505998168,46.0398826525511,1.0020621494340456,11.005332206480102,49.10359205302212,0.9711974617593974,9.332833424960526,53.0899632186924,0.9825578799329475,11.427508119625823,48.236131970219525,0.9695940761017671,10.849188811942549,48.939723605971054,1.0291850891834382,7.849964283911088,54.33039781265923
10,49.96729911978784,22.236252045895753,0.018212465987980986,0,0.9952703418349054,12.877090006304307,45.58956396383714,0.9929176705881682,8.496152800520065,53.13296551285876,0.9831976069779533,10.890321148210559,46.376261387739376,1.025169986503057,8.953197549113998,45.905796394802366,1.0302886091328516,12.51202348727698,51.42421901133558,0.9962344107714952,5.770039225846198,51.81783843229545
11,49.99676457580341,25.690460474067322,0.05830564577533415,0,1.000157877625512,10.564874516798122,49.64652617283427,1.022829806590313,8.336917788732254,49.21875181213216,0.9508352226094838,11.034197755891537,51.00539894926035,0.9746149805728155,10.616288713749173,48.78562880813779,0.9797285685370329,9.656529186059712,49.06052793100365,0.9613977519137191,11.027721918704431,51.24452261998839
12,50.02955433259541,21.883003024491973,1.7127002147408823,0,0.9942097913078984,11.044493532993313,53.81356542506647,1.0007012994391982,7.625155686395758,50.22700030958542,1.0022285438022347,5.784062245298586,50.489927436645864,0.9913776049730428,13.012877278476715,51.82274927653148,1.0119667009155582,9.436142610693642,51.415305991053344,0.9967079276196891,13.517355540526584,49.62517627052155
13,50.01420760392826,37.15586784329006,0.6087117009529499,0,1.010839450715091,13.92257587114139,51.71943865475564,1.0253257255067085,9.827888767430979,51.481960913692745,0.9671420959993579,11.579713660519218,48.723635283795,1.0066496050220006,11.927794976860216,52.45923385465648,1.020298498749766,11.422833386873009,48.122660754618096,1.0136370449247116,12.335455188628051,51.006227879068405
14,50.03123005292986,35.497929517137436,1.7350422029533377,0,1.0220647868285355,11.403725902429848,50.54642580814801,0.9999307772513987,11.617035251605015,51.09447477304807,0.9410649790803106,9.728355708758887,50.7748002130019,0.9936188598168793,9.909469860998437,49.52719999498881,0.9673147621341067,7.192015453815797,48.94096847646545,0.9689960450468058,10.565806733422216,47.780797639840586
15,50.017887205270256,37.89129625159629,0.9004380899369417,0,0.9892723085747992,10.014998388594222,45.50045659695034,0.995888940958042,9.413524478026492,51.93310842696315,1.0009805137526138,11.761657005140838,51.044239768769415,1.0495081976375469,13.917063033044272,51.26850392806104,0.997309592155827,8.151606802476289,53.39194091720196,1.0332549676946872,10.155374058464357,48.0958955103418
16,50.03288087500013,23.906998589110874,0.36421250269936745,0,0.9905575081849339,8.028946273766191,48.847579201627106,0.9881419497184922,7.727453806695544,50.86357699687064,0.9929270384697422,9.71381002726791,51.61392732038635,1.0121979166238233,8.748962691287865,50.11143286752862,1.0089718980814169,11.816665664532552,50.68679635803112,1.0083389785625736,6.520693282705089,46.420353447274444
17,50.02256599936977,34.851738094610496,0.9317708566510552,0,0.9806070046122057,10.020945700317297,54.395890519844976,0.9768014236753197,8.829543272944697,51.96829943729854,0.9869120361850714,8.75965569141992,52.593258382238744,1.0190600761167476,11.331238481022885,54.13803781855358,0.9998501846760608,5.988736343814252,50.14082055033566,1.0002613036344061,13.152562169614264,53.05012643067053
18,50.01409204796981,26.148416356795785,0.8431447105346579,0,0.999129822055661,5.486318921315588,50.09307056953413,1.0248912507483674,12.713419338400739,48.093226969623906,0.985535519457092,9.98976471435992,55.16023250048851,1.0209268829652565,12.445848004438629,51.128342368771165,1.0059783578458996,9.11173920631114,51.13100370860219,1.0085843111037311,10.294042014122233,51.41752604185072
19,49.99732105808599,28.52866816946872,0.6181310968735205,0,1.0240872517898603,9.020816441776793,50.14730826667431,0.9862080720229708,6.981182083801944,48.32600548943465,1.0142941395206353,8.755532781802096,47.307125107818614,0.986552515602708,11.04802017789098,49.57265503801137,1.002105009595273,9.090827441779703,46.64701975574079,1.017918021943895,7.984303702479879,54.39121869363232
20,50.022272335397176,22.980822659964694,0.5941474058052738,0,1.00055712013804,14.465432965585752,49.09609470199869,0.9888714410030681,10.585561537772307,51.362896628070025,1.0159555840356416,9.207926071082907,47.96694804165739,0.9819695697642948,12.933379733007445,49.88638670476268,1.0180911394874672,8.628667053028803,54.699773134102074,0.9861748678944185,5.463116352741832,50.092991904530365
21,49.99680497981425,36.702318685844546,0.7035428896092668,0,1.022931295500708,12.421603574204493,53.338385038407104,1.0244561986737222,7.165718807995431,53.25161441926532,0.982485391555826,10.120062328262222,49.08338840741233,1.0189784766805483,12.543222431752234,46.84120892075934,1.003429218711318,11.234763507537807,49.66399903346541,1.0195088573492486,7.533068095100676,51.45666117642403
22,50.040506211131984,26.709892855477953,1.8801043227413723,0,1.0037753527730022,9.335646163889352,53.482390086704534,0.9975589307108116,8.268811473625494,45.76117909603026,1.0199851892702874,13.537384099725392,46.61973791891675,1.0012901227880588,12.396838325241292,50.50578447964359,0.9822056231735382,8.67493397486317,53.94629424039465,1.0233418009919446,11.71178762365997,51.02383962677164
23,50.00286988642797,30.359173648717466,1.125473356325015,0,0.9947394561467882,9.82532576809598,51.383658732236796,0.9874949619499851,9.76743426187741,50.44310529158695,1.0337357096158948,11.582870380405534,50.48028684840502,0.9973424166987499,9.633343863284345,53.9331637436051,0.9689809341060002,11.901554083115577,50.006497158800116,0.999864016807848,12.33471041299445,48.92676967116522
24,50.02765694921649,20.93405181070672,0.19018182311651644,0,0.9788437730535322,11.893408188919286,50.46929016031147,1.0270148439091946,7.917987795470493,49.31287984954775,0.9768327267692403,8.913849305986748,50.627041839904045,0.9876256986701307,9.426033303894314,51.595478279062604,0.9940784490861414,10.045756620491924,53.64803495587252,1.0147356369282803,10.044631023890727,50.14364718774893
25,50.07332255162105,22.646693180003254,1.6592367248260362,0,1.007173970298384,11.409454551498403,50.32838694422216,0.9961175849524888,7.11730058963571,51.38189448601329,1.0050017701413398,10.072721318666558,49.371522319831364,1.0124125880556465,10.958833725928807,50.993825811920864,1.0261837484737433,8.826462493117502,48.81568926532485,0.9595266114757481,9.621872974829323,52.16006871557385
26,50.01311755698115,34.42901029987327,0.7041232741591121,0,1.009751027105131,9.796815889716296,49.32956052273095,1.0251254481949144,11.811357610107828,48.36357802427213,0.9910383478187209,11.806594152462631,47.96993506589922,1.0222209503172952,8.584090336090997,52.96446589766134,1.0131642641032172,12.277917148894598,48.558098690837745,0.9673735338871896,12.587110837345344,47.61431547122033
27,50.00037392163922,24.766032648733592,0.5088014868091915,0,1.0122106430941453,11.062222813531022,45.187816810359166,0.9804651845968934,11.917770804087137,51.959518507349195,1.0120410174179364,4.954521802011297,50.22091366112018,1.0412124389677744,12.241782855900455,51.003834570535865,1.013179909147872,11.197795308344254,49.01169337928985,1.0079960593833013,7.894845038701282,50.876232771717476
28,50.012375058908184,28.87510323305547,0.9819780307989643,0,1.0107544235733277,9.64796617753541,47.166056293818926,1.0141616505751203,10.970409788060234,54.1287836411358,0.9839194006326638,12.319111760428763,51.56765105792712,1.0131885302958392,12.862519506614786,50.028951666232125,0.9733902534860155,10.816005324046051,51.55183902102046,0.9854185795947281,10.404526896716577,48.58673775145271
29,50.039301191085734,36.319600387112715,0.30080880890328254,0,1.005899028686228,8.623881964652194,52.59892317648548,1.0018599378603472,7.124986826968953,46.22522658628449,0.9971950619189952,7.654590972673187,50.25703314812126,1.0471290661640476,11.36459559568637,51.02306466627145,0.995382706736537,9.838724692638168,48.828727785319565,1.0399971502892384,7.459069313615663,50.08494254819871
30,50.003424011630685,33.61142680493161,0.7149614663057418,0,1.006340127781926,7.616909308915142,50.713341679939106,1.0079015042337804,11.521884942506837,53.477673675588505,1.0216059516250873,10.018829644578533,53.28347499591387,1.0104141051104032,11.105328566326556,52.37114640063877,1.0050054836939777,8.656770163033523,52.40446003909717,0.9970243639631172,10.104021698548697,47.840780754849995
31,50.02857364901513,20.683188594142376,0.8249154007630783,0,0.9767523999744322,10.88055090695393,46.39996062059637,0.9912122257398125,7.184803278251421,48.74360135800753,0.9945669496339843,9.869436609077908,50.7063718827177,1.0021103286342607,12.47565700723343,48.74848334181559,0.9886771611578022,13.161351509901245,51.529679263628864,0.9989644219215698,12.313920849964903,51.10291079056007
32,49.96699177024833,31.146347139693315,0.2855167172775728,0,1.0478346780173289,7.872847611363756,50.12819315059201,1.0281422440486156,10.219894167989931,49.82293129644351,0.9940496011911353,12.976266011271942,49.858317338673686,0.9987518165699822,9.605486219739166,48.19521242767713,1.0235321501499401,11.40574728747304,45.28825755785461,1.0059198013369985,8.900890776298883,52.96565897797453
33,50.03166486543954,28.76329869050351,1.9125096858579866,0,0.9739714072721568,9.29569430744021,48.823352875391386,0.9859487258660308,11.193878629100507,49.04141211713081,1.0024850944659722,9.613623851800652,54.624494698282795,0.9696695308266126,12.667706771286136,49.003497524113996,0.9873748624479385,12.109826076059939,50.15071107264903,1.0273543964712055,11.374633745188543,53.49474476232505
34,50.02477704606894,20.997753781734342,0.9592041305732775,0,0.9883045640775453,11.143310925535424,50.288455439930345,1.0117325691275645,8.012443920101246,49.18478538292428,1.024508732155907,9.724686165304469,51.96231596446995,1.0043705039651687,13.56640075892003,50.757123363654294,1.0077472411412736,6.424136895715552,50.948481738491196,1.0202103734587415,9.97479392267041,46.914588064599066
35,50.01591492496332,37.09620604789071,0.07693892306978922,0,1.0260227553150316,12.104657197899344,51.521605119205404,1.0177448577814023,11.031039329332119,51.656361519831655,0.9632500423491852,6.526329000040629,48.43779091529237,0.9914280294388449,7.840447500571582,49.52098037813368,0.9909476332200613,12.981132537260748,49.26323383323108,0.9900658119479983,9.497742062307417,53.82420541695776
36,50.005330982296364,34.1483108972058,1.9433045092733368,0,0.9827663813886062,10.656714132294653,49.63023828759646,1.0171246572670483,11.754496152266103,51.2319149863191,0.9644759747732522,5.754322980263492,53.95547848601418,1.034420191094429,9.499606548791228,52.03501283270273,1.0451079038323827,8.376132897795873,51.354100444705736,0.9907362173400487,13.7324263606497,53.10143545107797
37,49.98226008005601,23.24399202805512,0.5268981942524977,0,0.9911124796472982,9.579113749705265,50.85664746670702,1.0008996141524928,11.087930373761132,49.048100531962156,0.9924257803893026,7.858519500737149,50.84037079896573,1.007369201471328,11.324107156387104,51.66440487315299,1.0015904874468564,9.232441082997202,48.41748850794145,0.9840943736139027,13.135629107207086,50.79048441102206
38,50.03698131745506,34.49504100795756,1.2539712295374517,0,0.9893265761841267,12.727031618712688,53.32924072071624,1.0242792119893962,11.798095752286194,52.696951490558355,0.9737511560026768,10.910887004328032,47.51092032394003,0.9786661286213932,7.688526029395614,52.00714804441036,0.9953399559964065,10.432898574044101,52.02801123456711,0.9950569716630003,7.897673948699282,51.25806167401778
39,50.06068100848353,31.827154941511594,1.2828892902728273,0,1.0144611684693052,11.921436936572167,47.42028822321395,0.9949874544988517,15.021435184667318,49.197895085369446,0.9825135713436454,8.264441739016142,52.74402688361638,0.9953532492072403,11.23467492128932,53.7771828418735,1.0083408621254097,10.704691774148532,51.59166851861453,1.0135853631301583,8.444783773597287,50.97022596348398
40,50.02092339442475,24.06723727901722,1.5200048577099483,0,1.022785890117027,11.872625777081788,51.226621938285014,0.9882804310722373,6.6505020979730665,51.19206297238278,0.9843110361711588,9.496283760152501,54.78750221820513,0.9817785423424427,7.833659825499077,48.125033821951746,1.0253215890279705,11.770590512015632,52.29681267875454,1.0068215961952915,9.334182522392302,49.21903312400716
41,50.04035726715219,34.47278990265229,0.15505907459534152,0,1.0119204191688358,8.50608522550137,48.74731815346176,1.0114057669352896,10.75630853062524,49.394318581747726,0.9964594175117105,11.051780994597781,52.2201891128216,0.9917156526887404,8.04370316447782,48.11458162415416,0.9748007358722158,9.253114880876039,46.67498058322094,0.9897918242039879,10.654083914067538,53.138712848880296
42,50.00739264619838,24.749226030838436,0.3569848568954941,0,0.9963726403308028,8.9472802913791,49.615291496825996,1.0216130897283389,10.095731548339275,50.666385583133945,0.9837814110923906,10.100947450037507,51.1803239904213,1.0183755785431765,10.96616051445903,52.337067572627234,1.0227802974929616,9.859360657151335,49.8908071808714,0.9946498201447259,10.774885935772168,50.35662088052936
43,50.03323845048837,23.928664673011923,1.679034634774475,0,1.0124069180367956,9.360252210249893,49.64617644957594,1.0156965582036939,6.995996296952313,49.74676295684015,1.0062111070345148,12.332315632456623,51.79106065125532,0.9824701441724576,10.535780630746691,52.5834430898543,1.0283199210875513,4.766863459562253,51.21888954269465,1.0123723212795925,9.088277502064411,51.366086698334925
44,50.0149929264744,31.904556991114696,1.3147946851264891,0,1.020117403286011,8.993382436639388,52.665940251252195,1.0423339260289184,7.052347473083501,49.08671595317975,0.9741086510972748,8.263537774746617,51.44599374613476,0.9954082724579164,10.595411938609926,51.88392886169883,0.9960543277182423,13.938198496591845,54.04731944946747,1.0068704693992916,9.223712915548253,48.91743116121471
45,50.04526503468426,38.95614588669515,0.8948079036990422,0,0.9870114548825819,7.015949581298829,48.80477063979721,1.0105243151435366,10.626896611478404,51.16415183953399,1.017702639864674,14.93116055845886,53.908563453313874,1.0066108842195105,5.426815619452406,53.31574270829914,1.0282084613315268,11.815303848583323,49.243015273559266,0.9944445353943102,11.012740843478396,48.61186825463665
46,50.04670032200068,39.24945735486891,1.3239981128899005,0,0.9789183298093004,6.848293863331459,49.30221384952512,0.9810204343313025,14.265767238939441,50.03344892825665,1.0035185414042855,11.173785628646524,50.49781052287969,1.0023167432115336,6.115860495714925,46.96160169447766,1.0048895620005858,5.303862737808333,49.475338042926396,0.9642653942597081,7.993865417549687,53.742037337060964
47,50.03009203713268,29.619801300249726,0.821314903231896,0,1.013050794570906,6.302899158251202,49.486138542108705,1.0063305315556184,10.179600141220957,48.55961212076309,1.0307781240553475,12.258598658519837,50.03648464515512,1.0042422892585223,9.348946382402513,49.84632241474681,0.973159271704277,10.569683002452585,52.02498656108089,0.9700240848894569,13.129903668500575,47.613836072878335
48,50.044740650144696,26.01804262353245,1.8251937181416227,0,0.9832786140047115,11.587876637067993,47.148378404413776,0.9842393858705697,6.102830196959371,49.712346610176084,0.9902411979887984,12.045967963428772,50.40858199247123,0.9819042044378753,10.021475276873888,49.91069093082125,0.9878405658761377,13.928117813746516,50.302753446225736,1.0089957260271416,10.966196743660719,51.853070107511776
49,50.01477937105432,20.719330499493807,0.057831437926419316,0,1.0005351477391227,8.000997559508978,50.391305677649825,0.9968221803219149,9.858148751297872,47.4027529774958,1.0290007928178548,7.628941122776389,52.168949174787265,1.010659257273512,11.238370502943773,53.97642234923916,0.9855535151157334,9.721217745065635,54.20909933463373,0.9795632734334381,11.136284786253325,52.00413226693706
50,50.05682570248314,29.657186217708215,0.5172342877145084,0,0.9721163490500501,8.189678949056376,50.91926231144384,0.9972694923885386,10.256301476970691,50.13849128358157,1.002277945927231,11.963816594629263,48.95195421738696,0.9801071441353812,6.689400705793998,51.373935138683414,1.0037667928454719,8.47718217470264,48.66220969144114,1.0200669428199682,10.361327755578028,50.69914964907272
51,50.00687637680582,35.6282764792905,1.4706987899902577,0,1.007192199680502,12.351825782991407,50.3696228919865,0.9628013024788931,9.440400541749332,53.33889250722163,1.0141769980886863,10.485679748829893,51.85109193883681,1.0058250526878307,9.775776365264258,50.960771966118834,0.996082372506836,11.872478389827085,50.62221975847069,1.0309784701782538,8.033348268371956,50.404082423531264
52,50.0077010861831,30.195359390302357,1.893118942529745,0,1.0007858856515561,9.644524517212679,51.53650771717232,1.020898294858241,11.855219650416005,49.0246123148145,0.9756243780762747,11.103883927330704,50.67855164625387,0.9777450033959909,7.879121992186986,48.72891565100846,1.0362724058943127,4.8946989237779785,50.96282065614154,1.03871093586006,7.0977581825805345,47.72375653920888
53,50.018733247438504,34.496721038079244,0.08893034527494792,0,1.0126464564742412,8.4130384222986,49.034790592516885,0.9770668410829939,8.890034789917987,52.963235668315164,1.0191169463970153,11.493839690791281,49.65012207254904,0.9954936868139348,10.219632482286373,48.37562682383633,0.9907912834591511,7.149778265251403,50.25128784951604,0.9990905571976988,13.440157930677792,47.411951705914404
54,50.01754320674245,21.520622280700245,1.6766883370209111,0,0.9883614497431061,8.736272019531167,46.74717185642933,0.9867723091421943,11.329434563528045,50.84397032558045,1.008397015730435,8.179546364000116,48.091967932682905,1.0254349308858854,10.727686053961024,50.19792771724056,1.0400971785389164,8.43912269854665,51.549639557538384,0.9971247527424805,11.153577896208848,51.152491673278355
55,50.05586680003398,25.972850369380474,0.9738346734513736,0,0.9921190042913215,11.545624558355087,51.7405593533624,1.0185820027922485,12.732624104778901,50.62997265640446,0.9847405572889693,7.069484405700033,48.22206020207132,0.9818849246916312,11.865078994050522,52.625127088613866,0.9904850829785418,9.017370468870947,51.71735523264885,0.9995925747936151,12.703211710461632,49.498387787520684
56,50.00636612807161,22.76167392456608,1.6500413097453885,0,0.9990446653852237,9.164794977431017,50.363917341158874,1.0376182711318376,8.245020292767105,44.35965170894646,0.9734285360298652,8.954543743541182,50.723681679359004,0.9561859120781313,7.747835540936794,55.389204313608346,1.0084312461392302,7.010372006636606,50.509784173596195,0.9850301350847531,13.060279814865709,47.76707401483
57,50.02846767172488,22.853378660340407,1.6777766267954395,0,1.0156876890581858,10.955979213736986,49.73448273992391,0.997448728773957,7.609834447436459,48.08847916684095,1.0118738118509518,13.238267816329776,52.733739659015086,1.0223886540693599,6.181926705719643,47.329508542611585,0.9886142048766572,11.040285718853712,51.31629058176112,0.9908131665645694,10.64639067932384,49.55506837587679
58,50.046662394340025,21.923669926291105,0.31451894250920964,0,1.034614629974205,9.285386447090872,49.82771314313603,0.9532071741238267,10.927058476258823,46.79876414624333,0.9799628958836393,12.816828354091488,51.17569233091834,1.009042697488639,3.8973644553067217,48.011223286300776,0.9890803798040808,12.717022610876562,53.115568899759026,1.003210458059339,7.7520877913985995,51.54936238328045
59,49.97885723956959,23.306114320088138,0.0505900619454589,0,1.0015835190071558,13.397828957433278,49.437687664637394,1.019586204138374,8.846875987406024,49.962178036746515,0.9981638310431081,8.31511404775467,53.25654102851185,0.9860270404819537,7.392143156977687,49.658906574803254,0.9796168067788708,7.878220074943622,51.69359702909684,1.0422612222305387,15.603176223721693,50.97674362348782
60,50.025189924229785,37.573434592886535,1.0306779637253747,0,0.9543406544111745,7.663185801212975,50.05103555112264,0.9884657851953627,9.594164417368713,52.10638882928827,0.9891140787592885,10.51960368270852,52.4135926301382,0.9916038651195799,9.613534193828317,50.7769721219127,1.0017383765638141,10.229915320034348,52.643384755756955,0.9840425407779663,8.462953359130314,49.584908620959204
61,50.03118688653492,22.377801964225398,1.0487887202499464,0,1.024236914075761,13.895702943631639,52.011501513343674,0.9994636342142115,11.548133026826864,49.523207712267244,1.0068092369378263,8.695782375431033,51.02827744635848,0.998086840884613,8.885593696206804,51.169597629580956,0.9872374778377674,10.11934129878734,50.578634198545636,1.020423932110099,7.9700245056465215,48.70125626984894
62,50.04271011561739,38.836602867676746,0.12761599237480703,0,1.0111226987057862,10.43749563148145,50.01401695858449,0.9738931015074951,8.734078427736655,49.02614525186037,1.0012810487749804,9.6974362674759,50.68248782531537,1.026959238991981,7.16549173664566,49.0091600098902,1.0185223344194005,9.947284669500206,54.79844690059171,0.9756793439317726,7.713634870128876,50.3462343646758
63,50.058057245029026,26.006163207515026,1.6492546098420973,0,0.964046235647712,8.06717592879496,52.63664637726207,0.9497083493431868,10.385907223161823,50.00323108695738,1.0017948272950927,11.034624857671824,45.610304810671316,0.9681771357358229,12.277750816015695,52.07737817340854,0.968491190276157,6.642319408344162,51.09370562945962,1.0229676085628596,9.524454649099127,50.14084666147794
64,50.025634875239824,22.419893547584856,0.4151460030748726,0,0.9851734076931953,10.067319685034054,50.858725173429704,0.9924905473354113,12.085539361276673,47.67346452600141,1.0022331889037477,7.294984674141405,50.88377467582124,1.0144030741065473,7.334604371885419,50.11248800641186,1.017816638009327,9.152020645829671,50.34475172086423,0.9961711742701306,8.368061177347876,49.29149563287032
65,50.03356786473877,36.20490776305836,0.6597047805637863,0,1.0033269338104605,9.271007085975407,53.241273549734075,0.9762868488586748,9.913398070683002,47.334570249510996,1.0388773529523954,10.781708194037655,50.692926809632034,0.990031343384894,14.941048355671281,51.104664125933546,1.014113423515995,10.61856335800159,50.49308157029925,1.0191501593319936,10.28682492945328,53.64249996360536
66,50.01162561091364,26.512981055693263,0.7230342886259251,0,1.0215661140665984,9.619671071573686,49.23859908319735,0.9817110402699785,10.827367773501622,51.16259119061539,1.0005175015813235,7.897097180550876,49.20296360319573,0.9676563543820079,8.009577707383421,53.772123597211305,1.0032652416732992,12.532260728701974,48.6335793370219,1.009024249067269,11.237809204733184,48.85659577698905
67,50.055817329950976,27.278055058660108,1.7225916353828428,0,0.9703812962533799,10.713316444957208,50.51244033462575,0.9745460737286399,9.587771452270294,49.14163769824398,0.9974407995959303,9.443759119232219,51.48885512312792,1.0020668010888414,8.263556008443746,52.14471453631449,1.0096413264323896,11.85235509851266,52.62891525042825,1.0119092932888918,9.757804274435713,50.766647474158994
68,50.069303023240046,24.856749370921474,0.93225085300864,0,1.0017944867142738,9.52007139271073,47.82963099296283,1.0043176465025294,11.056301321451345,49.70869752921717,0.9946111078075068,11.890851492836017,52.520001498125346,0.993007695802923,9.37892708229685,43.5095823600453,0.978460524189953,14.173625831065069,48.02430884034839,1.0251235187777765,7.459072457348666,50.8030069062527
69,50.043792881688546,22.660807602942885,0.03272552883259361,0,1.016193827561508,13.97679729543181,50.53764982725304,0.9906199713542415,11.666943999312048,52.06478256466531,0.9936995006835557,6.559462231164412,54.397434258275766,0.9900049036252015,13.297330802333391,49.22732783214369,1.0235946814845878,10.362816530691367,48.97162755136909,1.0295019613250462,12.110274720069,53.62350168013804
70,50.02236837263807,22.684026980932355,0.21938824676952806,0,1.0270274434422,10.057864927096567,52.17441801772628,0.9923414588716654,11.614674554708966,50.52436407790804,1.0043194452836883,10.929506586289074,46.69373850180869,1.02010977455179,12.357348301347894,48.84187806218833,0.9940559508687522,9.274844881753843,52.19247939016978,0.9944222117001361,9.11614331544813,47.979922607239644
71,50.021084526119125,31.85568281174981,1.8359724953501588,0,1.0069162012186192,9.500782425674096,52.96836060852421,1.0143129638732922,8.529650172895845,47.332016082313885,0.999560554760275,7.170306040962917,51.78493657634035,1.0178435133330346,12.237633296355096,47.98464958007994,0.9836747978654209,11.622457569452529,48.49435868207542,1.0063287730609345,11.15328510280505,50.315080864109106
72,49.99615396810794,26.337761356782373,1.0034340463934226,0,1.0083735595768104,8.33189164436206,48.29620784428019,0.9921071523676158,10.983840708918859,47.30371005786462,0.9908166042124357,8.2523493645259,47.14508773322315,0.9660507999052218,11.982897095568969,51.01238798635986,0.9979451451092013,14.44611859027417,52.675616203156515,0.976575136453876,7.051300342954274,48.070476890675515
73,50.033684075867406,32.97706968393077,0.45217222532342816,0,0.9899443277406906,8.471602847553893,49.28689817615028,1.0257407784744057,9.83224057780352,49.57438400182662,0.9831138330940427,9.299068257599124,55.158377645162325,0.9945636683404763,10.35256430504539,48.059624106522406,1.0102197998807916,13.915125039294853,50.500160843299994,1.0106965227547466,10.606049258569357,53.674304547627294
74,50.01825250107101,28.679124459044978,1.7948842620571435,0,0.9849252861326454,11.905219237337917,51.341503127831096,1.027185823397234,10.725832376419032,48.41421520609589,1.0127225906444388,13.546101932974427,50.967035700538005,0.9831195082079217,11.216388993089133,49.39334527445842,1.0105573479496717,10.347826720415044,48.75645883394885,1.0214560565915884,10.30658575064493,52.19789530911607
75,50.01945943032099,28.589766695486386,1.702736710089584,0,1.0123066651257695,9.451365695710223,51.79504242872063,0.9492927863159342,6.107888494413348,46.76258790252581,1.010763415352831,12.717889770548672,51.500378956309,0.9767414016834501,13.834944022510705,52.264364858753126,0.9918877553238388,9.890493012467214,57.202375677417784,0.984966300297952,10.551953995078225,47.77549894205055
76,50.00525621408648,31.750770273102237,1.1479434772109154,0,0.9753787372670123,10.025683322541044,48.63733538629706,0.9624371883208066,9.416728974062458,47.22505124978652,1.0048806995266024,11.052265359461622,51.30424670806369,1.017393273859488,8.310602471328261,49.180466759023055,0.9952100080166312,8.785120635203892,48.258517813232935,0.9993948038550462,12.40640984229396,52.297259881362216
77,50.02829317664866,35.04788327010905,0.18222654969021956,0,0.976799343012537,11.323896233624941,52.76627381301544,0.9925773170322054,9.467494369249437,50.42142553306147,0.9695137259428943,8.60162851749469,51.5030981219662,0.9710139593017166,10.047347592338244,46.88903164856254,0.9966138575565591,13.233788878573534,49.44089974570291,0.998102186024509,11.182488705328524,51.784716145911
78,50.01243318832379,36.237587081822106,1.4918137390281498,0,0.9756217950239683,10.775814152143514,50.657716726874575,1.0030522977060854,13.437904012217077,49.439834444342175,1.0145593263191068,8.176480318748611,46.42792453660314,1.0022160367899302,11.65449183102232,51.266470990920794,0.9954830284150086,10.265209473887182,51.875657578496906,0.9679867045786684,8.944873978792176,51.57139012314085
79,50.00886482395655,32.16274231161736,1.3065060160391653,0,1.006234083501689,11.270393765552319,49.84313503108061,0.9960216320437006,5.637432497020137,51.420026558413426,0.9917565101415281,6.344855693795134,44.14158427890629,0.9742421718925195,10.949794052631601,52.81945854623997,0.9843175546880193,11.084586879595037,51.84282887837814,1.0179267356227428,11.280410805350314,51.74718773680865
80,50.01838667264426,35.29344908942277,0.7131555399058962,0,0.9784310994116191,8.589404571949808,48.99475287835416,0.9905107288582485,12.385609700277055,49.76608675828198,0.9824366788445263,10.590361271170133,50.05620923911162,0.983093366216109,12.511562651171168,47.50412333976367,0.9918333331559309,9.168070134888385,54.2775055376329,1.009473986985548,13.04022430391888,50.55570631547687
81,49.977587929456654,33.425499131258114,1.9856442133779058,0,0.9805568543436961,9.741620765174329,49.689533163010566,1.0305492420146327,9.885661467960459,49.480892418376506,0.9731312789489189,11.125878107542832,50.55820087948839,0.9927223443421141,7.377955702010388,47.83904839155311,1.005733487491882,7.430088242866246,54.84734685731095,1.0005757142014935,10.586704839971668,51.05387254055071
82,50.01174996375494,25.35669079671724,1.7201498444093146,0,1.014570284408887,13.276168485109515,53.34861945421784,0.9832524084438463,10.143027670621336,52.093802307162704,1.0110524217552448,10.35138403009134,52.77299189819912,1.0015962031016743,8.972873137519564,52.99032757519505,1.0097210990757988,10.469827007897301,56.46645691894412,1.003596657796325,5.865304140404261,52.399241210422765
83,50.02913921386223,28.528132591763622,1.880580628941282,0,0.9868276764891588,9.021228890814193,55.950311463761146,0.9696887674336483,8.620350412644445,53.22378047336267,1.0068359268859977,10.500190609395512,53.175606328285326,1.026791102004712,9.468630320295826,45.83560881744557,1.0057200016082857,9.67681199280781,52.13755693747418,1.0062883569764662,11.19557944826699,51.82556756942675
84,50.02959211521624,39.150945530189354,0.04515162894024938,0,0.9971818907198842,11.903329675395684,49.59546974517379,1.020582989980942,14.459441023742235,51.39023937662403,1.00234294448556,14.085153975294386,49.815120216014876,0.999799028721083,11.563290498212758,50.097180948231,0.9889038959621456,9.773511529391646,53.90165662686575,1.0072310965153048,7.20042065106194,50.25128248333589
85,50.0418582825743,26.913745848532464,1.2049419058927122,0,1.0118347840631414,11.775259648404813,51.7407561522648,1.0128840581662852,6.389544523593866,48.966701958112075,0.980893106917794,8.532171300318266,51.80725870938402,0.9730127588701499,10.594653957147106,47.6655038784325,0.9937837479132573,8.396985523923423,52.11648257955093,1.0091681450614811,10.529278273050279,52.49363008595259
86,50.052904869624584,38.512406569371166,0.6142955012284879,0,1.0184722208484647,9.440115859334002,49.35211003883614,1.0092053734250817,8.761906076099041,49.19271576672917,0.9786374867038418,8.816222562757622,51.719007905567,1.0223490276649163,7.307800872283924,54.114160971176446,0.992705929850672,9.549705565117037,52.070040317154664,1.0184085117902115,6.638265633994118,50.08817754178953
87,50.042765594451566,28.66198965879954,1.6517210169634753,0,0.999238168361679,11.398382306544802,54.250412042051735,1.0001023760820447,11.718008921498413,50.60528458691083,0.9818021214163967,10.25592497232234,45.78026473458254,0.9989820180627648,11.407008155127805,49.26277514460773,0.992242141361169,8.35648190238419,51.76413162039927,1.0028653505825544,9.203146587440855,50.857377526989886
88,50.029734886099206,23.317285379829787,1.9452053963623828,0,0.9955859243640388,10.224872847421702,51.09443526980715,0.9984257284906414,8.41965682495631,50.83888988616936,0.9719827271879765,11.236787878096614,55.061602258345935,1.052230933296754,10.635412084813682,51.24871391544144,0.963356328542075,11.794912729393772,49.15576400633195,0.9744031839612962,9.891445612264755,51.429532987756595
89,50.03360260706014,30.488545178792645,1.2542700207459623,0,0.9746262713548409,10.9576359853397,50.58253044080428,0.9962901286344663,9.759983128271251,47.15837958737581,1.0062418617178923,12.268675823018636,52.000822877430366,0.9985163431908113,6.523914352642139,51.09704323013277,0.9898229540098868,10.528330914775873,51.397922601889604,0.9802716479517329,17.570296683109223,46.54638800937995
90,50.05262850749208,32.216303199360766,0.8717410921354831,0,0.9708027142841432,8.1079843813947,53.526906848621195,0.9945403539693358,10.088828109374637,48.8827574722848,0.9824705599129544,12.094275244901446,47.73703093690835,1.0287412568008647,8.562455640466343,48.02795270793705,0.9716099501606572,10.100037393542676,51.556352657028015,0.9907468785990442,13.783633903684315,50.32318688101641
91,50.01169920134369,27.424836034342405,0.5043451387796138,0,0.9951773685643326,10.395635002976968,51.725829351126606,0.9808759081177842,10.43271805767147,49.354478858912145,0.9849424632057533,14.395139298516572,52.86072110688567,1.0206749763135932,9.563737186122419,51.287889840071436,0.9883784775505422,8.268138073131121,50.111260528213094,0.9939190617148461,11.728047451779277,50.45522590857701
92,50.018235666626275,31.012389983303212,1.160896112207555,0,0.9926385932779828,11.854013739795631,47.21933053046541,1.015060827826151,8.878702138550308,49.56514338893334,1.0167961462774042,10.78848095548157,48.89499440343352,1.0161560258437536,11.648730824532068,53.29434409719393,1.0194717928502959,6.921521503157207,51.86987985474508,0.9742905775610503,10.591863604933938,53.00026975302394
93,50.03393518766586,25.08827414666949,0.3555043633350594,0,1.0391041671048464,9.520349130964187,49.70428520522047,1.0156735009660915,11.506355886870029,49.68857404533492,1.0354192546570269,14.663376305236252,50.23889375590437,0.9876354305917737,10.02038935265249,51.46967185532708,1.004190433270598,10.91369485602191,52.09538396176164,0.9889376323550138,12.722660851873524,50.60624777270185
94,50.026299543182084,24.905421119995992,1.2347178488256487,0,1.0238493525489372,14.164851981868482,51.99765629246349,1.0150870814554966,9.579533023338817,49.739469892103614,0.996792098575724,6.430451449500625,50.49253894033756,0.9936832824830011,8.580875591618945,51.097378322973924,1.0045411576918497,12.029135359396165,51.28380980693871,1.0015282029891681,9.209133445037367,51.36691576774511
95,50.07119194452646,39.00349585136708,0.6078964929263875,0,1.0063568819195094,13.544312741491883,49.90581420307657,0.9937368632225704,10.469349228179766,47.73292319795676,1.0190084632324894,10.694818366344546,49.40082732441584,1.02481449407253,10.57142340285124,50.15722170553805,1.0061627032056282,11.765833398159286,52.21083560188565,0.974226482008413,11.203995947699433,51.171124001787
96,50.04188766707394,32.83425941140805,1.1579732726951444,0,0.9989658462449963,9.07359082190888,49.21970701752121,1.0166496064688713,7.820072772003579,50.18934633595925,0.9683697013725773,10.439519844041873,51.91526047012672,0.9817086673391184,9.103177217282607,48.33780556168711,1.0052360213812221,10.010813306601522,49.70308604014821,0.9876592525117073,11.01915229600859,50.561651014218775
97,50.019768211345365,21.33780915576205,1.5898977988373615,0,0.999966860997837,11.397527680301994,48.47163058377493,0.9831216828080513,11.22261106592205,49.89174075137924,0.9979686532215062,5.5337336917015945,52.27288532059102,1.0062753380261493,11.32149903160046,49.634757401428665,1.004692352612827,10.212586720749735,53.655730612633874,1.0018187135098622,8.813905838458842,50.87203183861682
98,50.052504419841846,24.933890694999562,0.7435456708816011,0,1.0141886659677566,9.996893653578043,53.235939269330586,1.0142298381287043,7.931589562697416,48.36155298388922,1.0429298372198064,11.342001162638823,54.28436392417814,0.9919231422855839,9.414965875178167,48.474367038568964,0.9686968182054883,6.52741286690299,49.69310532834988,0.98874901960345,9.169209021138837,48.81611845467668
99,50.04197728310654,26.717884417992323,0.04404669541851702,0,1.0016058236145227,9.628641267018542,49.31803162079653,1.0280988174158665,11.761623935644637,50.716301771060685,0.9985199749698599,8.227675159665962,47.66841632684398,0.9661611282406024,11.787142339158633,53.825089977692386,1.0355188136141238,9.27744196441361,49.11331436079642,0.9615882697755181,10.631501933932224,52.95155610869804
100,50.05236764444081,35.32052783726836,1.5681573249930643,0,0.9458622441114193,12.877872662706466,50.45582160497733,0.9614541606087872,6.038666428171182,54.743786577687864,0.9594981684634893,10.378764320209365,49.983275541123284,0.9939074791731514,8.344999661852125,53.99238143303662,1.0076420988075563,12.084756094572256,50.189256992429804,1.0240857672555894,10.65768661801159,53.187334394183516
101,50.04527917989557,27.170983645985455,0.1597321871775652,0,0.9776533498699508,7.013128604478073,47.54788862570305,0.9831214010114826,9.972876519539343,57.65212952857174,0.9911417938397858,12.61672275740451,52.14649438679637,1.0192245437117862,6.95602764754667,54.508960205791546,0.9835576686259702,8.05401150903187,51.50453627264602,0.9975110076171213,10.094378867273603,54.14252481553664
102,50.054487266983486,26.923648348715474,0.38785874927564823,0,0.9964216531558168,6.870020053211208,51.29311712517244,0.9452678457922432,10.887220758683664,49.814317484837915,0.9982030077615327,7.955932320101234,49.039775184999904,1.0065738143249336,12.561734736172841,50.96834503546266,0.987097730945966,10.40364189316676,48.915170925296884,0.985380801154465,12.274523010414732,52.11376195620014
103,50.0407403897416,21.489001512382284,0.6173604706442057,0,1.005992462009393,10.351720527435937,52.37107940516179,0.9932909906054807,12.038233777758823,48.60275072265338,1.0011972909215532,8.779011740138223,52.5990364793955,1.011305925098533,9.177071746699536,52.746395387734474,0.9850763874598143,10.545443886073656,47.994228420803566,0.9929862656174597,11.042724898427005,53.50235361187988
104,50.04950686892774,25.282925715959315,0.7938692480733756,0,0.9938594527783183,9.809700258782176,47.21248016827728,1.0238384331645594,11.899475798720529,51.388327412718105,0.984211234986749,10.249222109218623,50.49502783798317,0.9664487659060862,9.552256786408211,49.73610529219282,0.9877690100359738,9.049185248167953,48.74898041769956,1.0284404350073908,9.819326597610441,49.552496348434246
105,50.03628467403669,29.597535159772715,1.0973989072578219,0,1.0063890964005588,7.022466214550471,50.529141414149265,1.0104498541053606,8.608599518583354,52.00176417993852,0.9744273499646585,12.13914167871175,47.485190836108295,1.005413166960166,11.130558089107476,52.428913313094604,1.0239611628789824,8.803853805951762,49.664826469281564,1.0011493647082714,9.802925247134946,51.26681995136088
106,50.01776512809157,28.479087719853695,1.304627881043361,0,0.9892578549102675,12.499191415839874,52.34381432312116,1.0282064128891244,8.619772745841601,51.30413195147146,1.004713931609002,14.216053343759327,52.63698605204587,1.0102319941991547,10.394673612275174,51.75746519621516,0.9759645625435527,11.752022682707661,47.23425744727959,0.9793941422471372,11.711906578453961,49.776331244434324
107,50.03944254706646,35.28686202379671,1.798700443954869,0,1.0153730229847555,10.134026627499829,51.750296824215425,0.9819489723496688,10.984769411918101,51.7374178107019,0.9675284018754745,10.827497474145744,52.01216597427612,0.987036477455515,13.313585372815496,50.530719350328184,1.0046760700570734,10.976474547183729,51.98736979757676,0.999006466145901,9.024314576255952,53.06454702535368
108,50.04938722627299,26.695725337390325,1.8305191561628562,0,0.9925942398342434,10.903763825484917,49.87994871408924,1.0346316189729463,10.368615883082665,50.800690835061964,0.9915862619284289,11.363637168173325,48.874311512863514,0.9842308855954738,11.122252888568461,49.50425633240061,0.9607657921647139,9.41545127701627,52.6022916520888,1.016928497213993,9.02088384900629,52.417127440163405
109,50.042126774771155,28.293545770159362,0.02168583750834041,0,1.0211081569998641,7.557489264351622,48.06280215535055,0.9789979582340378,14.809878877140413,49.90790504415529,1.0150888192875853,9.424007834295628,51.35689680263819,1.0097892318779982,11.291327766223931,52.831160419222726,1.011312034111918,10.2269188734128,52.01426585600133,0.981738027154965,10.499346814189643,54.466090613086514
110,50.01769012462004,34.30934505717616,1.8863692483002863,0,1.0094099168824306,9.04883310655512,48.004192423621205,1.0029510347824515,12.18615220512422,51.62374604248707,1.0146536171900713,11.27550213107744,49.646370121092836,1.0120621205006237,7.010338437785443,50.53319957992256,1.0090583103795405,9.792240184831382,47.03514337795053,1.0355549555505337,10.181404038984144,51.02190882754408
111,50.032913352731086,28.64690952933025,1.3647735175912126,0,0.9716004916876063,14.001882028679525,50.83666864320381,0.9895835294787838,9.067718164288074,51.89738069295785,1.0055877703538443,8.707672098284407,50.39025275569943,0.9988856656848952,12.583715811549666,51.47981276298084,1.0263028105121503,10.328629533795873,52.6017300504477,1.0471419316297224,9.131116103610024,53.02541365563543
112,50.07252631879554,31.54725508170427,1.9904513073833114,0,1.0027285635950531,9.612237806266991,52.6655898638443,0.9697685806391992,12.909558081918576,55.27525030993822,0.9907064030226381,8.790277295662406,50.29854408910589,1.0392876326734413,14.167141105736246,47.055605630314716,0.980050262265127,8.134290763172816,50.06909419865913,0.9831722767573009,13.684222640067969,52.99980213074156
113,50.06475400230894,32.96746945780174,0.5606534469360822,0,1.027522329140933,12.217115916162076,50.24847139399642,0.998825804662268,9.398584729282618,51.93930691340621,0.9887601354808345,9.46093534426082,49.89670468139956,0.9647160186457192,12.538021070617276,50.21409056871811,1.0052351917216087,8.428131685034598,49.744327765223595,1.0328690280358999,10.405225771368368,51.21999917700022
114,50.050127997112774,24.245767278660914,0.3934547539026829,0,0.9817330957119731,12.096250104101363,50.48468990240369,1.0043766632156488,11.285361229601014,53.39895264696476,1.0064395557182613,8.9669371848055,50.65495085135875,1.0212871658132388,6.84608596664644,52.93787819525388,0.9770841178576258,7.964238033459536,51.658661548657854,0.9906602163623791,5.896244761728423,48.118177106937
115,50.04020721369292,34.09806675741212,1.588707521992551,0,1.011283317318765,9.205355303043643,51.04061384716115,1.043563838830912,4.8470162686832445,49.412845758989874,0.9991908234490828,6.374249697805768,51.400969884059926,1.0057280193986264,12.915258455571957,51.566116025250636,0.986263471489807,10.381781544798784,51.17761304599191,1.0008969667664682,10.923945950878936,50.89860187162261
116,50.049687153563305,31.123157270523954,0.3781580990733695,0,0.9838255894639759,12.820670346696275,49.422798895060104,0.9549751737417819,5.238072920161877,52.2474848580414,1.0128598679968335,8.773328623334029,55.014713368558404,0.9503346120290281,12.894902784411567,53.06433619443063,0.9862801703167888,11.478130363413245,52.006170636930875,1.0266912547198255,7.154504195520202,52.95247588468431
117,50.039348407039334,28.549695776968786,0.17957047724332642,0,1.028855689942988,10.448551418689618,51.117663762200344,1.019981579325173,10.049970340836982,48.59280589667554,0.9773179282308319,11.088377765646936,50.53260757873809,0.9985316972572068,10.49239593212004,52.10333641743509,0.9920626473486756,8.816302100587707,51.64514553924105,1.0094299351479306,13.092279362213908,50.816723617446094
118,50.03275897752955,24.02365467595328,0.1724561125570021,0,0.9902717437171327,10.923242853736774,54.44095949447647,0.9971116891047945,15.021761230924245,50.10985128182588,0.9864183395143198,10.419272551311215,50.230901441814865,1.01395011907699,6.425726200059652,50.191203020934964,1.0135841997217112,5.5835363602860735,48.20387678520691,0.9919330493611094,8.71769239232826,54.91710715985844
119,50.030034046590394,29.864430821812256,1.7764416864732995,0,0.9828949822059092,11.2397795208355,52.09590688639395,0.9942037095087701,8.431185771844667,51.61916336379594,1.003229352314721,12.898679853545417,47.52103797335723,1.012153884313126,6.594551764486761,50.57381066601221,0.9871896512706753,11.139709587686365,50.833285869339136,1.0095476781836235,10.17297838609176,51.956829936371506
120,50.02554521577369,37.54608530129199,1.5910469947139272,0,0.9654695622936548,10.025553936451107,48.43850894693145,1.0131740208371216,10.115424917317304,53.61545969380926,1.001615388582604,8.51689232101232,50.677550546009854,0.9707611872144086,9.131754889105634,47.992771412364654,0.9829817325180819,12.12442205454293,50.94810258906299,0.9963284524972643,6.538819971593948,46.75354900840226
121,50.06272518346017,39.90847460118447,0.8921977723470917,0,1.009477149300079,9.30840567144358,51.81929511679559,0.9894953778985422,9.494271067346094,52.45589711887363,1.0236297614298715,7.805346290499408,53.36153397587003,0.9971103692516315,8.929486984038622,46.952867991124265,0.9925413934964864,7.332271634550725,50.50099698599861,1.0408739465052599,13.149808144255315,52.3585568196862
122,50.021723136726436,27.508667748434526,1.2264977297972823,0,0.9694474939526134,10.841877039333728,52.55721963964241,0.9933759820700353,10.253464575111293,51.21398073860757,0.9438543686625004,8.513652278807475,48.68678741677391,0.9981766068319867,11.51591421813973,53.05752379807329,1.018158875600294,9.75772612942147,52.99548218021931,1.0174387859833298,4.793295006043147,52.34224330551061
123,50.06249789505861,22.950999645605737,0.3415599330560153,0,1.0146997450585997,11.72834802295383,51.19722703137339,0.983360894899881,7.465168712209803,50.73869980718042,0.9819034803074256,12.96518571653761,51.61558657205656,0.994914491994289,12.835780893842507,51.481775435873224,1.0059638695841888,8.381710697526497,51.06474099740526,0.9631667441440257,12.336187402850014,50.305601011407475
124,50.00718469501217,39.01753626724125,1.5519442013998677,0,0.9911898171483903,8.84293461243308,50.5129160024031,1.006910318664691,10.412005497963317,49.455495059006644,1.017205152295804,11.569965721175624,49.572423274887534,1.0073512561805842,12.44967584258908,53.84399382074345,1.0064641592698564,14.126968631037398,51.46701951418711,1.0016452796199646,10.329948287086212,53.549987216494785
125,50.03555178510124,39.824708674278654,0.03534164881438606,0,1.0178435137638195,9.418877783224266,50.58837267156807,1.0493403923216182,9.629240734449558,48.528511826533425,0.9646680090725686,8.691196740702521,50.63104527194905,0.9695762706320434,11.647610527599278,53.06953600264491,1.0004472313954256,6.689128149293911,50.86845241933772,0.9788343966858056,10.187158290478383,47.90773755000855
126,50.0468245578537,20.962266177897398,1.1657420809189944,0,1.0276879080719292,10.910772855913462,55.491245211307856,0.9879816216991593,10.497161636181321,51.63976782035295,1.009978726695253,9.40608823726446,53.78199986489879,0.9772073717851038,11.133266700677197,52.711918182662906,0.9860043257671063,8.894349429410045,51.166768439980615,1.002417530823245,11.04253695806376,50.23711402614902
127,50.057462377743114,28.705708883874763,0.7337846263590773,0,0.9840249120645744,11.395460503604795,48.79368788394362,0.9823176504375738,10.346803939163241,57.39085166413978,0.9900870693160678,9.157426326416074,53.275995126034296,0.9842101494768104,7.777746633868485,51.02455080479784,0.9930643928937373,11.2818101923805,51.35999855224947,0.9990215205611024,11.433284427419332,51.00089967334668
128,50.02818930513645,37.61361839241232,1.2540005445283327,0,1.0029203279931411,10.054544717609192,53.96999555991216,1.012813466162711,13.134069431824088,51.74623966091064,0.977276826950361,10.951154679481517,52.35129365828936,1.0064490884797055,7.150832445582134,50.82682709995912,1.021543846523129,13.411223145095324,53.12677531582027,1.0113794635083821,10.421742435490016,51.10468413577386
129,50.01989766069653,35.7071134160092,0.8082647369808635,0,1.0130116919989245,7.355230218113113,52.81960998361518,0.9963079754824807,9.917944409263683,53.40519801720103,0.9939683397517591,9.727320962764027,51.02210086026941,0.9912823439594283,11.486432190097014,50.79743997632148,1.0289872108270923,13.157354998991442,53.40787196693201,0.9551989469106581,11.092760872549103,50.22944687750234
130,50.02892072272591,21.430874622535296,1.4023361922798865,0,0.9844204012939636,9.945596902755256,52.68657286848774,1.0035771050530935,11.255432575786797,51.32358690947585,1.009378355372223,7.914702890648483,53.65354917447157,1.0009258089810233,12.620599431553462,51.99029059807746,1.0210849331924419,9.076883289479316,53.69820599921378,0.9857954291381701,11.25140794740637,49.82027697656917
131,50.076141096935174,35.06422589640729,0.22568530358437333,0,0.9983586718011709,13.948659513198155,52.70895040556926,0.9771992865314196,14.101128921468085,50.18652993389183,1.011060805867004,11.22549944382484,51.960126712673144,1.0057699188667693,9.93600078560942,52.88605900664206,1.007808108795013,13.062476952988463,55.84425024867316,1.0024698934509852,8.5567210066964,50.26287026150636
132,50.07183288326245,32.060656009963026,0.5156564012522544,0,0.987246302149414,11.182337758421664,49.8707356550378,0.9914589050301035,12.205282244743074,50.536145785544875,1.0008726695887662,9.886799868152234,49.069076047990826,1.004856599804867,9.38778519441655,49.65492426327443,1.000838103378615,11.710997199405517,49.36369693669758,0.9961323740087824,10.955626392290052,52.03635747234345
133,50.012448213326415,26.312267260051375,0.23650221113088543,0,0.9878168606792498,9.060961616604953,56.141106384504894,0.9841134104232961,13.196770920734487,48.90324361518635,1.0036397802599868,4.742528875802733,53.38886878369347,1.0056260004101654,8.874521356142097,51.26827612173521,1.0056560361501292,12.86828295887703,51.33511906563204,1.0009377480340524,14.314885781489735,51.40861086939737
134,50.02381087067929,20.095420791596858,1.1764443762502883,0,1.0023783117305858,9.562637414211327,49.42881192852889,0.9918128669938815,10.264783985428268,52.97241530945085,0.9615516675288068,9.190590160243877,51.14081883883504,1.0169303357727206,5.263101048538612,53.25022684176713,0.9890870885741302,7.218165299119095,52.96017436000301,1.0224784555189386,9.510738375952176,47.47792307443101
135,50.03438938233172,39.79484684845741,1.3108542482002707,0,0.9967555778708334,9.898024761183082,53.97176776814807,0.9902418253285643,10.22242659593727,46.220178283127865,1.0291301088661087,9.619045396174915,52.44771556099764,0.9918619539941803,9.470655585103218,50.02326008741528,0.9655494013695345,11.529318550037587,48.66430162081673,1.0181014729746896,9.615819113835004,50.94810494534089
136,50.08178129980069,28.974396747904102,1.077275996539389,0,1.0042625270988952,12.265595154157744,49.061102038124915,1.0015713403970308,10.946153828801382,52.058621356040994,1.0213889438012886,11.55891433325853,54.36225052692174,1.004572003563431,10.05931269915936,51.776490207287495,1.0401043119705993,8.591591973819524,49.80572094669404,0.9954157395579241,7.503738286203685,49.533884296833094
137,50.037948614909595,20.594196016461005,1.4672676682309072,0,1.0126353529621241,10.114610486036607,49.77018228696094,1.0233272033679068,9.472458588472024,52.35972011126316,0.9952150774080123,6.647583748764482,47.700871659029474,0.9781493728928233,14.368654666400435,52.47905776993615,0.9934989667676586,7.575867879550389,54.138283532084856,0.9780392549087419,8.430176521365363,52.17311111711394
138,50.050511268442484,37.40853870204079,0.09290991948279848,0,0.9776121089820817,9.426590405927081,53.2317186970402,1.0248171738057648,10.48875505481943,49.113658784602976,0.9839389586558561,10.412095262747851,53.120037700883024,0.9756817333290035,6.785029128973494,52.25979100827887,1.0017143156821366,7.997578477504873,52.94274655854595,0.9942434971468885,12.557614073996822,49.09033762835726
139,50.07774701143109,22.447389868094355,1.9438180644741743,0,0.990128781073974,10.45632548727717,49.33084794012385,0.9842021984200059,9.152770248377385,51.6511997073889,1.0269536605381915,12.902543678684282,50.86298132733824,1.0260465943004293,11.817852347413131,53.316422173583966,0.9852590720672695,10.173311387146963,50.596274495521605,1.0025862148683036,10.272884838170755,49.561914219023286
140,50.02128759835503,32.70688901112864,0.5007911081589536,0,1.0329893521572557,10.667831061912345,52.72627596530847,0.9933162128962895,11.570908056332073,48.63123462055141,1.0064125348360105,8.709139669792933,52.36487302964243,1.00828095600499,11.688099585963124,49.5673882506093,1.001771735608771,15.118951331967246,53.1365645132657,1.0034548096466571,12.790507386364787,51.02835189385033
141,50.02763894935972,38.834042006334386,0.42894144176447435,0,1.0003676642073411,9.815952233002799,52.27515295811188,1.017129689961478,10.109352516420753,51.214887363337375,0.9802345377067513,10.162118912875727,54.34286678934315,0.9788015765101459,7.44936999843706,50.80974478979783,1.0194880784830005,5.775744771068701,50.31748348683296,1.0078332901156042,8.954257230273795,47.16132662003099
142,50.055832782988205,20.361057796578258,1.270688275646896,0,1.0261069677844807,11.489100852393321,52.63027375016951,1.0060899894419677,11.749262725448423,50.82477005992564,0.9790155773920811,9.586855696190268,51.045255854575935,0.9954354289350106,10.325069671100147,50.581595052727195,0.9821452354629723,10.838443451411571,49.96885686777715,1.0049431988887434,6.516559761140794,50.278058268679935
143,50.0635693120088,34.54841651303102,0.6684624198257441,0,1.0268267787247012,10.358543279033043,46.21383602723565,0.996924071122307,9.362514122564956,52.06861537792145,0.9871568619137331,11.58372823742674,48.83735569399176,0.983407171559077,11.799436088504335,53.072450905781025,0.9813689964110766,9.030189092123981,50.23049744141853,1.0229450783839662,11.033795274370068,52.62060598788951
144,50.03768838508133,24.565149247654066,0.7062530597464736,0,1.0163556705506536,9.856709941699378,50.130439381812124,0.973849661192763,10.760897490589453,51.27962488833157,0.97809734180989,8.017819278838845,49.60477181601862,1.0153922111155438,9.88048551837533,50.93290086137577,1.0374894857532002,10.137277720199554,52.952503541688436,1.0330601159435346,8.569903585824791,50.96981048480578
145,50.060022419839946,37.6782854024259,0.7035340066580815,0,0.983445106486932,10.574191864877667,49.59936599938513,1.0238513152809527,8.824958593713246,53.16246854139897,0.9760265773439074,8.238319090542346,51.47225591996353,1.004179760730174,10.167089124141881,50.63345662379287,0.9987815837077813,12.08778513995247,48.11137766678692,1.005698641329841,15.362821706007189,46.42364765414449
146,50.083818413723634,25.256690575757474,1.2937077612262395,0,1.0436181510258786,10.472490750523153,50.451384578260026,0.9874663135349688,8.50613714142886,49.91289836528707,0.9786915114564909,8.550287707964799,51.0071094786386,1.0044371622834762,11.191178744690946,50.93193179279386,0.9992344020781788,8.105350748138925,50.63555070690488,1.0143166307213733,6.795261671070344,50.218723062063034
147,50.01175585829333,28.982394136087734,1.1992579574382576,0,0.9784881842825076,9.751005352014815,48.40357109991428,1.0084183622592775,7.174068269030927,49.56800672118549,0.9860145408419736,11.646654845974139,52.25795772418151,1.0077979391066554,9.358240433727694,52.07699560048366,0.9920217561216517,11.36905901386921,47.99104929015301,0.9977097076258638,12.324084230153339,51.83174139923467
148,50.08931161138773,26.516904674017503,1.9915509915575,0,0.9543195272128911,7.753485812154065,51.6323954694544,0.9726000146387594,8.86733698857688,55.41507703382611,0.9745022435587685,9.48060482818185,48.58483630294142,0.9793871892346251,7.450828204332124,52.11970410772954,1.0079057199575254,9.907249264268597,52.81751467425621,1.004934469639635,9.332070000648852,50.76554659066033
149,50.04431836692408,26.783308765839596,1.1999931707547886,0,0.9939544307002625,11.255853558655739,54.06921399065301,1.016084961956505,10.9719014707373,53.98878745319796,0.9961852268434316,10.969403874772437,49.58875679374215,0.9798419586839094,9.791505381576098,53.84956955514153,0.9774841921362784,9.773754790956932,55.11006538935555,0.98383314739392,10.289748457013152,47.61545623171321
150,50.038519978502016,28.78827441596789,0.8626261526207732,0,0.9916884562066548,9.797714993350809,50.55775320922861,0.985695458856261,7.505713749339043,50.620808552425984,0.9876640890935918,7.870301265259807,47.402055200179674,0.9819477341656577,8.306075392843526,52.38319752564374,1.0113379439265329,10.95832133240542,53.69760885194251,0.9832345095369801,9.462410814490081,53.166020198865695
151,50.07961324344044,32.80303035436734,0.33148913426701454,0,0.9659191768494719,7.935515362433751,48.793675983059345,1.0096935063845818,3.556269706109787,54.02554425443527,1.016448026951488,10.55243467242634,53.5896902875297,1.0028880730137808,7.850333222788359,51.26303806116994,0.9918806688736013,11.2450791232286,54.58356494931619,0.9702279028994182,8.384454272791222,52.761454917619666
152,50.03485647591794,26.707037164537407,1.3370617014679103,0,0.9981549514793232,8.202611215156848,52.50391329002838,0.9944468666261764,9.861833687736219,52.220219371844166,1.0092846533723152,8.860450856742403,53.11631815470909,0.9635944593139584,10.448102940189148,53.368253488547644,0.9883767784308127,9.29279324494435,50.26557589056694,0.9668183618842693,12.224112006741086,51.572096953605694
153,50.04567994416076,30.048053377158652,1.9011279093625117,0,1.012366785221375,12.3956254702347,52.10586872776977,1.0041859946667762,8.673723908316816,49.954720386618696,1.0094356743439046,9.212705402590982,52.8976941601749,0.9684850135355998,8.70420544941665,52.92909759842572,0.9934247523071131,8.81557418246673,52.19294318469134,0.979588887106684,11.60206065350774,51.428177646164634
154,50.03495714877182,39.926026366256245,1.7714194839018524,0,1.0331747755378353,10.876342907894829,54.466046259210664,1.0063401879201619,9.027848981143036,48.16789382350995,0.9941015662435777,10.533893532960745,50.66586385370103,1.0017997683368012,8.962987382935736,54.78466987733657,0.969988917768796,8.737933892756114,50.89248182517704,1.0126584137076626,7.846664694388268,51.639683131783855
155,50.05683860424175,39.496199978161144,0.09450012202802571,0,0.9608293505070711,12.2657674410444,53.57585803326004,1.0078143126158858,8.483717761329267,55.40237294447988,0.9819783202999073,7.122388250360961,47.87763386912772,0.9735045843738945,9.924701948101866,52.3455089594435,1.0303298933983334,7.7466147243092305,56.50976556774965,0.9844232310995349,7.901861576903098,52.729800958843335
156,50.01328922536896,35.260927801870665,0.6611618094050826,0,0.9687976478165659,13.178922903845015,54.2705717085928,0.9794418242697291,11.494392687357719,53.14138650073007,1.007701188003549,13.64395602673044,50.43960304828043,0.9733127038535809,10.140963916916785,53.22596672034133,0.9766176802698862,11.043358673400771,47.0962311084457,1.0131565567700582,11.29280516938738,51.887442333620754
157,50.05327602388015,35.10950242736507,1.8223714956595607,0,0.9992794633147387,9.953845988454622,55.345643673530766,0.9983953304861531,10.488935263198044,49.11319315692673,0.9786331370718309,10.813533661347597,49.69255490049555,0.993779876917842,6.715591935191649,48.26096171254594,1.0109024068190617,9.763747584527387,54.31185387212667,1.017123598417047,10.660210132189759,51.17603687443861
158,50.05520435858376,27.978558972211594,1.5758708005291058,0,0.9969588731274774,8.879424531017836,49.78513257848324,1.0069813549822144,10.813899163709157,51.0294749217,1.0312951200633778,7.8088329085285615,49.82092890550212,1.0034233010550364,5.916314360666482,53.743037288406896,1.0324305715457565,11.383538465041486,55.22115622457801,0.9973659298441918,7.3197246280426045,49.44614746261802
159,50.057424972961286,34.197109433297484,1.5660525089780724,0,0.9812014784961851,7.825922346418181,54.23625012000741,1.0062975547783575,9.148131129104215,54.7373769913066,1.0351190095130212,10.560656948979036,52.080886505124504,1.041059176107046,11.231612110787765,51.31861121252092,1.03067096487149,12.465630555351488,51.71251110745287,0.9881942574736915,7.975075788197519,50.15897055128327
160,50.05672007971869,26.32812935628007,1.5010611862004242,0,1.0096280449807145,9.394923296513525,50.330604618987564,0.98128453107083,13.072796970527076,55.026767098276125,0.9868066709006088,9.472969540627766,52.38632493936763,1.0109632761631708,7.216053403569163,51.70488687521359,0.9804514282502061,11.428039725653107,55.31196040554485,1.014074345155141,11.16580334325219,53.330604509502244
161,50.03824567820767,24.545302390373813,1.6685764915741592,0,1.0148302085308856,8.591331134171975,51.584846705402335,1.038712735026416,10.071191452668597,55.0659107662768,1.00591382375987,12.8409357315809,49.09803061590845,0.9881558276482155,8.21361213149487,48.21797089265228,0.9861937219742476,11.882783807429345,53.388027089615456,0.9917305867736198,8.420041271229751,50.6316622600184
162,50.04199997498356,36.15877272292923,0.6501065128575358,0,1.010596335273783,11.430435226203276,55.00776854269982,1.0175849500114453,11.60913402885868,54.071506350746255,0.9613891608232554,8.07250919610172,48.94874785285058,0.9851482486704769,8.580190790338396,50.813711959249176,0.9865039756064735,13.130834408073671,52.24245335745866,1.0000860607721431,10.872575994547933,49.655127776869094
163,50.05368316437351,27.623733675684363,1.6863611552525348,0,1.0044607306418256,7.215419166970131,55.700105840064644,0.9865915862368041,12.280881970669396,54.36559781817421,1.008752884370988,8.943540852558801,51.27187348701044,1.005717814795749,9.433520355639667,48.75659991408277,0.9697456362080029,7.018450170070984,51.697587896251584,1.0371946888018055,7.880762769680789,49.92761396051844
164,50.06886795462441,33.97432228619275,1.2033642160287272,0,0.955853300072213,11.062012625841286,48.64549091121321,1.015964454022362,6.399789353489259,55.56662284524353,0.9978764613335596,7.7502366757238885,52.55306193510591,1.0287976927392115,7.320361381816653,53.71673991263838,0.9851866701336467,8.830004234411556,53.401026248121774,0.9911255556463006,7.4684176742396495,52.79291199783889
165,50.07324372369541,33.96451259452461,0.039475392476706395,0,0.9851414334200814,11.302881104943236,51.74830564655238,0.989035037963203,10.768931500890194,53.17666829158121,0.957781595665584,10.608195786558586,52.330766893648644,1.040869550278015,10.972561553201436,51.06923674187375,0.9986489407503794,9.614669872725644,52.6402342297336,1.0233779588647471,13.180910621419507,52.521673854028094
166,50.00762559672482,25.191042763601455,1.174330750286519,0,1.0072340177143424,13.591352754457997,52.02321902660794,1.0011499841638334,11.047785363836699,52.65474863550327,1.0267646505839774,5.887960310691705,50.82663116896153,0.9808598809874585,11.160297826359862,50.62015678824617,0.9907698151808287,6.363190684891896,51.67308860792559,0.974859843612975,12.183403187345698,53.4496221615856
167,50.064914038108654,39.25896226489611,0.2573436240581708,0,1.0151389131489283,8.96494852992342,53.884850304679084,0.9835169911617937,10.618183835230317,52.583140481181076,0.9782133040672639,12.48456011238787,49.920066273162085,0.985839636417405,12.349386470402989,51.44760135720447,1.0142502637795878,9.572410445608323,50.17936405435873,1.0012398956607316,9.078830608817915,51.7014331016417
168,50.06355562626646,39.5899802725303,1.6799109216652237,0,0.9818325783559702,10.025583403748616,51.52403326262279,1.0072542698769664,10.385691213584135,55.68366194569155,0.9506964201284385,12.12254313558432,48.17056696771292,1.0115456217816252,14.112523240452827,52.81948232942033,0.9940533088878386,4.520432291860179,54.0906205009944,1.0156017456219932,9.940774477478834,50.42068548030009
169,50.06648488104896,34.190228706406515,1.1884268183559927,0,0.9995206193605045,5.8654260241858545,53.10829014628525,1.0000183789256722,11.00595417350079,50.72726356896038,0.9960019121007265,8.939820698928791,48.25761328813166,0.9942377640405035,7.951955492671474,51.019625722497864,1.0296322910269016,10.008868840810031,48.34208277929576,1.0086848681774887,15.687775388289683,50.54201800744439
170,50.0774746830921,27.662971602197253,1.1499825922970464,0,0.9664105981800704,10.21848386687495,55.58868066362491,0.9977329705533842,9.013839569405228,48.71899724146884,0.9633341730033549,11.20215324689749,52.46909505009174,1.0067374465248091,7.361695298940605,51.11353900558236,1.0275422299008818,7.689701051335701,59.06943368516889,1.0203333654731983,10.003987466712012,52.64416441446529
171,50.0287333398215,25.338996969656677,0.47708106608561773,0,1.0027981787924678,9.873049278966208,53.417020178254326,1.0025017045313491,6.321197213172596,49.665384671278645,1.0258945726214983,11.305314481211076,49.8363137572286,1.0151596987007891,11.792263830943666,51.807809543954335,1.0120393581575673,10.45178324319532,53.214521717153524,0.9852605253912249,6.103333239134306,51.18058517167883
172,50.04165915965596,32.656260825576915,1.7109137862497177,0,0.9756232599896774,8.490435534248471,50.473736283330126,0.9868462617135488,10.19774126465156,52.88861515004078,0.9992422636664982,8.848800994652043,49.20651728730946,0.9961819207935327,9.408392434423195,53.88866861043001,1.0150854792108273,8.665087764830435,50.540338520123086,1.0092004779597175,10.297821603186936,51.099101631411976
173,50.0528664663223,22.173712946823162,1.8924685666135528,0,0.9901420237162007,9.51321283122363,48.64415650547802,0.9717318561792018,10.641540182912046,53.98576385750724,1.0001356517865319,9.908946998247151,50.21551770090889,0.9767610897201672,7.591259060999508,50.52849302385154,1.0229171070287764,11.705068387554078,52.55916444738196,1.0008368451308949,8.08791897062121,51.175675071629854
174,50.04401183426942,36.85024437762543,0.7601108104049834,0,1.002686993983528,13.59309572136989,52.78127710569738,1.0049081614698563,11.747464216408556,49.369426655906175,1.0110048969184957,9.877117826370242,51.28999356356515,0.9843537065098954,8.10979592824808,50.28226013987207,0.9828202033549721,11.239449902128126,52.053424794423655,1.0041129425805888,8.161535750405807,51.97258458526499
175,50.05789341610448,23.462602848378378,0.935408635902073,0,0.9958723763093392,8.073191748404644,53.12280625233903,1.0000999481170205,13.905699675272727,48.90173074671937,0.9914238289747803,10.622301582918654,51.19583818607486,1.0178754062785365,7.404001993661946,52.18698366310983,1.016095890439339,11.406114432500738,49.9302432321129,1.0062994711145192,13.759190858569864,47.21545883036794
176,50.04147978616115,26.600505756314682,0.41470961702050557,0,1.0031001914008022,10.342543627892637,48.94551812409685,1.0213972127414102,5.9308214082215756,53.62297541120652,0.9982733288351904,8.976465022899049,50.13268942489007,1.0322022331689307,6.088688046417211,49.974555025649884,1.001077828528488,7.652847525322453,52.21164256009635,0.9978540320127408,9.835532845234352,50.53098735954257
177,50.02299119115824,22.082253194906464,1.3072181303482175,0,0.9818986062444602,11.152779932922297,50.97209780448126,0.9621823764973177,10.94624455568365,49.936661552053174,1.02051527986531,12.56641246575699,50.11074737386909,1.0252785109184457,6.875276320198136,53.30110338334037,0.9802874649427855,10.034771205336932,52.48550190638245,0.9789772573977905,10.075575676047652,51.27658603709698
178,50.036556660514826,26.425655961675666,0.7018228842677072,0,0.9422683066138535,10.873496899961054,52.070274808502056,1.001303611841946,9.26816915642046,54.062962914005034,1.0063735132625462,11.271778236959628,52.53090273330224,0.9855836957325115,9.327958967697997,53.84914747560136,0.9965314486497916,13.200937519829672,52.578434388195994,1.0126080419768977,9.682205629063457,51.65082903668571
179,50.050448946625124,39.72180525449754,0.3460755287250974,0,1.0145366727177414,12.81690304380702,52.126850037760924,1.0043001553749442,9.523460590648188,51.43165228258295,0.9641070943745739,10.82826270920335,51.78240019904038,0.9949659778270378,8.835643662982129,52.29152613254702,1.0086323698219077,11.000046476681243,53.01533993782671,0.990231611367308,9.298234009833758,56.09609004383671
180,50.0360636130458,37.90495090199621,1.9432673785069576,0,1.0078782937235242,11.62339799239362,54.64294372627455,0.9942831074941167,11.519711803688265,51.36355823742765,0.977327364320498,8.780536444972071,48.76966241312163,1.030899467294822,12.333098339599548,50.36102282187202,1.0133131337835748,10.220977631380332,54.46539996832263,0.9865223255984659,8.026522383128821,53.315368973954925
181,50.05392314946225,32.98178425424207,1.2953054382049827,0,1.039325763944767,7.693473657664937,51.611454127905915,0.9653823476216843,13.262013247836645,53.49179598281796,1.0087909510449211,7.917764276211425,56.67187182600103,1.0145136920771904,12.103073506810789,50.02214251718527,0.984977867907662,8.259225017988093,56.57327693030215,0.9919536887894281,12.896485313527712,48.514718468185734
182,50.057526520068535,37.01819794817493,1.8608635214773506,0,0.9980262657538994,9.898798472776324,49.4597884878859,0.9930823497797316,12.3755371724928,49.391643715036565,1.0044274928438197,8.913595714397417,52.396247668420735,0.9946358551046071,6.351086150466029,50.287295149258256,0.9911414363644562,11.258242618239576,54.05486946404459,0.9598569373955392,10.567881171040938,51.8937572240082
183,50.06340921869086,20.892130000139222,1.9669597523274547,0,1.0017496631486207,11.880401933923059,53.64593956480476,0.9993675472621911,9.625986140426772,49.92961764433914,1.0402560629307624,8.705288049801098,50.86855386556969,1.019601159220666,11.361269895322991,49.156159461216205,1.0205558976185467,9.57065285043848,50.74903872474084,0.9866173196979907,13.906216045337953,53.24271497824
184,50.08050763930645,25.704966172111867,0.36536723581206876,0,1.023476717056862,8.123991502516953,51.591403141015746,1.0036725779139672,11.677357638116785,50.02469589158637,1.0021711972203844,12.116803022040813,50.43644284451771,1.0063313807421626,9.501233290142881,50.868789112796925,1.0163653510983701,9.706759633779495,53.45242715173217,1.0225299060877255,6.8392870192199355,50.09685283467391
185,50.068409000153224,34.9282093403118,1.7555713053176027,0,0.9929785557046953,8.968682828884136,50.2766825264659,1.0006904050077912,10.054720598976532,50.895197100444754,1.0013642131232348,10.914274068202138,46.91996366005325,0.99551537651386,9.686508702806794,52.98819232556463,0.98509294235148,13.249362645152967,49.071200985990714,1.027240653550924,10.824252919381776,50.791526892483915
186,50.09422749363435,30.13890278027282,0.23290846016924416,0,1.0079677280521007,6.938664553743948,51.284599027191604,0.9906021299500994,9.19928909617029,53.23298595677662,0.9967661180677202,7.972210138460279,52.30151516989408,1.0284966506694646,5.63668481050685,52.473014335539276,1.00194976926302,8.155125922466933,51.804660200552576,0.9916900707146016,11.090041620909473,52.65384735506007
187,50.01942140937595,30.052834539809048,1.8301283391798204,0,0.9722567134982493,8.724358364634902,54.521794707922,0.9842482735561099,9.047018645301344,54.34499587266784,0.9833978087415193,8.116075939509498,55.17041029744042,0.9564891650420787,8.849780063723674,49.63332616925541,1.0050947660210843,8.355818142281102,52.81230321756633,0.9985386399828081,9.069090112000042,52.77745400360234
188,50.04684180434508,25.96201737097418,0.6522148705082125,0,1.0197350030282653,8.257355726167384,53.482803379923894,0.9801572652778389,10.941990037678533,52.55665834143345,0.9709609808354449,10.609314706714443,50.34983799889694,1.0098122060428862,9.366103428135837,57.30327809786203,0.9821800928460394,8.599296393301467,50.47614251896966,0.9437103059713093,9.143909787570548,48.93414175020136
189,50.059215458735736,29.229321177981475,1.920150902945311,0,1.0159248202028406,9.764798022889902,52.46982132877274,0.9906278770042314,10.60767298594661,52.02019910276886,0.9823400905035202,12.36893822229264,56.59250712594327,0.9870717981048556,8.274629919903422,51.44203342710723,1.0168488661292634,8.627760767906066,49.359361420394876,0.9862347413594532,7.8490443532909655,51.08136482130007
190,50.027501997473315,31.45122095587902,1.4614534079866395,0,1.0024503885799083,11.219677553627644,54.53671989120611,1.0078241811620927,9.033931356696161,48.9171082379431,1.013491805684768,9.026215817423019,48.99361420381249,1.0157068060718724,6.181353657957911,53.67891406979332,0.9898785244176059,12.055252371517918,49.719602611984115,0.9997727190010052,9.928701482507563,55.130340103053406
191,50.098638053778885,26.24529465278991,0.006645405605116839,0,0.9632166928309706,8.181980513609185,53.29410796042135,0.9776200011431889,13.4386960711143,50.28019506330768,0.9624925168309629,9.635375956048355,52.665972899775404,1.0135610023085682,11.017430903534207,53.16844113701174,0.9998612218263498,12.757302821887698,52.90701177344342,1.009609512112969,8.34041618257072,50.952571539615626
192,50.08156187150231,29.761512969867965,1.8769591467419706,0,0.9809218261552792,8.485618337077032,51.096604079268296,0.9786918242142953,8.855321089442343,54.22924758736444,1.0090024679782794,14.95236838768463,49.82036542374381,1.0199047230124987,12.19338427474479,52.82154050014623,0.9694202849881629,13.609685681106146,52.4992971413152,0.9980624761793526,11.78788910455822,51.92325901728495
193,50.06943806746429,20.46549286745543,1.920088582907762,0,1.0194287770770736,10.120661965611381,53.45982872720015,1.0208051449325795,11.381130471105632,49.90040783076621,1.004305604132401,10.08293525201233,55.798124986930624,0.9909254217142265,5.759200618078828,55.091206260900435,1.0385811018633937,11.847312137823568,49.864900862899,1.0129051759153744,10.183686129034411,49.01289643446645
194,50.04247252576085,23.3958318108685,1.013668359745964,0,0.9959094952466464,11.250415277993213,51.3365038203628,1.0261706480794097,12.661465192993123,51.59717076612543,1.0408249170701438,11.519419934767013,52.743505583421594,0.9851601382705171,8.803361077339327,50.271509956259194,1.0004946002993909,8.98071200946396,50.14759513533464,0.9602766058878474,13.542394975683422,51.731666944272774
195,50.02595251483334,22.264313954060164,0.10219617235581713,0,1.0122364497008354,7.321529386569048,53.7180006365739,0.9738493789888362,9.313730055132183,50.82044272834555,0.9824044087706498,12.412264242238797,51.64818557586507,1.0081456085673104,9.889627071460428,53.87928485148102,0.9829295754534849,7.808523340227808,52.08885292352605,1.0556462673637441,9.720489823656932,52.74190242123417
196,50.017891519011044,34.46226227699922,1.2732303202042672,0,0.971980950686255,12.684002542528688,52.38838113684816,0.9863521522133021,8.095592755876979,53.55558349000359,0.9961692280312592,9.585619686627934,51.25011427695108,1.011171354183591,11.734205693049393,53.78441996427692,0.9572312643077936,8.140149267713978,51.537419933787966,1.0188283197485382,9.063835623176889,53.64690972048335
197,50.02608813016836,37.21527281373408,0.07696734219299572,0,1.0115324199862687,8.039328222685747,54.13238031122086,1.0148532001406148,8.124664134316724,53.49591689584925,0.9823384483538824,11.626608031102503,48.54028337097979,0.9568665073446694,5.725140298301492,53.73599592326438,0.9736732589817088,13.527420647936715,49.7408271678362,1.031389809293495,10.75528371554849,55.155619155469786
198,50.06098427610313,28.68511190657924,1.2476849623401858,0,0.9674074997671088,8.86992523018279,52.80466939897383,0.9813187927486376,11.61410606054744,53.85093111825328,0.9986108299473568,6.509002789813399,51.12143044885953,0.9686446870444183,10.927537242609567,50.7524129321109,1.0453969721644591,11.239209743822048,49.66855079708176,1.0123931954100422,11.48600360258943,55.45059348050785
199,49.99504233269619,26.738584683653578,0.6698576322308436,0,0.9664670219966882,8.518795663614336,53.905633416872064,0.9872006741213796,10.847573876908166,52.77144289592729,0.9935089233996237,8.136283615769415,53.48436168680809,1.015389722094887,11.307352376305827,51.14249980171981,0.9538656836208426,10.015425732746218,51.98201356353448,1.0013263522083053,10.74335709296211,50.91402802874673
200,50.038876830205226,28.516197925715062,1.7465854593149155,0,1.022017561388031,9.173811802894027,53.06799467111431,0.9770929981482788,10.842523944934781,51.6359082155217,0.9901700650169766,9.402188750196908,51.67851993847886,0.9914340434136186,10.706899763868842,53.533747577985785,1.0416683298481983,11.49769662321212,48.44177060720155,1.0188586772447983,8.368020331152119,51.616549015752625
201,50.03433329359193,38.47273695159291,1.5323558837461746,0,0.9927395184120911,9.942145864723024,50.71311985998202,0.9928338217788901,11.23084501263507,55.21662469350337,0.9887774546518746,7.833557286872663,46.42157647850181,0.989671960527437,14.769492388422055,52.13523454419503,1.0110488435624454,12.344905709958669,47.477561139807754,1.004968552848986,11.565697135039168,49.561592295665406
202,50.07409536052387,22.12021844716726,1.2557958447607283,0,0.9997686261786618,6.824947879252392,56.70051151945502,0.9947342345941057,8.149181352591645,52.56534548206171,1.0154330562929652,6.147927901980878,53.128068779620286,1.0033899027240494,14.356890405281028,53.47156343059059,0.9983819506117849,10.603185245288909,55.077731074875054,1.0042963736754833,9.089129072547866,53.77307985090035
203,50.03787411139927,38.26382283015079,0.7401707230487937,0,0.9716498224271328,6.6073124817181075,49.908604569402016,0.9913117170709005,6.637450551737247,52.37938149160336,1.0046227536681391,6.125782694252697,57.719739368608685,1.0030401521685381,10.377719697218929,53.200302762482835,1.0074164291200536,8.778068253533746,49.97050944362753,1.0268858614321992,7.844841343831609,51.235216840957136
204,50.07918495457622,37.99819114891137,1.8647441744926527,0,0.950413383666768,11.008687946351696,51.77238992182606,1.007812787481198,9.469830481159928,52.44719458034392,1.008801998677442,11.037642380905826,53.88724940146439,1.0265331460927458,11.18227975435801,53.23328555814948,0.9880343763458544,7.161391906064916,54.437794767159474,1.0039627950244325,10.679325734879141,52.498121557340795
205,50.02266546793397,26.933282833133052,1.781051703709131,0,1.0185110600297749,10.879749668264,52.14102271838095,0.9898039661226605,10.277030431910067,56.33050979961951,0.9711405994151838,9.935147977448313,51.741729368048695,0.9780462768955271,9.46060940606669,53.20469260333133,1.0144034991149518,7.096960723726487,51.58878258961618,0.9481175936174787,6.145855466251826,51.048025754822504
206,50.08295420591344,35.31913511233515,0.16087327925005068,0,1.0033732809549158,7.768943392926193,48.82891058027796,1.016907277620956,13.26521432060815,51.15884945934576,0.9930952168998346,5.915838328613611,49.10339689425074,1.0154901127862905,11.879022223217198,54.49009227266225,1.0083277614682808,11.414773436976906,55.56399365193949,1.0060322156171404,9.78977008261082,52.32642413057383
207,50.05166583188419,36.63395011732301,0.055089701031800775,0,0.9731615549215369,11.909529610166281,49.702188878936944,1.02326723238279,5.4489761132739725,50.814433000735356,0.9999983461961248,10.322466528135726,52.33244855934183,1.0184670945854737,7.437619458034081,53.779536186613036,1.0208341782514958,9.32778478999834,47.411137895891606,0.9985153044307963,7.881559214166815,47.10737814630384
208,50.065308775040904,38.05884312850988,1.5585428775897094,0,1.0279250608279344,8.662754098735626,50.944262360564366,1.0066580955357773,11.777846595302208,53.66348795197914,0.9856327859098314,12.823388242322718,50.00563379239969,0.9809848046620703,11.38033749698043,52.44766703704045,0.9764640697752669,7.152900097122009,55.33161014195183,0.9869586033016504,8.917037117023092,52.587726689155254
209,50.06885826206345,23.7267814901323,1.9877173790900302,0,1.0100677405337761,12.099919565438979,55.26187427746031,0.9836413214423655,11.70942597312385,53.017507810701964,1.0140524824031254,13.168038856953086,54.6038412936692,1.0216667159746236,8.469448271351743,51.31972379616558,0.996909600731319,9.72077181088754,53.05497503954272,0.9895680157145896,9.381185966080661,50.72280002306079
210,50.029708498555756,35.32949723408949,1.8705094001116143,0,0.9878364478509962,10.022341628061232,50.87341304473039,0.9679454940270802,8.57071769316425,51.42296416940491,1.015636959147353,10.529173835426386,50.60999002008157,0.9966613866769417,10.840028240803552,52.321428504361634,1.0138326142111824,11.419117894931386,49.99641609988783,0.9767869646665142,8.681612294975203,52.604284702148306
211,50.06433914363542,20.012850294143423,0.8413486551982463,0,0.956769021846462,9.244299233281751,53.97384517964323,0.9937523626390906,12.035552323035963,52.21021201343743,0.9971782308282348,11.572290240856598,49.88580370115109,0.9983471231295439,11.43996732876141,53.58691394206098,1.0135088058665875,9.503835446764555,49.852088391268104,0.9915057620232469,9.451470422168896,52.67744795179348
212,50.071447274716625,31.189548321370733,1.719697004001158,0,0.9871254223312566,10.774824113085488,54.03025411146401,1.0233722750204473,10.039086351010486,52.973183082214994,1.02561153017194,12.856361697975565,52.34479381499344,1.0092190627115494,12.759349878222155,50.14048657306149,0.9776382409168529,9.081771531636326,50.83740155403839,0.975052360266738,11.504179484901805,55.66585531722063
213,50.03157062740574,31.112843931846996,0.31544529768261587,0,1.005002197267728,11.986327111529649,55.27565504930913,0.9922018879788833,10.04428435810543,52.22131909856772,1.0179946985291417,10.812991043274062,50.61982073329053,0.9940867108008302,10.570375475222232,51.89258136024308,0.9862492110343839,7.912738695670698,50.4321617978498,0.9901470884126772,10.200394809367545,52.27143300825535
214,50.05142916403776,30.78623677666345,0.7885149868100494,0,0.9989888919914517,9.063099919742822,52.1290616957585,1.0058897135712503,8.91911247084276,46.32269568441783,0.9840325887754654,11.194430416769787,52.535644541520774,1.010864998928053,9.070283382073471,50.523676421056834,0.9814120485342113,11.005700951311711,51.42417182571443,0.9861335375542584,11.409819462840765,53.81399688712545
215,50.024695333727784,29.93983259367983,1.5412646398145893,0,1.0428695149357148,9.530982156313321,51.90009041554429,1.031766185683457,7.942015392815886,49.967083378622874,0.9654250045208115,9.923515325679295,51.25030293022988,0.9965004882663222,6.525130082070589,51.9384416938103,1.0071892682608459,8.075290347869277,53.124852971604305,0.9763783402034915,11.550314618126361,53.07744917562512
216,50.04043227775128,26.884650382359027,0.16245525873968036,0,0.9828036737604702,11.602031873802913,55.129332868832826,0.9896985695782727,5.611694785826852,51.903216057834456,0.992858626623187,10.496405399352726,54.17876425476849,0.9938487761045363,12.271518531578433,51.61504246994009,1.0260752870130962,8.332257306042228,48.74985584025489,1.0184781714079798,7.231221932642846,54.08994322208836
217,50.057911303020006,38.15395416788667,1.27900827248188,0,1.0324818911393547,11.133352059283917,50.70343371651647,0.9890193739580833,10.927314750213483,54.76307325538525,1.0046005630843502,12.427305599499888,51.11537947648888,0.9760963945061385,12.394134295908568,50.289308691077665,1.0226084449888377,11.109383074601205,49.02389548431327,1.007186987720061,12.041747945631075,47.11033620014137
218,50.06566956417418,23.114533973812993,0.41702717644631426,0,0.9888878741513268,12.912507787202287,52.02511471382869,1.026917406061312,12.766444157356606,57.58338131840968,1.006226248384835,12.23551093221891,52.252551519908195,1.0163422204674852,4.359254935227523,56.17353504792969,1.0226902662404926,10.34706481508801,54.92944642027859,1.0191760372086038,10.285869307185513,51.405668614542854
219,50.0344229211482,24.88203604027509,0.7389609192034934,0,1.006712550565696,9.132466833192485,52.0516648690382,1.001286932848441,10.699701111353106,49.961867663361815,0.984999843496492,10.345429942080381,51.27879304089154,0.996694021977336,7.838550001319453,52.476230515345705,1.0125012149231598,10.441340642327754,49.06117416969513,0.9912878163405285,12.106605958309904,50.70350543155585
220,50.04322418814982,26.15050853340165,0.6387413800113131,0,1.0311845776062738,5.832515764142573,52.35089539979502,0.9831382667044318,8.422740767209012,52.525223448111284,0.9970793154845258,8.669410211268772,51.9330863737038,1.0190256010034375,9.1428541257507,49.69005780059933,1.008045647218641,10.71962688071499,51.66458672754291,0.9937593163142034,11.018445377335745,52.188285721246544
221,50.04429230162207,34.88399650052051,0.6227393743908698,0,0.9930549231795435,12.900894599209732,49.44004281152937,1.0149863381540702,6.746515329995659,52.513598593683064,0.9999050137759818,11.340061559029573,51.76702499451721,1.02202137878124,9.949537192797452,51.97494005468125,0.9884244260679663,8.469138021777656,51.61696985697896,1.006665146036786,10.578032970972457,50.90527091300203
222,50.0341721604137,38.462267662863155,1.0197154743251118,0,0.9953761511681876,11.516988513511807,50.62585752400025,0.9831663182012516,9.36289657019085,51.13594362154645,1.0207227331674351,11.801299583117029,50.6925359598557,0.9826645673061649,12.046260638814717,55.4410095803154,0.9752215737434602,6.574013998321636,49.57224657399116,1.0283377918476515,11.726518525835214,50.178911451423204
223,50.05278776317786,24.820861328762536,1.476817960171359,0,1.038315226248069,7.505449743899751,51.810314653437345,0.983632469469084,10.77390835461099,50.9164181021829,0.9862589308420133,10.84037519436324,53.66325730264403,0.9828143033530878,7.828854415447329,51.83195167735232,0.9995254900044585,12.398304569823514,52.22173348770819,1.0025113794355802,13.191742168033942,51.005470875901146
224,50.03500134671496,39.67902193099934,0.03114097808106564,0,1.006163549212864,13.802448203559223,54.02658206455661,1.0231870755340031,6.806543677804806,52.387894986156226,1.020903054633278,7.607497921749164,53.808348609005634,0.9756131970330516,10.33888016024452,53.22117777368486,0.9664320515399668,7.523937071389814,53.672269834196996,0.9682354514239577,8.98835801255692,50.168164963978086
225,50.04250459433197,24.4545799260985,0.0641739798316272,0,1.0415083656705466,10.870570121054488,52.32436311288472,0.9777674937774358,10.595035130475638,52.49198247944064,0.9900389529449273,7.329225085799825,54.43502143761694,1.014246026397563,12.922523127678065,55.43631960926709,1.0302651164131127,13.166310959622134,53.19025225036567,0.9885824170921427,8.025318869124831,52.68775664890091
226,50.02360128744456,28.686888944425426,0.4498651839492094,0,1.0209948566994584,8.123022379935636,50.122882971156876,0.9801105492434601,12.189792021414558,56.05308468612675,1.0118466723988007,8.126667616478638,50.66216759189728,1.0333911637288877,9.237518005523329,55.17798971226354,0.9841427357393155,7.214437085465951,52.81259856454486,1.0213920817210063,9.353163361618979,54.5082794339815
227,50.01711137501507,28.435620120732516,1.4278689121668318,0,0.9991780634781027,11.97039652202845,50.39182048197249,1.0025688592133732,12.1592476178345,50.16430703208053,1.0195921888037978,9.864448744008032,50.187520738542645,0.9902522488614791,11.884655644088422,50.15895456372883,0.9829916199511295,14.066257588194901,50.632000668115374,1.0341178458468088,10.148369616864782,49.952271615978354
228,50.03137360804212,37.30727683018894,0.905553852855655,0,1.0206898517211445,7.222079290893745,52.76591306580913,1.0047115881928168,6.953678311587135,51.640503880345705,0.984770253686125,11.542257033555146,51.937954935971064,1.0120794704811482,8.979747646919488,56.26291834299706,1.0028636900508423,10.418737354238404,49.90655766586447,0.9969676822412045,11.275348649884346,50.21158974112335
229,50.03656857598115,34.458304144663586,1.7390287287010693,0,0.9974946489735423,10.820713690886485,55.60182660059602,1.0174148140868942,6.524271151560761,50.07723170630011,0.9784235576504492,8.40230280040644,52.74330141282436,1.0027010902900708,9.822680969775208,52.91419204052834,1.0066358255361891,10.712292781301727,51.997022619763655,0.9743410992742646,11.532737187710321,51.26435380367248
230,50.0552608041164,27.86393489325728,0.5812886763058471,0,1.02249536199118,10.584705821872781,51.88871348841445,1.0138330611540314,9.778807377943297,51.26665957603023,0.9888817213855735,10.406924931680653,54.29337599063912,0.9968919655969939,9.486253955990165,54.25755292915835,1.0250289918893394,8.254513940696082,50.608070063721506,1.0118430155575098,10.034586001069743,54.69876924900761
231,50.01845709295174,21.23951104590793,0.0752062800136839,0,1.0356294026635566,10.105521938914404,56.858807285533196,0.9970463391330339,10.607075572049247,52.68188815103661,1.0144870028750583,12.811777287444205,51.93438688286538,1.0258565943414135,11.245436474928885,55.2772372182423,1.009867957069102,10.54731771232055,54.28538018819222,1.0107646223668707,10.49517663738758,51.18724208616418
232,50.04139652940568,36.278763531022726,0.03684461852303089,0,1.0390354292757213,11.334273218562885,54.13246234056664,0.9628968470011905,10.962890200371712,54.917323360464245,0.9948053080887679,11.301809445860691,51.38476567713344,0.9988725513791447,10.160009385055393,50.698410126849026,0.9855692967234738,8.851488075697482,52.46429867950326,1.0149885573167614,10.943599451974523,52.181194643022586
233,50.01614476173033,27.047621796360815,1.4085164728654933,0,1.0291596302188528,9.230208597663013,52.544713520423194,0.9977864637643441,13.668860536046402,53.596043515784736,0.9901163524738996,12.338395570371846,50.965960536461345,1.0031224295862786,8.376589402625726,52.309078849768675,0.9896621640028683,9.226953588133581,51.42322504135669,0.9991946162463347,9.232879243869165,51.21834219613332
234,50.024694460606945,20.71561140136242,1.1813757794506647,0,1.0217337204023043,8.270251036949109,55.145833822875936,0.9919048362900075,12.033688394364113,52.08123010614786,0.9759898109924465,12.742641074712175,52.237552282441264,0.9958053054096128,11.967357640071134,50.61531174155713,1.0063617089007395,12.751420842138902,55.24699818052047,1.0073566060944767,5.370195957348429,54.49230466897758
235,50.02118017169424,31.158891019630445,0.22504808873936333,0,0.9824018568406948,14.461646568052906,53.559784622759366,1.0030848177354212,13.993081179971131,54.318849258757695,1.0023078304164008,5.738734865619854,53.76551717603378,1.0152759704513796,8.593203249412785,51.56933603561924,1.0232112781706446,7.462193429650782,53.5637991549072,1.0006052694266656,13.301439129977927,52.358566094394675
236,50.03638969684207,21.192367369120312,1.4172816730040587,0,1.0253945761989773,10.120373781169013,48.45641367073305,0.996135292897577,9.426081742620026,53.74142745907436,1.0254447432142286,13.84813935489017,50.121931722595306,1.006702859227635,9.78200100135576,52.292751610786084,0.9697516918518342,13.020417134748433,50.4875461232189,0.985936129545198,10.520232846852062,54.24458388596673
237,50.022554659541036,32.45328459630858,0.6399358096800773,0,1.0033039437972135,10.010920278531136,54.67754578006848,1.0069894951592457,9.187082774729571,48.68463724273041,1.0018864351514511,10.605861831777464,52.71424292980092,0.9862980338741351,8.342882484114561,52.513129777571066,0.9694493401985605,4.966171061068896,52.73640219827458,1.010897562637139,7.821563226250683,51.86861912664543
238,50.03977490770296,22.39696335981054,1.059871858069688,0,0.9933915793247775,10.974606779993273,50.8246180965955,0.9925896211975515,8.380577905100532,52.577867290474636,0.9979388788820337,11.676355857123955,53.52613004126886,0.9701325328350939,13.210203488046766,52.166246862967924,0.9712683925976426,10.739791181135367,49.68218796198021,0.9843951082372894,8.37354395417792,47.776116037627375
239,49.99848894548245,33.6929660163064,0.12443258774768595,0,1.0010801005986836,6.885040539432396,50.38694215496883,0.9716947054666797,9.605091084773758,50.60105758945709,0.9966385797853509,11.59289033604213,52.361122874497035,0.992435517498969,8.083994885037212,51.39463610552968,1.0130897681598603,6.582425462509454,52.60974381619701,0.9868620058188311,10.233415563758438,51.89975695611493
240,50.03700111184775,29.578575340318384,1.6989194955059639,0,0.9637503451282418,11.201203294478704,55.83195365274107,0.971464207099984,10.763528759446924,49.657602413950954,0.9864196250363357,8.051447696899531,52.32929445966098,1.035794213820441,8.931232542185818,51.28477371837966,1.019366392576323,10.500683427958162,52.1556306413606,0.9969988844926957,10.20538988346615,51.116947541918435
241,50.07728850850068,22.19044199855879,0.615504170456596,0,1.0076671802913244,6.709976201587617,50.150669473402736,1.0052047896791854,9.096441662975256,51.336322801199174,0.9935900758701408,8.951566739113767,53.07517594509008,0.9708007105112421,11.045101319201427,52.853323246706616,0.9839567974978694,6.509576644215359,54.384683395598394,0.9964217862457652,7.808722041312912,54.37129702241453
242,50.04788645706392,22.355081377668483,1.3244237929211315,0,0.9753178950070237,9.58601857274504,50.673833958972246,0.9957192829422062,11.439690727144448,51.224201388771284,0.9914358943166133,10.710061683025074,52.05241526720967,0.9846636280931679,7.963647234171321,49.45870232252632,0.9879146973531293,10.806850096673902,51.07836130614438,0.9917559903713971,10.052763485556449,54.00827207954593
243,50.01357157907533,30.510632550545353,0.07943773762314454,0,0.9949568929325548,10.639941316011932,56.39213784084927,1.014042493538244,10.98935079249921,54.209572805997595,1.0263790603749607,10.776131479077595,48.849621596814934,0.9720332836256002,12.734877750381706,51.15068633461139,0.975421755106212,6.870251515633884,51.566117153363656,0.9917194287819514,10.291864355696887,52.46307961631044
244,49.99482196737889,30.811812347120984,1.9893369460281427,0,0.9965477191440058,12.683369334073747,52.34669050083413,1.005122073388749,8.078253427709297,51.92845951093081,0.9688584756623647,9.24617193364007,56.04988630412315,0.9574584312881981,8.535384216049584,54.803281256141425,1.025235817978203,10.172579365421456,50.793971527433655,0.9626757418796031,9.423262735935388,49.61006325686718
245,49.98358446725788,27.378598866222728,0.44337052248332665,0,1.025041367376531,10.506823228079929,51.976418494978574,1.000737028207749,10.733346019000075,51.33346815543453,0.9744806336550567,6.5217136224598065,47.74748104215565,0.9967611610041937,3.4277615250102587,54.64442493170024,1.0077584364585581,10.045344814259524,50.96097431115711,0.994759941604842,10.2109987802879,52.19145801408903
246,50.07086244487204,37.76425575629766,1.8073046578617364,0,0.9927599989068675,10.811570282436556,51.20461196498578,1.0178944261336946,12.181297584975095,47.831276103929056,1.0279044187631907,10.383732507860875,51.949916714350124,0.9953305367284876,9.146349131786105,55.50892567957025,0.9849266415278348,10.990221026754204,51.9513296245101,1.0000776550042663,8.19118935186236,50.940517789152416
247,50.02659978449574,29.2157503795019,0.2866024633259654,0,1.0237095022378608,12.217986888746047,54.02383493167259,0.9816175493316748,9.460185616111733,53.1520078480956,0.9866994885075963,10.40026608797341,52.45622853944072,0.9472443725820858,9.63355615531822,53.49617370901555,1.0122875851227482,10.199699397789757,50.37416306626101,0.9626394780088678,8.191861550825452,53.93124602997267
248,50.030538540609015,21.062329685300018,0.056642769609948074,0,0.9882471537810514,11.1512923760088,50.10363318308755,0.9825652611099057,7.780230999160814,51.71378078735181,0.9809623129710618,10.130759086098047,52.74790036105052,0.96161861957153,12.36213932465079,52.20473206786269,0.9869143795382138,11.054557829479513,58.23065187281121,1.0122531939042845,12.96308349610539,52.4914786682438
249,50.05262385258407,30.66321304336896,0.09859126431376652,0,0.9909290587081083,11.491916093191252,54.8037204829366,0.9990755877197733,12.40311621912356,50.542096334261046,1.0071404358991698,9.456068770131836,53.85801332402087,1.0222431313915699,7.59627311315924,51.39976254276163,0.9910283387579442,11.242509783727918,52.05706003684209,0.9959057281104596,11.09286239378457,50.26224597345265
250,50.08389608072641,29.167572194281657,0.8605827489017652,0,1.0275854056517075,10.852943743339448,55.949077272212485,1.008102858042761,6.43710431313931,50.59580977273128,0.9726072339351376,9.91814286107935,49.62167180023567,1.0278468969919163,12.624661886938863,52.55118775606068,0.9936212411182497,8.97434490000451,51.34917633427792,1.0031965334748272,7.829898221924772,52.074857772054834
251,50.02376697220354,20.54854189472382,1.5244927894646638,0,0.974204706612319,9.252535951977045,50.86275139873778,0.976706143160668,8.447920501760585,55.75401386200538,0.9902823850490566,11.170027146461155,51.555103043357654,1.0161743102871539,9.373147953016334,54.2496862702962,1.0098327840138273,8.66231825503329,48.37810772971407,1.0190859329249886,8.304653622249095,50.72225421101966
252,50.024335104928895,31.667017370835406,0.39242413839433987,0,1.0090865940827032,12.402836798002744,50.03729852648501,0.9722566317729621,8.7953013487705,54.21009360728729,0.9903978506688321,8.70760141460154,54.9458861700586,0.9931292105034769,8.15539409087726,52.34443577703104,1.0135762622845343,11.007103792122443,55.49873366722937,0.9764445554952246,10.773085738026623,53.88816926750421
253,50.011034076718516,22.192315465979213,1.0171530766787136,0,1.0086405108893894,6.985240406133812,53.651706589796746,0.9962275751719966,7.668412186639573,53.314283816057376,0.9735412382980788,11.199079936233494,54.91328478820648,0.9891282797449651,11.578507304472996,52.31618329912022,0.9959358591702085,5.224219711715754,50.29262019950354,0.9900256850859823,10.028164213427724,51.539822774314935
254,50.022854282083024,38.57880384616903,0.4481775068635079,0,1.0032153402632034,12.205372949654578,50.78923165495815,1.0362413514253683,9.970908390058115,55.27397837694623,0.9788178100683953,10.429621666285582,50.96184463905819,0.9969571810456803,8.36509778445177,52.373617504941826,1.005954072065113,11.15694130423351,48.85983801353922,0.9933988900770285,8.865993082134462,54.71118933138113
255,50.0338073832427,20.454452880058874,1.9152481975587696,0,1.0075740609188124,9.925856726224644,50.91593081091178,0.9951307324426778,9.459652278247317,56.08036180234461,0.9952239391152828,8.046843365666797,53.1649747225165,0.9989215544997772,15.43861223165904,51.74082926269915,0.9999138924059722,9.890573603399693,52.462244143597964,1.0259452793264194,9.041382950635379,54.15838000993836
256,50.0017999017415,25.085883349757783,0.40489007239851516,0,1.0350553315165527,12.65231679404516,50.03248026340454,0.9909622551113567,10.706431396809831,51.6929198347698,0.9942573762891703,8.621750086684289,52.60301954468157,0.9735141562984518,9.006051594772904,51.07125805325255,0.9818744995924572,10.555953634592454,53.50913791548713,1.0256805418840376,10.955123720518124,51.23315493282041
257,50.032431149671844,27.95369605389183,0.730409377201656,0,0.9984696575498401,9.133533492705656,54.492361629688475,1.0218359654146085,13.191284260985087,49.78080804749025,1.0046837167663962,8.962865438685306,52.4929853930534,0.9869512781770913,6.173676051031379,53.497879106892874,1.0161596465834422,10.979950056322682,49.35542485031197,1.0034580743266264,9.605015752314783,53.74398418780684
258,50.0305104814143,21.5591502338428,0.854696782769099,0,0.9889968273550417,12.325999661968455,48.43354572507302,1.0384117376499187,9.044704038064591,49.08862210177712,0.9992645678735724,10.00160285632765,50.02826457504227,0.9860091864702782,10.322174111488197,55.103006167923105,0.9837998096959178,14.029808284661273,54.81929352030795,0.9892793071156513,9.374184220237263,50.41549709460012
259,50.00964041757517,33.94874546292273,1.5471848824933971,0,1.0305315408337088,8.890214121576028,54.218150727601724,1.0003214021819002,10.993775548828431,56.363090460510534,0.9801795435106093,12.218497986126614,50.05052908973348,1.015354904209143,8.007405573413273,51.46737713513166,0.9877281621602557,6.458802043289288,51.339229304398415,0.9808674000676195,10.677439365069011,51.74605628657513
260,50.00808671420843,37.32667079994083,0.2892471112723345,0,1.0003648972605816,8.905929988289545,52.49999066366188,1.0086078944905086,10.018177316282557,51.85626079501574,1.0145440907527423,9.216617607307251,54.71687887872078,0.9781147754771238,7.533857165374778,51.430407512124376,1.0267473448171893,12.96233164894035,55.672933823348934,1.0031275939540243,12.8386179067229,54.53761300367372
261,50.01703746624867,39.08935769012321,0.5227550541955559,0,0.9958480324779004,11.01697304663817,56.30488813763315,0.9832117095387854,9.528786897882153,51.18015701038861,1.0171209513808137,9.45739952653682,57.01391420002949,0.9577145783512957,10.654027509127172,50.119664434297924,1.0012117201034154,10.584777488560627,54.3423745616122,1.0154534909978372,7.894542149376164,51.314967856179344
262,49.99132376266241,21.859291345757928,0.3928030516972869,0,1.0243838147628253,6.276739942912531,50.456093300620154,1.0035691928993955,7.560769089703672,50.542845599719975,0.9912337539814751,11.98653080819529,54.06359049467987,1.0060785538352461,9.664108963662422,54.11804290630521,1.0113103904750282,9.662422769309494,52.689512935067945,1.0063248958514626,12.042943557256793,52.925708997259484
263,50.008539703317155,24.051056644611982,1.2910977201659763,0,0.9743538529909543,9.61198200207975,54.07508074569687,1.021015880953533,8.77784392288369,51.487313095339886,1.0258098077501838,9.644222733541381,53.726492374959626,0.9885295393896742,9.514956442131096,51.68750323998856,1.0160758895261026,6.430924884651652,52.26844981187947,1.0018076423078401,10.577077547387885,49.734087699582325
264,50.02557833938796,27.491573179529322,1.3735712813541083,0,1.0225872955796607,7.428724475538913,52.525325281553,1.0039410982205117,5.844894124451683,51.43420500151947,1.0269540007587588,13.189568927037023,50.607574890622914,0.9923306381540298,11.227274693435378,51.14871659356758,1.028271133270438,10.706562901788072,55.02708255049655,0.9944696340683673,6.283585151919123,53.0833980455069
265,50.02130079834907,20.77988651591314,0.352597241707965,0,1.0130434553288235,9.382333769642813,54.336129633525495,0.9988845718785229,8.408115690785264,53.17939337438447,0.9972138328895662,8.810953273688947,53.501713445916785,0.9967203611704749,9.520900636759864,53.90648191217517,0.9991931005586149,8.313684968187355,49.69279882148421,1.0267962586087114,10.724114000986082,50.80887865479357
266,50.02780346800378,35.14565252645683,1.2774599905904034,0,0.9972468556132104,7.012946707792724,51.11041088752562,1.0150581293186303,13.34112478113489,52.169000624822296,0.9972812689395727,9.944693504501288,48.48174956762629,0.9809137029030198,12.211491946206255,51.157816635099984,1.0230333800536513,10.824044187566498,51.965838947751486,0.9835079622826858,6.382125636980167,54.46734204119443
267,50.034618966600945,22.88388528092766,0.3764467237941962,0,1.0276530528995582,11.579515776161514,50.35368538530525,1.006913890259554,13.403977785289948,50.32033191284654,1.0143783155249675,9.851186091536016,55.29655188486891,0.976352805649341,11.334241225996823,53.777849050467196,0.9973308555977257,10.403034007594202,52.46663297481386,0.9758658397570146,7.836355960359509,51.960151301075335
268,50.06040264873634,34.9069611862067,0.1136328980504675,0,1.0022462481428662,8.8847913799886,54.996300378054265,0.9567782508647477,10.240554616961923,53.48681088503849,0.9836885608456113,8.160134325571072,54.03234512255505,1.0281761873549953,10.115097636043306,51.694031034409264,1.032435298784106,12.442100125227379,53.292377584014325,1.0050551444165239,6.485014808755542,49.935764640955625
269,50.006399237409035,34.979294425664506,0.9032150689548533,0,1.0395313060552254,8.694003995208696,49.9144369746861,1.0095895757874362,9.099547746060098,54.872999481995926,0.98235265245339,7.439185052650798,51.8341604931199,1.042463147430596,11.381891305483965,54.468769642702156,0.9945688628106173,14.400643096468439,50.831612300522856,1.0027207247426104,9.76835830228624,56.00363944729182
270,49.98661009218331,26.02641607131902,1.9610131497370964,0,1.016742472612333,11.319991575663956,56.74391840063222,1.0136001443858895,8.383718798309472,51.28073855368554,1.0014037576059742,9.734906394704964,50.512521450235106,1.018296808822939,9.076928336139536,54.60363582274095,1.0080872830041518,9.540424642272791,51.96180381391049,1.0023056651206268,9.107457594548205,52.53081341052926
271,49.9959145821889,37.57167998588395,0.8493349118189042,0,0.9687135388337179,10.212517536388436,56.4642233660689,1.025796125848499,9.177888154262613,54.33647633836984,1.0063067000226114,12.735165768328734,51.74710625315321,0.9926443514822394,10.213989943901685,50.698325546162316,0.9813081959823233,11.058498264352572,52.64973540369467,1.021159863743301,11.45849785369973,54.96792174949812
272,50.00863230293302,38.50121238387993,1.3128639902939232,0,1.0016386967317803,11.953182080024018,54.1785059758995,0.9617265866117621,9.498763676866156,51.00240594585169,0.9725664492961734,8.381151399534264,50.57161295926923,0.9846305346990182,12.214433212540401,51.97829044695499,1.0061651511233947,10.383158615530455,54.292869831430544,1.006083199020579,9.873624629353515,54.07190431720265
273,50.05894630645809,28.838735517850985,0.3492662319087545,0,1.020325650655482,9.09728813422199,53.39931762878177,1.0187273567357007,9.120258585496149,54.319747633421365,1.0049928959281034,8.606891374154019,50.62752655828384,0.9862169122961039,11.331952327853928,51.2096141483489,1.0166749495377632,6.318954069628111,50.633531012939066,1.0281460412905596,9.329338397304722,51.58600475965855
274,50.03898512683848,36.657175439322614,1.0553249482790688,0,0.9875200157775372,9.940427794928981,52.75003796516984,1.0370128639169278,9.455343742875279,54.566083443689955,1.0014406864668586,11.627728896363676,50.767950145988614,1.0168474547324589,11.135461014697766,55.380826046760866,0.986887109208288,9.100536394218434,52.035230828611034,1.0138544321831249,8.925711287536505,52.15582171787643
275,50.01119734417436,25.579123932455317,1.760175970181615,0,1.051551936619242,13.24503079727521,53.25718774454779,0.9939068455039737,11.099696316526646,52.34717737696246,0.9955492943093732,8.499620731604605,54.82637713208737,1.019563023542071,12.555443414345138,49.99278719458083,1.005518211540198,8.24736523930399,51.79707539764637,0.9997986947284948,10.050914922471367,54.174531633558274
276,50.00820306700922,35.023463146249235,0.23799601687234784,0,0.9917468857808158,4.667277223845864,51.63136950363541,1.0393666979099978,11.291264843024903,50.396121996866846,1.0169173264895972,7.916233484725224,51.854768704336564,0.9985883195001796,6.200228696378251,54.195565796708735,1.0071801181707003,9.305652655591633,55.42985837867428,1.0106453089162382,9.593808427436871,49.66492449992601
277,50.0444088404395,23.847220811051354,1.5286702799547267,0,1.007362490632953,8.718138681855258,56.22357362019318,1.0019677324369245,11.2758600807766,54.65373381566061,0.9693444410546459,11.44596602056062,54.652026842586054,0.9996983607367904,10.207521528266904,52.132176476558534,1.026210240895606,9.22346556351289,55.532039066087364,1.0137970050124534,10.308681395208955,53.90225429139149
278,49.98330646786707,28.686802106654348,0.6943964440386987,0,1.0076030263199998,7.005548439408907,57.72908259451101,0.9752741364998684,7.757718788114848,52.253505053097456,1.0096925516282056,9.547021759342611,53.02822277976444,1.028349696006764,13.010192009144601,51.08720249374336,0.9682996381262999,11.298704954575301,52.60663149433878,0.9909624762905421,11.3790616134867,52.585926048331515
279,50.022522733472435,37.919378238300915,1.200537527164221,0,0.9699425158292918,10.909896713405418,52.27212624304552,1.035201849935012,9.795489236386636,51.66666292136894,1.0007756124344698,13.445735874113026,49.53836579769875,1.0028195041720676,9.517465176520648,54.44533289115332,1.0098443203328178,9.999110786433146,52.663098450313825,1.028655892816121,10.404366654854995,50.58726651773442
280,49.98132784426142,38.9325066971752,0.9755956055167516,0,0.9540706547622146,11.301122800768676,55.65778980524768,0.9785247295109628,9.66385672399317,51.70183132490755,1.027785115577529,8.358488797671177,54.589457705976855,0.9879324927438173,6.451383194050061,57.495474284484416,1.0020007038667924,14.470600434372619,53.75685968682647,1.034013148543396,9.244850050977083,53.94348690996398
281,49.97382304327414,30.025449555368574,0.5266566997221214,0,0.9866561388912326,11.778262582794056,51.5418044438393,0.9697708776993278,10.349192549772939,52.409746747176385,0.979122122020096,12.72345605577329,55.86239977818305,1.0100480163497054,10.985167009013997,54.49184662524063,1.003174698631851,8.770391287779256,49.538837485681405,1.0314387186830463,8.475367271553862,54.778949266146796
282,50.02961953165306,22.085954004632676,1.2354920704338208,0,1.044211358928435,15.249700056662398,55.70359824781553,1.0016758490993258,5.828708019003941,53.198408438833944,1.0253896267755176,9.47289003727067,49.52374902213585,0.9837931256336693,13.04446113659191,52.050454653572245,0.9683537472534449,9.826962704763625,50.20562566972414,0.992232750785267,11.684723852326774,51.25784134081895
283,50.01451522089311,27.164208889490986,0.02415780976485782,0,0.9856553290464559,11.399305352678537,56.54904447436331,0.9857013254644172,8.327458104615307,50.19779248941674,1.0013955741826994,9.775420719765071,53.93433576112989,1.0136150633011427,8.610687450228314,54.145585066524816,1.0155762328155373,11.555711882605477,50.61560305420213,0.986439267386741,9.644870962077984,51.17631148939391
284,50.01355729280067,20.873478744579614,0.8066363767622855,0,1.007503633425187,13.466938795763499,53.77989971983856,1.0150545275250578,12.940758702588726,55.319825886153346,0.9996648684337108,11.71360402733708,51.99841738582992,0.979829313474237,10.923670429051594,53.84935686991829,1.0223646985648227,12.119772416331587,54.09728742676566,0.9950698929415353,11.215508855085577,52.96990894926516
285,50.0211667804692,35.15250355384394,1.379440602135742,0,1.0397420658934988,7.4094033791327885,52.5850628639109,1.0233705612174668,12.24558110315315,52.65011266352695,1.0261806147810895,9.538780295408372,54.57662449578305,0.9873685580026152,13.795351717977642,48.95263190713359,1.0135438191060866,10.975984671728623,47.541423618500126,0.9984105604545053,9.726925104083916,55.64840809038835
286,49.99153804655741,32.12363756922164,1.677410180962342,0,1.02321070102071,9.39884115765669,51.19143246443496,1.0219036319016426,10.711905712244175,54.95672069521497,0.9925968635663693,11.27059732850243,53.22474338884953,0.9722158722562894,10.201065506405307,48.345942513848954,1.011921462000757,11.689785177395132,53.09701518380213,0.9861946043380131,10.47311238971603,49.01381826575817
287,50.0263826958695,21.906969281302608,0.568615946584722,0,1.022964563120998,9.516645231013444,52.23039319112413,1.0229616003004163,7.374201781558176,53.541460008824515,0.9935400124270767,10.755297207868646,54.78295096574233,0.9938570359497676,12.280513374191429,53.17212344303872,0.9846645670016435,9.835509173806827,52.225236950359225,0.9736788095612537,10.994897638525012,58.00311583195346
288,49.983655161326325,27.632998197217233,0.07798400014870221,0,0.9648571265246985,10.395023633727684,51.8379704935079,0.9945972016019572,11.000637062813166,50.678270114360814,1.03338169179716,12.28922876487269,53.69536687459235,0.9791002972802708,9.526126167161106,54.84137400822236,1.011692161924163,9.474010935510654,51.25234156774368,1.0349892767733277,12.905122598215293,53.49837673531798
289,49.99785401216432,25.287334835565602,1.768972684312141,0,0.9754513257012081,11.341129664394192,49.253816692788064,0.9734453887084521,9.692646776752122,54.04879204531788,1.0019461494581468,9.48651970895018,52.00666378764352,0.9893568129070353,8.90935890904462,51.90024334159216,1.0032434306381337,10.053104668938241,52.827434772056115,1.0223576929298601,8.82144202633424,53.309784864363735
290,50.03795420080653,30.54785097195858,0.8509674767241477,0,1.013136878241383,10.014747738138956,54.37013688966989,0.9780606094472407,9.903254262803683,53.2151646232371,1.0109684644714583,10.962312130921067,54.97580036951017,0.9891350003567562,8.436585906515742,52.54605460300785,0.9949785958012585,9.870541173293384,53.784180875433364,0.9826870833691328,10.983837973659057,51.957447278356064
291,50.00153680642756,34.33848692631738,1.190168079594817,0,0.9953318077884225,7.068254591436147,53.65647194647659,1.0365459299388344,12.569598250185994,56.00493791709886,0.9863602833063531,7.0932309454479405,53.63555999953258,0.9774476237478606,8.41793702042036,54.133816855332554,0.9795225497289602,10.559817803692674,53.893195670697686,0.9657599910912544,12.677076209815075,56.83443743897088
292,50.00886656014489,34.773095415797144,1.4954166183766164,0,0.9900875619284408,11.380154233702836,50.547349139622796,1.0064324967617426,9.180336604668268,57.16752848136647,0.9865482752195026,11.556563541675667,52.454250385137584,0.9820036774192871,12.590063237869245,53.069183037832985,0.9749865738888098,10.095509145124415,49.072333855032824,1.0043737841857854,13.168468631690232,53.87672706152321
293,50.03485544967739,21.197746661759183,1.5832158722122993,0,0.9981351438692162,7.751334558513152,52.5352064250079,0.9883253951967369,9.964758595018488,50.97146398092494,0.9876624108545831,8.155003043391726,51.11407761811514,0.9751844501415678,9.29179361044054,52.89451155175745,0.9769470647775449,10.37105423769997,54.10594596441466,0.993128345805879,10.753814842192705,53.96790522595999
294,49.989055247187125,30.2559057585207,1.7816748932822486,0,1.0172656528964643,7.560201332704125,51.9784918225303,1.0117702008019507,9.025009516748575,52.7394301951254,0.9846840894061301,8.577986066719987,52.578619551468826,1.0047003062443234,7.39137736000996,52.10656077857321,1.0454771650369665,7.9388108732545035,54.110018774802796,1.024843758107433,9.412868918008103,54.508059310569216
295,50.00751994129545,39.631105201321446,0.26391880941555135,0,1.0030209557975922,8.149992208366221,53.82098739408155,0.98305632690139,12.88875377312894,53.212783601995845,0.9701069783620808,8.876952321256885,49.97532791290282,0.9914635120331936,10.1131767049871,52.00460143081939,1.0020521281537347,12.43524942624897,53.80858553334275,1.0133986341165846,12.04052864584753,54.74445112264308
296,50.00808016111201,25.68159139027075,0.1001931312487434,0,0.9940738534554326,12.521405621740412,52.87615299272841,1.003580546769931,8.240033746420876,53.353019822959446,1.0107962736821752,9.15448037499668,49.000186257026776,0.9897092550087707,6.113294350714056,51.75634586547191,0.9755006665167683,8.523177237321839,52.084297913344855,1.0059370724874581,10.257463198994575,54.311372317547
297,49.98253443805468,37.133565758490285,0.39777663158113885,0,0.9973239974981467,7.491072227753013,52.74303637839843,0.9749666678764927,9.775208884977726,52.52595364752646,0.985763415326507,11.079694166316443,51.44456953277597,0.9879954045966948,10.390221606394105,53.88495871874172,1.0040952955454387,10.285845727431438,54.537648531384676,0.9890064467403199,8.605323871397442,51.21483158561297
298,50.00355813255991,36.293082639825194,0.018855409087420005,0,0.9764723609887965,10.261658337379401,54.294379610516856,0.9793632950291293,12.053543946698435,53.1368543966939,0.9588868183742421,9.72048761957539,56.716723268982676,1.0029867099392555,12.453987553115539,53.701282289897804,0.9800875129681352,6.813780904697797,52.54170347878213,1.0353960151530417,12.06846490708873,53.03511804679848
299,50.039355956693285,30.15363771826054,1.0406473666190237,0,0.9848995624369973,12.468672005798528,52.24878841190834,0.9970608694268432,14.548579671142532,51.89225376160076,0.9868012932938673,11.734365998391231,52.857628924042224,0.9966008331328854,8.256857978747243,53.33228402228069,1.0071071113111445,14.242584083313352,49.607094655117116,0.9821465476598875,8.595623866930985,53.406315589414454
300,50.02968231935289,22.599089754285703,1.063315575398063,0,0.99815308350486,12.38866454729671,56.847376353604794,0.9972662894971822,10.211911621733774,51.12152843666493,1.0292699875427878,9.740252348019826,49.7553180653833,1.0080742001107876,8.37365654584584,50.954637881045414,0.9692197337286316,10.222793279651283,56.24292116950714,1.0400808965893509,9.495546265931203,50.62875817218373
301,50.02979441802337,24.168752814218784,1.4510636833799533,0,0.952949282067318,8.918133034106319,49.57938614744753,1.0184992302018505,10.140451644729536,53.070984083428954,0.9974011031634439,7.491545333365142,50.99130338125033,1.0131702659548587,13.937995313168827,53.4497299633536,0.9984400484717368,11.570784211152004,54.06294594105422,0.9991982591141928,7.703209864747237,54.52340664491919
302,49.99208067867197,36.65900895175272,1.774870554278213,0,1.0223095005448968,10.302286350411576,52.25906603411212,0.9755399147077479,8.316863194166306,56.18878655873892,1.006593500036312,10.720773876775194,52.463554044792325,0.983167902844044,13.249317828935471,52.98233379224556,1.0176184982111736,9.854125272763811,52.89224981441324,0.9908802921416109,8.959381424668383,54.013406670701464
303,50.018247378368784,34.440073543451085,1.309011578924299,0,0.9957848117370501,9.493751143525655,50.25539895842563,0.9938426977548922,9.801886759767775,51.49156623392289,1.0358595497501724,11.838911488529961,52.249728804269594,1.0139257881701853,8.73870998018461,51.00213093250132,0.976767223199943,6.947965024468678,54.20053124288408,1.0151251450453889,7.255345477169385,50.318763243230904
304,49.99450719809394,27.099855114861658,1.7035297072765527,0,0.9774728078266008,10.788644065505611,51.27107958216046,1.0118989321482956,9.003413021428784,52.69006550144939,1.0006942195605055,10.223018909437915,54.5250804143752,0.9837238931411754,11.190062058276125,54.49882193887548,1.0170051395907347,12.039261914321415,47.31316881585484,1.0259363369558376,10.529548621690353,52.10730332416924
305,50.03832512324498,33.43104928810383,1.4839237011675401,0,1.0195725272686007,7.092324123871999,51.563143566453,1.032555111934335,11.602501626303626,52.81476935876234,0.9738605779394052,10.198050041076984,52.143956891355046,1.0100462223657787,10.160540134135417,54.93272881046036,1.0029170845396858,6.620636644869844,53.23970560629162,1.024572115109635,11.643829911677669,55.81450159892101
306,49.98444746045296,37.910063046733676,1.758477865985024,0,1.0279648616876138,12.52875607299529,53.17823561623921,0.9948684870244047,9.123229917851642,50.00135605122913,0.9829708958184242,11.947098979252042,55.327053513619525,1.0274977029985055,12.88595360050221,54.65583838656441,0.9906448821037209,11.28568591222204,50.63989131631304,1.0222093818838973,10.804427422904912,52.893693113129366
307,50.00247647157099,23.42017796819871,0.03366743059035526,0,0.9817804542299654,6.288589527536917,53.654292582727486,0.9812392483247638,14.54424618078341,53.28492256582224,0.9787753053863786,11.378776226082561,49.59554826599797,1.0132726786316208,12.726245958859245,54.88421143809637,0.9968434045464731,9.330466844071578,54.147356234650445,1.0341629444572311,8.147590360351552,53.08685807750452
308,49.99900995666697,22.175084498978034,1.5123401405583121,0,1.0400177752619337,5.8484373034079224,53.10399392797065,0.968146491122198,9.725922270439915,47.80260412355018,0.9638267937556124,11.884523384858664,55.683592642274526,1.0176250848600288,9.383059439642055,53.03142431890161,0.9934140927305702,6.9007403954045285,48.20801331593642,0.9704509457664348,11.871659117507502,52.90801892809103
309,50.001100582459095,33.304459660725755,1.2518258077723796,0,1.0093042113038992,8.996353365423081,52.280356581774434,0.9962173292960711,10.570283434825916,53.77948094894979,0.9891117940145423,5.6795980442489,51.000352381899695,0.9991367908981756,7.964136664112474,55.08691997109357,0.9560861091817191,10.352264030412188,53.3979138950051,1.0219672155637718,9.06461116852145,54.1424146886871
310,50.0223716938395,35.95523879107249,1.0871302256302187,0,1.0256059213713156,10.369438887272633,57.75164013435918,1.0199442279677409,11.973734412592618,53.28493346238564,1.0209536087914777,14.265030943208213,49.97351547474943,1.0370590689268546,12.317839986979216,52.216480371989654,0.9991731175014932,8.103343656435005,50.46571393290351,0.9877970286408649,8.305013136111086,55.419240297683956
311,49.99820532886591,24.278639454061455,1.036638091120928,0,0.9955150426333976,10.224560959563922,54.178716067131774,1.0000360152446006,11.15841804579662,55.89430361275834,0.974812546014427,9.779401672301224,52.54303333407094,1.024856205790964,7.564556664547467,52.07035757747386,1.0044584238710677,9.731462644306799,53.27894131040888,0.9873922849289004,9.770119149528453,52.98130951949636
312,49.97579484906043,22.876965799103242,1.156048111918957,0,1.0051235936904261,8.175756787346682,54.27308917259677,1.0187206016762744,10.349213247121684,50.83632711179279,1.003675082836944,10.414184301533002,54.260491764693036,1.007274936147539,10.51140494140503,56.514100374477955,1.0024319803671853,12.682288698317215,53.9389800826926,1.0062542037655802,9.25572640599634,51.61282677820256
313,49.99452647278739,25.320341055313573,0.5202048302601914,0,1.0261916200668297,10.598514035743612,56.44198446871033,1.007597847050747,7.181054279154775,54.62640903835804,1.017527152647599,9.92908638184994,53.487066217622804,1.0188698773487983,10.31829564969058,54.701709183777176,1.000880000245117,8.893781940199473,55.72769518082838,1.0102999434564364,8.733133603748158,50.41224435052333
314,50.03323775950329,34.948446641889774,1.571054594273961,0,0.9886539273336772,10.09754592794755,49.580939230249726,0.9648915146969476,10.9204864587334,50.45302801578104,1.0230591208691817,10.301858503229335,55.22708274773534,0.9614942253174106,11.452884359433295,50.970163986164074,1.0072041065166994,12.812844733212868,53.06135273346681,1.0123783609561445,12.257111251883451,53.03788208221273
315,50.01716375682471,30.485084238956155,1.9770051342988646,0,1.010061744096474,10.081205685194577,53.67096100754225,1.0071823969399836,6.625932747208982,52.697500019983295,0.9945103025036494,11.691082488114812,53.223200852191745,1.0146747978993347,10.043942788836686,52.70017194845923,0.9926806467486649,11.053858987241526,52.07119703745373,0.9957922585115766,7.735897543540702,53.93588178345902
316,50.02788767401909,33.536591487985206,0.17301614592549375,0,0.9924262402537839,11.356166061108055,52.889983696425894,0.9943216803718214,11.384481781950175,56.02331311238314,0.9710399595402145,10.032339742834877,57.104764815413475,1.0562131211413315,11.181344309238552,52.28223247731645,1.0166388971194051,8.926168727318123,52.0897724267859,0.9845016874658289,10.01849466203836,54.922741395655976
317,50.00812279229934,23.356508503861612,1.4563524032420936,0,0.9923878600473451,11.961497460708078,51.76760043869437,1.0009582723413624,9.67568951273081,52.005965654607145,1.0337175462221806,11.64219102269907,56.52466663441103,1.0303222040284383,8.635932853664883,50.962003814427426,0.9699322264974708,7.972010079682132,52.1587387497503,1.040540251680721,9.800612093580368,52.776356061811875
318,49.98366643104337,28.72188044281174,0.5826490798399533,0,1.022644127314796,13.310460518391407,53.21545409915206,0.9551130691731169,6.979187813969001,51.07521758074111,0.975833184268656,8.992632786275463,50.857854457831024,1.0088821061309878,10.00746596572798,54.352339485503514,1.0255221598461963,6.478570094097732,52.79134465970899,0.9928908118167895,8.776442513967798,54.75728448500101
319,49.98024057318385,24.753829245264495,0.3551803955789643,0,1.011246717059431,9.36926286226578,51.999010564460534,0.9961298612331214,9.189883051838311,52.26346181818417,1.0260091045561428,7.561387608928904,54.80271864052274,1.041203192963716,7.172943668752948,52.96536210499683,1.0150710758160966,12.654329271159076,54.05201025605405,1.0355766714615158,12.512057594247716,52.84998316566059
320,49.98707818245502,27.588293209063313,0.7928826163041225,0,0.9754049029484904,9.78611102662646,53.451946645216786,1.0109554523742796,9.650420221902165,55.79828884931179,1.0080411284959665,14.88100319545479,52.64033434584078,0.9731874387497648,8.79763734221678,50.57887843128627,0.9613784214910758,13.054337110498171,52.16761635807766,0.986464398205448,13.814206819178368,53.61936260899239
321,50.00498639309556,26.20456984330133,0.9086632029940771,0,1.0128060923037163,7.489475247170216,52.2113771288375,1.0160303948006466,11.494358565074798,50.461171618919884,0.9691832430475805,9.892196441520904,55.03460236872559,0.9979408860145341,6.864835883061597,53.171295524414575,0.9851889746990867,10.1740956183944,55.77998611489056,0.9922248282076841,6.833052239883786,52.03805904103439
322,49.97610688626574,30.513603329547276,1.0964841255240774,0,1.0029652520185868,12.094837686925253,54.41004250947685,1.0126439858998046,10.876018801039766,51.9699165630196,1.0045032873730275,10.06666425778768,54.353561802887164,1.0088177199420494,11.273453084312624,54.06320086161537,1.0092261184142421,13.169519979317435,53.667369580459116,0.9949968927299383,5.614647451706121,52.2727114351487
323,49.99827373300102,29.28036836158327,1.11714137070546,0,1.0127298769769704,8.55492445949883,55.89826349071519,1.0105516583953216,12.68640135733277,54.78237588888863,1.0186769472234845,7.98223663545607,52.38074805016016,1.0442975762633833,7.365273667162695,52.97426586151856,1.0032528520730002,9.578752694551929,51.1903227540979,1.0001509028653703,9.960893868807426,54.989560268147656
324,49.99198713557027,33.54749336082844,1.7685959132887572,0,0.9763301438600376,12.372127823296365,51.82713104147166,0.9862612961674331,12.236624081629477,54.905331407335986,1.0164257862286281,10.252157252250994,55.19201672570712,1.0140425146262264,9.470441278593116,54.6607605497064,0.9798445819325085,10.094184491702503,53.16146710194543,1.0310393757656275,10.756229696576485,52.07971870910333
325,49.985551905688645,20.76973489715784,1.9730476658872615,0,1.0150517769595742,12.731382560160075,54.20329146837928,0.9720348579156982,8.326902270429835,53.16390006092336,1.0154693688645988,10.14983726654708,52.80343767241415,0.9753646286539085,9.340758158595367,55.61807138655543,1.037548548693618,8.791058709713289,52.27800202694879,1.0005279777422922,11.843527273620193,54.790863684941364
326,50.00797220161881,21.93445821156136,1.9727813169359918,0,1.0130429293986365,10.436645486030317,53.68664402196874,0.9944636005789727,9.295044395777765,52.58548277556351,0.9832497756958146,7.7344941947960475,52.55592573589956,0.9939076715027456,10.45426745958084,54.11560548616331,0.9913602259198104,10.685968858221404,50.35429854837821,0.9943884212627893,7.9482861833600715,54.419165440154735
327,49.98955459975507,37.3440849938783,0.14139590006912095,0,1.0210245327260825,10.578798656230552,55.147381567402114,0.9814551766135371,10.877383812190386,54.76613467103418,1.002812997191051,10.19376816336183,52.216803420727125,1.0078278895468127,10.827844312718431,52.53475628809525,0.9841014450245212,10.532593257474096,53.80809231391249,1.0041199568828227,11.88513552125978,55.5052743362092
328,49.979669086005835,23.637475562862875,1.2015935027229057,0,0.9916206696954262,10.264764922868478,54.85795574042659,0.9869478759962532,12.373821448252025,50.83207392346757,0.983117780596126,10.181521288053041,54.35025902802084,0.9549343524007644,4.810748942422266,57.110108665182544,1.0182052821839527,9.844930293336917,55.05692366058899,1.014310690803711,6.76716388958379,52.02353720947508
329,49.98731278910199,31.1288608372746,1.0617145363531673,0,0.9794120006306094,9.745190675900846,53.849416820323945,0.9912692705068634,9.597390008872273,53.128009216933755,1.0223479205361246,11.475787548986457,53.64761304024069,0.9961338045918482,10.537538926304167,51.89015194833196,0.9824128423573638,5.292317986502767,50.579429525540064,1.0162541218415753,9.078029142264294,53.394196759460655
330,50.021617581567476,29.283185687026265,0.7564281812222466,0,0.9741284286253978,9.971966882978446,55.883865183231414,0.9997331520817707,9.39510136373604,56.52925975237375,0.9639542455181466,9.259945864643592,56.855841509620355,1.00219183340333,11.302219231406498,53.60775501424217,1.0003010510400048,10.412654468793102,55.02007762033378,0.9847110300257114,11.728422601425198,50.190596401777505
331,50.00289312953342,25.576053685219193,0.7407358583162469,0,1.0024532085308542,11.073183376748302,51.79185939877811,1.0059358330828752,14.452844021746746,59.664106464783515,0.9879567082505518,12.233962366751461,52.020029695859364,1.0191940083953668,11.380255383096802,50.9424025455228,1.0216939492711608,11.506091379616478,52.79072289478475,0.9882095135788141,7.124881946026252,52.37343559890564
332,49.98270171886662,39.984630811715704,0.44231539820590404,0,0.9818243170057352,11.944056204381464,55.5754948815348,0.9529168451755697,9.042919233274755,53.04695917079333,0.9694697349695994,13.073961547464911,49.20797454861489,1.0089088017631802,15.513327975950652,50.68899803087251,0.9885317632324352,10.740251596592467,55.09001827767643,1.0065863467571468,9.986618922908342,55.17789654728751
333,49.987960745321296,25.794855732665102,0.5679060063618961,0,1.00227558473888,8.78640543456012,57.008253687765865,1.0026929052380376,10.430723331789007,54.244300072982085,0.9594248465488622,10.630674018697459,49.95943502269949,0.9888945078365214,11.645855152500264,55.14102660388182,0.9972010296091044,11.305199141953876,55.90558476010498,0.9760819297901919,14.413404743117919,49.60367424514643
334,49.99611199689902,27.18345070568204,1.9909782324504801,0,1.0143928983671058,10.028050095276972,51.10970145400552,1.0015744886107032,11.232279327871337,52.54718781210198,1.0023707894444764,10.93694855014225,53.60508982391323,1.0351959678888438,13.759834047480355,53.88000725525068,0.9826687319362395,11.803961087493652,53.09390795283589,1.0083275587534606,9.611696894125332,49.86744121242513
335,49.98808422201712,39.98793944888159,1.4919101686759375,0,0.9892323110994549,14.104055872330498,56.2560767104289,1.0106160397362762,8.14568314090341,54.01161590408245,0.9902658055194276,10.25372659070982,53.24968494778768,1.025364786592103,11.372942239717396,53.98491580663003,0.985046439899189,13.22687207628541,49.46456683786711,0.9526492339898707,9.237953566861641,53.78300612818087
336,49.97751416371841,39.173156641743816,1.6148695713063161,0,0.9799148622664589,10.954387398818655,53.47082252497601,1.011589357115931,9.378520761820251,54.44677550149977,0.9944944594247266,11.105868059496608,53.46340420029941,0.9845357858703407,8.302713211981235,51.627730691637026,1.0137373367308617,6.92576565784279,53.05388346659161,1.0241170371526418,10.499618961658566,51.83276159986296
337,49.99729844071744,25.601778713464718,0.044380638103854064,0,1.0180537706219448,10.766747216776977,51.218414729178086,0.9963840432246386,10.409272167096345,53.91616055464708,0.9739400497809663,12.52017765563111,55.18861926636369,1.0106579451054756,9.093438905469663,48.998760473592036,0.9975399327893701,9.835414169675305,53.40250993775937,1.002201285887276,9.08623007174929,54.52428896035267
338,49.962633155394144,29.977992675359648,1.2688659356451888,0,1.033593937413286,11.675706461629677,52.76601580328239,1.0160203935881662,11.21979586073038,56.61227896303588,1.0102988801386878,10.994916809921982,50.68561729950271,1.0221331681698826,9.354932845596721,53.04237945223011,0.9691791926551555,11.613881670934633,52.94960343716374,0.9939056523940285,13.35468420235055,56.36834274222782
339,49.98776992415557,30.591316669072377,0.8275017079377391,0,0.9610530237194835,10.945739439297693,56.097434176301334,0.9848531738752664,11.79036158804478,54.973013101535926,0.9931742730850637,8.544655495905173,53.274684541400525,0.9698486205831839,9.33056599897715,53.485141916156536,1.003802758246301,9.057439547040858,51.74317734273361,0.9733505694685689,8.98859228786651,54.202453591947425
340,49.998330000755615,39.686049667578914,1.3712734381411418,0,0.9561135897516709,10.623760188704093,57.5906090130748,0.9916649320217188,10.459322088817425,56.062431740136184,1.0234683890705834,8.312507014684396,54.973889932876055,0.9948047562424599,12.248407846111654,54.68637509332812,0.9813162915747106,11.287763699408849,54.20975458899937,0.9665914950898967,9.48486995174383,53.50298269775897
341,49.993330956286606,23.297648336336096,1.3186894951901573,0,1.001753334248636,10.046915528584274,48.75964522752013,1.0082588774962118,9.928119867046764,52.50353466938131,0.9988724075700285,12.571129168630641,50.81341861727988,1.0157451337887482,7.799146216247582,54.45325687021943,0.9653701334629984,5.075258305970783,52.31409835897344,0.9788468171363975,9.277352037936323,53.78930494226927
342,49.97298081852913,30.05549315854813,1.560945260345695,0,1.031279276038394,8.54319765375887,53.259919266382376,0.99523322227976,9.892452908278429,55.494713819043206,1.0049171393666514,10.070014873713983,52.59062809909932,1.0159125157943263,9.986533250813856,51.51445776016826,0.9924849608593324,8.688155029139272,54.579903370979785,0.9853565229233151,9.175242871715676,50.54124602693189
343,49.9712842441693,38.93171299276996,1.2643797519693774,0,0.9722321404866936,11.224683126900013,49.2170494160615,0.9898372022397239,11.041476186009005,53.717710809614246,1.0091336290328592,10.123981444843247,52.1506209196294,1.002443925349172,7.9273499715881055,52.867229530048824,0.9807231635301334,8.373751545669784,52.493726469279146,0.9742023706111528,4.83008951494658,56.6922686195889
344,50.01070923412592,38.49036575243661,1.3595652163122296,0,1.0140018493211196,8.59953418208979,55.73037584742194,0.969470781565696,10.226157693927936,53.91862030729901,0.9718509614843522,10.550857303986131,55.54524611479106,1.0128401497093356,14.19107332862014,52.47497399246572,0.9567485390284909,12.214727014579127,53.18651199489786,1.0195011547367732,7.410523148121589,53.973935721955584
345,49.96271211901585,27.9272138796532,0.8978865651700916,0,0.9912171526564112,10.193528574314055,50.91837497864682,1.0209763762942194,7.356038040513826,51.09125846087355,0.9766692777554696,9.283028893134563,56.0897063568153,0.980026199141881,11.0439666433671,53.12905258649863,0.9644752137104455,8.800684618946343,57.38757005258269,0.9881720188055889,11.968613690975157,53.84225209930591
346,50.01307386489349,35.55074828897762,1.1685160015449076,0,1.0176119709453186,6.766907732668857,56.43506349561848,0.9820623454453571,8.875193070275202,50.856154641582236,1.0288859494138651,7.743138280166793,55.15711733721565,0.9970565567397455,8.527158452739965,53.06752369332872,1.0007425906975393,8.338984987119735,58.120351348952816,0.9811127990787679,12.008513551462809,53.98980313266286
347,49.945786811739005,26.722735713209953,0.713636105276032,0,1.0158356615741941,11.488575471420004,55.420127898343345,0.9916546558756996,9.78466762608917,50.71736584567394,1.0167774562731104,11.0686438349899,53.82814441019537,0.9808265995783597,10.712012637325605,56.762983231620474,1.003568972550847,9.815799560031614,52.71299188079896,0.979582693924723,9.259644800543725,53.60072622647912
348,49.96356629350454,22.574505547982135,0.5949061046042505,0,1.0136870532839886,11.615147171420231,50.12937522220828,0.9801800052705729,11.058024845447324,52.62133256755935,1.0037294774942171,7.747303476520154,56.414560779146356,0.9836394913954267,11.936207524004296,53.82930236887899,1.0175095392488775,10.985205756445037,53.09991092562072,0.9879781240498958,6.500791459270381,52.637816197973514
349,50.01222120172643,31.515458532067488,0.644793372263367,0,0.9561385147333247,12.877811013189584,55.200410769403085,1.0037298056037083,12.384456786316177,52.750888064585496,1.0108549037249848,10.920435811713276,57.44278212801121,0.9729409976820977,8.111165971175808,52.73337695245481,1.0147899772938787,9.82690618856149,52.58457246319014,1.001602799551546,9.692858432170311,51.87846993885115
350,49.956390887188675,39.49436868094429,1.0453010136147098,0,1.021092988724447,9.160460641886651,56.25590634079363,0.9743057345089665,7.169130326306201,53.899494405250294,1.0417172291806764,10.211893399130691,55.772920994637296,0.9902693871916185,9.18696851368091,53.35300109317098,1.0126727866231091,7.900147584707032,55.58591147913981,0.9987459761893663,9.617746839614886,58.72591254466103
351,49.977209794350095,35.70690529085971,0.7704988809150215,0,0.9988120602837353,12.561038836737605,53.81171271247142,0.9837063383643777,7.055555785315826,52.308189212681775,0.985682016675413,7.1491308542432845,52.20132633557844,1.0049388554218293,9.290925222335666,54.13199892843018,0.9825105393373044,9.613553128536601,51.709518480436735,0.9565052858145701,11.237606068155255,54.597666539554375
352,49.964509388112454,20.721052028081917,0.4958181767571097,0,1.0051598848696672,9.180299548826293,54.66165447255289,1.0044758100658195,7.956372042226773,54.70649312330113,1.0054253363306707,8.031860461264571,53.91396058851954,0.9722375678554067,9.329657754713839,57.467786406117064,1.0068702822683981,7.045871525438697,54.42599416573993,1.00437607654305,12.811302660898793,51.37456286733829
353,49.99093959623532,29.52845412439312,1.5483751457660377,0,1.0355501392817965,7.570130227437398,58.03521988934697,1.015020169270241,8.589093868511274,53.19623023428752,1.0056843427054312,9.874634509198037,55.1086065511501,0.9959321159373141,6.136433163799202,53.880786887759115,1.0105995872917837,10.693685699776838,53.278267404868444,1.0035780842705149,11.96962874506895,51.74510142651142
354,49.99373290254326,27.216114062295745,0.5672622079119778,0,1.0143385399675837,10.59671097426522,54.38182544919081,1.006381585993138,8.641626218271998,55.520821605191465,1.0208452828371704,8.927849343547356,51.21832278241533,0.984850369235984,9.650303291903478,53.95950428691258,0.9988487931310855,9.571910915681071,57.61473335660233,1.032056181930756,10.315832307933778,53.550240497667346
355,50.01648656558121,27.176486610334763,1.9204597742737848,0,1.038938729910167,10.511741223062762,53.41023158783239,0.9982804301717112,10.719862278083065,53.107122401226896,0.9977997400164296,10.953345376036541,51.77187197868243,1.0166036666957456,11.389139493030559,50.72669938889762,0.9833642987518273,5.112286232794447,51.014273144432046,1.0475439162790292,9.626960887746586,55.30896019462514
356,49.995384600610805,24.985645890435542,1.202343179988156,0,1.0075314003788742,10.567292632931345,51.94083172226455,1.0173277371554945,12.516368024996192,53.27634805178801,1.0174702763512993,12.128742657387978,50.59327097573899,0.9821732558204982,8.4938579057051,52.88306318810807,0.9759303490220489,11.574359683711672,51.80044364579345,0.9979147029751045,8.969695547243111,53.27141172032889
357,49.97217570430947,38.995584952652585,0.8243409366781878,0,1.0123550572591997,7.682877758192875,52.73995666723473,1.0275163179305267,7.198744562790726,51.697109701711824,1.0204065078922895,6.9083596979216235,53.56463824220742,0.9654331752016291,8.76692569264578,55.34279730425542,0.9756911896856453,12.40431548861721,54.459344589543306,0.975818053846581,8.43909131313694,50.61131917484281
358,49.983171062029804,35.32504194402001,0.5845577725568114,0,1.0097478967721112,13.008686160892243,55.380877538058876,1.0306812893899395,12.943132280202278,53.967054214053285,1.0304007842861296,11.57021141682782,55.30743523157401,1.0090938196613048,9.474544925069075,54.37482388633911,0.9594289928539284,9.778593090755553,52.220229190194736,0.9763822666501699,9.979488967068765,55.80535328800853
359,49.99845702445227,24.596459376062857,0.5364037766758343,0,1.0032406279521786,9.759529619358492,52.00947669631086,0.9952750002331449,13.007484032791673,52.04778779760594,0.9980444588180034,12.097806390179004,52.31659883795692,0.9852640588244207,11.413597940747865,54.71555115830894,1.0076145799944496,10.795552247634403,57.80910000773654,0.999889995162472,10.675575834666283,55.37452729859336
360,50.00175027456244,22.79904164662485,1.9365705498450736,0,0.9911407668637228,12.108419901665785,53.407810838406746,0.9668745313579976,8.799163770133527,49.94406956053528,0.9990382105318166,12.87045199261683,50.009006698667825,0.992582682246817,11.155730155817858,52.50200591302832,1.0191121882950664,11.452094825216461,51.96188114827495,1.002287983028938,8.470822150410319,52.25536433106671
361,49.98387915103485,34.334642964523745,1.0427959742173323,0,0.9842331885197461,11.799999731173571,54.18528613476374,1.019849933859125,9.0037238060855,55.41211295473031,0.9806265384407016,7.919971259394648,49.26709938456959,0.9847214811590465,11.523211333757782,50.40179495300023,0.9443753205746911,12.08836744744479,52.233354872873505,1.0311604631013087,10.116111534289518,54.89094041836769
362,50.00161545361633,36.22560415832043,1.901902312082812,0,1.0194403188532946,10.567064234774719,54.07257194588915,1.027443246913906,8.728715752159562,52.38677066187286,0.9843024846015265,10.566529987043268,48.14647633520088,1.0227089930033277,9.500470552222614,55.110016735835835,1.0347449373821984,9.449273451614848,50.95783116895166,1.0142439075920484,9.661013410570616,53.81534598387367
363,49.955151568258394,25.86155892317046,0.9722168516576739,0,0.9786357969620307,11.555670666139656,54.3202681278106,1.034672610352859,8.156032218917407,51.3878274913753,1.0130878001776173,10.592587548218471,55.322591652833204,0.9632638038549913,7.893862522101175,54.196660381940575,1.0092911254318064,9.993694727048103,54.58769065413363,0.9814072856307757,9.180397690392628,52.80415971833186
364,49.986509997494835,33.249848383112955,0.2452451147710799,0,0.9809426869607631,11.678000913682633,53.16982277850145,0.9865781519135051,8.792208097840241,54.33472267875248,0.9894357241041263,7.898628439372025,54.559704884918425,1.0012856005680062,10.664688465196491,55.892719399483525,0.9859544689150863,11.303733732963245,52.077283974960736,1.005628221551136,13.773254789916598,52.7533589633283
365,49.99377569713622,30.831908053157786,1.209455636179691,0,1.0221834108354075,11.652108190434904,54.45667912998189,1.0152077586814594,10.696549498593475,52.410035338241954,0.9856012505706189,10.558815795337232,54.12572597028402,0.9967097166852104,8.090774446869348,51.45835132966066,0.9828185696198347,9.966514715801189,53.41216437769775,0.9945011086073909,13.982891187134372,50.317162037699674
366,49.977049374574264,37.123166042061385,0.8621954364388218,0,0.9795392799653995,9.794562083403001,53.55800601161408,0.9836408475955142,13.473323360712948,51.983275021677926,1.015763657776683,8.461188665401963,52.10106417462797,1.006444125696455,9.93258583201222,51.655087711768324,0.9991408017019248,13.349002745939826,51.974064798635176,0.9824516848968349,9.455356639249617,54.83657938504177
367,49.99391927727325,34.53090437759991,0.29870402121721273,0,1.0131808305390324,6.413908623329551,53.215078743015454,1.0105441406626667,8.310913422185058,53.521901609714455,0.9909680186850798,9.570460655670198,52.93664463299085,0.9649243394525895,9.01142718837565,53.15067287964113,0.9507329206935209,11.110965050643657,51.629339579318675,1.0088229450133328,9.630893541595146,51.110735899582636
368,49.98632019921973,20.035591513071306,0.07001002691182912,0,1.0251846692604991,9.973180137640911,52.39808576628253,1.021930436459785,8.25530467573445,56.006604406700795,1.0201296942043745,10.746372345662644,56.25770872388939,1.0018820940077082,8.647822085781154,55.12658324851821,0.9824193380302975,13.394082356075668,54.85369671886104,0.97834285799017,12.049523336896167,54.55560288501433
369,49.9827719618945,36.42715275032406,0.3687364646279223,0,1.0403989632721502,12.076289224113129,50.797423249725455,1.0269823166037906,11.682692924518497,49.53219583576315,0.9918866712986462,8.809931053714942,52.789000727497395,0.9972281595019133,10.819087122764154,53.67397505700896,1.0168180751206513,10.8546965563663,48.84107832020833,1.0020641039811369,10.350160896927337,54.994628359206004
370,49.964985313246984,37.477995959583396,0.3901121286042577,0,1.0026081847273935,9.949859517832085,55.556859478193296,1.0022261855187782,10.279306988950566,52.17823441744784,0.9750203280666631,5.487119175418559,53.680352938883296,0.9651470153353537,8.213734473360804,53.71363931080791,0.9951457551773378,12.767894492841902,53.75240775575099,1.0032530393047265,9.666556002989887,52.270583886376926
371,49.95894610876398,28.718487005612978,0.40414228399103114,0,0.9963124271777861,7.943644426073531,51.542270244524516,1.0077565631242191,9.97485949827009,52.08160116111968,1.002034936049803,8.985893606410793,54.352337234700805,1.0188819273824132,5.045837459996611,54.84359425402901,0.9953522522620097,10.702893525073984,58.42416989355313,1.0099077579658764,10.495332655578924,55.484896905035455
372,49.96577719764891,26.397430114458537,1.4100831913440919,0,0.9980590447444502,10.587671661455671,53.18203330311424,0.9682804687118448,6.737956563908471,52.17881003590445,0.9947283090089708,10.988012362141436,55.82703973580693,1.011614202264946,10.579423288483115,54.59343346510536,0.9820494243300882,9.256928669362196,53.26306607887082,0.997975478434518,8.199678926749188,51.275070055480164
373,49.96380611346623,36.411731510603616,0.36424148267114465,0,0.9727106553045121,10.459819019934185,57.90717741874572,0.9547420220842084,11.560486844916753,51.30722207655588,0.9975066182367476,11.449673468304502,55.14418291463955,0.957760788800141,8.286366355892154,54.36763868446322,1.0233499076908705,8.116800290374082,54.42275713192449,1.0024867568115352,7.2635606511184125,54.41893924790511
374,49.948067344455005,31.792937235861462,1.9475753396543685,0,0.9942433398883673,10.463716503528966,53.54103179044907,0.9722589544863087,9.921272528541252,52.55161969596842,1.0188914843895174,11.952114324212745,55.442139178923846,0.9911280586178888,9.15114304675559,52.76692194950153,1.0132700196849191,11.089606262219945,53.76295165987998,0.9854757879746084,11.936183750334472,52.864446869830786
375,49.96193543884872,28.230473583704516,1.5308166464311985,0,0.9935167783014125,9.443822241850269,55.330931314247636,1.026174582102941,8.689835778828087,59.78507537701834,0.9906184031140132,9.061185989605677,54.98394385815266,0.9859096990358515,12.127354173938745,55.65736664126295,1.0051914740377648,7.637802712155712,52.301686417509146,1.0043078968877812,11.469607007644589,56.39494449387343
376,49.96271805918122,22.68801044929137,1.3714471472507173,0,1.043973164203617,9.092558460060097,51.933593643827614,1.0283116539737784,8.21458447746921,53.12104793501974,1.0389331794133299,12.249152029931542,54.679510982222,0.9916965022287711,7.952402615415278,54.21429053099156,1.0158497396285742,11.879974284971144,53.86586204671351,1.0063493272595294,8.197603373532687,50.55171482451401
377,49.941837730262534,38.61974254150616,0.5563865957087322,0,1.029069021479813,15.621208884608084,55.38472648802901,0.9963193497740918,6.452348739641461,51.806093344308145,0.9711142803113337,8.399696519253636,56.020913430824216,0.9963838629898067,9.818251532964116,51.521272221456755,1.020016476945132,11.929633029954257,55.14933168173977,1.01044599522904,9.819201318507428,51.66514255876067
378,49.95107205301024,36.088669204978125,1.2463763073506469,0,1.0077540575020913,10.249631579566437,54.1304793702787,1.0029764877755185,8.788096719442521,51.57651387990026,1.0362285412758898,10.497979843695038,54.55679696232495,0.9870907189953294,7.866091498018426,52.734688504646826,0.989903538540662,7.281861863050747,50.94953137759211,0.9771154775922941,9.001183060488318,53.406083849678076
379,49.99043795402859,24.229623784297857,0.04914529308751625,0,0.9964548027199367,6.3814453910693825,52.29358751593795,0.9987836346074322,10.289940504320867,50.826320526432646,1.0074915676389475,13.152809491162241,51.21782209497866,1.0094426777130243,12.226416114519328,55.50682829665708,0.9847879128684394,8.618266130881002,49.45777174954222,1.0032904194947112,7.34629134002496,52.045876585529065
380,49.958357844438076,23.218792288655983,0.7147736394591275,0,1.0122666571658172,10.349149404016657,51.94947917169252,0.9985140143982839,8.430379103871363,53.683002707588216,0.995182728416662,9.66869483319003,54.27318101360817,0.9979680585121974,12.250706131957012,55.609177257262964,1.0091933901461227,10.561203307722533,52.958818419500155,1.0074548391491784,12.380451254255284,53.572023888635904
381,49.94650102474044,34.13682337080688,1.4220128427792949,0,1.0239901903050785,10.4088874465685,54.167276472356704,0.945963200284641,11.77424491041515,53.96580729793366,0.9790630870867035,10.420342326882366,50.82648582107396,1.0113467628021153,8.922982664672773,54.78746765621838,1.0073715445095968,11.532863811694842,53.056073056152364,0.9720503751597263,7.710194430472823,51.38206443633649
382,49.96231975329519,26.548215573954472,0.015533244878142893,0,0.9746505801766253,11.62060778204848,51.999253244371005,0.9923379362819932,9.059691726550197,51.10285324904036,1.02518270785021,12.736308490319225,55.57930405913132,0.9592214335994509,11.689584389134337,56.605873497264774,1.0359236598005683,9.666243521843404,54.44548886404504,1.0154883115032174,7.9720039433937835,56.723418003101614
383,49.946095700226486,26.775728263689906,1.4258565681898174,0,0.9951936204671674,9.572630635890707,55.62619979791219,1.03078987911877,8.56141456094221,52.8460158653841,0.96924066819042,8.144193903856191,53.15928204261292,0.997243226450153,8.441090069132567,53.62000051946731,1.0559340777660098,9.39855151043329,52.52607907720611,1.0073013213717834,10.656515771698276,55.33803063395222
384,49.949959665952534,30.488826225515993,0.03542398349172915,0,0.9932104717179351,6.902871102128948,52.61969211997315,0.9929406377028107,8.111564199086406,53.612611315719015,0.9582746696730187,11.978367919166017,54.10224895671341,0.9535497905168825,11.720936679343348,53.224917689071916,0.9959423422971517,7.333138093293491,56.689353527992765,1.013430464410529,10.731611123363368,54.68016767697667
385,49.976868522215504,38.18691434138647,1.651056336267136,0,1.028521027909152,11.27322457787504,54.439852748562124,0.9910946106455135,9.88449013834443,54.196192025740196,0.9962462494540719,10.191351847983539,55.49582160935737,0.9841475118693467,10.598084020042354,51.719589726726696,0.9843550614370071,11.676007642287995,51.39292763659008,0.9983652851165368,11.254666621533403,50.850595218506605
386,49.96037457228166,20.143544755299295,0.11769245752080626,0,1.01040996999897,8.589808360543469,51.92908279420706,0.9762410218476221,12.394369360737807,53.575797828090266,1.0037641309081837,12.163134603767084,53.52298023178626,0.9755271443119,12.534779019178263,54.29128200984341,0.9737608414700908,12.614422242324,55.91560875962234,0.9726656545888206,12.294633107512649,53.089019696138095
387,49.990548821689266,28.31588406083967,0.10174529739436866,0,0.9848477885245895,8.74024925494223,54.26393534955453,1.0138107660465525,9.095624479170674,54.5093803708511,0.9861735927920576,11.000196412236559,53.9278972585364,0.9694126792930852,10.458219217204602,55.667080704773966,1.0113584815424888,11.631410851805766,55.11121834384731,0.9951701570680496,10.790867103006686,52.035938702343756
388,49.98607700649534,29.231891611752207,1.4796829682814128,0,1.0019707015624966,9.84348503829866,55.63104893572075,0.9818739670150401,10.595421811191502,54.71648441729469,0.9924443074521989,14.020229859562791,53.1116309938471,1.0325778993469015,11.261447599364704,53.857288711048945,1.0011802909042296,9.48425369485139,55.407183778917826,0.9821233934123457,13.48778680186191,57.0085844239769
389,49.93777755014768,37.63829414239963,1.655966694349726,0,1.015242086925499,12.45705434943936,57.27812679367656,0.976286472440416,8.996230771184251,57.199254987285116,1.0188276724527758,8.584561685777832,51.74607327626136,1.0255608105611467,9.597407190182379,54.68944516860604,0.992417185322074,6.0437977920486015,54.345423640319105,0.9517900962101172,9.352186548723713,51.90615785564369
390,49.97224442185676,28.593373303910006,1.597232669607827,0,0.963391661344031,10.31581227636248,54.69011208938826,0.9915166510662753,6.875913058223419,55.11648271944143,0.99029140801866,8.327665764755855,55.973837641992446,1.0053825571219628,11.501159921204307,52.36629837631945,0.9869735098218579,5.4607913086557645,51.987800708116545,1.0116339297651855,8.937926847300364,53.18390620766679
391,49.95419552022101,38.767627467393105,0.6892451831827948,0,0.9943636601748209,9.678419082377342,56.1579349059632,0.992379562626088,10.515077926920544,54.36572449373249,0.9885794635084968,11.488174482725057,56.53447894924187,0.9910121873839548,11.340095163777123,54.73088249226611,1.0031969756292016,9.079886303629303,52.632147163214725,1.0214566561051357,13.15186967802993,51.20337244639293
392,49.97035707681979,31.5913804088254,0.7276008014630995,0,1.0194191527182943,9.052700723577034,52.557454445288684,0.9902615841155201,7.644139692382926,55.03231451419157,0.9954576415865116,9.158191452999406,53.740611657439764,0.9600381292502027,14.671916535880843,59.18274244898064,0.987081828601063,10.232551205107166,53.93088664808589,1.0342047861470196,7.611861436521894,53.707447840142024
393,49.94424970361575,28.756647425517315,0.5232315956222706,0,0.9922314406700874,11.136843845654749,53.009942773667696,1.0133731967141681,10.275639169459986,54.88111071118485,0.9942319203315727,10.105987869659776,57.9376237637267,0.9787767353052708,7.807429361763218,53.26059595931388,0.9866479077745753,12.367712445730007,54.712066616152136,0.9870869061160878,11.221054567504485,52.50730916479081
394,49.96599999315436,26.38138126799815,0.5480533863987229,0,0.9825850225526165,12.869658482813279,53.19474168802257,0.9786283223157591,11.455429348422554,56.62601847669115,0.9603628939274099,10.9917395769483,49.541216776117246,1.0228933260479993,12.722475690746963,56.29931274512476,1.0326127434982453,11.174563395065633,55.39492909792435,1.0070768145551756,8.081070370151899,56.020313787636596
395,49.98838561840135,37.94279798516448,0.3612913309023933,0,1.015665229129553,11.285339722552857,50.83224672866625,1.0243628646931067,4.381574368028209,54.220089826526845,0.942205602696076,9.293063785491444,53.726582005687575,0.9818631631386352,12.694451117437804,51.74412266521849,1.0347813596543358,8.542433488630978,59.59635912559127,1.0214666742471812,11.127187406835617,53.49656104083103
396,49.94904081256606,34.755481437543565,1.9347685058234916,0,0.9678501620375153,9.307696101025444,49.154868163890505,1.016199980736839,8.485531521483818,54.7767766427442,0.9951153947688105,10.491226397292559,53.0968218601482,0.9997206475497099,9.258327312414337,53.51723187624682,1.007873330157836,7.889208508553432,53.27237369255838,1.0203052024665484,8.070721329504677,55.117631299344
397,49.972737909159065,31.426126713212774,0.09690958234205871,0,0.9793692071411715,12.601878265331347,54.668867615347466,0.9880981216722418,11.386762352577264,51.51925086890921,1.0272359410186411,7.659409910123981,55.6328712926225,1.0256105032152614,9.250624881432586,53.43611984082271,1.0048278743927075,10.658180911320747,50.927020692352,1.0192373462189896,9.795738320492468,52.068787712412956
398,49.97646668761693,26.817497817931937,0.6159155759913251,0,0.9712430712120294,9.209898701665631,56.26663470855375,1.0018100891214226,12.525317454159412,51.74310587180806,1.0015503686793705,8.38134919467078,54.33302067615736,0.9849532433341207,11.458502187515986,54.586616360589204,1.0545189290636576,10.491617583882899,54.68071481367905,1.016580231821861,10.647959256971276,51.936883914153775
399,49.958046727926,30.579787400259747,1.3340180983743484,0,0.9976226531291121,10.805344391781572,51.640646371733745,0.9986659003554166,6.538714666833968,56.251764428167206,1.0086749240412212,11.065647209468501,54.42854497385937,1.0076199240753485,9.365486006942708,55.60339304439187,0.9853722441180623,10.470630102314598,56.76206564351525,0.9951411859744629,12.701875353726646,56.1101460022288
400,49.92505355819914,26.773870988739574,1.5690118410052942,1,1.086482664505252,7.832732552157746,55.251180364123364,1.073571140560841,9.541086305323518,55.31800197695694,1.1040543304138362,6.69676881571009,51.621759465216186,1.0890582787457168,8.239513347989496,51.25870552205677,1.0906458468215177,9.428062191070106,53.80560947269434,1.0792805964916043,9.465422017557376,55.31737574580702
401,49.96963273825873,36.70671205063151,0.4682981446124954,1,1.100605457486089,9.436132448606601,51.61182795081772,1.0831555206487475,10.434471901018394,53.43609330274691,1.1291492432432733,10.225296908081171,53.43873305787929,1.095894994387368,10.608346617000839,54.27658692261832,1.0912228566557252,10.673802663590003,53.89589936021304,1.0989893258928807,13.020018625058935,51.23304708276025
402,49.976951794334205,27.334112472036438,0.666467217150333,1,1.1032341327963933,8.5510571164605,56.97964203794188,1.1023135032918987,12.528224808510712,53.205917871685166,1.1054693333927244,11.196891694697738,50.77957808039638,1.0857607149327813,9.22221481219242,53.53021078997973,1.1187828922676757,8.240494320725707,55.475159978859786,1.0870004248293326,9.172083553888468,55.10781804426708
403,49.95123373392615,33.71328049556294,1.5549590880530482,1,1.0820543981371922,9.47913686067827,54.11544666130774,1.1479980071506097,8.007111569573453,54.65684541080093,1.0917748921838735,8.7423994983217,55.163041208080955,1.1035186745427108,12.150187968748957,51.184161580817644,1.0771230838619128,10.426487008401661,52.92451424670345,1.0909551282972798,6.662514336061886,58.00950518250444
404,49.966607014571665,38.25747970151845,1.505686212316168,1,1.0692434168819336,7.789693337695187,51.920158893606555,1.0708569526504315,11.205638427843116,54.31823940791934,1.0859079956491757,5.586199015609447,59.94924855036007,1.0983159418843746,8.31240983308576,55.0810260565671,1.093333856025417,11.379257793305314,57.389210847749595,1.0987679365898915,11.406613552190905,53.08443178606318
405,49.97747303406209,30.806956377549795,0.85930814638099,1,1.0925397089594964,11.057621473357019,53.71420650030985,1.0675618326977667,8.714942787672994,54.39403374591226,1.0943616422728568,7.202610675131842,51.25179357569086,1.107543020666719,11.90142668312082,52.250575893273584,1.1451863057151093,10.76519098855993,54.11744182628957,1.109844254534863,11.938179531898978,54.30219765053526
406,49.97157183899846,25.139207222520703,0.8940753338354366,1,1.1359621183125503,11.117539565637156,53.09694912010642,1.0602797500171777,9.942396251755463,55.60742652605929,1.0840195555262113,8.506070918367053,55.664488927290755,1.071549207901366,11.948294727377482,52.62448531649929,1.1122528380209844,9.54150044733751,55.19180482330574,1.0707579628346173,9.397715343897966,55.08209913502393
407,49.924908087525466,21.102525538990218,1.6716920938292876,1,1.0513964131621676,9.693642577044777,51.2646071643558,1.098142234007244,12.472322700589851,52.13556833476973,1.1151686164044472,7.203547556239625,55.57567502583313,1.0856698256787336,5.104895500451806,55.4978177227972,1.095793478111067,11.649896337855493,54.25252710442031,1.0748991083775885,9.976426422474075,53.62238584504698
408,49.96166482624962,31.41068592601277,1.7215910804847125,1,1.0987674452058873,15.073296133712656,57.83950908006906,1.0469280477226262,7.3888907849904495,51.95526033831493,1.0887731433564656,8.803020545762093,54.30794379585936,1.0860816857773647,9.63881508954332,56.14297591998802,1.0953783911813058,11.678946942345723,54.16833836090746,1.1161465399428334,11.504160510093994,58.103315178660765
409,49.96853342998289,26.066647421896757,0.9359813185736847,1,1.0827477450381875,8.829852450040487,55.485026264136806,1.1116980627309416,15.010531445832537,57.17119249803808,1.0829727292208244,10.79385957149777,55.94399844906399,1.1004445324994665,9.452989485182627,51.307350392794284,1.0771382551308335,9.213188639244903,52.28201422802604,1.0929440548175424,7.974709061631907,51.44091948942288
410,49.927945865858405,33.988230340089046,0.16478161530784163,1,1.1117704066252307,9.776644607657348,56.177811095744964,1.0790647171719479,11.542299050832169,51.10854024555059,1.0733536890036484,10.881864795932822,53.805265369300585,1.1247775080520748,9.82725238002202,56.02647942796206,1.1074772558623747,7.122909431830596,53.68261722920207,1.079082364947553,11.685952036944208,52.29549525619585
411,49.94726853581491,38.18554372134554,0.15448630850980694,1,1.1275302382138697,11.414334133802484,57.177930109338675,1.099580556127565,11.166130441887098,54.72062306069858,1.0353901643305434,8.571164697493703,50.915943903455975,1.1016263816121346,7.35080879229038,54.614757611833845,1.1030949785750537,9.301729449825267,57.94379249418873,1.0629582516944878,10.540555699137297,53.03688297408592
412,49.94578657633413,31.568753368258186,0.9063843389411452,1,1.0851393025517286,10.319706624101373,55.34942164897454,1.0953754383306304,12.15463322997517,51.7629217849907,1.0526947535581146,7.576348169775511,55.381699265052646,1.1030158425881682,5.031719347472774,52.76339725442775,1.0700684063373838,13.373510477050939,51.39339072101624,1.1115438801553188,8.970494593175198,51.51578022321092
413,49.97843665170027,35.183345422436844,1.9431054839990936,1,1.086611685317463,12.812310850895766,51.844278410673176,1.0904086052254092,9.127594320242688,53.650771085263976,1.046744940612378,11.191799215176475,52.081785494455715,1.0836375736765793,9.373182319925217,55.20582084293775,1.1022039167437123,11.995536399379835,57.44457310817841,1.0839530530319972,9.049166341688526,53.32558180065279
414,49.97400467436284,38.20121493746081,1.5667929356300412,1,1.115372349322747,8.514539235319207,50.71349017045057,1.0924949203186216,9.116475068550399,52.40808330312095,1.1024625587662031,12.169165676933059,53.830545346798345,1.0822889406355953,7.9548460440619655,52.020223176109695,1.0746272861443402,11.704489792269072,53.171135419713465,1.0907673175955457,11.318324234453456,54.955413740298894
415,49.9631722128435,29.733402837801115,0.9582570190816424,1,1.0956912259553389,7.782689022876955,52.66353734511892,1.1156302527300699,7.67027389994284,54.186808738729916,1.1024179077204674,9.369172318173549,54.871574813423145,1.0864162984725227,12.642216935017952,55.09703503517847,1.0705141205356759,6.7000033678565,54.0939866504146,1.0804009080768933,11.483109430320871,56.92569724695061
416,49.9648308844374,38.71620598327685,1.933307017392363,1,1.0910032372798983,11.315523402322327,56.02119082638995,1.1177444244045829,12.05566878250442,54.1879084156183,1.096370964156516,9.520520067371274,54.06556964917053,1.0983696003260064,7.512453475168396,55.69502636664121,1.0900993777432517,10.02230515615833,53.63718463997319,1.0535005580686345,8.119467017760368,55.10335086544272
417,49.95419681698466,28.184948178926327,0.2796137242361789,1,1.0774788392580328,9.00051161727508,55.725468373419176,1.1146982461250816,9.924872835880796,54.975531062434904,1.110673273535813,9.67527824169984,53.33562993715282,1.1204529730806732,10.491705832177727,54.40237779890855,1.0979917401900288,9.445941683036095,51.76054583593867,1.0824464275159849,6.8479994700990225,53.429688767826796
418,49.970332516274055,39.06725612888916,1.9106266236075549,1,1.0881150692057393,8.581536107367224,53.239502886113506,1.0922750428582795,11.570666420712024,56.090125900630085,1.0724984749306299,13.316171507487963,54.13742684875155,1.0575015606612477,10.785442809741255,51.18546088753732,1.0990063280971587,6.744388310675163,57.19040807561771,1.0898344105427522,9.28461333488711,54.38325159977356
419,49.944998739337656,39.04448290454394,0.30431329010151886,1,1.1001920165478882,7.609488677380108,54.29832207059497,1.0862612402960163,6.270127124096941,53.48045018220446,1.083564745982971,12.435107233731529,49.63356421228878,1.0477678403555553,9.952705987409566,57.92998949500471,1.0936294094457675,9.1067100029296,53.959665916185436,1.0896939051146952,12.975947494884036,52.562010232698256
420,49.92609770262947,32.4801103650993,1.7786749115646225,1,1.083485399024073,14.751738699208765,53.799308436988646,1.0991133589566815,10.910651968543036,52.7859839323061,1.0822421190229603,11.219930658653759,54.54216354156584,1.1067345512276765,8.969177008242546,52.903008782643106,1.103620124832295,12.04782355243567,54.327595820585564,1.103447141258284,11.586715570052915,50.45176435449381
421,49.95581607964974,28.037956910837586,0.7889786223290627,1,1.1285894426378875,9.920655989389214,54.414520705844545,1.0774763279289332,11.694213905499899,56.67067523003551,1.1156023950024738,14.680251639017222,53.31829776851907,1.067196341079992,8.63728089606926,54.40763595923754,1.0653974948487055,8.993774393713418,55.57023490720282,1.1260325573848962,9.748938005910054,58.92766872657889
422,49.95358264893073,36.01368940617917,1.897199993263912,1,1.0764269022828525,8.346972745199837,55.50048624084831,1.0992594029076246,13.231050168125883,56.019456252647174,1.0929869214635046,12.489815966715998,54.37165147319086,1.1053951822016947,8.816651119855353,55.206248534338506,1.1026944849705782,8.35600203055632,53.08802281930148,1.0670990869998485,10.850169460687015,52.49658982267548
423,49.949447803057645,39.10640861262089,0.7668781110758969,1,1.0755219428848375,11.956626231008403,54.00677507854246,1.051352611564162,12.280135024860021,52.50512763308714,1.0803977751507654,7.212573871009388,53.81196704348131,1.0660593426762657,12.240586009853287,53.113495205995456,1.0992673782941802,9.668360189433917,52.81275818521045,1.1016975383869585,12.498300626547888,54.93597772839337
424,49.93838170230391,38.95622916836652,0.8840107498424625,1,1.11257821909187,8.84744863745863,52.62851063915982,1.0796511556227166,10.22238312797908,56.215133721473954,1.0897767837514674,9.999527659177433,58.083064295986134,1.0716252573190461,11.102041337080385,56.44978856815646,1.0898816286114252,9.111953454860085,55.60847420277184,1.102179984891742,11.3060881242345,52.51201479399728
425,49.933973681292336,26.29667810139924,1.4040030283605556,1,1.105297925247675,7.813088909826298,54.51272685159355,1.1084758227930605,9.872539159369579,54.58747035759938,1.077621323714379,10.119494692955422,55.07036148043527,1.0750053684787022,8.895431096124526,54.711392195512474,1.076402659835849,10.926118195970941,54.1168469518061,1.1066582293417098,9.5637701310077,58.351706648514444
426,49.9537440123742,27.006082559228552,1.1188011228574284,1,1.1095156763700593,13.53175828658524,51.720866119383786,1.1517956929125592,8.899172156004239,55.94314316326173,1.1207471374507842,11.662298422360424,51.59340638475066,1.1129335337117732,7.896839552459823,49.11339140678966,1.0878053232559826,7.672724193884125,54.521291060454544,1.097464749293407,10.754841533424852,54.00259388992476
427,49.951042931020574,31.708524213580766,1.8770860151789723,1,1.1272585069084873,10.93252907073838,55.76328474032432,1.1025291550564724,8.266979688600987,55.6893161469649,1.0621780549670632,12.70326977256048,57.4417272530265,1.0619599017433745,8.160203584090718,53.744239624613414,1.114996779325673,7.194408934215422,56.701835850672445,1.0810089925496453,8.138351894551384,54.90256111559842
428,49.95593826264606,21.568572605619924,1.0829724806717946,1,1.0950428557597673,7.935929353905157,55.91615937931328,1.0553706313129538,11.002580411335616,53.612442902037195,1.127531149145818,10.782379275108276,51.93362109137925,1.1036911819029434,8.530235247014621,53.43936819193801,1.0833513265139252,11.053192354396481,55.87170417113351,1.039481495051295,8.56820586976877,56.4648609587386
429,49.9765441082484,22.02830584435108,1.4578527291006078,1,1.0735814038639369,9.140456833901249,54.059803225712336,1.0776228723555366,8.769660506919356,53.04301164332447,1.0817327802914138,7.731746449172553,55.80317898744253,1.1007532080722109,9.235237171380222,51.46800751836793,1.089821070112643,6.75830635224468,54.887133228700776,1.0870915444676965,11.198680990488047,55.07301721941504
430,49.97808574024718,28.38995472675343,1.2476025215310207,1,1.118142520347867,14.864866004111033,54.86916857266219,1.0962117229432222,11.7831532691362,55.6925763605111,1.1154852424252701,11.5670180642835,55.10155519331129,1.0891933036709074,11.535887240662994,57.538294948478075,1.1217415350286886,12.085272414789294,55.56159440442357,1.084271808746514,10.39945266344742,54.38550636721931
431,49.96795907000413,31.304977939257842,0.5019392916026721,1,1.1184456126919908,11.248400074970059,54.28455310408383,1.103890078309578,7.762258086403891,51.874933562522884,1.1068095849743635,11.600161467964545,57.40667219234665,1.1121007587700347,7.040462808035059,53.550614513601026,1.0725179672186087,7.650090420924331,53.53373451362747,1.1023487896862918,7.331162005066833,51.43285104556844
432,49.92552037120346,25.276332617640527,1.2749235045150527,1,1.0869235514571953,11.030717428962888,55.41480369991077,1.0787463452406598,8.12616535676855,53.56288589798366,1.0855209304819944,11.498930349259659,53.53510211260563,1.0698681919160278,11.900110955618622,54.735893509144056,1.086086833780044,11.2511414901439,56.08286960247082,1.0709366064104224,12.159407141601676,52.25807765989304
433,49.946631571996946,33.99563050559672,1.252449279857581,1,1.0926733792998016,5.989534382398224,53.78588138917142,1.0999296160441367,10.333994272329784,52.01798287113451,1.0671644062079562,7.664492151535628,51.63752342962567,1.046835205055439,10.972177606251199,54.806221569481686,1.1133882179887564,9.453108696227808,58.33147155622581,1.0762596843620558,11.587377173558028,55.53182898156262
434,49.93232094403172,31.969788029148305,0.8993962407089802,1,1.0872335476197388,14.673545603127568,51.12092746642271,1.0775282741491106,9.829584250439558,53.69784859594162,1.0921403148776785,8.935115996061997,54.11585237162625,1.0931382867783406,9.366267717476793,54.49824711796972,1.091049965769744,7.005181182504661,53.86325591355194,1.1136677502422225,10.901160972172718,50.36434023226518
435,49.92402072781511,23.596918846080502,0.27681705530801115,1,1.1105309121339124,13.70294757795587,55.85118541953822,1.0829301028205984,12.42081210811178,56.93391377026736,1.1118875174940972,10.062765332474504,54.94598349107986,1.0592618860830199,10.293075245934059,53.128989850287034,1.0882283659344298,11.590414281217704,52.52737409671583,1.0910040154266576,7.699714798192489,52.54493838452967
436,49.940679197701115,22.591451801411992,0.6514293879735467,1,1.0844560274366506,6.624461116783845,55.07185579047838,1.1095116224827966,7.1935107015520625,55.8678198274466,1.0882958406936236,12.456835485101125,49.520289674887245,1.0994622401771525,11.519034754933427,55.61523917683448,1.094600604182534,11.186523237548462,55.49839968786904,1.122230726955528,7.9828874959466765,57.3674891040904
437,49.97942579873222,22.01887767314875,0.1655011907089179,1,1.054163264102085,9.488058156200946,52.51410155531677,1.076903419430566,9.726052634477224,54.09047866040814,1.0707475774345014,8.653069788466023,56.74951985331276,1.0982193451652806,12.909690009217597,55.44055948588804,1.0747935354902691,10.678510271923749,57.23513973124226,1.0761918804347905,9.05440022526376,58.5570093240001
438,49.94055381329968,22.64415800938648,0.12366563354895499,1,1.120355936610483,9.915173183266994,56.438143263887426,1.0680072561667981,11.184532662430875,55.38059494419728,1.133761558201342,16.40126689133851,54.402402609249236,1.101911223201212,9.932637393930996,53.48164921970748,1.1128062487842805,10.084941535493273,55.68134930125851,1.1212301053833726,10.834315249608245,53.12021808312446
439,49.95327315433946,29.015146370188237,1.3958216163410928,1,1.1256394339489018,11.423562914446421,56.56150710893746,1.1094197037772628,13.788112638151805,56.161485941137514,1.1336104547958192,10.097352612546539,56.73612139018799,1.0322389969399897,9.213208922853713,53.49114279120871,1.0759687657878785,8.651285263614643,56.75492776293693,1.1020454149345875,11.232754454592941,51.837999342598366
440,49.97781903283597,30.874193168653825,1.9011501003168432,1,1.081787365216254,8.007330050628216,51.150206133574265,1.0971635309787935,8.791823946756258,53.69108320596209,1.0944928985209181,14.460302986630786,57.182223451575425,1.1065166560627013,10.212502624926103,52.78790590084047,1.0927347086452974,9.288098750385315,54.40847755398544,1.0783635403762664,13.396340115059179,56.68785911038884
441,49.94737041767594,39.40058786006195,1.0373020248828635,1,1.0965000694833358,12.30187575312339,51.8864193618838,1.1277984125925529,8.18206695361917,54.548911603487426,1.0828923607072898,11.731382097177514,54.23368856698371,1.058345237504979,11.117959141434836,51.24828049915642,1.1025974030103465,11.124290787133495,52.33108614086717,1.0967718581708432,8.633680685632777,54.897340008794664
442,49.95990459298782,24.46994051465894,0.23079208799660034,1,1.1214423642484905,10.96980872503836,52.25013293948233,1.0951323007278966,18.411723742358276,51.92168116857546,1.0825997913051686,10.540316073480012,55.756651252467364,1.0843251844671817,10.861217874166082,53.47540997584717,1.0952442563654428,10.84988504318865,54.72090680897495,1.0723504805392863,8.007357399382446,53.09175619287728
443,49.960643069684075,25.79944734852083,1.408886727147018,1,1.0597015290652645,7.133653661535275,56.09190509680275,1.0810497303044593,14.559628043781153,52.14645439001471,1.0541773300513513,10.938378941875799,53.66144606225242,1.1559576816205048,11.00067826504171,54.54369751380209,1.1216616594291668,7.3306883192086305,52.96823821377323,1.062295950047933,9.110945374977213,53.15155081035006
444,49.9617825157001,36.43580864333916,0.5933622599495367,1,1.1208695375238822,10.867147830041667,54.67869698885891,1.1114820526339713,10.662458126334476,53.98783004154703,1.0934075283223752,10.408311439800288,51.17676271216679,1.1513401831723264,10.04903479117857,55.771784879850976,1.1162991240020899,10.224795589650945,54.93760147199981,1.1066976748370003,7.6163660567013824,56.077340860423334
445,49.91470211806152,39.03268424417587,1.374760111308542,1,1.1091358599976218,11.67374133154641,50.558437399190474,1.08787081519115,12.74820838613073,54.38807311663317,1.0781597974689507,6.951968787130491,52.39840688928916,1.0696754683150935,12.290827691909982,52.28294701555178,1.0812853329547458,12.221704683804603,51.711308962840825,1.0698382163414761,10.574175042938826,54.67476678066785
446,49.952103335800246,27.052473345823827,1.6941144647986222,1,1.1146180209938992,10.393536127284797,53.918942556216805,1.101366535925025,13.92577673393653,55.680250586675285,1.1252207990826355,8.045714891077004,55.55449846820149,1.1182799277246531,7.766259816217055,52.30377157360514,1.111403703126773,8.16743040502658,55.84445495569057,1.0743420951794573,8.218995911369184,55.53941995437454
447,49.93489257728021,26.087546646652704,0.5382924467511798,1,1.1105168703401063,9.755636154390393,51.76265926098669,1.1214944875566146,8.664758312989475,54.46386028933147,1.09880189759447,7.635447823300472,53.39003138895541,1.0987744675655424,5.9701646706689075,53.08181160604255,1.0991850629130964,10.976297091223396,52.50792015927878,1.0867785206291305,11.798775311510578,50.17577345232473
448,49.92625606331459,34.63355728369635,1.659148401142119,1,1.0971925824423177,11.898143184620777,51.77007204166293,1.0808172440051118,10.540756792027404,55.792582667185236,1.1312884539198078,10.161586838146999,54.00364659295129,1.0952390889094992,7.589423371131481,60.26837277783795,1.0871722724734207,12.71937017871672,52.94865978766299,1.0886992187479054,8.786590219898184,55.71320393852195
449,49.97208647644295,39.24100604421507,0.4558756832172959,1,1.0686409940397106,9.620412550676695,56.49249062506954,1.0939080749282792,12.205634748179659,55.13576382511973,1.0998695085550587,12.99374646873599,54.866785643895994,1.1075817622931854,9.316010987469612,54.561505631392954,1.1031996619450362,7.742994070228056,57.019308762767,1.1142550184698539,8.225135406084618,56.93102768449143
450,49.90263118316717,34.02541737323847,1.1662214492037837,1,1.110814672714824,8.701753462622406,59.622492024383774,1.0876284558027782,8.125803867226724,54.34609679929248,1.1263825546850592,9.069257709541837,56.143874869970624,1.087834101303367,9.110890063064904,53.36034822136263,1.1092930486807633,8.76567164298463,53.1018349108932,1.0896112563678204,9.903947936857284,55.327329634465904
451,50.00037996730491,21.032514677186875,0.9543404441385099,1,1.1030287733044093,9.140969008746652,54.1152525621818,1.1099620175495426,10.77235258237725,55.7511268152001,1.0811660134984062,9.310101668029539,54.333345040554086,1.1089668674412714,8.794931095290574,54.38101702162516,1.075754170988413,11.33710386532227,50.998568001642994,1.0741025704632485,6.503635627999969,51.10609306094487
452,49.961484898716606,32.09006866977167,1.5745986048207856,1,1.0814484408094915,11.558914239593578,58.34578305909933,1.0851518044068964,13.913373272731734,54.587921637060035,1.1187495636388425,14.492309001708474,52.261041858916485,1.0619693547454445,10.642001460398369,56.423173073910455,1.0551251709487752,10.315133535473255,52.94133948772098,1.0857980835803085,12.207867416492832,57.26362516695551
453,49.95170779606086,33.784514594955176,0.9457710947995714,1,1.0650366612980224,14.091042260015069,54.35776285513751,1.1082953704888776,8.718141255537267,59.5850319739892,1.0831208592372836,9.185217320344583,54.938851021786824,1.0954408313199733,11.701205382438301,55.15600056905305,1.1046508979728022,10.283663249992482,56.16529194783369,1.0758879549944935,7.215717826422281,52.99134337752006
454,49.94548198704109,38.994446849540665,0.14393627289175326,1,1.0675858697578051,9.318392970254125,55.11251768639641,1.0635499762584517,7.484162458720286,55.16330525104244,1.063371443949979,12.181872591883291,51.54198173994686,1.088219876110045,10.488964796021751,54.60123075947589,1.0919625387509775,11.319052202816868,55.68190210468457,1.0688438789783374,10.036728280817133,52.25890590100765
455,49.9586131126042,20.043660511015986,1.2164528420927834,1,1.0998767399682765,11.112173294311187,55.893218734272075,1.102095256801279,6.374760149740014,50.58333955847879,1.1029058461552796,15.394466686927977,53.79656286066398,1.0981168922469395,12.395387417069717,55.44338695055447,1.111675902876244,10.696790034979264,59.42210219674722,1.1140668564127922,11.121182575166896,52.16904648811334
456,49.95065889714924,38.84772649599358,0.1603728064093397,1,1.0951047619988656,10.436269436687015,57.153081313467624,1.095723977448427,9.01870526675895,54.661063680444535,1.0897905841690911,8.984381449570124,54.49278695737656,1.0879508791534753,9.154942592328448,55.67185953495464,1.1225131344973225,6.327455356881661,51.83225008155008,1.0931276733708661,9.992153691114424,58.23682846453158
457,49.9398390812332,33.27791600490829,0.605144311112517,1,1.0432007655492495,11.450599027265547,56.34292015207999,1.128884433514485,7.361377857149254,54.60747592260349,1.0997244260383447,10.382155619002573,56.75036894449063,1.084895252189771,9.423541687163889,56.366611342655936,1.062301043631738,10.794183014579724,57.22880930523027,1.1257698061763872,9.011400188831097,56.06739531535739
458,49.98643088408018,32.954610387393906,0.30222751639771617,1,1.0850153388435193,12.460683037707236,57.3085726807882,1.1135114359632285,8.130321354390379,54.035888154367036,1.0630870013933453,8.94924937493268,50.71610353793172,1.073355826387372,4.190267598079003,51.45830444960273,1.0958375594981455,12.814086821937098,55.7694612909241,1.0816679324758829,11.816468789161041,54.028967090734405
459,49.94449600721541,34.767621253148434,1.8060147630255945,1,1.1167542166177056,10.846222179408404,54.48813267147089,1.1019671478662825,10.668954245689324,52.46806933606988,1.11459692807408,9.374312446584765,56.056613344343305,1.1275088858883675,9.930130540312684,52.93077823752005,1.064357350680736,8.814737500164611,56.19586011493955,1.0996726487225976,9.559226760709649,56.586856721842494
460,49.94081043424207,22.937979488806622,1.5607670548219696,1,1.0941053252356003,13.599588120472578,55.07264975885119,1.1054866063882662,7.413524885784051,55.77287571577745,1.113497239277041,10.194549600640434,56.391576259808794,1.102624424906515,11.069121443849095,56.996950324722036,1.0776553884625975,14.143212690888127,50.338472185622216,1.1170762708737372,10.237792651982632,55.04606278764316
461,49.94276876866129,39.45007567041951,1.5160120844188674,1,1.0974470782465047,11.296475863107817,57.36224770823288,1.14480593792979,8.566418215620333,55.16445050556857,1.105871402787698,12.741299395869785,53.11443811083539,1.0737242723930092,9.223095477633844,56.669562205965754,1.091664241818775,8.794177287677105,54.58496454558236,1.0687913691429363,8.622030090829533,52.978650125233024
462,49.928574451715754,37.75651996073448,1.7213128061272625,1,1.096727823989717,9.33410427413722,55.103021441221735,1.11039944279132,10.054310507712751,52.541256120026084,1.1036621291645723,9.442152909491345,55.528089894524555,1.0861347109722663,11.984539201207124,53.47857229364853,1.075960815402225,10.164159664537362,56.65372687895515,1.0682097588424773,12.98834681033357,52.23916864657253
463,49.94344584609672,28.631784092368925,1.1701135910762281,1,1.069867623067077,12.121631442398918,53.892550192126876,1.0921946577939237,10.084136292845692,54.61385800550461,1.0749018845071583,9.58658048597688,51.33284717208011,1.0810996179063772,14.390169521082846,54.21890538753562,1.0885174416693064,8.245599818296114,52.89170615813408,1.0615336747552426,8.890339797913578,55.87816331292304
464,49.94994461871948,38.432225756460056,0.9863085342311861,1,1.1381307710211213,9.058183957166701,54.11137755244057,1.117747197943346,7.078066003639312,51.267394006313815,1.116812852886008,9.66475201218979,52.60670615846435,1.1388912343773165,8.517248991404823,53.214777045612536,1.0824843897184895,7.925825639537417,56.12953197969877,1.095135864108474,8.200793641358551,55.434653565090656
465,49.96317368824771,30.214749210856592,1.5126693501582453,1,1.1263340025727708,5.252270627424448,53.70289934430652,1.1242504544459022,14.791440599837774,52.96879849938772,1.0760148194558408,9.874738127526548,49.99425268054363,1.1094033329355848,8.905404310885864,53.09316527893215,1.1215543107788206,11.209601984632188,55.40490827585983,1.0858953135056058,9.00975943585851,58.73861507330745
466,49.972317112662786,37.89511232943164,0.14885694779971548,1,1.0716230667199889,9.054081762090469,51.35747270259212,1.1141186459208043,8.109662591397642,56.35968006746355,1.1205431943214121,11.990775878103918,55.45960591432443,1.0947691536525148,11.06783203892749,55.82958230621811,1.0895308101749235,11.414672404761593,52.274861491788634,1.1022421729415337,12.298212417929191,51.97260648462345
467,49.98191968092211,26.171659682014585,0.7963523007923388,1,1.1002611585038076,8.560572710338004,55.875497048011646,1.0792387738650449,12.361223266810804,56.13597500594887,1.106302840585332,9.28513031151735,55.053337734901575,1.1141023409185338,9.424698521905096,54.80851811580833,1.0996474899388413,11.799864804816487,54.58048866763272,1.108292482204699,12.484663133839039,56.44291578658198
468,49.925580828105616,21.747962001988988,1.8718108841558307,1,1.0809712682823078,10.308727367102655,52.20656083851468,1.060560595408797,8.852890098894338,57.38100647649884,1.142232354629544,5.039814016193125,52.70977213643869,1.0766288279109264,14.228476183672665,52.64481731822371,1.0800112641041784,11.110052977007019,54.39483390280249,1.084249869709569,8.111794873221537,54.7689997005132
469,49.95750629833939,24.8559338946955,1.8901215753859064,1,1.1003779987572049,12.677394875391174,52.22149813709042,1.0665569626340254,8.3736217175599,54.562602575931265,1.097801480318482,8.608318808869642,51.77307344315248,1.0948173916565833,8.931846281583343,59.086708269762426,1.0796798058673729,7.724551731549632,52.86056745647029,1.1456840948582023,9.00260761495887,54.79763577623081
470,49.931441169959946,37.619475034447404,1.2006231640734608,1,1.1024349350628126,8.22346324960565,54.76920727113239,1.1065280782955902,10.96314466925399,55.75903075558483,1.0992584126775315,12.728825104593222,54.65941118599853,1.0810049994914384,10.312778766447314,52.69008732290851,1.0735947596121411,11.713292237895859,52.34746839075737,1.05579126470173,13.385414985811225,55.37477116613312
471,49.98222649484808,24.82640246630268,0.0741902357324471,1,1.0996394201127653,9.295579095736477,58.95034565792285,1.1552084623513181,10.221834160453636,53.80728421265691,1.0896710032354844,8.98606821345846,52.371670600145954,1.1369239366047819,8.72665915758762,52.788605960547706,1.106652266079157,9.752586805387073,54.12437982643182,1.0793354641561062,8.373547511549482,55.555756836223885
472,49.93911969192649,33.409937666319635,1.2737391726288159,1,1.0704033465793534,8.744887857325228,54.32878061632312,1.085998827654637,10.276442437175634,52.550149193794496,1.081689868434816,10.105227056415584,54.050978008829375,1.1089965410426268,10.737848124252704,51.194341980007614,1.0900959093105875,12.743377790435737,56.12095740201032,1.0995783903115124,10.09468645666283,51.527172565138756
473,49.953096707716064,25.11558350920808,0.6306529511994092,1,1.098494959579608,10.826158454979975,51.76205800296868,1.1022679640992403,9.115570180814965,52.10490980556067,1.0789819012428816,13.592470369289991,55.157743894945355,1.0759572366486867,13.36714635906426,54.22164800834265,1.1118288363466133,9.39390162461104,53.924934570838126,1.0604162418009677,12.33972185560119,48.94376082635191
474,49.93919995735472,39.63719796473458,1.0187727163410474,1,1.0879279236734356,13.816154322947533,54.65891157712732,1.1055579072177988,9.94868165442128,57.15951228666494,1.1247139143102562,9.980437226598,53.16061750446507,1.0719365959762914,10.818682886542742,55.62241619896872,1.0847830683678392,11.335031692897287,54.03760242963551,1.0638526911568251,10.444215291424447,55.91846205391621
475,49.95066793813559,27.92360894288059,1.6171439788899205,1,1.1126985316375544,14.410610062063714,52.81205065174322,1.0938910828434627,9.56904519328934,53.05248903240897,1.0721143014079821,12.132153667048865,55.28146911944894,1.0908046136437517,11.950590998151185,54.88295709580871,1.0937499260048418,8.93966121219578,53.4691341569597,1.0773498644699264,8.883158950089332,54.403344989646705
476,49.92726133381667,30.117472274299303,0.7433220013892037,1,1.0923133574311155,12.47493505686903,54.756593556514865,1.0770882467176786,11.861160892144406,49.81227851296329,1.1080872378337183,8.583541074602852,55.342763003649246,1.0646424783432946,5.061738307166611,58.774781014492554,1.0544545516713173,10.228063180859257,56.392132134185225,1.0844381710960258,12.560729036693143,51.63602202085657
477,49.943151684939835,28.64641443148924,0.33477476876449597,1,1.0760534654688862,5.942139442689646,57.280148214786564,1.0880972936322375,9.962748923733534,53.0155166155412,1.0782525409934447,12.91813242712157,55.18375474154024,1.1016386204513255,10.080450511702354,54.07308741128583,1.0989567568183563,8.397904866611025,53.47756247357511,1.0892187581966875,11.273035646077057,55.08132971353803
478,49.97170740995626,37.693581198058716,0.676220162959867,1,1.0915520333122606,6.865953952174252,54.57001305452968,1.100011497432995,11.485189583262445,56.44816125564946,1.1132422340480086,10.387499773214037,51.058169746879024,1.0890357645399202,7.7346528854809,58.549658071251315,1.1173903365091569,11.712731433093898,55.57956337296974,1.0754146135269242,9.59987222044388,55.08647148493281
479,49.904189323486854,38.40433699766872,1.6810970843465163,1,1.0777707289407732,9.121434336093671,54.210433886748724,1.083937563012461,8.236643898534721,54.4167104335324,1.105907280906952,10.26810545471329,51.279631874612676,1.1034972897267266,12.152669422428215,54.48452361345343,1.0795100917691143,7.994829178928605,55.50941193978185,1.100939123828966,12.434566515511278,55.523325943547356
480,49.947127295350604,39.91332913349909,1.014564415824665,1,1.0499241865625137,9.17156115790909,55.066356601196404,1.0861028918278144,11.691850194550417,54.7055697352769,1.1064969425687308,9.982850382481159,53.879458906193406,1.0969567426241302,12.772425540843567,57.14164384911257,1.0448192201473359,12.995575670690199,52.76053971114988,1.0658098030734116,10.848997906623522,52.241752013239136
481,49.94419464927899,39.59646603938503,0.980727471769085,1,1.1010353291965966,11.360409851481077,52.22960392115088,1.0816165609312063,8.302680682084425,58.463738926891004,1.0934109684037154,4.2357903416564655,55.054211402660684,1.1077950462691406,10.442937597499306,55.65889651466685,1.0816133610035736,13.83949095395814,53.93360397970921,1.0849090021712597,9.545665122425346,56.25116477219548
482,49.954051847885424,28.9977577315725,0.269358203268641,1,1.08378368290057,9.07573581209633,53.28393471289122,1.0868654355738654,9.919462866497547,55.94373490928294,1.0925431343582355,7.475376388560286,52.1206706179679,1.0779164628324354,5.028293749893592,55.564410463315774,1.0785527430971973,4.656005994027568,56.21097669765787,1.0759857438472307,10.19904005930158,56.07242614184927
483,49.94091981611795,24.250046953714893,0.873027570645748,1,1.088927536449678,8.700516573456945,52.105232204095515,1.1231460086102194,8.745147979703503,58.580119939495304,1.1070521781604568,10.466664638249798,56.31592801520376,1.0845150364657945,7.322949463116647,54.89134774858258,1.0831547534518111,9.972316838451867,54.16598634154177,1.0853593798025551,10.58812888517434,57.05250867450035
484,49.931862142421295,30.684283401835685,0.5094834986798278,1,1.1063398230877841,9.127927423716507,56.56878057552359,1.0699504269083548,9.229501400167111,53.23818248116466,1.0915726073244012,12.111665447435103,52.48026536903482,1.1158497014155937,10.979733272171659,56.79694573274625,1.0493843530279499,8.969223198205544,55.2143049378293,1.0850936328157283,10.51862121306091,53.517659137577276
485,49.95236013497767,27.754133272180063,1.3997953870401716,1,1.079999168004414,8.814120919807413,57.27959034801572,1.0647531619979473,11.676133297990164,51.54507940287497,1.1092754029493719,13.00971314014655,54.607189772436236,1.1134737484547679,8.914092854800755,53.566501598216554,1.0916116696485705,8.908853317848116,55.039502575936254,1.0691578032469882,8.757557890671894,57.33658529457642
486,49.97131457467761,21.172791547587053,0.15702270386040795,1,1.0976464194471551,7.443224579783516,57.19836063110936,1.072799026762738,11.80099740126618,54.52435138783844,1.0742316633469677,7.207438028559329,56.73060204094502,1.137372900781628,9.394220709934107,53.356920601604884,1.1095641552768682,9.839875076256309,54.82412365144151,1.0657757528010035,14.56123339845147,56.577966443491846
487,49.96468229222509,21.344502527368512,1.875466133488818,1,1.0764912305196388,7.605750973623333,54.713667834979525,1.0821026249784442,10.952675368167249,51.717627492276286,1.1134846583154754,7.221006931165573,54.93278700559791,1.06881340990062,10.565578530556044,55.17202834106263,1.0752943824896413,12.356458889926284,53.77937024311026,1.0825521581450335,8.437926018741496,54.39235428533922
488,49.98891147531678,29.060617063816753,0.5560719871478075,1,1.078706031677347,10.478716833700389,53.51651014762316,1.110104695252558,8.264420337882552,50.8668120010015,1.1222397548872456,7.413604923102249,55.14469252590505,1.0840579614399517,11.92150529991364,54.663021284594016,1.0945405668039498,9.343353425264166,52.59525233591384,1.101990874335589,9.30849488905387,59.368619100603524
489,49.95386440844482,26.67980712187947,0.5805434334848831,1,1.0978786427434661,11.864764462689077,53.086129397116544,1.1313365072618835,10.476590016135628,54.2246335296767,1.0742714495432906,6.600357877283686,50.66687247426785,1.0937251601403266,13.516961643542166,53.88083887730702,1.077626722222925,10.161895581584051,54.082718691971984,1.0732297274103273,7.959079951517836,54.81824835320795
490,49.94267197998246,38.1325841159013,1.8908356699654527,1,1.0607856442148618,8.694836027076189,55.13664896477124,1.0920755836872202,8.21779006768644,55.9907513539128,1.0784963821200724,10.595623011141324,51.94766563079746,1.063633875489622,12.82741478637501,51.91505876574477,1.09846769620511,6.821319192013149,55.62577779432716,1.0975749433558675,10.019498615682245,54.59001032043735
491,49.94334764862305,34.75641013362483,1.091211255999466,1,1.107023086891137,9.611923482711406,53.85837021794012,1.090908181907666,9.968184175762431,56.24549200207177,1.0714545256681238,6.268231823867404,49.45760261192553,1.0960281611859999,10.196473817635866,57.741556365236065,1.0889409285809548,10.546041062720075,55.3466867115224,1.1269641866021873,6.008838815428316,53.353287308125886
492,49.98562052928721,32.39431789757363,1.8057603923769014,1,1.098289038184521,10.147834292019983,54.80208044643791,1.0894616257624246,10.120060857056856,55.05181569648524,1.0980095566548267,11.294092742712781,55.012440222831245,1.0884498205606645,8.226803285126381,55.1812969985877,1.0792756098809246,8.176964686810518,54.79717037432933,1.0710042702120672,10.740534927152332,53.655475241401135
493,49.93123025674981,21.401334925682395,0.410755547377734,1,1.0560822889441124,6.978874573849723,56.17807937599589,1.0957566478176233,9.879010315246667,56.48503501456816,1.0904410660475667,9.443409827413541,54.16722065543223,1.0934482113696833,9.26268011466461,54.19012569242706,1.1099063134051694,8.961941148347616,54.82922882868992,1.0648784749616604,8.962260784011637,54.158634638659485
494,49.918873486886916,29.95674195848132,1.09520904582311,1,1.1137369962351475,10.062432271223326,57.94414793874323,1.1237134112496145,8.708124399235182,56.6748241485205,1.098653103045566,11.404093714499044,51.60847400057805,1.0619098299322145,9.356738335068922,54.493836862881196,1.1007985094228023,11.512771892328889,57.676251285825245,1.1108097602940101,14.253307105662813,53.71699533513463
495,49.93854725463779,21.500632994581853,0.0070657961979188055,1,1.0771148862789937,11.555752067929815,54.80238475589937,1.1013062712651558,10.660993250932876,55.07797382449713,1.0956703194194812,10.993863931820858,55.891013202940904,1.0952260583375146,11.893495598695255,52.556451466738835,1.1004270943757841,10.666134205563763,56.30062585629685,1.097366630074779,9.745561487901922,56.55951534666656
496,49.95026707357168,29.76552111990678,1.9678555222334413,1,1.0732412028754088,8.085215077265806,55.19285625722898,1.129197700105412,6.927882386158679,56.20660459257147,1.1028743545760595,10.286187595733805,53.56992206983281,1.1284437864510375,10.139324373605703,51.68716798707942,1.1135419333937076,10.416234237985524,58.71551784704611,1.1138749439751716,8.803072496410424,55.106032149992906
497,49.93721367733109,38.94405124923588,0.41430063283272567,1,1.0545033741991912,11.081738807159466,52.732925344133,1.0623103903355922,11.307937071354077,54.9015618226629,1.0701421051001758,10.276936134616184,56.59065958548956,1.0974589467139284,9.173819559650521,58.04681764558896,1.0853102286774345,12.738073828790299,53.868523211948705,1.0761706666575226,12.364435395764275,58.32175913189438
498,49.95761342582585,36.496557474568576,0.37655905261376943,1,1.0885018287943138,8.257693663857342,52.81379345748246,1.1119090251667776,9.020245200899774,51.108741618565915,1.0984487461221144,13.119666981400288,50.36035736399527,1.1107331876960564,10.371689108665388,59.57852243283387,1.0673237702488332,6.879643971492069,57.764076138220545,1.0501922128358199,13.124130508282386,54.01308236138924
499,49.959646689025504,31.118016702728404,1.2788712437494871,1,1.0856140015485822,7.215310913091139,53.45134795708538,1.0800863726118908,10.562579700023992,53.714691771017975,1.100504253773029,8.817093266864866,54.24263881269324,1.098527511486648,10.206945953106807,54.81191064201121,1.091479153675647,6.207691710542141,55.52403803498162,1.0741486493095622,8.982620239742968,58.086766210383715
500,49.96128790132469,22.05807080177468,0.9810158520868248,1,1.0905740243872986,9.343030435632226,56.17074331042204,1.1250704985124542,11.13925832418317,58.039682356904635,1.0869368090285214,9.942912012500464,53.26075076484946,1.1309504700034014,8.111640694707635,55.849582464941676,1.0778710448813897,8.862096566059298,52.76684592566359,1.1108957738699345,8.48147219434425,55.006063738841426
501,49.908352452033974,29.211154919054177,0.784112414651331,1,1.0748927588733113,11.89791037410357,57.286325287903374,1.086649785226453,13.303364491836271,54.707982100737766,1.0667823177056885,8.984578865403801,52.77541883499325,1.1129296835841278,9.646206948012155,57.86961775054252,1.0853354385325744,7.58280243399952,54.358567691874306,1.0679501332735724,10.859681933770005,54.14562692953844
502,49.95535199924813,34.46536329563057,0.5894814194087123,1,1.106566401679809,10.018588092773836,55.42380201767462,1.094554716010802,11.26465075238753,55.444348001661446,1.0873374148652206,11.734511973215378,56.3538026960255,1.1020461178694296,8.150101199061918,53.666886795606956,1.1044074262947563,10.340469838124468,53.24784602906457,1.084957018801731,7.105557412604453,55.153424031801386
503,49.95133896085969,24.644459344877255,1.0453027381424358,1,1.0860387460144103,10.296835902932116,53.06547490665744,1.0911439947556394,9.59939070298547,53.31644094645948,1.077190919043744,10.237984541903488,54.1230305423876,1.0856938595377201,12.286222591706421,59.4406768676679,1.0639121565976506,10.7653099127588,51.220806393339664,1.0908663498791977,12.993842654927704,55.394550953150095
504,49.953658709902996,24.92777633051997,1.040301736490826,1,1.1182391553885127,10.675188841737207,55.600342861479305,1.1373819378420054,11.741501768808586,56.79011161496896,1.0954516671632994,9.739048625518807,57.74803507195287,1.0626465271794814,11.755485196075334,54.580098081098924,1.0903133129141174,14.481245203376343,54.70892007824287,1.116646833955282,6.076236950373514,49.83125678569873
505,49.96957056429983,36.92311157607762,0.06901275614727842,1,1.09589097126672,12.741783373077144,56.627433339363584,1.090902709366164,9.885955363227728,55.712138250935254,1.092995877560146,6.675556877432312,53.48587056441859,1.1234792972471577,11.859959473819096,53.06181352879132,1.1185936338783844,10.78098336105395,52.47016943537968,1.105233412532328,5.350734098322608,54.99195442760178
506,49.94136663258657,35.15058979774364,1.0367138838280836,1,1.0988688498903767,12.297280688532489,53.72420016945967,1.0881802621337069,12.024457958771027,55.72507148628049,1.0930718305625662,9.331132235220803,55.07849937596275,1.014599900011854,6.239007812092149,53.64918610757583,1.1000611805875322,8.944981359150916,54.21119225052629,1.0937780111148194,12.940226964542275,55.965824069322736
507,49.951378838210694,39.545826940260795,1.7097257065451608,1,1.0447234259613922,14.399522578058088,56.28279438230592,1.1061958093935398,13.51131472883698,54.10246285514275,1.0916058973700986,7.24111135433084,55.59207933719109,1.0904522879719365,9.375954774739938,57.03554948008836,1.114118782650886,8.63184237255679,56.08909377525879,1.1071634831399382,8.970016554829082,57.265485468137186
508,49.96343083961736,28.624974969390102,0.01706679790708976,1,1.0961143536384643,12.643342001179914,52.33660725682169,1.105175165404905,11.099628096078417,56.149980240402,1.0577199054722672,6.062917813021746,55.63094191560315,1.078659568144639,11.329051761190076,55.031213116986294,1.1205122445952538,9.42498886487277,53.90769335596141,1.0960760122662179,12.599289105721287,59.062891143300604
509,49.98381284332216,30.321074032443263,0.40312766291418667,1,1.0959042620306905,7.418000785359002,51.89874896793113,1.130901333310573,5.665460888918193,54.33862354315034,1.120943662395348,6.109247125861825,56.24286363133675,1.075319827131432,10.82142400012078,55.52515729490235,1.0724641780092417,10.227928742854528,53.99199699808322,1.075505394954281,11.838485548530569,54.625761123237105
510,49.951578520405384,33.664333010297206,1.0255658580427454,1,1.0871165921869543,9.657173522649142,59.49802335029573,1.090673061925893,9.89085682444817,56.906055013223174,1.075664706187692,11.075971491377658,54.064031234475095,1.072694262266815,14.941873041235706,51.522561474739504,1.0746190271090326,8.001340169780752,53.042748142996714,1.1087898100131,11.110061226970974,55.091569213568285
511,49.95814914544952,30.10070949444245,1.9424010817913837,1,1.0708710206258871,11.842007070027297,50.59860442985814,1.0882183862042152,10.880789003060755,54.299716109913135,1.1018105987090883,8.101464284573531,56.72506510427385,1.1028356489142703,9.954528156932481,52.345232239854276,1.083960570382376,7.132844524624537,58.24720731310314,1.10071029442375,8.744421459259224,55.333899407414954
512,49.990200607994666,32.09664437290484,0.9125638572837729,1,1.064085697080582,7.806758536816028,54.086420962708615,1.1078313088151832,11.924481057919708,53.8806123767621,1.0649463539997304,9.77647611691613,55.778303638291895,1.0689196508362986,9.656164342494707,54.552861720745156,1.0872345111499722,10.24976773352754,53.8420955603397,1.0604258485206048,12.47478956110044,52.778506425651635
513,49.9377475585247,20.716966724995824,1.3269094291588082,1,1.0479839782841385,5.159941330607549,54.12462272899116,1.068872528658682,13.2809077417047,54.537674975296,1.0969229395180227,10.38298566878298,56.79264817722605,1.0983547842412593,8.676699774011372,54.886047289982244,1.0891480534117821,7.534422520864368,53.14815950964792,1.073630670871701,6.565115528106791,52.92724386030791
514,49.93398301559011,25.52445002512664,1.904055413216704,1,1.0986443116826845,6.14679537114948,55.80472364589601,1.1101104616629323,6.45339176962902,55.6569124033106,1.1015178699604196,15.754198944285314,52.89463984431725,1.0819397771470993,13.946207381929142,55.33861789931021,1.0808029577703233,5.49693055912868,52.44463355625526,1.1135997840611191,10.293098080820839,50.782152970489975
515,49.94096537029054,39.52003225334073,0.16334456936697794,1,1.0434922897471446,9.805219602159397,58.70946290366126,1.0946717515121287,10.809393621716069,55.66447855442673,1.0869400517509102,10.504912227056055,51.84882927168685,1.0884526508420467,8.99483268131429,55.70957387034716,1.1140249403609788,10.917667437077858,55.39599158255181,1.0964010323295197,9.480105264369069,55.25814558043959
516,49.93394072215387,36.606761214331215,1.1506305649138306,1,1.0982849564360135,10.454766585535445,56.37588599426583,1.1226915125952552,11.764604331039347,54.659336203513604,1.0806996454046227,10.563090415320882,55.64079453844497,1.0747114881062396,7.443025528558101,56.85490631105913,1.1106852418999735,12.741666085313373,55.187136344811925,1.1116660636346352,8.152276208015872,59.135856245853454
517,49.97149060690691,36.13407886551662,0.45864611601164906,1,1.0770904267523609,10.890189672718826,55.49502348334568,1.1252864677486876,10.21997256032537,55.34984983515069,1.0760293813692106,11.364032021250074,53.59404939456989,1.083402720431467,10.1834889762066,54.842264537953476,1.0825130576818092,11.139214233678143,54.77500691961153,1.089540901941145,8.565439551717425,54.85967338280484
518,49.97218229346861,38.88724863245385,1.3298127185635944,1,1.093362062059446,7.714568676668003,54.789722322264275,1.0731613956534747,10.6634922254832,55.14927716022736,1.0958453917113857,11.628911905588431,58.13046716547075,1.0768046758927459,8.897681967819413,54.931786993969524,1.071494118780157,9.61293244711369,58.08382785217981,1.0602764275463945,11.306357498127731,56.87108281406519
519,49.97487227856119,21.34953863730653,1.0664577563370932,1,1.0967630124220036,10.385354891357142,56.17904960716639,1.0772834770157305,7.88083716390998,52.06220147914102,1.0839790801291609,4.988223892044905,54.06553160222325,1.0657817472384967,6.959108386214014,54.94328683612839,1.084597873314569,14.46410780930649,53.27492788132295,1.07385277728467,8.762029185964252,55.43843314960937
520,49.9891429467744,30.780176169619953,0.6392799393727595,1,1.0887866407399778,8.019435399431941,56.48472632531232,1.0939861004124098,6.299679051107182,54.49042857858957,1.0780837800368421,9.737709461265815,56.42880858148855,1.1032074542529395,10.934881342901788,56.89849787062814,1.0996303488626733,7.727384020185739,55.047006851249606,1.0610768506562205,13.784790832511598,52.76929035641166
521,49.990986839898895,33.41698186602059,1.369334595083992,1,1.0853344577582251,8.85029990439684,52.97601977289416,1.093738125498527,11.764214830478076,57.08352203600503,1.1011697846940651,8.88968186558177,58.934901522163024,1.0816810903197318,12.85370356714982,59.03044773587109,1.118562849979987,10.751576522818365,58.62456376029848,1.1040245697341915,11.123112175881863,58.25570459128815
522,49.96386206483386,27.883179109952223,0.7434128106077131,1,1.090306576691079,13.15326514326118,52.85068496531033,1.0863900324845313,7.749584365070763,58.4022209369104,1.0753306421681912,10.942017386808406,54.80762104183881,1.0786074937080117,11.992705726408843,54.37746623690933,1.0685500756497692,12.400519534076416,56.98521310939221,1.0916037202562667,12.161792822684614,56.89756954939035
523,49.961095865087586,39.96226716240537,1.8094758491655976,1,1.0988945158148593,10.049271285139135,57.34603902819478,1.1280264009886736,12.551953189779802,56.58690516652486,1.0939293396226981,9.171357992279468,53.38230272836621,1.0897766857528934,8.99044052580946,52.004035894326606,1.079479804405098,9.265117803182283,55.441107748182894,1.1203309202233462,9.38759921128615,54.03862626619977
524,49.950302315552186,25.580487580209628,0.021481770509713005,1,1.0745055153989074,8.24379423568653,54.68626782935204,1.0815296831190826,9.59513688433684,54.516714364430364,1.0272607116390406,6.16704118284899,57.69227701062306,1.1038916306779776,10.361939328370674,52.51262299264107,1.0782100199652578,11.126794345900702,57.958721874254074,1.0714006181970723,10.427819993301211,52.93779004312516
525,49.999076749932755,28.808776326116288,1.428139248317724,1,1.079847292812226,8.644483211784165,57.235258584888555,1.059862601934638,10.76740983046952,55.42310563769998,1.0852899408837116,11.34874876411731,49.798219763308026,1.085075336733989,11.784460897615961,53.53332670750832,1.0697839519661843,9.079340641745683,53.779641819847534,1.087966672530575,11.145594466485234,55.63247208104019
526,49.95300795743004,27.443158761688117,1.1105466077993253,1,1.1075013999780146,9.504754526244765,56.05807224512867,1.0952625007405372,11.771611880980782,55.91679267599928,1.083072315347073,11.809064854623161,56.96767062103677,1.0887659224093151,11.832319609656853,57.313358309065,1.08387992457564,8.377031328003179,56.344032211484944,1.083831607538705,6.57837421783009,53.07661582628499
527,49.96965505204979,21.671244452038753,0.6620770030640726,1,1.0434429335073898,8.865087675628644,55.73008669451013,1.0656978005776871,9.357183631437744,52.902394422191335,1.0906694387272866,5.7765993335262635,52.80832158080708,1.0758791294288295,8.30949201222892,51.79457043360803,1.1046845193812536,8.265758734245725,53.38838928167508,1.0674916955363343,9.596839182857174,58.79505892103251
528,49.965976327547544,23.455580115067377,0.5464486571568403,1,1.0711781877607716,7.233604295862381,55.30641603149513,1.0914505256531664,10.24205218267695,55.5878568709898,1.111808014299398,10.9850200969558,54.47326181464775,1.0686215331237736,8.87480144547077,55.151288617935904,1.0811224239117723,9.855101991079456,56.65875563687884,1.1056282473821255,7.406569112991502,56.93611258491772
529,49.904436840880805,33.00411372386216,1.0852550072541018,1,1.0554801705537313,9.943131474641115,54.08210639947057,1.1072600957247711,10.069954541972196,54.731395136098406,1.0594675986681779,8.94041706230206,54.04789530292852,1.1074351997383605,8.72727167001494,52.77438785278775,1.1013370244652063,12.350615380093844,55.9735687702631,1.0875922996951592,5.936672741709792,53.27432850519628
530,49.95066679735762,27.573054789180482,1.2907185295173917,1,1.0921192431671323,13.102105118116931,56.78846824930203,1.1039861520393035,11.313979583888692,53.97960753241453,1.1111121900322107,10.983963044369556,52.839216492707486,1.0598903898246461,11.53409470234698,53.77940397685133,1.100923135793837,9.682537317519433,57.47299161239516,1.0753202321027506,7.588204677628283,51.96835192007312
531,49.92394750170809,39.88869031177005,1.8897679342992182,1,1.0905839877635213,9.351401673667173,54.74333145720814,1.0882089051259987,7.5377184466003655,53.62340133163097,1.0836640722276711,7.051731652572389,55.26575559017513,1.0976377020248018,7.674276085080406,57.277856198426036,1.0988999660066257,8.012787545433659,59.35590800669309,1.077547074013216,9.124121953336948,55.82170499720488
532,49.94093896042168,27.07416242631342,0.7304161873128121,1,1.1065642881563131,9.902695447542262,51.80025893826915,1.100096044197392,9.671962021784099,53.384856747412755,1.1098039675621618,10.74272677659824,58.564460717262136,1.1237200732333665,12.91148712035559,59.0748693161304,1.1062106744709883,12.106242337525082,58.536047985159826,1.056485479755608,9.909243332451757,53.41596532404385
533,49.98659275612877,39.88091874077753,1.336001473395577,1,1.1083899757121811,10.259896828602818,52.09235412750048,1.0956916070023681,10.689406020158875,58.427049751202055,1.1044826350497432,9.259295424207357,57.51552058296255,1.0905240364967987,11.128693320858192,56.01116012851258,1.123242596333389,10.005593371656566,56.182815721583864,1.0725934016233163,8.878487043278122,55.83215411070267
534,49.96037782593248,37.00576237892308,0.32425639139845797,1,1.1181181938943712,7.854304976215351,53.69742519426413,1.0945594130999552,7.458121117757496,56.148378295971995,1.0767859439471672,8.629418265870498,52.585467304619776,1.089601611445723,9.615587721419262,58.857406557022166,1.109610692183149,12.065266063667746,52.22260162310929,1.0853847673056352,6.9508712725779604,54.65678148091126
535,49.97934018780002,28.299347427640395,0.41389745395962185,1,1.1149180912618848,9.08032255969017,56.00801902904622,1.0535871307845743,11.823663012554679,56.84731704478653,1.0801566289287838,7.11456626176393,54.132982562402944,1.0811045280671154,9.018836447271095,54.73913491291929,1.0778172773089612,8.762365409459713,57.53849967274806,1.0748275975716646,10.03146419055727,56.95259036317343
536,49.985069587288784,23.93019970063445,0.8227520887230069,1,1.0661421511797782,6.235550760569254,54.19484506885975,1.096096128152108,13.91394843723965,56.12064758781555,1.0792980892528747,9.188787457177892,53.04191249966078,1.082546554888851,9.855980584600735,51.96884186249545,1.1166056483674043,4.821304896370328,55.112886745270124,1.112559733518166,4.372013341011816,55.736590885545056
537,49.97556238491973,33.980722968354264,0.9320344180612632,1,1.1014561868978294,10.272867480740338,54.767853427904285,1.0840470009956482,11.13645395435366,52.65534618575489,1.0810852045710175,5.075778933154879,56.54499242485317,1.119214921680788,9.55825491180506,55.99965672053655,1.092982321103896,12.570526931579941,54.21567827030416,1.0883402201854957,12.656750616830603,57.43227096544028
538,49.98051382202702,30.633138177783387,1.450398084624803,1,1.1133215569070731,10.151897860208896,54.978756507206235,1.089487575199393,9.774448214682494,55.46342004577035,1.0777834003976496,13.800496365166815,53.49033826481374,1.1267256445726503,8.54885481166309,52.57872296538218,1.0697933556316048,10.904223168683165,52.17815122983194,1.079474018386338,10.658796720908322,54.96555324595947
539,49.944374200251325,29.605665684751393,0.49120739494577137,1,1.0770344171465855,8.18611181736733,57.06089103603485,1.107340074551763,8.751340687429874,54.33762104770323,1.1242961801768145,10.685314931855432,56.43462002158239,1.0796334011518747,9.812274610791102,52.432362386726595,1.08874312948321,11.333107699045316,51.80492590877639,1.129677034045492,11.971454463162955,54.95712174271368
540,49.978502460144,39.05691203082614,0.006426793503572226,1,1.1044499538304045,9.083225052088101,60.16897455192938,1.0963313846900946,8.858970214697205,56.7654825112888,1.100728145511138,6.227469063523126,55.66916748022142,1.052281721764464,11.518189711478984,57.346809102605135,1.0842700236242204,10.280452649797606,54.986766285699275,1.1084648211455421,10.871754183129454,55.72476395408274
541,49.97849493799288,23.383587438457063,1.6429342406658876,1,1.0839177005620413,10.122197498556718,57.2440197705176,1.0669007484500317,10.135286652873006,54.842144166992995,1.1080545196388618,9.553347748787665,55.92951703330028,1.1319467436894972,13.123227652034737,58.66672431624193,1.0703727653511634,8.20346008833994,54.749138074749204,1.087644807859734,10.135628069630515,57.81562275824893
542,49.950947001351935,22.6772206094832,0.42505008165838865,1,1.0991142258008666,10.0912179405882,54.17246651011093,1.0380906571657986,12.847596752978323,58.08703641746896,1.0725492447086435,11.250928015350688,54.91032318748129,1.105097453565186,11.085849242684969,57.56312433168514,1.0770201292164812,14.310419099379477,54.65311812575146,1.0534076634238363,9.768035828517895,56.87520378633794
543,49.992862639245935,33.455424028605194,1.0379323109634457,1,1.093073397163493,8.341474920722971,56.51262428186085,1.0816957435957804,10.12120060062111,57.5523146749356,1.139058447036347,10.153547008479341,57.12060516733384,1.0722304069097128,11.491750777499155,56.98090725860491,1.1140577147778556,12.12436246492674,56.23657809881704,1.0940102639672462,8.210640524017863,55.57797762076721
544,49.95680828246685,29.504233646308716,0.4060758182973032,1,1.067002961159849,11.084492649022225,54.13393410284101,1.095601776348426,10.05169185155669,57.7819326797851,1.0890526905927644,11.988792266724372,58.257330614309225,1.0954859975838822,9.259389302134075,55.16637220311606,1.0698010680288161,10.11261016574834,56.19141260955002,1.0777385900914624,10.932009116147572,53.79846742273938
545,49.986460540503515,30.32790647657577,1.7065525205297003,1,1.0774629180297048,9.232931070147187,57.558969512329604,1.0554208798574973,10.590323000042275,53.27804574310476,1.1188541526855686,8.589154566344039,56.96623028693436,1.1073411495560461,12.815625302770796,55.44041806208495,1.0942842776662811,12.573096108672912,55.51497017170163,1.0668898399161657,10.219850350876722,52.943178433127486
546,49.97828525022714,34.205214195613266,1.8240907895519525,1,1.0881257976091714,10.355026539373359,55.57318810713191,1.0843127774157388,8.941583460724368,57.507987020752104,1.0841327196096016,10.337705180859695,54.98151729720564,1.0827463713453143,14.04258998115411,55.707577650866774,1.0850081775456493,11.326867199717416,58.47934072292554,1.0609549317506641,10.696979670994306,57.93492325716627
547,49.95131594522112,37.84596994078679,0.32062197401895753,1,1.1050074313277543,12.371238252042485,55.460840523693534,1.1062360504121613,11.082972766049437,53.95196272381917,1.0665990706618658,10.779833876825888,53.5372828769796,1.0699528959978586,6.987511813448169,53.23111084185595,1.0644654895301886,7.301496621591211,56.63936705939641,1.1336431963424674,7.9626690305159515,60.530083449937806
548,49.96164693645836,29.732350471689724,0.6669767516816845,1,1.0783274961091918,12.971689669859344,54.8413232003449,1.0778656870340384,8.621675821583738,56.50304714716637,1.090058083734382,11.303827238184205,53.0790407731981,1.1072711389453127,9.45474568809626,55.01801291545862,1.1141820757154048,9.438183008620978,56.641624017418586,1.0748385524384712,9.09420733216984,56.52468966992184
549,49.97306768772988,22.61096043698027,0.5020951250355785,1,1.0824572365178216,8.636960179084271,55.24159778698355,1.0669168092779946,11.595615992900052,57.28352419811953,1.1137660854367308,8.261853754834775,56.30852383178447,1.0918760227541255,10.7455397201686,56.87580992139289,1.1141187726176873,8.92076155138481,57.53406418673691,1.1132145986747608,11.301909459080747,53.36817103643748
550,49.955087998123176,24.086285211238337,1.482641993552528,1,1.079761321178409,8.77797473855409,55.15357254429681,1.1021145247237496,11.538600234536645,58.76375280424751,1.0709520425526091,10.776005287341654,55.5693437868217,1.0887779032862839,11.3295413142407,55.64882330544905,1.086172697285365,9.29198475462548,53.57875473223389,1.0988016109364973,5.820999391604114,56.30507245096826
551,49.97123235577146,34.40693239051995,0.7974649510062932,1,1.0967051309959375,9.273037957301412,58.04794587801733,1.0762609246018262,9.395124086526529,57.040247854536155,1.1066026724170603,13.972863328107083,54.45493902384013,1.0871224902231909,7.280417014849104,55.52346247169513,1.1000498579068354,10.586435571249922,54.33239167164557,1.0908916169368106,10.023219526980487,58.92272823457857
552,49.99488097738123,31.938969815630692,0.5814130192743188,1,1.107862431145267,6.873036133715219,59.26128339228421,1.108446583261932,10.22507874310263,54.35370863980419,1.098968499307937,6.295407802815283,53.701154756403135,1.079463004492243,8.705728931732127,57.406825942148245,1.1062658814745527,10.567075295533062,59.57714476172505,1.0915713552466384,10.702378420758746,57.2053393690338
553,49.954623736658796,22.120840487346015,0.11044775941869389,1,1.074137281023575,11.097911541185162,55.577305234471815,1.1052793600749824,9.700118751674541,59.43157064175071,1.0798241414417489,11.683157100162466,55.31782443270154,1.0779567076090215,10.851467006215332,50.476502099535765,1.0621441606413482,8.730253188548945,54.97059218648232,1.1180352227700436,7.9767177460603325,55.49582369666839
554,49.94823985512466,26.455482876063478,1.9269877253066257,1,1.1016711369653767,7.2204973875544045,55.66074465432218,1.1021780402889574,12.051696134253119,58.32070020314904,1.1073047509667406,15.176268038747248,52.95277218212573,1.0918322845796942,9.23681578715376,48.728479628109746,1.0782490945339194,7.280191380769678,57.12876650640605,1.1112830500048085,12.389378555045695,58.01110484698528
555,49.96859685279434,20.08694286915368,1.0375800190627014,1,1.1056665309000797,9.539331042504093,56.89412205132845,1.0821669568752421,8.17844073102069,52.40165731223887,1.0877616212912065,8.061658922203485,55.54827158437506,1.1258479160507586,12.716857072368121,55.59487952403396,1.072228067439541,7.0750787625675144,54.754454721038826,1.1132344278381239,12.461922839366492,55.73858944847937
556,49.9681151631621,28.328910412638557,0.45142092776150666,1,1.0668906077044578,13.13808016494764,57.17554264095852,1.0550632417866646,12.472649121046615,56.71001983840907,1.1000686524775987,12.428991211659502,56.80736575102484,1.1215100701691816,11.485067566088297,53.729469529269274,1.1150595970415547,9.322359930513548,56.009057574835296,1.093169739723146,5.276872693029687,58.56914415957617
557,49.98612979859074,27.026638802338603,0.09607149697214767,1,1.1059612819246905,9.8806757715495,56.995909488348815,1.0882153029237136,9.07587664863626,59.75779472133925,1.0921008566373647,11.925551959698499,53.73917847428325,1.0943615303028302,8.3633253637332,56.16467222613618,1.0795948680486689,8.633537031958614,55.364659961896045,1.059644225392609,11.627724547653617,55.44491550083065
558,49.96469110445357,28.791765973645642,0.4801775657689735,1,1.111859046048689,9.392169100556465,57.80075203687146,1.064052305361078,8.296593771404291,54.19629253456928,1.0813896337237527,11.078381476643496,53.41583377706191,1.0875200958057643,10.295419240301142,52.9146259744652,1.0735385602326035,12.318778783382019,54.71259975533693,1.100510213215033,10.343401511173948,55.51862612793079
559,50.00102291557219,25.433154200268895,1.8362525559743255,1,1.0704339062853176,10.001508065474352,53.13322450275106,1.0845651738540991,8.566564299400756,56.837142926028044,1.0991626035808773,8.999199830813799,53.31278390295523,1.0727590305912353,10.298214161300775,57.38629104428988,1.1000625079606556,11.023995963689343,56.5987575238191,1.1233622453284577,6.327729620764962,54.02934275824948
560,49.97438221877663,20.418418056821636,0.8066731766597761,1,1.09384034642968,11.909283236519283,55.14724957499986,1.121501281456833,8.257769713175131,54.06613271343875,1.082032282952375,4.361723417937478,57.68541432328221,1.0905088642902285,10.292939420709336,52.27469868072091,1.1212816074539376,11.667303786681263,53.78015008052009,1.0754341155231317,7.641267408052428,52.75058088636692
561,49.95543774314252,31.550375378721185,1.7681525272705931,1,1.0948686122528215,9.657361992514048,53.29400503703602,1.0810256169972132,10.735611238352924,56.165537922150804,1.107583299443251,9.826378394526108,53.34827048792853,1.0743984541269693,11.886797987354992,58.715375560835064,1.0630777514918486,8.01086112136842,54.926177764619055,1.081287147272917,10.531774611072908,56.417451195320034
562,50.00735282035387,33.46737408703587,0.19100822117108307,1,1.0859724971363653,11.13103411147487,61.57631510070227,1.0636871806894705,9.825733973674454,55.518947997096305,1.0828814001498266,8.660619334221908,55.055369768487324,1.12092091312518,12.799472697837563,55.55351142462409,1.0831665340402234,8.53543276620373,55.55266795497376,1.0678339894220499,5.029454037584017,53.881138000885684
563,49.94795128720956,30.253686214038115,0.922061291396379,1,1.0986271896340332,11.631798197861245,53.77962533340383,1.0979437856875338,10.975505067894224,54.33417545060652,1.0862951535347567,6.57765263665434,55.899993318721386,1.112881377250967,8.965072776830297,53.65087875327331,1.0325122223051268,10.650056725997374,56.29962067747832,1.0997334575601265,10.807697717235827,55.586432814942995
564,49.95912846760778,31.292642055419616,0.10143045589936817,1,1.0636214143966627,7.623988381056726,57.581747247012046,1.081836938398658,12.455926182404127,58.05025276751074,1.0982349265572648,9.837864710110566,54.116223251407725,1.1108423953391686,9.932902221376725,56.715493027147886,1.082591898640429,9.689643864492169,56.37028120476515,1.0840206755964497,7.261837925510188,55.41568977643345
565,50.00029745510369,20.854819814648152,0.3385223634152126,1,1.0892169708394928,7.386078644097081,58.12491003479762,1.0993340075337772,7.4169138867194935,57.49506124648129,1.1140085344720139,11.753696979340344,56.00520566691938,1.1010359463689072,7.264857251793348,59.43389231539445,1.083319426593733,11.269463978351384,58.294979241573444,1.0917971900259482,11.88212174595719,56.3129383938671
566,49.96782479380288,34.33862791492593,0.7851879339957097,1,1.112549688098311,9.040300478302171,54.57243228866628,1.074909253159091,11.152166411150692,54.68845097157726,1.0846319786947909,12.447594359958805,55.720572645412666,1.101541413187617,8.969088814969771,52.7857603146605,1.075576151248733,12.647157261928799,56.0482876142501,1.0766198112158025,8.73016095492351,57.9064403394978
567,49.962060291110326,25.31014356990381,0.059582544109404,1,1.092857567894348,11.070940317007643,55.084076874855214,1.1226869506992416,9.583107062811273,53.74633188474665,1.0984431554475251,12.833959988491031,53.740969361052485,1.0986619711945425,8.576953881054042,55.963505622090395,1.082404797777432,12.226211356194405,57.81837407531444,1.081709921455121,8.318921542149802,59.97107948493857
568,49.95478678650219,39.20587315977257,1.3398945860349862,1,1.0916625537673572,7.197023422599219,53.706961552612064,1.0864982489643067,12.647441354420192,56.10667838795354,1.093826324004067,8.692047028875248,55.739412545819256,1.0671009032910885,11.180117076798581,49.31585593068116,1.110071567449964,9.90048282023844,55.12857691091598,1.0993662946320342,7.317979464136847,56.458757027741726
569,49.9501277541432,29.40567281970627,1.4255609381848562,1,1.0951799674959901,8.639370866782473,54.46150029786619,1.082810870929194,6.825449005073687,53.40691930143346,1.106373411389625,12.055676958198044,56.30781299367368,1.0839159996276704,10.015537884323688,53.54653371069923,1.070421547575278,11.483371286195919,55.06905984149207,1.0955589783956339,9.169720849298404,59.004005234428774
570,49.994171913438315,29.577145109762732,1.2797778875595487,1,1.1076187770895018,9.346016954425098,53.72747638128161,1.0789844986118338,11.223803091848204,57.00475520795874,1.0879291975778442,10.180797104312225,57.21659593924921,1.09815662083037,7.255105553126688,55.55685121756634,1.0651925997481724,9.120191748690454,57.36268516569102,1.109806646670465,10.282575456983649,56.755677857306395
571,49.98515740055914,25.83854993739176,0.7402333349625239,1,1.0898785106764501,12.160484302126969,55.98321639274813,1.1042575152386849,7.915826697509031,53.86621811267429,1.0895412487874667,7.265724974202245,55.40177918579553,1.1080326024712661,10.251202530936627,55.2950213785782,1.0799915060713694,8.648528064839342,52.253817730504956,1.104586427986691,8.63517995391485,55.790001590874965
572,49.99430849255916,39.107778219512014,0.7511712512089381,1,1.0852679513584498,8.567766687006156,52.19884281493372,1.1080660795950963,11.645007027358096,54.452215117894404,1.1158238591565357,13.344831831313494,53.93177451886568,1.0859339992099932,8.873624680176674,51.85172510373724,1.089795209410545,9.897032764206953,51.279915993763176,1.1087713406558972,9.580567803592892,58.73184234954528
573,49.961524550937206,29.09948119386444,1.031723844521224,1,1.0984165948647548,10.337658128688053,51.83709650346754,1.0775423902916876,12.649059995378135,56.3714155974055,1.11077591220891,9.138380249052142,57.29094147010972,1.0662460798004987,12.925500279880783,54.77183717770742,1.082853521842175,6.124699774634139,53.334091687263886,1.1044588493586975,9.524882954458677,55.633572106070496
574,49.99465832768003,25.45318510192441,1.08985807011356,1,1.1093303639244874,10.652980964699145,56.0842691659511,1.0590103789615282,7.954241244559324,58.75187095710833,1.091761650184162,9.929612177447426,58.04523206250877,1.11578209575484,12.758458419162984,55.681996958664186,1.0906833512147083,10.36137264184097,56.788826981530576,1.1083888867495735,13.148977122192719,55.20667777864536
575,49.939408393449426,32.50535277713512,1.6813247051936153,1,1.0867351839362889,10.130890855502267,57.107677302459095,1.0785314369532053,8.037974481517683,54.86275011401576,1.0930535893885138,6.843779315674216,54.40674287799781,1.0786776089559162,9.227837059264871,57.35785133550279,1.0746378514749315,9.917211575925009,59.305737175978344,1.080785465570444,10.373013817119077,52.927582462043205
576,49.953795175974385,33.02739576184784,1.7384489805780885,1,1.104273064237034,9.049855272953849,56.40790359661247,1.1007424993593662,9.797997996348322,56.999023181389354,1.1133279814654868,11.121168634922153,59.97446281404072,1.1022667751526534,7.140766187724019,53.6768051723543,1.0921633256986938,7.399969282852786,55.19042212895692,1.1023770768238568,9.824443191246822,54.217739099809805
577,49.961749092380714,33.176330134601486,0.5631160930597559,1,1.1027612776697737,13.566677301117796,55.732153065738174,1.074635097990475,8.776973187069192,53.29472159100234,1.0823232878544597,12.397729538376902,55.23726058959525,1.1061274823484062,7.7162335102518576,52.77413239294208,1.1068995749834023,12.288843861584697,54.42633927455662,1.0973659275805177,13.587278463467367,56.825792400600115
578,49.94924780933508,28.709642409316697,1.015365078604166,1,1.1191901443543666,6.144634052538352,57.864175895577745,1.0837311671162888,13.540177357062078,56.117640063143384,1.1248139063150233,8.204113261263887,54.56794898298798,1.117984292023536,8.829968786543947,54.18548848193,1.1085796742250877,7.732463102027699,56.632228131381794,1.093367757568079,7.953610571640569,56.81513550227549
579,49.94089826685226,26.241557976474727,0.9558054455225684,1,1.1108239217901645,11.323794768727359,60.08539970667644,1.0658294756674518,7.253737350886112,54.82629296166827,1.0964032955820329,11.7750501588501,55.0889503812839,1.0750073147689023,12.489607781684203,52.78687451751213,1.0906188928030978,9.479317440950913,55.33774154771901,1.0981990789723701,10.100786840635557,53.05525213821248
580,49.95509215711852,34.887662038816146,0.7793196308146337,1,1.079428213992147,10.95554744956741,55.371847544321234,1.0798225909713515,8.71530424496493,53.99216132447518,1.1451663450947294,8.337562598893395,54.59539567823884,1.0926138079112693,13.187661243398129,53.38234641250097,1.106524338489256,10.937747199929653,56.24188444439928,1.070465208446497,11.61495887475411,58.16278309675072
581,50.00227148813012,20.312406276499114,0.9886551098785266,1,1.0823368393613628,9.206478699360687,56.048785508893246,1.1090090304108011,8.362885036429969,56.48324355974554,1.093694483814179,12.337963729494255,58.25710072745667,1.1319504842890475,7.5110643397771515,53.13783849980728,1.1172744500303617,9.434761440685326,53.109029491212716,1.0834393324549147,5.083799063754,54.92467618169929
582,49.99062632419094,22.423320077964554,0.7602856915496132,1,1.081347415918287,12.066749336158656,57.19600299246431,1.0998047243254065,11.264377290366042,56.018108782108904,1.066118299650916,11.96095447991917,55.49319148689275,1.0911921089010899,9.246222617359113,57.38217624241121,1.0825056610143338,8.391593270208253,56.030355884910705,1.122208854701205,9.640529584513775,51.382505758757354
583,49.98172737741735,35.44187210351946,1.794405852360898,1,1.0866178170828467,9.0581756047291,54.2264979534793,1.0837248894926026,11.342931104354626,55.53227970997898,1.1211008755763496,11.242959215984554,57.05048400126108,1.1150080234779634,6.930942480749898,54.61647488223672,1.10346520193952,11.163989339310575,55.32656697101841,1.1092238458609611,11.225995914926536,57.472047923170145
584,49.98324344014381,33.84548864753828,0.6248625198019029,1,1.137492498221513,9.567924010788323,53.185470794742194,1.1045678550180202,8.6913282826783,58.54272406299183,1.0953659687164092,10.59736318242181,56.96667922732575,1.0534333146817225,11.97155857205927,56.42766184058436,1.07425924214246,10.382943973976978,53.48132219885418,1.1045354757296635,6.767485898483217,56.90608651644958
585,49.96294917890146,27.60260449839577,1.15645281822767,1,1.0506866445247436,6.496307858694484,52.93767963078025,1.0699395321183571,10.749706491566759,57.74545693549201,1.084624396035463,10.76470557948125,57.26782343565673,1.0706716519307986,6.6678397640824505,57.216062183827226,1.0695002339048525,9.894395279838141,56.47885972705376,1.0772367650312793,9.250464624958104,58.26964798817564
586,49.99877267052823,23.87610799635432,0.3428678502261093,1,1.0777514897905578,10.165001267916399,53.691325160819204,1.088322686843747,10.989932351713243,57.07271435652302,1.100988123130095,13.601609680249517,50.9629679795285,1.0912546288928813,10.08622393426397,57.734113949057225,1.0725803446358584,8.599558193057625,55.033736626492626,1.050273968781775,10.998788697384434,59.661767748850835
587,50.000727624363606,31.385240283331537,1.5309812979136777,1,1.086250873573655,12.947153067919762,52.76530754007821,1.0920638707139467,11.576338734255993,57.06758328306353,1.0717933294734574,7.018639104014979,51.5793799364062,1.0998859443316156,9.425212353719543,57.781079171639995,1.0780612535331313,10.490838783431007,56.0148923607175,1.1042662031305088,11.00583514597802,57.66362153148008
588,49.978194033560925,21.36272826751943,1.7259240696722722,1,1.0964729925924412,10.028857312448572,54.11141067147058,1.0909303437647062,7.145671337037447,56.46815046252647,1.085488704526544,8.417208453751753,54.21287985137509,1.097146533904352,8.666211683092792,55.247645296336174,1.0712623761502287,8.824854278681498,59.648668654319074,1.1038214044679506,10.885665729788656,53.913698486650084
589,49.99940099996843,32.59449175117123,1.121581920074195,1,1.061558933369568,10.958062924655358,54.76803201644378,1.0962604538551886,8.089420048712133,54.69419514848934,1.0730550834407433,8.039124488941855,53.99052823780398,1.0805758185923524,13.221706194450123,56.13823070390327,1.0882023110310217,9.71181878909759,56.47058544078756,1.1189604524079482,11.710729745100803,55.066784852956786
590,50.003118918131975,31.29373042112615,1.730395645103163,1,1.0803681272792376,10.05247800719001,53.894342509101236,1.1118747887075011,11.652483825764945,55.575166218666055,1.0688508618960113,9.950843477485012,53.558300100702155,1.1108034145830723,8.906283213058266,59.202720874118754,1.0516211825185566,11.355406433847024,54.8132586312481,1.0621311084657086,7.278005855196035,57.382459354173264
591,49.934162303669666,30.217956917640358,1.0233067918124437,1,1.075749334993604,6.288969336592659,58.474229984198274,1.0638113661877355,6.648369774159629,55.12004051456087,1.0739228182754457,11.173255237722698,56.137553383345555,1.09485138474689,9.619717575704852,59.10705742801347,1.0830987677764037,9.32567979537781,58.04036437721279,1.1051271057913439,6.429711956587884,56.17406857391069
592,49.973872591859354,23.95187791603377,0.24133172547058712,1,1.083287968125788,7.687101521314858,56.833718026600856,1.0875033189755579,8.9166405124961,54.91928817278068,1.1232218110655838,10.63448834093733,53.7747602672885,1.1014715391458099,11.693347910140616,54.33951494839003,1.0553267126100982,8.365962450253784,54.29688352757506,1.0888314392196743,12.558660198509763,56.88006145065038
593,49.960740561661446,28.224169041788656,1.2130762955030434,1,1.0838648154621087,7.895671529069219,53.781308459843764,1.105570610895054,10.814605795181997,55.02515687699174,1.0503330549581515,13.02617458719559,56.428658916218716,1.0999361111626837,12.57232567299548,55.23147572066913,1.1116498858115966,9.631704933217978,57.59219149333872,1.1632360640588069,10.12175059978024,57.03165744085606
594,50.00387729422476,30.33577166897495,1.0929405028642423,1,1.1025415120389646,8.826459233495811,58.06769248015626,1.0964013223735107,7.844915606495633,53.99079583699319,1.0872783183207093,8.172486951849093,57.037241008773286,1.1020834577156156,6.079517056031569,53.61274618015188,1.1179316122903187,10.300501343129447,53.87034421083972,1.0900277453710197,10.160827397807436,56.383818200859174
595,49.9828242572755,25.335460570105944,0.3167929136377954,1,1.1094930617135488,9.374656709487192,54.11613081638551,1.0525547055985458,12.493959446113152,57.375928181159885,1.1035221422912198,9.56538683427926,58.85884258109984,1.0864894972122843,13.151489692912012,58.32320924564997,1.053122563554685,8.91407411790468,53.367253935626685,1.0843386889933657,7.55885824130594,55.585534555554716
596,49.99796479359064,28.734489291782808,0.3398314946697256,1,1.068798345634066,11.847072782833662,52.74808420497418,1.0874225215432247,6.309743660044624,51.570156898926584,1.0986935574439067,10.716594299377185,55.12221788074397,1.0720015873117612,9.474231731638357,55.08212009746907,1.1334567164112341,5.93647989455269,57.60838520627852,1.100681460478362,8.769835639263345,53.59584787034464
597,49.99657684658148,30.162483664609873,0.8232892452433356,1,1.0704514911811613,12.90826356979045,56.80372151461924,1.1189562525995467,5.071673535803708,59.119619251851226,1.1030234338783267,9.416532689261748,57.038144201876435,1.113642830213425,9.498762221372512,58.76864122679227,1.09596984082804,9.868876461836695,55.660999359559284,1.1119620364191338,10.536620356013366,54.80918912162256
598,49.960354928776596,20.725025137911977,1.7336015750250655,1,1.1234908503753656,9.189206213104947,54.20342325478602,1.0093106670471281,11.185693049419172,51.327187329158264,1.0735570335778637,9.472111133742207,59.12268736035285,1.0694719470401943,12.533933910567049,59.48619559252782,1.0904195248746043,9.988719809867455,54.456054578172676,1.0997585425827219,8.43912918749375,54.29138384906359
599,49.95644666680766,34.388611392080804,0.4932700762523239,1,1.0902884136429463,10.20656014375052,54.63057598732389,1.0964978215974641,8.157018594429776,50.72789252683012,1.1085157506298164,9.55681057900415,54.541528388552415,1.0807699582884371,12.027501280096867,54.857672874035416,1.0706271278267863,10.245759737820542,55.48595255444652,1.0985984741041435,9.176983676063251,52.72539392607226
600,50.00604201694541,36.66586822443358,0.09509456103579295,0,0.9659640477873477,13.360586696148683,56.093613397886394,1.0108569847999211,11.883984643853971,57.86457886376684,1.0095751959584525,12.327371615526989,53.78267400824313,1.010838745007847,8.847068972124308,56.54988740474452,0.9896067995993733,10.05263905427201,55.18986799233912,0.9712947606640154,10.634037157612388,53.88713470385559
601,50.004379392233425,38.85984083504822,1.8279837603377944,0,1.004085260391106,9.7251136947854,56.995878762973376,0.9840464533428831,5.088730689303959,56.31706688793307,0.9951123851685655,14.00584448824588,59.34630564118055,1.0073305883830752,13.603081824135963,56.052623018746985,0.9901471163608989,8.420668272360242,55.68868763858175,1.0138765948267998,9.277733760432701,56.29575535354945
602,49.97972562344959,39.83531963025876,1.9861519573714768,0,1.0190613986494537,9.135040605747163,56.79863590060187,0.9726270674341526,12.165685208603122,58.00469447996283,1.0143364065767668,11.7784605069093,58.17063138671848,1.0193013478048196,8.807221747970223,51.11597966171981,0.9778940417370816,8.998748790996313,53.17010813041792,1.0268887591595994,10.866264044350492,56.06471774659772
603,49.987042913289756,20.904602279866666,1.544660160775297,0,1.0122528825538015,10.393982183381482,56.71591428510867,0.9726983789074003,7.9471295903468775,54.37519816589223,1.008803246871101,12.937381938621598,56.471229938763514,0.9689517571483313,15.762093550984444,53.908766289224765,1.028678385569907,12.627736435920122,60.10644085061564,0.9908805475813175,10.324095741336292,54.51120830689563
604,50.00229927400077,23.01128534087136,0.5111045693281033,0,1.012941114989715,9.608213583297266,54.64082139927382,0.9730829710189143,8.32464456571368,56.35649428039626,0.9862865371422794,12.63899571144842,55.095527414896424,1.017185331914903,10.023649685273249,59.75660805858387,0.9738154969934655,12.931916383211956,53.401084993510956,0.9733713173248562,13.80262853901601,53.215037254452994
605,49.980140089626346,39.51925692106499,1.9067988124483335,0,0.9871426923199098,11.787173323736063,55.689823945486225,1.008175521771185,9.558674424955672,54.34450042298354,0.9909490910816762,8.500865659562233,53.249880284465476,1.0053599909439486,11.983507478126871,60.7072818743963,1.016117640752723,12.038285755079542,59.475148184769346,1.0009711070381702,6.70777502345885,55.0064688244282
606,50.00771538471514,25.528382366202386,0.058879419214277195,0,1.0157268425165227,9.99300190579003,54.132631188815886,1.0306507827212124,12.49511273740448,55.56111651792757,1.0250693420428407,9.51246835794954,58.25699571186368,0.995803118244197,8.39130084769327,56.15197345172625,1.006953406931049,10.889300172921176,57.16389043369668,0.9735170181273304,10.120729501194145,57.623491710077005
607,49.99082600285409,23.230331719360127,1.496028871711353,0,0.9887213841401612,11.19237355441059,54.50136664668031,0.9554860387268709,8.321419642035677,53.42695556238689,1.0057074111537787,8.239431740529726,56.392397354117534,1.0275262929373081,8.146955558593119,53.42715184398801,1.0175919977220031,9.192382752866106,58.09038951913827,0.9656870932616208,11.449507385976146,55.142255026358406
608,49.97152963163157,28.31909954088584,1.4908599262388422,0,1.001591766476347,10.846979068925384,57.50788283812578,0.9999783372304496,10.142925288474759,54.5056843616475,0.9974800870435597,11.16915064634754,59.48531964594911,1.007250983850238,12.774540162858251,56.639532207187216,0.9540149736240335,8.551973614820193,54.681440953073405,0.9911810873528469,11.189558784802587,54.047754543326796
609,49.97473698478206,25.265603341782032,1.5173522573555958,0,1.0024286516116876,9.928063969115671,53.78121481724628,1.0122914723672334,8.059588532832777,54.28987519368515,1.0120485172681524,11.348868385194175,57.500125997591866,1.0137132027315563,9.589950045471868,54.30058821146585,1.0097603108884599,9.285000661000284,56.748904278465126,0.9942026268513232,7.935591789439526,52.034735792787444
610,50.002366460649526,33.07881348819973,1.6805906729340525,0,0.9532726873504339,9.612154442259296,56.759797819618036,1.045903965234378,7.6944744804366305,56.53563665621217,0.997950823399422,10.11560703166229,57.480783223038856,0.9870742457466037,13.516398116668123,53.505166651730285,0.9604387086945411,9.681900608678522,55.36645852307787,1.0085145222930707,15.008262736036993,53.76294585857243
611,49.99670968175729,32.60253909918994,1.8249141201895531,0,1.018970598652101,14.354285638890236,56.65141813769764,1.0280926405167201,8.78365870753672,57.45998366912336,1.0036054724386991,9.729874169690133,54.66964399093574,0.9960050044932229,12.278097120703915,52.23710052953779,1.0026095465776783,11.212693680929897,56.035534327603706,1.0037961852800408,8.576977267897167,57.761937823208655
612,49.98665085350714,35.98959495019136,0.5635977713061802,0,0.9924612195850667,13.357302517647268,52.294056782813584,0.9885947223312664,11.65701874057515,59.06814873186217,1.0073735988177446,11.339480050664905,53.340278643697715,0.9921365704700623,11.048987270044151,55.132666545431455,0.9842293595023973,9.388496869302287,57.91124278848285,1.0094507921997034,7.661768948813574,58.85161466108854
613,50.017577164364965,33.45033903691089,1.8130160892492269,0,1.0103949423495664,11.337229159988944,54.10505153213685,1.012457010228532,7.31502419011306,53.19808510314426,1.0153380116590132,4.681711358890314,51.81828859549411,0.9949244675297904,8.558716164637815,56.657424585079916,0.9920804218837876,8.472497942368241,54.67939244557607,0.988790132069208,12.689998520682273,60.18724278615776
614,49.97838496908942,27.254324973887023,0.445859094150993,0,0.9624983962195742,9.517778667449289,57.962396897128656,0.9733098650716047,10.061001862512498,56.70784072938838,1.0069701479774138,12.549110327343632,57.31382916579752,1.0008092630188574,7.902038829915627,58.11941175525558,1.0045056655296487,11.82658481472832,58.42963996631935,0.9873541476968315,10.063250450432195,53.74090019059764
615,49.99787358802074,39.1858213808414,0.021714649403873798,0,0.9806868235791885,13.323809555984958,58.44204154191141,1.0238502358601245,11.063635878219806,54.66717060953291,0.966726995606438,7.422396664110229,52.17408740152441,1.0065671948934376,9.91907518857914,58.87711800500301,0.9954842581287457,8.407991555818471,56.12997141262001,1.0128188922821124,11.481123864501514,56.647436817278766
616,49.99501316249149,32.30980700080798,1.6512529424070541,0,0.9913655105373733,8.236155077439763,51.830192036466215,1.0178639642595537,8.944665795632476,56.569016994582746,0.9776931528769967,10.821036173864526,57.089795456601166,0.9874430963575606,12.297825957334585,58.35360507328769,0.9736301368768632,11.447663712331163,55.75006587034105,0.9854467521183117,7.941193983766135,56.46741925302935
617,50.00903006890163,24.705742799032272,0.37263219884043,0,0.9805289912537317,10.667105952948997,51.21827099047748,0.9906149366464548,9.244232533020545,56.28145826034769,0.9999288709329466,10.125625935119968,55.268214667604056,1.0383759225227698,12.242591036820267,57.852740479915354,0.9808994515817602,10.71285535313629,54.75523890403304,0.9680878276789382,6.962488710602845,57.01587760074125
618,49.96192787714144,38.22455904144222,0.1066305514710868,0,1.0208928752309514,15.635760486002514,55.67352879917176,1.0099970871849597,11.186550562590746,53.98994192624978,1.0158723822315183,9.240923294045444,53.510305821359786,1.0052342043425866,13.996325309451333,55.01469554770297,0.9974674633928879,9.538296394573218,58.722749096496074,1.0087214091796728,12.257391973870966,55.88516283346299
619,50.009932497239625,31.89783633534805,1.3594663939943024,0,1.003950620973989,8.940975696937537,57.29875816981295,1.0006218589857292,10.872525179737917,59.23927402152587,1.0370292709220945,11.745771533659234,57.03333368015199,1.0134340492793226,8.620470801332257,56.9465749648394,0.9789316718412053,11.409381805326158,54.88625789716917,1.0082519915872845,12.123657516018564,54.105583097928196
620,49.97028186444532,21.446185321907322,1.4944637408067996,0,0.9835650816766764,11.861361243509169,53.54465049376347,0.9947042925219213,9.390496112801305,55.88348240252771,1.017280163659715,11.586753511696246,57.34805329832861,1.0034371348033837,12.541623914249909,53.67382365336128,1.0158287085983455,9.100064551446136,54.2722358472,0.9837626913789405,13.915506428285134,53.6960486817842
621,49.98448240267877,34.03463067396144,1.4193318520178608,0,1.0593929994170328,10.297043108082168,54.11407187497004,1.0303020488755077,5.688818932322284,55.942068844896305,1.0019022168820055,9.37042119787382,59.29095110424753,1.009384785285258,10.254275625312628,55.616014827533625,1.009528956349698,10.285747037341027,58.778625887174414,1.0112359111313545,11.448630636793599,55.95387587164994
622,50.01106533806121,37.00213088199102,0.9629798835282162,0,1.002549454834982,10.590358621953671,56.34366835423,0.9655910680312788,11.909294678553625,57.11402684947557,0.9836981049697173,11.161225959546954,57.10156198784265,0.9920675659844548,7.313671776334921,52.738614754186294,0.9903570929960416,9.334399909587225,58.49773665903852,1.016094836709879,12.562721135404116,59.77437298947003
623,49.992749839821684,21.1053400118479,0.39650612118203576,0,0.9921368140679515,12.838401265537641,55.16175278113886,0.9952854413576719,6.833679933804888,56.73937537830035,0.9934023047336211,4.752587269289396,55.34322739628422,1.013145576482403,9.953289043903464,57.02314151378554,0.9578719408387105,10.228755837998387,57.91515052268903,0.9696759158511744,8.740127797334784,55.919763386827654
624,49.974010624133285,35.15888578800498,1.5753875113178533,0,1.0124911012940965,11.094214390715639,51.324600674791036,0.9927062086898318,8.109108403641262,51.925415655542515,1.0205314410002015,10.455282804616429,55.637390777868816,1.0148829821695675,11.643354128309133,53.98616598208585,1.0199413659779686,10.41806320394128,60.39395637405922,0.9770165771517118,7.524176534727609,56.34182996750734
625,50.02201507619059,31.55889147761371,1.2483878227543017,0,1.0230326324542698,11.728485265799357,58.68059566738258,1.0152204478443005,10.933998575086763,54.4600062514471,1.0015388999189307,12.73062594974397,58.79437352679534,0.9997490937752908,7.877279546677881,55.36978253026261,1.0118806981611084,9.062793025092784,57.51462186156111,1.020169153431247,12.781508847159945,55.638454106522154
626,49.98683127209042,34.32830196382385,1.4466708030328306,0,1.020490870375864,14.544073724696979,53.868012424845325,0.9965298150417581,13.631070777988615,59.00293987901556,1.0038714661028945,13.217290060020908,56.8114111263704,1.0162290411103396,10.248540060115577,53.980687286144935,0.9993062045781401,10.51942073962749,53.17337588170606,0.99788834700697,11.901922632379993,60.03879815756677
627,49.98928319543594,33.04901630812951,0.6368398368051909,0,0.9927189448605939,8.427924228511362,56.788662719149144,1.0012600557185276,12.26761168797825,57.76028208233709,0.9997794482167598,9.325153608682431,54.9387711546669,0.9861251332257345,7.635795281382809,56.982804355948524,0.9914221520166643,7.639258162566897,57.05763985223251,0.9752463803957064,10.134335330215023,54.96415360078944
628,50.01565557467229,22.535944621316013,0.40546271973585446,0,0.9928398861767235,7.43686303486113,55.31663462922477,0.9895161358427927,8.908885149777584,60.52737034493566,0.9819763711013716,6.509422786858051,52.144161877296874,1.022850336476592,9.238918449176523,57.50517350326842,1.0114309081857538,13.586202656617932,59.63365100478191,1.0153916233047517,9.729689349213706,54.68984043030924
629,50.00137483445282,35.62197696066714,1.4334764513975577,0,1.0239696740682303,12.88710661184995,59.30199822696537,1.0080320200519772,9.326823554439569,55.76210384588743,0.9704024351750274,11.959135073528028,55.10585074015644,0.9978672248840948,8.681958809647753,58.26718518452204,1.0011730780237948,12.00088284436776,55.246971518919175,1.0020779290569544,9.43605456738803,57.0455755262967
630,50.01989757161343,33.713957917869486,0.9278213522026508,0,1.0323199859727519,7.8347272535194765,60.284475481974034,1.034980918486613,7.820957055620614,56.48407976381919,0.9887031133870391,7.681688786179652,54.15778001874048,1.0034652441031133,11.494757773973328,54.83235146617565,0.9452708734290814,13.500933538137103,53.61826128866944,1.0177086515203282,10.115418133081713,58.597691122865236
631,50.023326805602,24.610839472441935,1.4244238284950648,0,1.026610486449078,8.731243739093479,57.8556558955731,1.0233571860360169,9.321283486476029,54.96189560286308,0.995523682213224,11.731554956872738,55.636833575521266,0.9677637896698632,10.65981964499687,57.69859396996136,1.0014650027925414,9.473786521502502,54.12758730442569,0.9818208257565868,9.493049465704232,52.60542179055715
632,50.01901996733967,25.476258530707334,0.765879484426707,0,0.9999577082077779,9.504089866862664,55.98500096190771,0.98793966887862,10.4443991237774,55.798171478945406,1.0077144176387958,10.877463555023033,52.60486533344906,0.9806506762159067,9.266480628329735,59.4882969355969,0.997757655550973,4.295346538292003,56.74473331649092,1.031320205764298,7.706390307431805,57.60098143028141
633,49.984686730278106,36.702013560320175,1.58931326721672,0,1.0053434721534735,12.670444880573509,55.588383639996216,0.9724231725076472,10.976800780098346,57.8288581993784,1.0427800758327728,11.256128887260518,54.92345230400421,1.0001500847099896,7.7353946370348705,54.32361704433844,0.9918566337037233,11.654309513048954,58.120817660954785,1.0009804062311563,7.306983096741144,57.71000890636911
634,49.97432633661028,39.29019329012597,0.049333464660906934,0,1.0149901919708293,8.864269286459733,52.0727485058324,1.0042788709805284,11.857790063927483,54.970222609652865,1.008124714328561,11.591068836771054,53.81249569322177,0.9859389418655449,12.127382918822626,56.02818631962914,0.99727554431847,10.370497382262482,55.95208980467663,1.0042676315786343,9.330749914651935,52.22693780187097
635,49.980022552645224,33.02736640128478,0.4763066179207154,0,1.0084853967204686,8.389832170159501,53.919409332752124,0.9774686114955373,9.206645655714137,53.738254481885754,1.0279702715938628,11.929010086067255,56.45276937258472,1.0213708560139325,10.633582679948326,58.12077223875095,0.9870741966905288,10.823584188578593,55.9668455711678,0.9589102290585105,9.392080459670472,54.658539901959806
636,49.96301547585317,31.136194615913517,0.17110285993697438,0,0.9862115757490633,9.822300977622083,54.85767611262245,0.9839980359913154,10.524565005810596,55.46307076361715,0.9797043087158961,12.928622721166874,54.30660486177517,0.9811187426757932,8.679587021605249,58.818656463164466,0.9791213100390436,12.994737186420904,57.58695507532618,1.0071035521517326,14.239724655455648,56.848022227393734
637,49.95625867078533,22.728492307749114,1.7082239381265418,0,1.0238285633871391,11.039530012906432,54.5057479791306,1.0077369579462139,11.885164647249484,55.33361526771586,1.0284482684540022,8.256574903224024,58.69459834922306,0.9817740816084473,6.982803543977489,54.220711903481714,1.0254082880468347,8.048540317129747,51.147374288980394,1.0170009987941377,7.979684971791513,55.97105991274968
638,50.03778666196167,20.936608500453083,1.7966682188318461,0,0.9996277003480126,9.376272451412865,56.41226170779858,1.0315446713109984,10.578204253254112,54.71733720454803,0.997450790562407,7.757372597566064,56.25596982661273,1.0232840837054957,5.805473251327627,59.47576263423179,1.0186773695015392,8.958053215606459,57.51303349760998,1.0074894129308662,11.195367345706481,58.055995031645544
639,50.007527362330144,38.50277627121374,0.22173664550393157,0,1.0012807938316712,7.829712528690937,53.907695964263105,1.0018423179425873,10.15383756034929,53.25212032754922,0.9835008838054282,11.495755530455959,55.49047674379364,0.9915988297304826,11.199566858547696,53.3458245223172,0.9866614214069956,11.081669536035474,55.861438034945635,1.001135054572483,8.227626499806277,54.437606551982256
640,50.01604286012637,30.40155058609078,0.8332160040379291,0,0.9990779380454621,8.912091550710555,58.59466110699833,0.9935013778923334,9.405241486924494,55.090116457827214,0.9936504651551004,9.007635898402294,55.79530399798911,0.9917959972420793,6.423800769423803,54.91531907971049,1.028633300026962,10.553580357241266,55.9577536042998,1.0019396676222954,7.472352242335983,56.00675023766529
641,50.000126505676,22.562439431535168,0.4705675390841484,0,1.014971303939492,9.210292374628063,56.21980831811385,0.9823841140554347,9.087183273695915,53.07351339697618,0.970045408874338,8.792803109387618,54.184841919775394,1.0043099264441109,9.390827431672543,57.852761462218524,0.9813953013870188,11.423117794121053,55.94576945406789,1.0009182327841275,8.403770359564078,57.03857402854886
642,50.02574105538347,36.057276160850684,0.17656964746608583,0,1.0176998409205038,10.301916881259249,55.79637044665036,0.9893172000559014,9.344201795199933,57.83081855084221,0.9452181899406197,7.599691117592803,54.19612706618575,0.979645546350357,8.84232771336321,59.481127947499445,0.9898688233152769,9.118443625406007,53.4982572585391,1.0037130329844508,6.899424026690877,56.955513196691804
643,50.01653631111157,29.67029308946927,1.6796297857398148,0,1.025416022626548,13.850442727225293,60.80888517656299,1.0223784513892917,11.096810908499874,59.85485055037508,0.9787628696609328,9.182472525607096,57.037419936037786,1.0089528172103326,11.430283773589256,55.787192012855826,0.9945825545739312,11.020603778919158,53.7347282859993,1.0225045432726432,14.115906922447298,52.96268328942062
644,49.99484784997632,24.09751249073374,0.876458052331524,0,0.9651540868310378,12.486733589698423,59.636140348027006,0.9967169124167751,11.313125899332722,55.50781106968198,1.0140415599014674,11.279287905160928,55.03273975126243,0.9669251448878189,10.292199370075904,56.19516055798302,0.9815954442245557,11.427605301929882,56.12303011658339,1.0018598172911752,7.417122401055427,54.538329955456625
645,49.98216427173502,27.329565388766554,0.9687525466484723,0,0.9911317089949351,8.527045691300758,58.36247318088577,1.0128930945198922,12.206869282061366,60.04460294977015,0.9793881521405654,9.914435596528909,55.06782358462493,0.9707777029269663,8.960866112077936,57.23966195710235,0.9943544898553067,11.33045428311475,53.07640090712123,0.9487504755003736,10.933875718833649,53.84690121361633
646,50.00654086696221,28.19968866217262,1.7831927868286253,0,0.954855005505235,7.989109694558705,57.21705131083993,0.9972862620002558,7.715423138494148,57.73844679212396,1.0136852630706157,16.27360902880121,54.14435119397781,1.0184559887318307,7.901367830097768,54.86505778156847,0.9906565530195685,7.419956465073974,60.081480424885555,0.9821223629589778,9.015907203205996,56.954129801391886
647,50.021696074086776,38.71029263305628,1.6738635682007033,0,1.0069280505192282,13.268609007164345,50.39507473858372,1.0327233022500677,11.737969298617326,56.85420784300612,0.9872586532553794,9.977807902118595,55.2196892128228,1.0084870041511143,9.938422912421654,53.10105219156962,0.9922027014687846,7.537824647906692,57.78315503625599,0.9831663427613905,12.834884763790924,55.056671863747844
648,50.00647511185297,30.725052838108347,1.7749421639060365,0,1.0112723038838454,9.808655683902789,55.170976402792654,1.0105666967336038,9.141847900937623,59.84046038280022,0.9802364591962067,10.346227076022119,59.35675041659978,1.0270860324211253,10.794547903188642,53.814297748067226,1.0448925692841764,9.354276816741033,57.184275501753746,1.002141907980009,10.175249932435165,54.365767766953866
649,50.0024259061113,31.384058364335345,1.8017057569357293,0,0.9993989074014162,10.867662932024665,57.320552728742975,0.9938749357415602,9.19884476962734,55.956207424172185,0.9961184825295262,10.704220203651985,54.05342865946873,0.9810974507175421,8.958879793255495,55.283328800892086,1.0035340251270106,7.591402003565086,54.00291020634243,0.973396844693015,10.281726918994563,52.81388320145992
650,50.0144298759118,25.684307888128075,0.6487586989288958,0,0.9855181746713878,9.779960200616307,54.537199978533046,1.0446229815378807,7.056302272732888,54.79797899542059,0.9706741206194439,10.743195342714442,57.112164951376755,0.9509397230269259,10.15233403797325,57.17328805097869,1.015465631852224,10.537705480364265,53.83957447035535,0.9928354375256757,11.456531226058363,56.71057033635004
651,49.993765091361944,21.86036159697878,0.2597301665478804,0,0.976869586367072,11.260382776009319,57.25510576987036,0.9850110766790073,8.458270319125788,58.04790050421829,1.0149680233992844,9.128952466262206,57.61187881613599,0.9831806199780245,10.72190698582175,56.79448148456352,0.9830406377886806,9.064831364790559,57.65536086279288,0.9910316624465249,3.7376838860875905,55.550023473439275
652,50.01539741846823,31.019527198665696,0.17984193966862394,0,1.0112373978069702,8.953205357978613,53.96555698975672,1.0021677491589616,13.941727097412864,59.65961314073871,1.0077051170007703,9.034977625116008,56.91754569918412,0.9826297943182198,11.575382400144846,56.67605962615533,1.0089282355546574,13.025715718478624,55.08168143113142,1.0225097693016003,8.093780061175323,60.46002081981667
653,50.029930322784374,37.21466238627022,1.0356163457585945,0,1.0022984973937752,9.047139089026249,55.79887378169715,1.0416254167048358,8.542851122704585,59.00678934916361,1.022789761849867,11.130112319762656,60.95132833003582,0.9914890987484453,8.31629752110944,57.44386731560152,1.0250581964510466,9.886283881846422,57.558696711334655,0.9852702893296199,12.915079985397712,59.20895898605429
654,49.99713854601556,33.815313393955165,1.1403706130160798,0,0.9875383895749434,8.890381107233022,56.13834198206865,1.0021214402976337,11.172329415889179,55.7414723047287,1.003111574900482,7.187539233845012,56.621230578187514,1.0172724139343874,9.466660654067589,56.87072024873691,1.0461785411285756,9.558534817870179,55.646596520102506,1.0079044277183162,7.693878829244145,55.93186838394644
655,50.004700237620916,34.71156616772109,1.086415229754091,0,1.0086177237616594,11.274031306584849,53.06200897681125,1.0099762616537278,8.604461582314418,57.91235063803347,1.0086512533088683,10.206630042897816,53.85314131549755,0.9894271412159699,13.520404797469384,59.40855177863685,1.0078958308803039,8.690225011493062,57.33627758838474,1.0035086009510512,10.97627452549729,56.05518960241238
656,50.04131320473608,23.13689088425406,1.0902011903224733,0,0.9621322584818149,9.957262883864185,56.65754243799008,1.0300776296102288,8.555078535418213,58.78639954159939,0.990982361817914,14.769419224172015,58.199267796819704,0.9940471374039326,10.585283246900588,56.15342814925202,1.0161797047600556,10.476699001885503,56.47543730230894,1.0002286350076353,12.545484143697873,56.69181143996211
657,50.01585390238753,34.05901007538233,1.505682731859232,0,1.0092046756451976,5.531461129839799,55.23892324692556,0.9748661803754488,9.618983825032712,59.767971380368266,0.9989194204099329,10.530389011877242,59.808468369149445,0.989689486064613,5.881814840406216,52.19328562442408,0.9833197766106433,7.502991709164291,61.744714010976566,1.0050516438487884,10.567655915290352,57.63516304306081
658,50.02294643519662,21.37364331053254,0.7002571460769031,0,1.0092863551812061,11.927596585611747,57.33199845566357,1.0302679969067758,8.74900453859594,59.18793671702907,1.0027223088085706,12.12648206170768,57.68341570838358,1.0000651520248043,9.022925439147299,59.05539645520244,1.0135801753135767,9.773795938124039,59.2421218739757,1.0375795568031243,10.756254756797825,61.90975147773563
659,50.01290112378311,25.62527447765446,0.4231822048793099,0,0.9483344581924223,9.647048917609016,55.092515735508506,1.0041339927767547,11.61637052596619,56.3666467829113,0.9546464701623453,11.186600670243866,55.88839371540232,0.9870467392747759,11.415209674870175,57.63605636044561,0.9944653256785041,8.298289959168534,55.27555574253894,1.013497868815778,11.165744366899192,53.62650292278326
660,50.022461458714496,25.32821538082405,1.318666464977834,0,0.9732240209289358,12.338753146393842,55.75950739015722,1.0402486572443244,10.332489171945216,61.501492802298785,0.9799616817597308,11.898952155703721,54.09842129554709,0.9902233872538183,9.380253414455975,54.75598542287944,1.0087939145705382,15.329209733538757,60.22757235388079,1.043901661138005,9.355065680636283,58.232794875645105
661,50.03710824169805,37.51917600276826,0.24772404584676577,0,0.9757616802513112,9.97015779992731,59.11960164431472,1.0128571828182058,9.391034036114462,60.54333999047453,1.0397889112094483,8.754697994856246,59.7644776462617,0.9769188209433418,13.139830806497173,56.87077826905862,0.9806758586017679,10.52314937341569,55.47316288133327,0.9996095764729149,10.006225364494668,55.9484481635882
662,50.029011768220194,33.264637961960936,0.030068054103087105,0,1.015716127263388,12.904611916771167,55.690397623441676,1.0139501799925463,9.671137593019907,60.25284097402027,0.9742830502573846,9.380640020678962,60.17042116360778,1.030922197114799,7.742361106041614,55.80273480405439,0.981715120065597,11.14179664752626,56.96014499282656,1.0187965811164672,9.825963618359449,54.23764510028862
663,49.9859145301717,38.40161867404867,1.2717670709505304,0,0.9866635068781945,6.207171615305091,55.54342107162282,1.0148605578931353,7.916507481488143,57.053155900311964,0.974478054032433,10.916577869252173,57.347441824289,1.0177280746707773,7.605916551414905,57.90691489182386,1.0013695569708967,9.105750907553057,54.071390644159735,0.9974499800304876,11.001568596151914,53.67032118722161
664,50.00120209921445,29.53467504995838,1.1292864350224177,0,1.0062539468871459,7.134299205525063,58.16234695840933,0.9898040040466609,12.08517271929146,57.72424454224365,1.0028482853302056,8.148556875258528,57.80661623712077,0.9874053942975776,8.389953610421458,55.421980220826825,1.003567828968269,11.295383389594216,56.802530104038496,0.9687163902419862,7.679423291096685,58.03694530867112
665,49.99603531629908,22.12615757343489,0.9263430067206517,0,1.0239802914700022,10.056586054087958,53.33544943935426,0.9760887746559552,13.655252655685334,56.51163535220503,1.0232136582523559,14.037079193745658,55.08902225911157,1.0133794046212905,10.540613984409857,53.80264623071118,0.9778552998522039,12.083906669112979,58.28054612299599,1.0180645928738088,9.775387120711072,58.03556430371519
666,50.02543368676103,33.99914228188666,1.8098810231418432,0,1.0178648176970626,8.982846553291932,57.963018086323956,1.0137869159286685,12.563223952533667,58.12710245504919,1.0152677358751399,12.405256339895534,54.90141081672463,0.9909038305850133,10.309359715172853,57.07491711260245,0.9817877028374398,10.261876952799808,57.523874227640086,1.020174398326779,10.033995874034721,56.65304635678218
667,50.08112779174274,28.344964403946648,0.4950336810693765,0,1.012668768179442,9.022334977307425,59.30291981597854,1.0239236258889028,11.080279852910206,57.794439982320355,0.9929375973331375,9.285973284824923,56.43244473830221,1.009903574470793,7.943289162580158,58.476018609874075,0.9721751648508755,8.757121944207812,57.39567701320963,0.9751979185332587,6.72439571738119,57.76233111455021
668,49.99962954450403,27.840261148742727,1.9030792359979607,0,1.002375256850365,9.895932068571176,60.899920253165135,0.9940527586362927,8.715455130603127,59.26210237880925,1.0045077163922962,10.076692641256665,56.75977657106737,0.9782690128146349,11.427826843333687,56.080128921932214,0.9606003515095252,12.203831346645662,54.08258283894003,1.0037128154536792,12.740223298073149,58.5360606371301
669,50.00427532118374,38.904573212622,0.23239559025370582,0,0.9854499722573551,6.885472160557011,58.805298012483114,0.9900286691446464,9.866293870041607,56.52334877333975,1.0080021750720338,7.699900165783577,57.780683176104915,0.9744335523230953,9.973352976117878,55.65425994480536,0.9972361602561288,10.026691581170535,52.52002913043296,1.0003332644112761,8.873354067320195,57.237639247576446
670,50.00927711017896,20.20315606562161,1.8211317018961617,0,0.9942805861677863,5.238837217354942,57.61943457093862,0.9760704479564473,7.193005549904864,57.71031396593832,0.970845173985132,12.460510137844182,58.291394603874544,0.9967352976496606,10.189585071781416,58.027452602109506,1.029869391757128,11.17161544545313,56.4585684216652,0.9949512136361306,10.91050186904826,53.314805777375454
671,50.05415019906904,34.99806675809445,1.0115469317016725,0,1.0111959729815325,6.7304137334473495,56.39005450360748,0.9818937503098972,11.369847451630784,55.69532693782686,0.9868670546067362,11.682081118267417,57.4423388189553,0.952156387923777,8.763587480328898,56.6672671809622,0.9771930751020622,8.738949561607214,56.419539128848584,0.9909851374367812,10.035002323903942,58.863285137955465
672,50.07636782370278,30.70719807330723,1.6586656847564647,0,1.0127701032643337,8.111143677645314,52.99197989543444,0.9923774233942046,11.006149780911542,59.356712589357,1.0090223305871027,8.119469164552918,59.18240176272291,0.9871161716687676,13.389475482993099,58.44399695990738,1.0105107607702681,8.704729774105362,53.65302754094278,1.0374139081659801,11.030338293118815,58.14047519870408
673,49.97945440618583,21.90306957501898,0.5907414928962844,0,1.0030264702766294,12.910706104736274,58.45975056984212,1.000772047498186,6.90810403261593,60.367302490889834,1.0046402622630082,8.543544654665713,57.474144827499906,0.9881545440700183,13.026789199099861,57.41666050456352,0.9980929350064885,11.73584538568514,59.031691762496244,1.0094859547642532,8.745589645922957,56.81386962030188
674,49.99864477059672,28.075520523359625,1.6152665103931245,0,1.0074294656683564,12.2273800217719,59.74807511081752,0.9754330540140277,7.236649261251462,57.20877659199493,0.9693247257362344,13.191781291796977,55.11815313174908,0.9867774139190563,9.156490402288343,58.46189950875997,1.0023056864120465,9.215115553377904,55.95010082432783,0.9943935123807195,9.735956485572897,54.59538117850862
675,50.039350882995585,34.012602969099774,0.35053003717301934,0,0.9982442661331469,9.062405975442609,54.81509571560677,1.002496677240789,12.0847659584953,56.79061753088208,1.0199886002325653,10.633478212129207,56.45113241431496,1.024298748416843,11.467905316803325,55.620192686452945,1.072414453097228,10.783999856676243,56.163285532633914,1.012944811288675,10.217451404429164,55.60978968918867
676,49.97892189873782,34.254700523115076,1.0040380925952375,0,0.9925299194552779,11.214915680044761,56.7728723660928,1.0446118252250491,6.992875092993252,55.91373510008264,0.9923368727221208,15.058281082649316,60.02673527883296,0.9986970014965483,12.070262139902482,60.49877715842645,1.0026669478368058,11.674261907310136,59.66730111787709,0.9727596875676092,9.046052896228174,55.30764302368365
677,50.01724472427389,29.608441179352873,1.883112416331248,0,1.0060606661571108,7.185868744664455,57.624860348417094,0.9808060116561927,8.143795676216657,54.506281466546056,1.014305302620374,11.792764898377097,59.3037139870795,0.9807301947226134,10.086937985630552,54.36909006648591,0.983404081428031,9.265298558810255,56.33763044863741,0.9945137411813189,12.495978677873168,52.75067087542526
678,50.014937823265186,26.712870994480323,0.7570628071261711,0,1.0299325909367716,10.45549950856427,57.53641769309477,1.0036961508331461,7.955500037450672,58.098521370466756,1.0417540956713487,7.783134688117224,54.909132233015036,1.002209324559658,9.300083469641718,53.72843870028716,1.0100740539897657,12.321480495113981,57.401332643633566,0.9935962635254877,8.359875057161279,56.939946407746014
679,50.02343715660122,28.54167649074114,1.2956480514437838,0,1.009090999583587,10.414440753851261,59.29135121293074,0.9980808146114729,11.087951954302707,60.87727174509912,0.9648634868718491,8.787453722332982,51.93956066087456,1.0274366771095613,7.8152953839181984,52.762131829040655,0.9820506309033601,8.74312436989405,55.815535726850975,0.9870090271940476,5.807502208472122,55.97468272091131
680,50.014442525657955,39.073473545680336,0.8262802356805334,0,0.9969622232932843,10.425049435275174,56.49089898561451,1.020172898642466,8.917181252405763,55.606865969164325,0.9703181498092652,12.929699024630594,55.23906902305446,0.9905891387470793,6.564784588722752,55.955935585652334,0.9892621164965206,8.52842139874738,53.96193341144826,1.0176291103407418,12.699510125946592,54.33376299418403
681,50.049224505533715,23.559872361208956,1.8892796588694603,0,1.0289475890642616,8.594841702981835,57.84311936318859,1.030689712657249,9.939558687222911,55.879136340569936,1.013726530701364,12.110151569252837,55.15696281394665,1.0072744042169264,8.3383290827145,55.81474813803553,1.0030614682216994,7.4947440619377,57.589040027605115,0.9902456070923477,9.023132610295374,56.89771065845481
682,50.03370709811106,31.40158107956398,0.5527551778634014,0,1.0201643167049463,7.6768128535331615,55.462950225001336,0.979311169771893,10.153681177373238,54.931514772659234,0.9583148935062362,8.275242062717501,58.4141151490664,1.018062471538678,12.686821803793105,56.0027461150735,1.013144470287112,7.8535760046497884,56.132446043730354,0.9695571155508194,12.415127876370281,55.56131731261008
683,50.040831216483255,33.95288379770875,1.382245173446786,0,1.0060136272307287,8.84805493236875,58.20280340326833,1.0115049068260786,9.631252554303044,52.03081744235165,0.9954202808652979,7.133223849177841,58.952444532701634,0.9998241910323711,8.392791360922134,55.684042211318285,1.016999151940584,11.973634540082873,60.23596881498547,1.0118480811768213,10.088494899552357,55.99669599603974
684,50.0252981266832,37.98115277701769,1.1071201641667223,0,0.972294583714365,9.77064501815407,59.180871310101345,1.0139167375953089,12.050516398372885,59.079927439396435,1.0106566241627433,11.01408126592296,56.42688801853555,1.0105235153191503,5.741924278534636,57.19059963642301,1.0088990703860792,7.478855248495069,58.94145966127764,0.9839232747932766,14.216144722691324,57.883158059320735
685,49.99660109982307,30.983896483745657,1.1279523707668486,0,0.997901267742871,14.683143954725853,58.48515480498603,1.000271610015596,13.468021642827647,57.6156835569216,1.0018200823510823,11.50840196024103,56.03778176992821,0.9761719317978188,9.47068113208957,53.50142563094379,0.9935651597287787,10.970858658279942,55.95087218949223,1.0127977467053342,11.245715805336122,55.63903828537305
686,50.06900322760636,32.04403134907017,1.0728762437223431,0,1.0174586640931016,9.819791667240986,56.084593664773,0.9875188105799888,10.142569352312433,52.75243003922209,1.0055891852579903,11.742366843373912,55.0683901671971,0.9690241146066285,10.033373711673876,57.13114002424238,1.0231874865237633,13.956141417570578,56.62582692259476,1.0151092542112508,10.05630665127326,57.67664410830506
687,50.04089528762688,29.272635203808548,1.2142868156789122,0,1.0319101567710016,13.152388213173984,57.246149423236105,0.9783245835197534,10.668863828575006,57.527673310852194,0.9453025634635229,10.828170513170893,58.744452677631,1.0033394859391422,7.106718043816114,56.895429405578575,0.9692568122297949,10.929886929667857,60.02483367136686,0.991930651685003,12.530917223359264,56.58317429121166
688,50.05213268763537,29.84175388281225,1.2187420742690287,0,0.9985048036340214,7.587426538858301,59.418363611360235,1.008708712371173,9.508833280402404,55.292163088095435,1.0015594064813838,9.251508584255243,59.30214186794274,1.0202342636248252,11.355927537712265,57.49700738305492,0.9998233077763087,12.111265786889408,54.60898960919398,1.014190967237935,7.894124704795161,55.265338338605346
689,50.05211612394941,32.441159282030675,1.0021514821536102,0,1.0176412916900766,9.985929251867239,58.86284800306402,0.998984919862756,11.736113591753732,55.488494613440366,0.9932865340651351,8.177436339962606,58.671385710953544,1.0175098744148692,13.351198244950728,56.90605983422613,0.9968676344974597,6.789723456524678,57.267014156830875,1.025936510529497,11.179289254115513,59.972705192178736
690,50.008019294449305,33.580973486398406,1.8375384154786933,0,0.9651152728411628,11.535411512982439,56.79334106948441,0.9807440931943601,12.09336295805523,59.816433033452626,0.9824942146311044,10.817556670584025,55.6154711242998,0.9851296634137351,10.50091347050666,54.003705628166244,0.9656067305108123,10.150012460934452,57.08859963483093,0.9967491079096783,10.425276086711419,56.67313966621606
691,50.07086373961424,25.450357092064824,1.820331371214258,0,1.0081275237759717,10.024496317802615,57.9876566377105,0.972403953796248,13.131339178330187,56.392727037781626,0.9798744600826871,11.656392061383995,58.63029476509793,0.9636437604355041,6.113200027226707,59.369426419178254,1.027444274333825,13.108037470306433,59.39312264008637,0.9924813762781595,8.213160567588169,57.77780293857579
692,50.02704532044739,22.202190562986313,1.6118148517874007,0,0.994193316569019,13.475532094291633,51.74052315960361,1.0396486445462922,10.356543540452952,59.08961212531351,0.9768061495394063,9.774378929101234,56.004176443387465,0.9909583131941384,8.492869979989171,57.77178936026557,1.0236127117047513,10.4265295676119,59.04464368301848,1.0175166701275051,10.115760128116591,56.057421061381405
693,50.04767049319209,37.35683855111791,0.6439616242730928,0,1.0271894030114188,10.15214749142101,54.63181149192704,0.9772096176704209,11.498476978544698,58.01367510512566,0.9868498426962744,9.442391030403405,57.20410169698321,0.98736417713989,9.07755730713813,58.72690148544816,0.9907852359096403,7.046247123680903,57.61778156279049,0.9811383274845902,9.690261830049643,54.75597043051218
694,50.03741810193372,25.20766149306244,1.6107158993425514,0,0.977687812311496,10.755324842241453,55.45601754535659,1.0174839417266948,9.785124171089109,58.147029511265714,0.9946185687960156,8.08135454229651,54.403275842179035,0.9852705970965384,13.785469610246558,57.06805282054631,0.9925593816980195,10.345871387481601,54.567765987591585,0.9922820098908206,12.761712025884997,54.64693804069044
695,50.04916646650675,23.138598573690743,0.26862855127578045,0,0.9932338118999566,11.685044321878191,54.85243184392919,0.9848734921208268,10.916559448084854,56.36532052881545,0.9944542198198045,8.724541107152818,60.47590519455001,1.0164226293246257,11.301940494972863,56.12116558867004,1.0188121530724858,10.888364252488909,57.960945675239934,0.9424980887062153,11.1457471965317,58.218764630931624
696,50.00485715552224,25.596358592351415,0.13825594377724237,0,0.9717742202704823,9.465401609635446,58.676525668155,0.9832012311952575,8.371333997276507,55.61342805298482,0.9954525184031565,10.999843248485256,57.43971688724737,1.0070689852291486,9.666209570679616,55.029517513679096,0.9921368048902339,9.448226367398151,59.99900616037586,0.9820882803852709,11.007658069772837,59.101499976397086
697,50.027842391767436,30.389423370802575,0.10533237774756987,0,1.0109373716725256,8.408992954515659,57.23344859662987,1.003921625409352,5.581696557858588,56.72874363526573,1.0116158534693938,9.50752472117523,57.92831553830977,0.9863308722269705,14.850312198930226,57.03815172264541,1.003056028109052,6.803722893305817,56.511137282520075,1.038542853569641,11.697320746595018,57.39308918972464
698,50.04490504133946,21.71105899996093,0.6798580744021627,0,1.000852683930053,11.238022609098298,57.915409709859404,0.9896462235768461,11.957216172471464,58.53096128111496,1.051670344024909,6.690433820382674,58.22304147780572,1.0103686734738793,7.943367311882827,57.12430205520196,1.0193736239822946,10.173968952551549,58.61889742606483,1.007705302350056,12.908863255695692,60.785447356105074
699,50.020378028057955,35.24063762570583,0.21551319399571822,0,1.0030188470532901,9.68034076557786,55.95924105192909,0.9916762227754193,10.613172451319285,58.10533054079528,0.9876271896098842,13.413445526061533,55.86731172843671,0.9922840075188291,7.746367183745429,55.48871354264003,1.000538381697333,8.246511950163807,55.45366643778316,1.029587797991853,7.631735167902605,54.468325893473846
700,50.05660695603102,32.2202047651245,1.6851435646424788,0,0.9886199576568168,10.922793478543701,57.01415602846691,0.999755094497896,14.805812911565386,57.186519601800576,0.9711461215276526,11.252578853999044,56.70075816425788,0.9905223242982525,10.02256413978977,56.03865385614386,0.9789609502512616,7.4637323415653345,58.56962926295773,0.999626940635153,10.887480255803109,58.1853054674147
701,50.025300500901636,32.59084182963001,0.10584743095304017,0,0.9846818111895147,8.749343355677881,60.522011385066655,0.9982822428471629,7.029998724087265,54.95652925837337,0.9804068507070933,11.548760690943137,55.97069900421065,1.0077088688995788,10.003293392162357,57.01359710848888,1.0013764555149902,13.15604869433703,55.79481742232687,0.984414367086422,9.452974355015158,59.90331495745944
702,50.00770726643453,24.327925502833835,0.5418479718430536,0,0.9744695773447998,13.636987952261958,55.85529698977582,1.0228541414895826,8.85319683608224,57.23487170722457,1.0069481381526102,9.104819358793991,58.881535442612815,1.0103813928111487,9.016132788623773,57.32199619615468,1.0286265212933692,10.343707664474758,56.92652603706105,1.0291578014668403,9.322756717427534,57.07155282248248
703,49.98736502576808,29.529305171011792,1.9378569068365992,0,1.03758016775098,11.329955728744538,62.21349156367226,1.0150190335801748,10.254529995416188,55.96011264163031,1.0274398538259282,8.503818511535439,55.1765933507216,1.0365252289861597,6.884936156318019,55.55755119336108,1.034126634088555,12.5507951164285,52.64368857489606,0.9770731194896808,10.971889915008735,57.3782684900888
704,50.01033248978803,24.18089164593273,0.9218067208568903,0,0.9566902461110331,6.054170867237019,57.241538470959135,1.0020444024641797,8.494047011026943,58.05271126517425,1.0310465951895258,9.378765377725605,58.16577229716459,1.0053371255741963,12.467519741063022,56.57430894479946,0.9862261746152895,14.945473014617981,58.318289857755325,1.0020660252158844,14.997331558664733,58.68115432528647
705,50.04506905944829,27.01425005144935,0.646546953687051,0,0.9831944748902234,10.90958417210053,56.37552608548421,1.0330257560297318,9.170029888267361,57.062794567529004,0.9971318021464647,10.778662776564618,57.50564152911632,1.0145174702114526,13.092812054214097,58.50615966224549,1.0038834157982133,6.445514253390931,56.49034834526142,1.026234551836782,7.7494680553885935,59.666060799818915
706,50.01893193576432,23.64411366890312,0.8597385848873869,0,1.0527357018054184,3.0779577729125007,60.22651105703663,1.0311940006612432,15.820228395444076,59.9063893067563,1.0164956498789923,9.5253179345038,55.52782247779686,1.0189539947373099,8.219399022632615,56.59507063661799,0.9820192676311472,12.556753395981456,54.94436471177625,0.9846438451720648,13.425953128595587,58.46082324845052
707,50.047386542996655,38.56028142250648,0.8971088015027864,0,1.022227197417635,9.38723691687734,56.42912771334822,1.0184182357137581,10.253363089804706,57.67452170463609,0.9832653620342869,11.908449437083828,55.226866398375,1.0204164785792698,7.9576621357867054,59.775752484930855,0.9876748395104297,10.596529257475265,57.69681742846126,0.9968190612442897,8.738215194517728,55.64202313746457
708,50.04843257746813,23.130468063718695,1.3626531148977608,0,1.0057809374410653,8.88153390144658,52.4336330701459,0.9589926762576493,9.727102143912397,57.01882201978608,1.0199917891468548,11.73727352327451,53.7778025738899,1.0277271614363295,8.77408084531056,58.65057570931429,0.9851068293344419,7.016459827323125,59.59560052500234,1.004005491209821,7.952097570975962,58.07465125313674
709,50.0354097398714,20.182826089780495,1.4418252958971343,0,1.015817593581761,12.444163789523774,59.6791705812185,0.9671788329902231,8.60230585315547,57.915883998162535,0.9648771661093426,8.042797992030335,54.06421410185112,1.0162505604205654,9.266915046319854,56.19871730450465,0.9856813707507783,10.079271587737063,55.832081332231745,0.9727872679882275,9.859509300776626,57.53617632730486
710,50.022022321425794,34.79747104305481,1.084878844476401,0,1.0031775712609732,9.14801953163615,56.7484739614412,0.9728611373505985,9.517482578991126,59.0211631317978,1.0068479258357106,12.546230508604314,57.755031681838595,1.018552727947107,5.964901865987603,55.58444202512326,0.9960534791892481,10.527932948543286,52.122190000618176,0.9803458044789439,10.931972374815569,56.04979649214838
711,50.06194466766993,39.03414409062212,1.0566994744452487,0,0.9929564295156551,7.2222025474981155,55.65601545104863,0.9549365713141396,10.10566089126564,56.32851962386152,0.963919597041075,10.092071554739684,54.397291738175554,0.978620973044975,10.260178332889083,59.91830036283393,0.9956783884769268,12.330193444353078,55.51435472920851,1.0148826380093445,9.151075055488137,53.246583712762344
712,49.9962799995004,31.846665866766756,0.810101023779533,0,1.0078373837913397,10.696457927242896,55.71219054188743,0.9855774208645447,13.06722941934676,59.14647153151115,1.005222595386476,13.150457493592773,55.07966679991465,1.0034870185693627,12.932381399895942,56.62568910348849,0.9992486548086635,10.135670095351813,57.131680691944354,0.9953011819391645,7.017846574334931,59.501967811304716
713,50.06378178623576,26.608832783809497,1.2562690308689353,0,1.0144132757209026,6.796130250385494,58.79518726305331,1.008845750501483,8.924259365069044,57.36371881153707,0.9894436322386448,8.898288001397662,53.24531909114132,0.9926728569107655,14.44408895787988,58.82407217223841,0.9756689862952639,11.672014095886272,55.85040560522201,0.9978624022095851,8.030383248701465,55.93379543655228
714,50.043028358680594,38.16891829855477,0.5955329704958423,0,1.0255752644264704,8.38043775440565,57.022542244487596,1.0298841221935182,11.495253626378469,60.29157142952083,0.9969556369397564,9.354928807262361,55.98163414147182,0.9799005557219573,10.306114051463823,56.779478573183994,0.978351143862217,8.360550264035265,54.08768073136788,1.0112827550319679,9.580498906870158,55.843100091241354
715,49.99376997310398,22.51887965203119,0.006273532908902091,0,0.9789294277167268,9.82306645119944,57.15037799664614,1.0116847062525345,8.639191540411451,53.1929848291451,0.9888514315236705,9.012617586013413,53.32286019600867,0.9596565373397054,11.53317728417855,55.440524626625624,0.9967025846914355,12.244086916919455,54.463322561614774,1.0041941208821077,9.986847737396259,54.644247446127665
716,50.02231014706699,20.586606107017282,0.8277205226133264,0,0.9952873090191944,8.894773454587257,58.109036844912914,1.0164812323734203,10.000003222606109,56.79257063027288,1.002765599332684,8.642956093070824,58.09291907985794,1.033806228606146,9.589389818251174,57.13141736616323,1.002111419687683,10.737027982384681,57.13940566011303,0.9943406780692986,11.053882262077108,56.07952570392011
717,50.03643832506217,38.14836744273853,1.424275339663434,0,1.0052009771912866,12.189825529856558,57.35324178031244,1.0381522612376346,10.982366740111557,55.531272485468286,1.0022262590757534,10.117817849379161,57.71710054959336,0.9946421650297406,7.45663313461327,58.334967154383484,0.9886145262808194,8.595616820898623,55.06093680790645,1.0119049802993918,9.690171254865836,59.6652252016542
718,50.04661426686133,25.586191608627107,0.4156270378775826,0,1.0180725171957554,7.8892376521985454,53.994935425900735,0.9773462811877115,7.869596197824956,54.196051253509836,0.9754315660215832,12.799027763090962,54.67916863307666,1.0017147502905235,7.245988545756292,59.483699022041996,0.9685170780609541,9.542245158096677,59.098085104832315,0.9938565987187951,15.341120136520527,55.73543692701255
719,50.050478002066235,37.18265869528426,1.6781077909867326,0,1.0260330190082134,10.046843725358286,57.405552302187054,0.9681708165450287,14.326301698734007,60.73919192271394,0.9875503090493486,6.4816605037531705,55.88267294525004,1.0218715305374788,13.870624483893303,55.4564283903123,1.0203239261045982,10.612548640458987,53.68938952526761,0.9817256092951849,12.05195705742696,58.00808661731671
720,50.03039965310804,24.909395021334262,1.5018224652095142,0,1.0198579690825078,10.369937324856519,58.39259974307977,1.0051798834286891,10.216544770307653,56.79901734313935,1.0045733495754054,10.214221915948873,57.52769346659478,0.9908926017928077,9.576797259624549,57.41588134402918,1.001014939404735,9.041454956783905,51.340721310486565,0.997561557036686,11.344271182259716,58.025377270496676
721,50.016424162275236,24.81601706699724,1.1898538309290212,0,0.9924669758380423,10.706732257004258,59.30168706886635,1.0161865901321325,6.271557962506765,56.04635031411683,1.0231957379643648,8.881852576995843,55.510992142429735,0.969648040441749,11.702262351016625,56.46169549229083,0.9911023617667463,9.926607120676657,60.15969545031197,1.0036609882512022,7.987246544787439,55.7611776014835
722,50.04734436626229,38.409462318364035,0.01214178512937858,0,1.0073635495703332,9.853602504130963,58.07373273616116,1.0154961229056068,9.03454449788443,57.23303743888422,0.9904247391040097,7.1853923151798025,55.89402365146996,0.9870690532340605,6.780703920607392,54.69829556613494,0.97752320440285,11.788030508399315,59.218310799950125,0.9705645598978034,11.15501887973896,58.144244473671115
723,50.03817096313129,27.176741347795286,1.8605723338958327,0,0.9932431403787875,11.893381714318497,58.74444424804963,1.019559992799746,10.106788749537387,58.6901444756479,0.9718591278065845,8.768921737901005,54.02070417610636,1.000965360104282,11.207282194471537,61.48796970518323,1.0100847190543465,8.440257307470397,57.262804327278594,0.99268260222369,11.493506525846074,54.135160352406295
724,50.011578541924514,36.34603745327262,0.44980715836204976,0,1.0314319960626965,7.772781876952587,57.33881599818678,0.9819389002235529,10.556231369583402,55.65610867960036,1.0024511620048988,11.118970780049633,56.321116226620475,0.9647684768057045,9.666548957726835,59.38787071750367,1.0155336129270451,8.224164815798307,54.935174700546256,1.0121433901538357,10.827047295505366,57.41146481712395
725,50.00748596618447,24.49150507833613,1.9695721330192988,0,1.0090645993012217,11.420236318530234,58.7769395668232,1.0432066922796213,9.419789658274352,59.00015556764267,0.978115209451019,8.259421341053534,54.50850594234091,0.9909179553267303,5.5873734353449915,56.71384401880639,0.9696619524668404,9.186034206520773,60.37782584642657,0.9977661436459284,8.986240025016075,57.89143977609422
726,49.98606903515769,31.278310259061616,0.42056616393601853,0,1.069454848488311,12.065356399817903,57.857204615892925,1.0105447406663277,10.134322837349073,55.793992680095556,0.9857949165403068,10.6697164952802,59.06574719452751,0.9855482045483609,9.95676408962706,55.90031119140865,0.9852944906501897,10.940882172115742,57.33221169897402,0.9850676286066421,9.900797648942588,59.037528975981004
727,50.02885260094338,37.93236624002987,1.6601006606997155,0,0.9760078970793562,9.951560663221812,56.98531267809146,0.9921906872527015,6.425793671098059,57.82925582840406,1.008772641327997,7.328964035168153,59.813923944495556,0.9903422962719881,6.624028848724655,57.99275491677131,1.009162832945956,6.022783382002748,55.738001396801494,1.0018750972399921,11.536876661041523,59.34140006172676
728,50.070562957651774,27.287070313252777,0.48387723414382244,0,0.978935605793061,7.435926189393191,54.990706799594,0.9852949663799767,13.144157490136212,58.53541084442852,1.0017545489059174,13.948398787784452,56.933428920653775,1.0052225308221472,9.921208237329699,56.98339433173899,1.0129392036008993,10.96750028865227,56.327012717902,0.9752422763330076,5.896921870613183,59.31324134417357
729,50.07096556019539,39.40103590811284,0.1983764634588141,0,1.003279591041074,9.960808117015905,56.95185221952607,0.9691113327440781,10.251913320737541,58.611690471674706,0.9803746744408024,9.32201772795012,55.79518167294155,0.9942584497975255,8.48879401680392,59.53672802330561,0.9849806070029952,9.071974080987845,57.586129658833954,0.9971041958357546,12.020892509593686,59.349025369026315
730,50.02523819859508,39.30745875885877,1.545426341919712,0,1.0105200345882115,13.19264273858605,55.203339722642085,1.0229024976817973,7.352992702599782,51.73976226653842,0.9906167911955743,12.14680834044987,53.25711900393959,0.9680018973945443,9.79796048156943,57.53447161360641,0.9577243930399265,13.374371672510012,53.40899736672043,1.0214327945141783,12.830495309711658,56.54842623249117
731,50.0252407231999,20.400920833502543,1.4687824546471995,0,0.9778606272257556,12.870437853646324,55.97233635779909,0.9759381105892614,11.690797948920027,58.24751824844822,1.005296581427812,11.197567070638481,58.717156243884965,1.0128008897444514,10.376359355643464,57.4701658662809,1.007869582911535,7.587723426730923,56.71583019038741,0.9914072784903822,11.307176709889797,56.744772698342004
732,50.06626149427208,31.695002501972333,1.6236238657382145,0,1.0059274649446386,7.63218758427816,57.75725074321631,1.0037657715365595,12.556700837657347,59.33991954632885,0.9983163935169017,6.993488028237669,57.0394040176809,1.0071473976776546,9.792515112709257,57.83499175119984,0.9732732997450657,8.126057377864287,57.79782124810586,0.991024003127042,11.1846036233184,58.05360644314946
733,50.026733584946655,34.22409781230598,0.4421468818241958,0,0.9944650084659264,6.348686039065218,58.64964294563522,1.0137921487390011,14.120698190192535,58.05422835611272,0.990022654647027,11.398555557855602,56.498033886436815,0.9882077199127307,11.980458727070594,56.922554100737365,1.0049112948477628,13.693998425158231,56.738985445575224,1.0328225669289726,9.385425663026885,52.49109350858123
734,50.01520212899328,31.97038499742923,1.0861718258510642,0,1.0183891407952044,11.530368221399867,56.82545773152988,0.9718340908584001,8.281165562675637,56.62037223838811,0.9964005926639938,11.649719410062692,61.141127862747624,1.0233423166370916,10.627549556687526,54.124579006744334,1.021405351114524,10.836070142583083,58.54247442332425,1.0049262707992135,11.739770061302575,60.79815133117495
735,50.02855845395696,24.425844303519003,0.4531773416658649,0,1.0073098882992273,8.8788046791319,58.82605747950445,1.035164251026278,7.947379145187556,57.49414001756863,0.998811634730968,7.814090286778443,58.24823642645098,1.0436365687072775,8.859093788327101,56.33577099918166,0.9999547860360459,11.11510054872719,58.051405886952445,0.9968779739848785,6.179316999044019,56.73046708632934
736,50.04935627663531,28.708575136473666,0.9886902229291112,0,0.9671019316847105,10.340488871925972,60.251394853274576,0.983019939209173,8.492858354603971,59.70984505104258,0.9960760365413069,11.492063858948137,57.86096804972256,0.9764467721303515,10.509170698945294,59.129303813754056,1.0134228264969019,10.1052713472397,58.90307496937055,0.9593200550050313,11.995357865976132,56.8631381974895
737,50.06852839420445,32.32296714598601,1.4962408825179978,0,1.0112882652907986,12.083833713587381,57.575045361843586,1.00120637629997,7.151838901347468,54.30598317653622,0.9794352774130233,11.361324064430828,54.455053055551666,0.9952971973327993,8.76258795463081,57.7794626436107,1.0158339950072297,8.720005671527632,59.61618369664737,1.0119372659635066,8.759810603378003,56.69606347527514
738,50.03962734201241,29.658447383780747,0.9097451983840974,0,0.9673093146705591,7.787242660569692,58.71648516822053,1.0081452268759716,11.691410531453561,60.361751230662655,0.9923762280826749,12.307004943433071,56.329560107937155,0.9903908642184741,10.605744889193488,62.76594793654684,1.01271575797213,12.045918459305902,56.82577692438828,1.018490235899765,10.640605023729128,56.987804186833834
739,50.01524566464903,35.021775362148844,1.1577150184930942,0,0.9995257368714112,11.549105962054366,56.64579062583355,1.0009644444898895,10.450243293492466,57.58980443676343,0.9904150090657489,8.635276209344491,58.76452320384843,0.9701322159183662,11.211491508668747,57.36385325069283,0.9529167480673104,11.29383282137291,56.05329915262783,1.0188485105277245,8.03516679053298,58.498967021908285
740,50.05058600237869,30.71991295955285,1.613041040929609,0,1.0135093523095546,11.147336039439546,56.97698320272395,1.0247925135262859,10.883517705974382,55.084691271140436,0.9913033309988062,9.901311119387003,58.7425518822986,0.9826091483223657,12.134640524142377,60.680082540030526,1.0008091278491689,11.850938296427207,56.36499461787051,1.0095629922402989,11.084545494147394,58.236489586385446
741,50.034685397603376,37.22633486069265,1.502555923856599,0,1.0297255418276767,8.985343780800044,57.65980106836368,1.0292555820689206,8.20081466929726,58.83493174865046,1.010690890073629,9.860966449408437,55.541735537957265,1.0092985140119624,11.282735764480169,55.99186038474363,0.994250133926474,9.363114930871378,57.59229007965399,1.0079105203840717,10.210838167728394,54.725635996248116
742,50.044454324246644,20.525488915891113,0.7404925313017843,0,1.0109364357259736,9.36851879582699,55.79330323224103,0.9872150575639732,10.05825345072758,56.37000068704543,1.0131261824606546,9.760130235722986,58.18902686697657,0.9852379554911862,11.075432084332048,58.03954483369175,0.9715119918082034,9.59570812451008,56.32650937202759,0.9824299335445884,7.431492319339,58.714375348804275
743,50.046465224402226,39.13249285602041,0.037268292881161846,0,1.0213422996045,13.026820953010816,58.93916982810171,0.9945056032528066,12.668068321369368,55.08989013918598,1.0022548587973499,6.549707102028273,57.325542167278726,1.0285329553097904,10.674013629021932,53.94458706017832,1.020461323583013,10.013043193304703,56.97510019046415,1.017187105538936,5.734274207756584,57.54527664792748
744,50.047663786421445,20.128044213748197,1.5625813391314496,0,0.9744445451876758,14.010999049035046,58.318258731962885,0.9920987127961396,12.35959065038013,55.25245684378278,1.0296510449795322,11.024649499646483,55.7338416190677,0.9642456219780774,12.44552974247896,57.061519654052255,0.9834658652572444,7.498778797410724,58.12337888375601,1.0024472492016014,8.757342504324663,54.773778839967015
745,50.03690391960338,35.016165533932764,1.0071173039432357,0,1.0045449754861726,9.142089731858952,57.67633625492776,1.0007535396325347,9.620866737329276,56.7656586055461,1.018699191497758,8.826315529373764,58.16758562373843,0.9734713206431106,13.588201269688007,57.75084936516497,1.018240835325088,9.623829051214853,59.53017338256261,0.9802424319688342,9.107707215844377,56.9244671922326
746,50.068684990442854,25.52361176635189,0.8095952288520922,0,0.9910178627027914,9.165824206712047,57.48084480986642,0.9978588035766407,9.895900358068253,58.05774425399462,0.988368731364622,10.835067960906644,56.33755992863587,1.028304534377587,8.053204562684536,55.37182565359741,1.0182901743832844,5.881697458542799,57.248304588684356,1.0013084069577762,9.178482510535261,58.741067217920474
747,50.047843047175476,25.278541564963504,0.8731812742117109,0,0.9840891536510604,10.925145104313627,58.27350518466977,0.9883970442841743,12.042142068185395,51.025038395273555,1.010407707687034,6.327313803244968,57.37150050107723,1.006924037445018,13.061503126721313,55.716793423140615,0.9825416869803573,8.046512611047905,54.12814856660266,1.0027881385799036,6.951843704565835,58.01101325328677
748,50.035935053410526,34.629361927018515,1.7384294311507933,0,0.9803604352198682,11.210874372799974,57.126956213086245,0.9947581602037977,7.944237116981151,58.76342725233104,1.0243325716225584,8.894961813936481,58.812428286381774,0.9862312455889932,10.120217477239038,59.1848137186892,1.0479423035731843,6.663619977708086,60.529104487345386,0.9822993211152369,8.701143140498319,61.02530665053879
749,50.041552729726085,29.33708231130316,1.7778651638820888,0,0.9978807312971306,9.03708199626245,55.18966325166382,1.0045414122978975,7.029022002580667,53.37152991431905,1.0183514362682318,13.789706531700551,55.03830293550821,1.0104714396262107,7.631727685027035,55.64128688213868,1.0134513683657724,13.362851261357012,54.8484295527462,0.9825010225539693,8.241852523974515,58.047794945714514
750,50.06215061446538,39.72448812705323,0.4184995816938555,0,0.9822016172489255,11.522866864831531,55.76297991109395,0.981841224262831,14.261398786716427,57.49615589652515,1.0275063263524418,10.303629978270726,56.642282713505686,1.0039590048567073,9.893965901442318,58.74660213778941,1.0108734013199907,7.285999767748957,54.997603859421886,1.016043575846197,7.134429386746994,58.559605269681384
751,50.036576317945716,38.740928779724086,0.5710823447235633,0,1.0123286979689765,8.979233889118753,58.802084513817775,0.9891336378325083,11.175801371503866,58.794024171416176,1.0139516074551416,10.956868420754446,57.47046229791135,1.003132740224676,10.31095124802518,53.603850657172224,1.01051965305273,5.6007557492263755,57.17079438483289,1.0260114764678487,7.763332984196633,57.64502869102127
752,50.0327294803305,22.835256524249207,0.551449715538801,0,1.0012251460352037,8.870964317331213,60.48658002486423,0.9902038903436853,11.980560825827814,56.7706560359286,0.9906942722694185,11.45166702975725,58.719470098921555,1.0258257976603404,7.1547608612460865,56.29862242795252,1.0013499778188502,10.4874564534933,54.917075036768345,0.9922072400943782,10.585776100601864,56.00579023766152
753,50.07586250215491,29.906402949052193,0.9401058781433667,0,1.023106483345965,9.639909014001482,57.96331231137124,1.0298429238675297,9.27810804235528,60.95371720484304,0.9855741362734439,6.89806958825798,56.63233972518269,0.959583356168537,11.318134385271156,59.78104873827669,1.0384979427334569,6.792031107170313,56.32978625266137,0.9866628732671818,10.981480118700379,54.60640164679514
754,50.0292945300618,30.97615904717051,0.4446006534132736,0,0.9658533590730983,13.441061233874239,55.97391044048609,1.012019300441137,9.15803343209103,57.209196196395,0.9859138975749754,10.909269590476473,53.654752583686275,0.9828809212005704,13.506682602794614,55.21225319472985,0.9594154195968617,10.639952542589254,58.26718687106214,0.9778856795618697,12.416500019474098,55.791900477790335
755,50.0152892513572,21.024779073351773,1.0978292036656716,0,0.9743282480385351,10.874159672893775,58.0451877049243,1.0337644547700304,10.228650526295203,56.90718265754081,0.9726536984183378,9.805031289803763,61.37969852746661,0.9838986009997728,11.444998997070915,56.549607844794934,0.9854196560317652,12.846884983286692,58.38474510786469,0.989136016942887,12.563137857833881,55.64645720451265
756,50.039599436928015,28.575546840073585,1.6462268143956924,0,0.9854783356584381,7.109181892681649,55.056906040045966,0.9913277999169585,5.0457393533349135,59.2979910259095,0.9835096566502846,10.91685343380727,58.11733201724929,1.018645617712737,9.259260460139727,55.840309913947735,1.0081004032037353,10.976714023953049,60.61016627901117,1.00082486803626,10.61808453006623,55.58904865813621
757,50.024533160853345,37.0986923270309,0.40302319752716387,0,0.9813123345457486,11.988392398126951,59.14758483946875,1.0177369183284972,10.503900133023391,57.42455694884349,1.0119457935215057,13.337759918054463,60.37022938504003,0.9780354912631616,10.176210742408413,57.26771119038173,0.9938609880091499,9.964454871752455,53.95548164787656,1.01277968635855,8.130357765845162,56.01182343679217
758,50.07313428052049,32.39315889732309,0.5191912769853086,0,1.0361244816379636,9.6426492741536,58.774742141351446,1.0075074368491002,12.007565656396354,56.570846270643926,0.9713566753747618,6.808709395900108,58.50988105986448,0.9841895013444861,10.678069973254885,56.07111843800149,1.0210082712265043,13.579220433842796,59.23332671381963,0.9709920482982974,12.820122421655636,57.28148684428194
759,50.076001000465645,31.827903734391125,0.5266373475326522,0,1.0030860681671598,9.753019097864376,52.513069613594425,0.9839574964564708,11.293855310000096,59.569047233624225,1.0261830710780913,10.17090571249009,57.073434458863666,0.9960619402080818,8.954492568608314,59.71182664967912,0.9964421912691974,6.541165339120451,57.204304974737575,1.03856600190088,9.011284973555679,58.031654773059834
760,50.03614080428755,26.02416617008356,0.9595932557017479,0,1.0204550867370719,11.70297529810842,57.55637044526082,0.9601510930500429,8.784657925239095,55.900873582892196,1.0061192761622872,9.284267427071782,59.36658153216843,0.9984966125604404,13.167536208859767,56.553545037385405,1.0130971608869948,8.851304384956801,55.38577757803595,1.0122624959453939,16.00191623551138,57.48063110419856
761,50.08385104036262,24.552098218159383,0.10369514319256323,0,0.9669968098668089,9.04585866449718,56.37775745494306,1.0015143115184963,8.55023297926185,59.37974688042528,0.9881070145127894,6.471994252620799,60.28190886897759,1.0069232162094162,10.06086312255366,57.569035891299556,1.0320827445447172,11.901806227871022,53.51883657807649,0.9827904856115477,7.46362477967907,58.02923496897189
762,50.04795860175498,32.480104650124744,1.1342161618767659,0,1.0119001937063985,9.594886742841359,57.159059022481976,0.9885256998763736,7.157784570517757,57.980909098545666,1.0202857140072379,9.531627112749739,59.80573104466549,1.0103066396600975,7.796912464091467,54.09335295667294,1.0123223872816436,7.98224761807898,59.18094198449552,1.0029371334826724,7.519452482440903,58.41970046781889
763,50.043866104045016,25.20074637068557,1.1404233595132478,0,1.0162365117573229,14.451178827246384,58.21002664510771,1.0056605760921489,10.121967867647411,57.41000090706772,0.9940931205761375,7.223340890747908,56.26831571410924,0.9926459769417456,9.092486846018167,58.55960950858844,1.0073533975024782,8.466809677044669,60.237100133146626,0.9831400391692856,10.738769994836524,54.56177979458147
764,50.037295803793,38.287588589938764,0.8932732351400967,0,0.9766128300412827,11.28046801366839,57.185069970707715,1.0226447124859657,12.416669917900329,57.4807430121532,0.9756488123936895,14.278017994904665,55.715505621361764,0.9522888259321558,9.38377562371064,57.64811343784012,1.0417722432496896,13.405368508850334,58.65713805396261,0.9672815337088536,11.51372536582854,57.1924512870696
765,50.019531750295364,20.384445559764753,0.7562906629613186,0,0.9439074986493474,8.885621428475691,57.56385556512831,1.0204511916136119,12.239129588687502,59.288256639316636,0.9977331304613059,10.820325934629201,58.784510785779666,0.9960125172241987,14.358472130810615,59.79916884092479,1.0156480093064926,11.138247420252512,55.43175959849898,0.9863924573735132,16.56034928497189,60.38914490269366
766,50.07595269198638,32.363552114593084,0.22457587102039667,0,0.9686502103162766,13.475773729338725,58.657847423357985,1.0311328096853132,10.203423310316085,54.5724609659587,1.02129019381548,9.961379311005036,56.038833801039246,0.994150878105074,13.041717648719692,57.935537318950836,0.9766018937331279,10.524571544636952,58.77335572030043,0.9784281148171307,8.876027036020826,61.52163188895865
767,50.03966587092994,38.330304837147466,0.19671577822270248,0,1.017115508981615,9.134590260484439,57.642193382536824,0.9649853746733338,9.388606262823625,59.12246701156145,0.9959369087290664,12.452684127066385,58.133839350556,1.0164470382165334,13.100797435462193,53.65519270792492,1.014783696511108,10.84842597711,56.78184226275414,0.9810221162559661,9.89005076851979,57.317221533489366
768,50.07860277824356,37.51195145854797,0.532259438747926,0,0.9909100465807414,8.03901819688876,57.897092585596525,0.9866168071691345,10.670834682517281,61.618622752998625,1.0080613496755013,12.824420241162617,56.71167826393554,0.9881277244822962,9.644501363812713,60.3672579119349,1.020616438013069,11.24384519076061,55.81202654233069,1.0321679790842,7.906536217822607,60.31678402014671
769,50.01439684672983,20.825727637189345,0.8213809882856149,0,1.032873813000498,12.05008156663242,60.25232349188297,0.9584189951904323,8.331483075647162,55.971160204091035,0.9912217445129603,10.578279783392949,57.994414461598836,0.9984377934997641,9.97401888339968,59.401550780527764,1.0345352746966663,8.447220928512397,59.19795968908797,1.0277191181984444,8.250996688326946,56.6608719282102
770,50.04051338554677,21.786245274694775,0.20624775647377702,0,1.0325767348290271,10.000455332953043,57.64600291658791,0.9711432845510283,10.315389867801871,56.70818728446712,1.009967154728531,9.90211460665892,54.8944726991983,1.010789087494019,8.158019439550747,55.66083359039201,1.0010447575135861,7.746853427374969,57.14928920728337,0.9868561412554944,12.918692883765383,55.07629643110997
771,50.05757991381817,32.432610822403255,1.2410566852336848,0,1.0271675903673576,13.24639448743346,55.37212610590684,0.9998162540817038,13.920573136202655,57.8893036967207,0.9777089928603521,14.216057724818231,56.2120549441312,0.9872116159850423,8.064111892607373,57.912817058669475,0.9934599663136903,14.063841560199027,56.2722278129927,1.0093467332637607,8.087156662254054,57.76761097387784
772,50.040629578010325,37.13091308874209,0.37474820948890075,0,0.9924347482170764,8.806216255337779,60.15851243706196,0.9906150083693411,10.37922176862376,58.86594931223171,1.0121678529579854,12.614192317513199,58.846123198397926,1.007896104319372,11.498827222724888,57.73818563894026,0.9992120774812047,11.91529601061988,56.77060190357514,1.007075080402442,10.678115225975105,56.46649787987414
773,50.04618968392042,29.152714624931036,0.510622878942375,0,0.965197051257902,9.053553470604642,59.5277264692391,0.9965769827114934,8.981203991481744,57.19739209982172,1.00682654242194,12.414820871728413,56.45202199442861,0.9803297876825761,9.2158547106552,61.06919723222692,0.9955267014177317,11.76870863570052,55.29516760298194,1.0210935080824326,11.60157441644672,56.43139736983755
774,50.055085392171,36.05699635038103,0.5198728225249998,0,1.0232562569833332,9.704682019500781,57.13611444586773,0.9766316314346805,7.943982106338513,58.30467832231103,1.0098692008429806,9.613132577584063,57.426175244713924,0.9777492689584704,11.664243738335967,56.98616703766891,1.0289878051329369,9.809181237046198,56.993704026994784,1.0092981362999822,11.133391025275575,56.09423058961107
775,50.040877603744704,29.86208701178721,1.231129630008316,0,0.9844730073632019,9.499326513967514,60.78012889119289,1.0136026923034842,9.025824110297796,56.837352026920954,1.000636109641345,10.458007215244464,57.390669753145495,1.0123012552581807,8.193742623919253,58.78078932774567,1.012610332433725,6.600111642266594,55.36231786512284,0.9614314913805615,10.964112477022857,57.778548964756
776,50.04644169693643,26.043123390844105,1.320474512352373,0,1.0410987964457983,5.5283843201899945,56.46588131459537,0.9916129610852209,8.892761006851455,55.02148451767021,1.0024159738817748,12.383183725868356,55.28204598222456,0.9915208907179979,11.202829970295472,56.622051810873415,0.9899491903909267,8.975067780188585,56.742693691003964,1.0056931705515562,7.243117387369894,57.225088168706684
777,50.06536861216525,29.826239480896966,1.5640874526548652,0,0.9823569183490766,7.787491973893454,56.22837712380841,1.0167420808930043,4.438385121742822,55.33176092953161,1.0273615606767141,13.606629414833412,60.31027215006922,1.0114568817629905,7.991457172669527,57.85232730836196,1.0110682496531322,9.127259166612465,57.3678606908974,0.9488865191838207,9.896063160271904,59.09850871073361
778,50.078575815433496,28.620702791644625,0.0582858693114372,0,1.0145763730339892,9.172452843429507,57.32792218570428,1.004363199532863,9.404896930768992,57.29510513308863,1.0295542456752123,5.756246423304396,57.66347942687949,1.00066855705941,11.762675830833842,58.69301084084842,0.9631262487452236,6.999949190667534,55.773853268833264,0.9865045185637472,14.187716071933387,59.108464450620346
779,50.03949103979483,39.08463455108898,1.0087245698210747,0,0.996635507702752,11.543729301931922,56.0456701706374,0.9860035827828474,10.325953282562358,61.29076215693825,1.0203766994952819,13.01926483258599,60.479242219070876,1.014617822051162,6.877244478984751,57.35422378686381,0.9876826753026589,11.43634689162019,58.11601861435345,0.9789524620371067,8.279574519158617,56.81301625248324
780,50.04285900415029,33.00616872232776,1.2000904971890503,0,0.9968740121537029,8.94977059139449,57.37486636741009,0.9971095952738809,10.158746449908335,57.9418287594936,0.9889159755142456,10.001886190723042,58.47595023986414,1.007585826111983,7.26487876994217,56.85893832070944,0.9907044123788394,15.132619008247971,57.780359493817066,0.997555201073877,9.602742139669957,60.488297613357524
781,50.05210361164386,31.075895290935712,0.8464125711214865,0,1.0165530164438423,10.257593084180806,54.575844180856976,0.9780150139111597,9.960615403313339,54.962477435365464,1.0282795740276909,9.166890122877385,58.153176412274185,0.995370934798192,10.601288475761546,59.15192915298739,1.0249857090126009,9.328729314957,56.0302802719951,0.9909453131433988,11.158325335239477,55.42565710903234
782,50.05645399750856,29.384071550291893,1.9111861304094315,0,0.9933467949217204,11.42099625302906,57.93918713899822,0.988433256553229,6.569094256375221,59.08425005665289,1.0002387973829072,8.334176677802741,56.57580633796481,0.9918114741396413,10.131901683799873,59.157674395766215,0.9861028792357766,12.600902758707074,58.73231552507123,0.9772968272953715,12.967342481681992,59.33578798959255
783,50.04445906206206,35.15681667853207,0.7386477240190885,0,0.9838824973231146,8.170004694596509,56.157597932238204,1.0197234074726156,9.587245153011885,56.93743405428034,1.0082750908188556,9.55243625449427,56.78849576214292,0.9827614874490626,6.161361665784476,56.71442651649419,0.9582744200196243,10.32525673008053,54.661834015101945,1.0083544217016307,11.455519820436972,57.37828436753844
784,50.07502393404313,25.61298847295773,0.3795438321089415,0,0.9918243289684108,8.763382667422265,57.482310722791496,1.000667707686489,9.143556096808014,54.86144468582788,1.0157029791445105,5.64424832807107,56.76777229944224,0.977540366129185,8.113612950098181,53.77432199990126,1.022512793383065,9.493517313105961,53.31446852522745,0.9896037851304015,12.701395285788049,59.95270063466647
785,50.052085866091495,30.790781444926374,1.7832151124853888,0,1.0020616604679267,9.239784145333248,61.39108732957013,0.968106042053501,10.826790453604211,55.85183784537554,0.9731704516294836,11.849637190070077,60.32300120351982,1.0146778858333394,9.945544594178655,58.0416704236735,1.009809287163392,13.284208190842717,60.195200158702804,0.977456922378497,11.884303910322554,58.15659127581124
786,50.02555655925027,22.958931246549515,1.954352969136261,0,0.9925616950902381,9.747096493064658,54.51346578907168,1.0121608225297614,11.29982468704568,57.45844788323313,0.9530159067485332,12.068718689491492,55.751549666078716,1.005238718266219,8.777256427163653,57.958995918267206,1.0036022935030373,8.029828171588719,59.34808043842994,1.0084277597133204,10.646475770584333,56.07143162271102
787,50.068161921374994,35.816472450426886,0.12742353524983474,0,1.0117721926010825,9.835168509416016,56.91279599886289,0.9890153866243957,7.940480394857106,56.663201905416294,1.0032783570942372,8.269592852567698,56.201503213903635,1.00501117359074,8.429055220246163,55.424042519147584,0.9794432160399927,10.551097800803992,57.242843939993875,0.9740296764277733,12.727998452007075,56.97560646712188
788,50.080936363079566,28.82089540864059,0.7917365718699227,0,1.0428233186523128,11.42326041169406,58.80190092266109,0.9963685634596359,11.114403428394908,60.40819247546817,1.0111221371030699,6.3038214674920745,58.857829741121364,0.9967945091187438,8.703186317061082,59.48233797604628,1.0316356124993953,14.41646656715226,56.036700871138294,1.0084025667213992,10.911383756875036,55.796143937074376
789,50.061567281799306,24.99321757442576,0.36596463666265855,0,1.0217499712370857,11.917710510938186,61.3472724884642,0.989232954624456,10.455784715128093,59.155050339393455,1.0214658871922087,9.634202286367453,56.541681900893664,0.9877181135723727,8.509230656975078,57.08972944846465,1.0025960671910406,8.177020130859558,60.08162484576711,1.0022147301687767,10.04608467585081,57.605662208943635
790,50.02969919246331,35.596375365690605,1.5241035173657014,0,0.9635163861473431,9.796080533270393,57.996990863800285,1.0233366332011764,10.171499388431661,63.648992097047284,0.9813604933945375,9.141889820879811,59.95889981125571,0.9519485186774176,6.782346082211099,57.900833183244345,0.9752877917691792,9.650158821781716,59.56815767775264,0.9855581306460264,10.03496312594436,55.38283122601593
791,50.06156112477525,23.516856765676003,0.013837585607110903,0,1.0219526225265712,6.920519745030825,58.93648033399853,1.0165204111870707,9.66942214507914,56.03276424666883,0.9979962610497625,9.35128406982017,58.83012071247981,0.9834219762176328,8.64213645290893,57.68324574470647,1.0259808233540029,7.740508325352916,60.44302955519106,1.0098606062298023,9.677643099136594,56.980375144537604
792,50.04776231390643,39.63214836458485,0.2676063906111197,0,0.9779665233554696,11.51651661355048,61.511578683121,1.0255627765576603,7.806459078399762,57.57465882939045,0.9863101012834765,9.560363003561044,59.169505936924956,0.9917258428490211,10.091135815138562,58.5188587250129,1.0430537508782147,9.842553736935894,59.74621109293261,1.0062719246781533,13.521888688298011,60.10719881132666
793,50.012121942604054,24.845012981054253,1.8601021671091253,0,0.9989325774870551,13.98706560622463,59.13545218037668,0.9913441639348003,12.753471907036973,59.159889186987016,0.9646932714381451,10.18831519181365,55.745144980516514,1.025173270798134,10.542477627392998,55.47511005361471,1.0161341692769568,8.050575200990599,56.99277879211325,0.9801629576926469,7.917273974146363,60.48815378269023
794,50.0443773633996,21.00628399396633,1.4089855413892212,0,1.005619061778881,8.668343636221238,56.145661595250104,0.9758132156115109,6.985410856894331,57.05607918328706,1.0012584621059686,9.404450240029337,58.584805125963825,1.0046590296956417,12.111178264181312,59.44875194295463,1.0177378801349475,11.203353377059093,53.73475976295997,0.9632739843203885,9.764104937293169,60.84742157354672
795,50.07314734142513,32.836773349968865,0.7445465688443789,0,1.0045856895701364,7.913960466909078,55.01282033929355,1.0095051269710131,12.404684410607748,58.92324081019289,0.954746850544207,11.255648046045568,53.893819044421505,1.0061861840996709,11.339642255846002,61.53572321498652,0.976782358816745,7.5089174070240485,53.228181240279824,0.9475898674242822,11.637683259480884,61.11830278965511
796,50.08043340751184,30.859714293424837,0.8219039624171691,0,1.03898980369012,9.500295259268674,56.93058727790909,0.9734040738766288,5.61674890112893,56.90321256503705,0.9476570336137107,10.318090316843369,59.76500287451692,0.9753782680646448,10.057114287269163,54.93165542208268,1.0207344452884475,10.278485127822298,60.27729688562399,0.9791978757661167,11.113670131948387,59.43597366715191
797,50.05822405661209,29.383346625491647,1.907960601952182,0,1.02751311834411,11.301582322999648,60.43646130937642,1.0058386564846797,9.819241192906304,58.468685603792075,0.98544054745882,8.643760379465075,57.40691836592629,0.9683914160739789,10.95686697393007,58.043887244048,0.9952520819824182,8.866935468966357,54.16095913533816,0.9877656215165821,10.135817450091416,58.133825624853024
798,50.04115582416343,39.50322233865779,1.3942673995297648,0,0.9737892839580644,12.119391007778464,57.41462760533732,1.0220828779492785,9.444093580097192,56.910535077419844,0.9911771113547949,9.73927456666301,61.30428640358573,1.0112394125865756,13.199203807491696,56.03733605223341,0.9744058552613781,11.738429194111673,57.105013894458715,1.0200052210206776,8.049610715135966,58.77137081556625
799,50.04797208463316,38.57739814383636,0.2365850210352063,0,0.9839762897977598,8.15011907144273,60.90518368538021,0.9730708254507072,10.697612735101348,56.829890603696896,0.9834949285065177,11.146813557564066,59.87320963512002,1.0098972201131842,7.927770728418325,55.33423950054447,0.9807740811209814,10.605159194758794,61.00296399875817,0.9849669122340504,10.512404496060384,56.756342126546706
800,50.06240399774416,20.591088215986105,0.6096915923514787,0,0.988913973764421,12.339497049839865,57.604962742191866,0.9805731218142361,10.52367213088609,59.83152725855491,0.9637207955421497,11.54722241209147,59.492147441246324,1.0156548194245028,12.211327618159583,59.857042122391626,1.022790128610663,8.531406414722877,60.00616626143207,1.0077543813376988,10.362862384256585,57.07489480333517
801,50.08735987599184,22.260855127412537,0.9223877714518363,0,1.0171224921680653,8.112947316981371,60.22614636140182,0.9920738869926077,8.6912801609301,55.11754046533912,0.9851697762694833,9.218487109225332,58.640831555401306,1.0145411309125445,10.725915120920934,55.02007955700523,0.9939173376922087,13.379963426265256,58.567533440193316,0.9994452834057124,13.069363705749499,54.54109557378954
802,50.064838425899524,34.1539038111963,0.5499758469590363,0,0.9956779761470766,10.416365795468039,55.566262285069016,0.9933122441385172,6.022406029395384,57.895244280960334,1.022545303314873,11.683123481572325,59.20212637005135,1.00258898559401,9.535421897220028,55.014278731574315,1.0256731821242169,8.534437515092055,57.38076065012511,1.021571461454068,10.295261725285823,59.32201857299886
803,50.04938130999746,29.09702740539111,1.0469133124312013,0,0.9819233986898919,13.541001085663,55.154905157032175,0.969625082622028,13.147328995193032,57.65824130351792,1.0316994877702972,7.687262078045229,57.70256020097707,0.9930086989677352,11.903393961145538,53.73883887480225,1.012082861110957,7.838941286348128,58.35954427126499,0.9970903746058073,9.293113418471371,55.766099662310765
804,50.071125965354014,33.84012644234057,0.7159747599047368,0,1.0242376147139436,13.53114216603452,58.49119698712442,1.0273526504922936,12.317384392393054,57.81544641749897,0.9896589421739757,6.2427044708626305,55.62080836409919,0.9828784755900757,9.234832020489339,56.614224178700674,1.0181887241400445,8.523640659039515,57.32331546635741,1.0241535630660978,10.638596087236992,58.60892973548236
805,50.03880963467723,35.965495413471125,1.941040439280685,0,1.0139056265836408,11.18282339155858,56.31843599604879,0.9944440546499703,12.655766387548297,56.55003237343307,0.9985699314236367,9.54128142436051,60.871344077396074,0.9713990594628286,7.288911929224171,60.621905190467615,1.0169840256243434,12.572898591191864,59.75075110666521,1.0090491587303325,12.458974854689686,57.737654621555556
806,50.02944160335199,37.13140790918369,1.081390347302284,0,0.9853731585432356,9.435690526170005,57.71026243351853,1.0292851030551984,13.101504692432405,54.920098817958085,0.9911832647575243,12.323639749672546,56.934036131322415,1.0428811859279983,8.327487593450826,60.12499094454697,0.9892079539967921,10.834725908803627,59.49669752929436,1.0068135744653879,8.64933866935887,58.0167651101499
807,50.054759522574756,28.48978040827214,0.28509171541022327,0,0.9616987890205754,9.907750399212649,56.18037917894504,1.0117443036132228,10.466606881968994,61.69005604078699,1.0195862961585143,8.704776403396814,59.028212086226596,0.9775496439357972,9.07861568031616,57.413537250737356,0.9993796762115849,12.992267884746049,58.222275135602416,0.9889856542036527,9.898241592272194,58.61441330381212
808,50.04639673882602,37.06824864418227,0.663451992729108,0,0.9779566248162852,12.13032546986099,61.19599344752263,1.0030721518723795,12.654286195500605,61.222662642599644,0.9876540920250527,12.83583565449688,56.76574390282234,0.9978090712383005,12.95130156229137,61.80393982290647,1.0077078791313285,10.83441178334988,59.389926945027895,1.0186218427152893,12.99854398647848,57.85283316461627
809,50.02192610292426,34.75924526267279,1.4766414502066623,0,1.0015454036185316,10.716963333156839,61.0724441716725,1.0196027698902297,8.088772355892994,61.6477389300664,1.005112402764645,9.221503921206281,58.39546916713258,0.9755998881279265,11.442578484055613,58.084490239816496,1.0051572310501582,10.183319966482163,55.38160727584543,0.9854876347460072,8.536326465117455,56.38584462778034
810,50.06425189809498,37.68911792142407,0.716904610725853,0,1.0201269756956626,8.42593559884571,54.6380309356655,1.0040082375300092,9.922900746739652,60.162166001938225,0.9774771549777942,6.568595593256737,57.3674796454769,1.0279296889889105,8.78789327996233,58.55224032212715,0.9840871398808337,6.953631407337118,55.844182045639634,1.0107955677891336,12.332168265450726,59.16046664420022
811,50.08011739868553,36.27873958808779,0.5384085210820253,0,1.0018106587118851,10.090845791024659,57.108424092216254,1.0113640362344318,9.916510539500104,58.08731071700044,0.9713469600505061,9.801614759887185,57.711668584311056,1.0104631561622117,9.247875385646232,53.71682050140576,1.0299616840323949,11.226695672389559,58.91258768973544,0.9933431868960039,11.52346096107502,57.58292971929924
812,50.07818364245275,21.81909991871312,1.7857462730282592,0,1.0243692516477578,8.919284242380542,60.65502962299609,0.99300607758781,9.734775189592813,58.314395232948506,1.0207189167979904,6.340672998254902,58.95064919870123,0.984377103396212,9.902467708016935,58.977325373339994,0.9737670521159738,13.517520557772961,59.029925167419734,0.9943224640652327,8.413024408859933,54.35968231307239
813,50.026208527692184,33.740723619555695,1.470476148219649,0,1.0128812031309422,12.020943183069697,55.4554036630618,1.0116710447521342,14.11644104821903,58.625145712488795,0.9803314151316422,7.528350631751276,60.9806614815946,0.99105335878124,12.382043668404776,60.271155404435014,0.9758089767015574,10.091937458044752,57.2611484076086,0.9953499065308313,11.099940575168578,55.19673637399117
814,50.02986095841251,20.30179516115141,1.6093852217939548,0,0.9621650480328185,7.988591466027345,57.56284068366164,0.9890842626052362,7.376388367215826,57.266543053342005,1.0075312298433905,7.1373334015149235,55.93425681155177,0.9799078400579342,12.03867558525332,59.91945245828543,0.9711909112623603,15.100530748282386,58.50953985451938,1.002177435282509,8.623894246043038,57.84959872560881
815,50.077944863185095,23.105933883208778,0.24511451355556368,0,1.0041441170934207,10.271762979980991,56.54868152557254,1.021262700651145,9.435158257902962,56.53708683927403,1.0386579087887016,8.783466315857059,58.82556283480858,1.0219807213260632,12.307544075264193,58.8891875778578,1.0170596319228056,14.46240637122229,56.355448643723065,1.0263525997985012,8.35733100165944,58.825693758593644
816,50.07972428212776,28.136162601405623,1.7167123270812383,0,0.9943532412678674,13.983981907281168,58.08263480845294,1.0183204666318115,12.058771942714362,58.651156063839004,0.9835199582889737,11.823009252200457,57.80974164232585,0.9889497600524249,9.385157700329888,56.630377510981724,0.9643391943576025,11.198826559813432,59.156890052509496,0.9900257560755243,9.845584753135853,57.33982240531024
817,50.07028815582429,34.505803525578195,1.1778376610586356,0,1.0267914030400058,9.26331701599679,59.55713637648584,1.0024781352507377,11.74570256753699,59.03514753606952,0.9783353310706753,10.901890043515538,61.18778479814844,1.020780707395411,10.47904933819398,59.87338751387448,1.0024116957641755,11.539208344702637,58.35699180084376,1.0346593692089239,10.227311753985665,60.99336409139857
818,50.06038798413577,24.683362493580454,1.0016270249161372,0,1.0231298266169482,11.93408240342243,55.78788657365442,1.043690861166326,8.113714600974378,55.057116820275816,1.0396495364742613,9.291905852247371,56.55081861892241,0.9661660743781241,13.108272883143904,54.83590407377174,0.9854456313622537,11.764741359253145,57.92159389885434,0.9859956502970006,10.118187299958466,61.207453100643875
819,50.07370472764481,34.46009710861347,0.5434416175140977,0,0.9692753250876511,10.634531533562036,56.36011921150118,0.9947212102016788,11.812671190186986,61.03077251804219,0.9885192692744248,5.820962421286317,54.376104036475404,0.9943021719076727,13.823615425699723,59.551998256612464,0.9747742607654666,13.721305126249474,54.770308045761595,1.00132436252692,9.415713048236311,59.36064368511892
820,49.99456741750809,23.111922213724682,0.12685843166832944,0,1.0405023379760836,11.59853936107156,58.937261463286,0.9879357926688274,12.78666594858802,58.44139770462141,1.0249550562094625,8.312865962876062,59.243547271562754,1.0224993149657267,7.792751195290128,56.71382176158944,1.0020624599061143,12.219528833455575,57.43568584637331,1.031102771265052,7.368854275062567,58.632929286667874
821,50.0492432205862,24.681624521055134,1.7336191481547536,0,1.0213321181264827,7.867946112546669,56.77263599388275,1.002586200428764,11.196652681943592,59.139497739487915,1.017511016137422,11.137877421716379,58.43195800520588,1.0049179681250897,10.097441874408457,55.37871871629483,1.0118355038755187,8.131179637213215,56.112116280119125,0.97479544909319,8.160432946144828,57.47538675886057
822,50.028811620018516,27.746995584242597,0.2424959451885862,0,1.013595578479433,6.271454408295982,56.89723427493174,0.9886900260063074,8.336273771591035,57.6162876812767,0.9814590417330274,8.488730059100435,58.592239763082915,0.9841807287780717,10.013233079268952,57.54610370522709,0.9994767008771709,10.383144163514695,60.0384436832742,1.0161326175272818,11.49403797734714,57.659053536244784
823,50.01928647286207,39.7240238181742,1.2922943967604525,0,0.9955749441414803,11.04452478644673,59.00365422957372,0.9866535733365047,10.64893004085441,58.932515604052895,1.0004022930927974,12.365273587827856,59.16774744471511,0.9846963742138852,13.593000837647969,59.13130890726799,0.9977993650816944,11.579676971069809,59.098611182387806,1.018428802015273,9.52585164153063,60.335689132153476
824,50.02331636543968,33.29870186437812,0.21197065955146432,0,0.9854463560422925,10.102765686191232,61.16322949189548,1.0154207447504766,11.107242473131858,60.945232285347636,1.0054726183679965,9.015589967554986,56.68996362658069,1.009895288331413,10.730827539498943,59.32588112630515,1.0175345290327926,9.861050238664083,59.9564089926492,1.0098308458959844,9.893018432072987,59.63681972772444
825,50.04193524197082,30.9765796605347,0.0510687941631387,0,1.0115650575710928,6.626003659659165,52.95557861676212,0.9754375767440625,9.301235078642026,57.65467306512851,0.9962222396709473,8.39131737031634,59.395117022999706,0.9973683668253865,9.846930025246209,56.74842264158603,0.9986091077717724,6.7199577622536655,60.28260183426307,1.0047450087679293,11.93092505220653,58.28384052135362
826,50.03353891953333,34.97785471992309,1.0696838281748178,0,1.0013485246114233,12.347632569693594,56.558638985205675,0.9765391754750883,7.39127958102242,58.66873852204982,0.9833640036048729,11.51250223486365,61.04199139358526,1.015519102558986,8.09082793883308,57.53429544317466,0.9870075131409181,5.614762982993858,60.65578680797641,0.9932999136399427,5.7125304272471045,56.364302757995745
827,50.044618998564694,30.729279177430918,0.4268559584692029,0,1.0064369177764478,7.648536229546002,58.26255824106069,1.0192217067766602,9.278469600353306,59.24147649431756,0.9917950667607366,13.581003536834263,57.68180769030859,0.9811219093152236,6.703289405377416,62.50224003126104,1.0047344559066935,9.3153973053162,60.79441222629204,1.0026872080202125,13.04208736547803,59.87551612911422
828,50.04347924990409,23.335180246841166,0.21119169300137086,0,1.0010404261541495,10.61112320237595,56.60618324333538,1.013101698958523,8.554351978164108,58.20791166024717,0.9793708952460211,12.116698552905609,59.23436849139933,0.9933813974897293,9.85711247572426,57.59035673306544,1.0010147141097234,10.27220457782923,61.18698601779313,0.9980194772860617,9.769734252299004,59.15001589436893
829,50.05695061804915,26.0884484384248,1.9115978073360256,0,0.9988402333920888,7.628574162210445,57.30190716489976,1.0138959844994493,9.890274798557293,59.3402247452588,1.0095470777257352,12.896265698410767,57.3968235924585,0.9961766246714386,13.121123204466723,57.275428707158156,1.0290597444086451,11.189147020306446,56.44233465563008,0.9926245417842808,8.883941825811972,62.1482854735333
830,50.036131807035176,34.68345851953227,1.2584834737303194,0,0.9888117978802199,14.677508857437084,57.94019278478789,1.0178239061147853,11.422040093292944,60.04419222164348,1.0498206455823045,10.944079925971383,56.692597296667955,0.9826357674076459,9.532388870396229,57.42245206867432,0.94922672481656,12.430648211207625,60.40090077490702,1.0184928976476961,7.832955017948528,58.71756850250975
831,50.03705896964964,24.87461880993191,0.1053927687349796,0,1.0139776575698685,9.72529368584476,57.141898598879,0.9518623764617578,11.853637585670578,59.117906948591944,1.0398497455795028,9.201125656804711,56.67342083824702,1.0218969528341078,9.297877989354564,57.25233117993083,1.0193732462979694,9.497517273789462,59.896986012250295,1.034975080734367,7.540450578974962,58.30093429417161
832,50.03639857838593,25.3285650465899,0.819328055822109,0,0.9759227709703987,9.975925483418996,61.476313573554265,1.0135110461714398,8.941932518102982,58.52531152044404,1.0112281486525567,8.087337867731605,55.904588255210136,1.0023781189522463,9.831207027774592,58.18686181826789,1.0419083258339508,6.925485682233303,58.79899503089096,0.9987164641853827,8.159869100996072,54.41823741318567
833,50.00607996127222,24.11392312799952,1.971995689713116,0,1.0344120702705186,11.245015948638144,59.26702092262144,1.0064505276535616,9.86829146903914,59.18650529143947,1.0135739750430681,10.653914884373691,59.43231587249299,0.9687242179108523,11.078230309952213,60.534479139700416,0.986846462050507,5.358410036704033,61.122653591811776,1.0108763972636277,7.9726953583763835,57.118264639296065
834,50.051824826884314,30.857505793603494,1.2054861738973774,0,0.9920559991291755,6.901397593592016,56.067865749652796,1.0262638998360436,10.760601186829412,57.38741992264134,0.9834977815682782,11.430975825018827,55.927621182741994,1.0246347731700387,11.730882498130192,56.60486197751367,1.013322589193085,12.956190313112455,58.572970992386864,0.9959084386917131,10.46623541015218,60.14148978940523
835,50.04247788550172,33.483222997821606,1.4918951546487869,0,0.9892545261439905,12.009893759152451,56.441137300411825,1.0063981353190332,12.07714099533568,56.74131190470441,0.9868147691620613,11.564445352056412,55.74469231016133,0.975063340992812,12.662089303797764,57.77775725396581,1.0017111625101727,9.53146964055391,57.40659355369531,0.9697142763502613,11.064229054757897,57.525667528118035
836,50.04343136597119,30.071902363280707,1.7776562869394525,0,1.001002837565949,12.533106141116846,57.69890033726096,0.9981664192636045,8.061947440715924,56.26801027283782,0.9673073093519596,11.563174688606013,57.79987994843347,0.976080764553945,12.74572511071615,60.306868203204075,0.9901832235558065,6.767401395517823,57.48977040629445,1.0086866546339068,11.633352753490252,60.97933430682713
837,50.02035163447001,32.38966802490234,1.0640371383906362,0,1.0027170785089983,11.842172239553607,60.72750547582151,0.9998852373901355,7.9219558844862785,54.78927157678934,1.0006145440418575,8.166152364138782,58.66158376419801,0.9314002929632259,10.423399544112158,57.84555545321959,0.9994041430338734,6.885951266209657,60.4411636566557,1.0370943213436234,9.94505579744974,60.64553071174064
838,50.045890057440616,23.188953778617634,1.5985527019627586,0,0.9961243013716529,11.448332261810204,58.03991089821622,1.0174497473683628,8.60372648566116,62.34311979460225,1.0047924719711168,11.28233504498888,60.82154803626396,0.9978058764416844,11.639743781326587,57.61091961019648,1.0136141281856748,9.68372197322105,58.63906482811645,0.9846775395060342,7.489310305568857,63.06435438276359
839,50.05337885685276,36.92644488382018,1.1347611827131727,0,1.0130035610403616,10.124591723931035,58.377752682141,1.0060527644414197,9.468928165622472,59.201391462087834,1.0278354909343097,9.416544380716335,59.40669885796147,1.0225150689263014,12.116275740700473,59.28224878102009,0.9971034717731023,10.823336931855192,56.56128006135686,1.017791957769066,8.427605118957874,59.44991406350857
840,50.05028353435029,22.06790617168293,0.7367836316815928,0,0.9916611882037434,8.662764181232493,61.225302172629526,1.014488999854503,8.098989315946392,56.61688584284481,1.0091138017208212,11.109586053640262,60.209437188032226,0.9981599707528196,12.068706636711305,57.63502011444787,0.9956044745272983,12.250025540258765,58.18361823016672,1.0161017137842465,9.799153561039793,59.589754556951185
841,50.03465032178588,35.204442551784865,0.14061474963485732,0,1.0071644223291691,12.165506755259747,59.7806822848403,0.9550491196980625,9.678379489788231,56.63095076187331,0.9851084971873404,10.935737883497522,58.87069696124415,0.9923057747532811,12.387695313505585,58.58976239463017,1.0034686488372198,11.30073959323667,56.97606700494292,1.002163545618302,7.667324385991449,60.94026733601872
842,50.05940129353277,37.108536883357985,1.9153659957645146,0,1.0349170122245774,11.291718119819453,59.8074621090071,1.0246089057546806,9.065956362063078,55.60050611571954,1.0426947220289104,11.112110746998999,60.05597850525039,0.9690345888976719,11.94772979457476,57.68200560629604,1.0218523234218633,9.7707255675565,59.06606703725504,1.013012264841475,10.181631390829411,55.21332895039107
843,50.035554060345014,37.71566178365803,0.16360977144508726,0,1.0184537258847879,10.269390080798138,58.83842695388961,0.9468775668578358,12.190344469482891,57.62812227585254,1.027288609663435,11.674067442072559,55.71101676178286,1.0053073409382074,7.897685456379703,58.23501779796613,1.0142951012223134,11.573692856766343,59.020161303976096,0.9410417552942483,8.891217642079502,57.835450000424565
844,50.025542516990626,22.850234334252338,1.6890305194704394,0,1.0116118341898779,6.482047773894184,59.772660767423645,1.001112750924684,12.582279780956199,63.59536336514551,0.9851461340114726,9.866047882471369,61.57485585891934,1.007277340444806,6.099800275580125,58.91674725862928,0.9660242908572647,9.58697919567426,61.29045404460496,1.0209454271278493,10.159936280485658,58.27601065035623
845,50.05532458831419,37.82612129442332,0.5437947830184862,0,0.9931049773119285,10.761932620491802,58.610761832094624,0.9935645398978752,5.854945475292629,61.14787595436104,1.021276573547581,9.930447884136436,61.173910965800324,0.9777938366260844,9.294853233751622,58.280793408736365,0.991921933021075,9.189418972266088,59.967060139188156,1.0243318075392278,8.548399777744345,57.01734454389914
846,50.01419156728805,27.32264635763282,0.7724922335505882,0,0.9846143495652869,13.451738711695427,59.76262948722129,0.9692390664260269,13.267401377007218,58.77798173199234,0.9954433239655625,12.831554420313697,60.053071723989206,0.9780190503966116,13.515589347381441,61.15193494714184,0.999906949255849,13.620039742226194,57.03906013204936,0.9962298969376991,16.271147724828776,59.137510004841154
847,50.042907462807044,24.710025762730332,0.017369860374328416,0,0.9815000048161229,7.738672498487954,59.21621761476574,0.9901684989817308,12.396906924788722,62.51712333593128,0.9851204076751853,10.763053740625875,59.87086314153869,0.9968775587401387,10.997458782930988,58.72032417682955,0.9936045852391009,12.872300002740616,59.80235658367173,0.9719015272289331,9.394492029459451,58.393236208300685
848,50.008237001382554,33.507341091111854,1.754289882677359,0,0.9441736577127391,8.879906081112408,59.93965595504756,1.0130958222618685,6.887657618085217,58.021456671677676,0.9612709778563563,8.698147044952385,58.18411557380846,1.010425169090608,9.340198362208787,60.815763624087985,1.0190920140184703,9.154821015431134,56.92112350918476,1.005320689900134,9.397625974690413,57.896079354745055
849,50.03328613016001,36.300082425391814,1.1190109296603614,0,0.9899934705726491,9.72354292530354,56.41721949618909,0.9712181860470351,10.647603792390363,60.194577755746714,1.0075582555346652,8.290276985990214,57.479068211262735,0.9894424054088146,9.808001634622936,57.20395044617973,1.0079921667209717,8.773077039779444,59.71025381110005,1.000753202182029,10.101597450621185,62.481568150827734
850,50.05028109743281,30.57981688136831,0.6552350942211853,0,0.9799196533277823,6.449423939580624,61.03043371195028,0.9956341866284838,8.931841239856578,61.575505258836614,0.9985462531041528,14.090008684299397,58.04613796766963,1.0319678750721533,10.051952434408166,58.42864867892251,1.010976465706714,6.969987362243365,60.34093566333088,0.9659901325888559,10.024949199162291,60.87271454888121
851,50.0021538211167,31.320418750317305,1.4615886748539513,0,0.9827688281700911,11.393809427240503,56.13742175333799,1.0238656859566926,12.42363328802718,57.22782467838693,0.9740385481806925,8.797838198840196,58.09551145969772,1.0265334980567102,11.396981435855487,58.6807307270926,0.9932082310425986,12.984236793929353,56.99646461394495,1.0008705290296127,7.546189797447042,56.67297805001687
852,50.06296409957508,32.76842624951939,0.2984173010835851,0,1.034631329083004,11.174018328888875,60.94176848753354,0.9574984064496019,8.47126637612776,58.42705523956894,0.996857192992185,10.144715739847399,54.520886153847876,1.0089560348205477,12.759471067049287,54.86092671444345,1.0125499065092982,10.99739059397436,56.28745796660437,1.0022999076237067,11.879998506206551,59.48981577406591
853,50.0154961001078,23.20769075585481,1.4061955490948774,0,1.0349764143346787,10.268279478280148,59.281748159901944,1.0053599922402594,10.777289247615274,55.051821009779225,0.9956168522665617,9.320908765731618,58.15317018742401,1.016179114027925,9.242377151573795,60.55012680510021,0.9957645185034749,10.473047615234698,62.300066754913956,0.9451706955929007,11.458526740544842,58.887488006506686
854,50.0167306640842,34.70318636647051,0.7016658233396149,0,0.9798716903691712,8.195189196179745,60.71937730968475,1.0221726666942934,10.339972071858854,59.547398380321226,1.0249078792451354,12.962889421780265,58.05855914506033,1.0090704795778913,9.975293037828997,63.5716281665762,1.0294555752725991,12.37566299712177,58.16135833096676,0.9964668893547192,6.642623152452758,54.11692888665895
855,50.0420666088154,36.42102385940656,0.7552399042016138,0,0.9891957045486175,10.737425469333624,58.15396049322973,1.0178676794624786,11.634268923105829,59.02363553754893,0.9749924389202587,10.276030734583532,61.95952006489512,1.0044373299350309,8.543570130387206,55.28197227623512,1.0012929592609512,7.861494689600425,58.69322670322612,1.016840646970108,7.622109547250609,57.42755054691594
856,50.03027455955655,31.558266652324193,0.8650776030156404,0,0.9993061401384156,8.180361882777335,56.90815715390959,1.0062239324725528,9.845472334967406,61.89765599817393,0.9399136731232258,11.86061134659841,60.24753177320014,1.0093004234205558,9.822840895690153,56.90537057137855,1.007166628690168,10.089624107466571,59.7004911229149,0.9779059212544293,6.883552546274758,55.87420363063681
857,50.060903509854704,31.97504416859684,1.9008695381755196,0,1.0020270872898591,10.870153630587529,61.62427483054856,0.9705033170345653,11.19716863239916,57.262585247694915,1.0014479040071758,11.932201280675299,59.405630371467694,1.0157354274056,12.534054895217965,55.10748720548407,0.9915486541520209,7.345193663791424,59.499877989561035,0.9714194892590015,8.574252861428372,57.81150858445156
858,50.00004165923738,34.66002901512744,1.8104176585470286,0,1.0169224077541763,12.744320220585934,60.200838733443874,1.00128687678447,8.22802109787081,55.542840887453714,1.0018865265198844,9.92335332764135,60.20198334677825,1.020120020335257,7.554392067421183,61.92610713872792,1.0145786020212373,7.817024150122762,57.45504895412952,1.0063672633134648,8.753322558783042,60.14418761016963
859,50.08956065353146,33.69552252166238,1.9372404888972534,0,1.0052194469491618,10.864565220278102,58.20070119258688,1.0227032226375132,8.846527000351504,60.64290924066347,0.9686077842009141,11.201590012182939,59.076022104154504,0.972984814526265,11.522581386223745,59.41672920257938,0.9974219478418614,9.578024514269575,62.36776959966132,0.9718603109312028,9.710684116460962,60.41393557243963
860,50.02309511904033,21.54501191812111,1.6205829861481251,0,1.0074443686774772,9.871824371629662,57.13430387993552,1.017498084495528,11.291025245989267,57.98967378738962,1.0269414536072163,7.780065070139949,61.36618952721659,1.0160510717631754,9.416165477013065,59.88373512716333,1.0076393844003604,5.539501652416634,58.887542194746864,1.0223143393498513,14.303425537510908,57.38327119683972
861,50.02112783291743,28.77020712756842,1.1947201648235535,0,0.9972176509827815,7.370335198715396,58.51758677211906,1.0285002198777686,13.141178360180911,58.140415922700925,1.0102295319267736,12.176853415941967,54.23392434585073,1.009756645430367,10.288212692511744,57.08134898454548,1.019335217836357,9.432868639380452,61.06813209048686,1.0096664917455875,5.812904227055608,56.21221701853673
862,50.0477829708838,26.945414150519415,0.9889703791895537,0,0.9744118378866321,9.792164602168949,57.04995941436378,0.993442898658071,7.237322206551982,59.493093711745615,0.9909761788587156,7.928853216953531,58.84827007711402,1.0213926407834155,10.65491641915028,58.55589960344443,1.0126994712498714,6.293716765025951,54.58453885736402,0.9977817446706405,11.164362106401367,56.73479355601756
863,50.04574256864406,22.883655641818198,0.3881192117723864,0,1.0115391167200072,8.686841548546788,58.565773681403265,0.976620152993021,11.087217843467885,57.019975313738094,0.9969866763302206,11.400181517120803,58.52744896420773,1.0083785684335478,5.823285847169451,57.41878233904469,1.0236141759657431,12.663653048863335,57.574387886586194,0.989242761046758,11.088955766038058,57.138725799898204
864,50.0125029506072,35.1956158118971,1.1444540593688843,0,1.0062269295766622,8.698851952515353,60.196442533805524,1.019045313313776,5.962752310722059,57.12669124867877,1.0282162833648338,7.786165702558744,59.719773632579006,1.0357779436085728,9.670499422162315,58.999215705121635,1.0255233600988183,10.26764107812324,57.08931341164205,0.9907739205242441,13.865028692403692,59.12800074835901
865,50.017784741646814,37.912640573050595,0.621954848124799,0,1.0307212117888056,12.44473580933772,56.266560109526566,1.0087569757502826,10.908076319875196,59.5477435516287,1.011761777935569,9.437748831168046,61.178535695108145,0.9646767409354755,8.301758851861583,56.49065798135928,0.9888157304662438,10.6015981229788,60.79590397762041,0.9782367491470566,9.924027710071206,56.58946295932208
866,50.02532733044413,39.42242213501682,1.5988128059058038,0,0.9620533755638285,10.23036376993041,54.613127750480075,0.9949508990469849,11.374186456620597,61.43669186911937,1.0062696420038462,11.118393823030061,61.049354727663854,0.9969693090328592,11.56674437026266,59.72415415815374,0.9795687056578575,10.310343800103526,58.01414341058393,1.006144325183318,5.559672660970057,60.767337897560274
867,50.026128918918,27.881768988780497,0.6583087305393183,0,0.9966100655371334,9.278976163036189,59.56391042077573,1.0072351355909868,10.887321779749724,60.77331410322131,1.0172110350298909,9.40117681541031,59.20376659036607,1.0137750451794305,6.949413997200141,58.811641478616906,1.003393860249916,9.303917451032678,58.84926919060761,0.9627462690878713,12.175721939812224,60.573324752807075
868,50.02386010925986,24.192216228946457,0.14146520540791307,0,0.9634743607622515,8.967813311029685,57.423901904637304,0.9893116594507646,10.9416672675731,57.60220395817734,1.0014764851185118,12.798801738090582,58.17321819307443,1.0028239624159796,11.550636968637964,57.60977577619751,1.0481257512534115,12.166697162386116,58.64700075932282,1.049261312115362,5.801151902606938,59.97756923224742
869,50.049449256375155,20.471853356629296,1.3522650822043063,0,0.9758804862336447,9.19022243527873,57.76605741394239,1.012186791398263,8.596774134960203,59.21648578793449,0.9842210808579107,9.187612709457156,62.55633437249952,0.9906487530406949,6.45267245690731,59.637470790061485,0.9840092721197654,13.839329072587269,60.4281780087744,1.0318249214106177,6.3522733002788865,58.54714844288212
870,50.0431500402145,30.923123214074817,1.6913325242124424,0,1.0164306109176326,11.490339007353281,59.799665039946575,1.003490125165198,10.794368933259065,58.05183280812064,0.9980601776399354,10.212037383370676,59.22733044307712,0.9962156114087416,9.861510370390748,58.1602639873439,1.0156111610730556,10.920788147132217,57.257064089281755,0.9863115532954596,14.380938682826425,55.99081472418532
871,50.05283837394912,24.39795728117379,0.6911862124217245,0,0.9948317653554078,10.049910118366519,59.84106964876014,0.9826718945815082,7.412211741795154,59.02920254311339,1.0334718534052276,10.645880426504435,57.62146359226327,0.9768488585943145,6.951499106637761,60.03562551575341,1.0004561987036606,9.919052358420556,56.144122187964356,0.9817493839867464,12.02966435599588,57.490180105020315
872,50.01574138973662,24.89825154285628,1.1983494812778306,0,0.9991432401524327,9.481721582876206,57.82615498446504,1.028597382358299,9.75908352347737,56.41281428377161,0.9763166020897286,9.980663799365244,58.50849035910091,1.0207254319775045,11.928277525619226,58.561491375196674,0.9923945481130287,15.182761981805207,55.13225725690932,1.0265722574668243,6.79232367827254,53.43626469082226
873,49.98822698620072,30.583203100021592,1.5588230586454703,0,0.9880949248426807,12.694407405778431,57.80396144486358,1.0106833542035367,13.62012029984459,61.030757739345674,0.9931950103773883,10.022160556261188,55.540498250620125,1.029296032822302,6.275134846144535,64.5061718346882,1.006897300071314,10.252673979839354,57.28392171760892,0.9951007167810092,11.651317234431264,58.82806206763613
874,50.035737587211756,30.954956214339965,0.7419428514568613,0,0.9884350698388373,11.064950625428873,59.81419806649389,1.0232941364281962,8.251592995895942,58.99414120811442,1.0075225322767876,7.237439474027712,61.67947680486894,1.0076748221425926,10.022560044595389,60.00378446289881,1.026750039373907,10.018533208959136,55.49401925744449,0.9857457970926203,9.302975170567805,56.79859388680495
875,50.02468244230471,33.721502426296894,0.33957189162683976,0,1.0095622984076458,9.07030374983001,58.41991550635879,0.9777378053553423,10.832759208174178,59.638785962282384,0.9806479419274815,11.312830496554177,55.57661850891897,1.0207209749625648,10.678426133311762,59.72439402350149,1.016194480445598,9.9022431155123,64.18346225134012,0.9962054547882194,12.09969024708387,56.47019895187539
876,50.04431089433838,23.353518638886488,1.0941883823760938,0,1.0047508390842517,14.211547113592077,61.35486164769421,1.0284769313408604,9.995437263102826,58.40855614156289,0.9909992192157562,9.515699794710853,58.0052071476303,1.0097739958377394,9.726564469802017,60.84682036973378,1.0370854629006259,11.718495711110162,54.85922289194041,1.0136439007098905,8.883645962842204,62.04153059064569
877,50.0021484011292,22.913531856593107,0.818584920575242,0,0.9960239360132134,11.618577047626353,56.30370162015769,1.020170277706772,10.44324548206897,57.60723572108334,1.006868205739394,13.334696024009101,58.380304126395124,1.0028040352447307,9.470366030301124,62.86836711171179,1.0087051889903047,9.936278693883867,58.04282162583184,0.9963487432477918,2.995512043896671,60.52274883131463
878,49.98854556000473,23.84370236523023,0.298023595288577,0,0.9776027398064279,8.516582823650404,58.524340012138055,1.0098305717494953,10.567499785860207,58.88442930264913,0.9927947136828406,9.600589237121826,59.09021870993592,1.0007519971535872,8.689827224200927,59.19562730105433,0.9982838549573827,8.714043039577819,55.52115001234755,1.000123462072395,8.000909021900103,57.697287144313314
879,50.02879758463018,27.85018246274518,1.312987835930279,0,1.0079547630271193,11.679133559267074,57.21181142216095,0.9751625759428162,13.857168775588045,60.26142534693352,1.0192922330045795,12.04938292991732,58.88247434274742,1.0044728346026528,11.431296400053448,59.73323072244269,1.0104904158619548,7.963270269494181,59.260913971236064,1.0035406429379938,9.48582579411908,57.61857412939569
880,50.04088442559316,24.63989288064286,0.13206241627115212,0,0.999478027615823,10.364887983160715,59.93832829465788,1.0176544257558475,10.053295883703708,59.48970516032231,0.9499615638963722,13.645814952499833,56.9581397224875,0.9970523105300935,11.457832190141472,58.696099034306485,0.9942673182157048,7.221536294363245,56.83851241687319,0.9879667029171825,6.874105891802072,57.07925204526524
881,50.046024073375435,31.90895529617204,0.26777412558219926,0,0.9989925312473326,9.987004052392967,60.239896783831846,1.0349715902443266,8.124118813996937,56.87613603708296,1.0588603545855992,7.346012719656611,60.948514252850494,1.011723367737348,12.5224321639529,60.31073093019567,1.0654810411141684,9.193649313969413,56.424680515615236,1.0207383119211095,7.357295542198127,58.2816335911152
882,50.03345180980942,28.801398053320312,1.926444709469466,0,1.0172016672473558,5.969858512147618,56.72403148648763,0.9819680699342972,9.946257984417667,56.90252542148086,0.9858348122845065,13.386882621942487,60.347941559810934,0.9897489348175007,12.039798266507457,56.03903175538679,0.9951139725707716,11.341060849027864,58.82312399570061,1.0219035195465158,11.397253623658365,57.58222734550858
883,50.00449404814837,35.416583743821484,0.7157698783669126,0,1.0350413800406875,11.481719100251349,58.67272872880058,1.012073572740287,8.086592783330913,56.43342449819118,1.0009697930513068,11.335995231099737,57.44686959718253,0.9833944682111031,10.581665680764168,58.166931905381325,0.993102364854816,10.822778962912325,60.336284963559436,0.9857174835223386,11.078179607957379,62.66968181709922
884,50.04596593752661,26.52768241125828,1.7357350503644404,0,1.0039894540584045,12.269221311020718,60.358838875960046,0.9959337509741601,10.699620547910746,59.89768498053982,1.0158794335385597,8.668562447887467,58.23450408680641,0.9945919958831422,10.38331041795833,60.112460484426016,0.9876985152150899,11.620295927003362,53.31068116442426,1.008693625898147,9.060768123071119,57.43964645496332
885,50.009156404648394,33.536503721761456,0.4393026510859799,0,1.0217422183080915,8.110191178470512,59.99358078148632,0.9999169870164716,9.077848393367985,58.2948203648395,1.0140735437146555,8.071394751240183,60.242440867887936,1.0127458849885929,9.184785716944079,60.3807563826412,0.9975078034404795,8.635255324666886,57.20172528095024,1.0047609925344887,6.6949738441270625,58.01845913936054
886,49.98951629052674,26.16745532711702,0.2160072636555086,0,1.0073015596944626,9.495735799712818,56.97434907935536,1.0230299187862752,9.391273044503514,59.02442069969055,0.9866447226992369,12.511381385695437,59.293283228434966,0.9699667158755434,11.967958778131502,56.05521250929265,0.9937996533088892,8.394516554766119,60.10168869468981,1.0452587807270857,10.218023901604234,60.92937017704409
887,50.04957669729141,35.58566347462943,1.6112297823656911,0,1.0406233829625298,9.321431595259856,57.90084589203235,0.9935379537550036,12.237168539952986,59.622796798168515,0.990203684473465,10.870855256912192,57.490733785514706,0.9961634262786281,9.352448907181767,58.32346166148879,0.9545968000320865,8.450784787359186,58.59322247746115,0.9890947733368474,9.733943245551222,58.75137967907103
888,50.03264424670388,31.078785463075892,0.836924708541688,0,1.012485690407603,7.919722304710932,56.413343683767856,0.9740397955502487,10.227674623994284,58.83321736738653,1.0041091759738774,12.17967686067811,55.92566666744132,0.9665687748399157,8.962391963158543,60.89418207957132,0.9743116700580672,11.218389392731627,58.09323907586469,1.012845202269701,13.673924080593743,60.729428702503725
889,50.013192778342315,20.308911992977055,0.17713100739713505,0,0.9996767785535169,9.330698853808748,59.79379522712455,0.9974687162716299,12.528470348896656,59.1289022009566,1.0309856973909906,10.071451819927033,58.7435158085605,0.9851292734522238,13.758249744259722,53.787000089420445,0.9761938380343008,9.258550333618413,59.931453258984945,1.0135809162815768,10.13739701906793,60.9876049323947
890,50.032941973358966,30.08049046073704,0.5997302870092787,0,1.0045052459046426,8.614365035792494,55.612912960094604,0.988598110316763,13.09508236854643,62.23139589267029,1.0051010382164978,10.143644288193956,56.384450722161695,0.9615448058744824,8.099616517168325,55.876255243521506,1.0088960618847669,11.046146858441114,56.682301981957316,0.9970823200276269,11.22807337135768,63.53233691201568
891,50.04575860896421,34.58794240873846,1.1014820625815966,0,0.9909316652752544,10.654716603638244,53.54720677642097,0.9789759215565648,7.964080057145569,56.25563801572881,0.9996985778880536,7.747199860940626,56.50729222014151,0.9471500588338524,10.414080063594318,61.27945483794628,1.031942754291709,8.388451174435112,59.88325067911604,0.9752089906223822,14.960753874069063,58.31322857402524
892,50.06035346727698,24.335923590046768,1.6109981110772549,0,0.9872350498913266,8.269256331069974,58.658178434407745,1.0159633109044401,8.113242754036076,63.10783463526123,1.0155185563503242,9.33942781067437,57.044997593160886,0.9655192405514034,10.3811571606182,58.59602074273378,1.031358605455433,8.805083257501073,57.81014480453791,1.015409217699385,11.0378984170151,58.811096855705365
893,50.03276508937698,21.69459691019827,1.0249159466648612,0,0.9821357873841186,9.686191552885072,61.599176706601966,0.9838405801727996,11.665915337561918,55.181410409640094,1.0079739367057579,12.468959451091647,60.76900996562639,0.9853362944907494,10.602351977120447,59.586519348767006,1.003540640524268,10.721225934484357,56.492628250311434,1.0168783320935815,8.043891840701164,56.62650442501009
894,50.035130721965835,25.484049587653928,0.012271544872519469,0,0.9942701572419924,7.749992524774246,59.34537490826808,0.9949451379803033,8.83633670692298,57.78952074028294,1.0142628122465251,11.145560460217563,61.92131575533398,0.9648794359797461,11.668319146414095,55.397810521559684,1.038873793229132,10.442983753845503,60.87577872726776,0.9978839490052734,8.606512378151292,56.06284868924655
895,50.02482922238178,32.21372362898944,0.23211792057813008,0,0.9698899552185425,4.269534944563494,57.465869951582434,1.0012231898630688,5.895133687312599,60.570891698084885,1.0026133051515913,8.23126909856858,62.506557133379566,0.9808832516861863,7.964140248602916,60.11417015073731,1.0004272810029848,10.103905897075284,60.42786505846866,0.9672906501267785,9.747203547224169,56.40078260293927
896,50.034881314856264,26.101787313819266,0.43971554764210286,0,0.9883668163400399,9.197458072731985,58.16184037209658,1.0139442995344607,12.315504052044034,56.29531647050511,0.9909395087336159,4.3434799694114545,57.86053745221459,0.9993484481868974,12.12775173786894,57.31785466181166,0.9813820960233102,7.061117765191197,59.19798703790671,0.9946416665650863,9.98906201071681,56.01697814293073
897,50.004310882210554,37.69165843440146,0.6796965588687109,0,0.9923176050810646,7.441370749955208,54.99159706509854,0.9858602920801626,10.061330787331515,60.30196606713553,1.011450820653892,11.594613345078029,58.62671211196904,1.0434568348974271,7.511059281182316,55.86089811618448,0.979723841488752,11.665119564412215,61.42716190309481,0.9893427175835348,9.88105053652125,54.535644579590524
898,50.002513459606796,28.68001331555252,0.6273415641880045,0,0.9805206538000273,8.715240630053566,57.96902260796477,0.9435726787383234,9.116469480091732,59.122349975498636,0.9881791837199829,6.172736132190957,59.271909832457084,1.0156071625477519,8.639580436761648,55.81126882245902,0.9870443169747588,12.17652993530325,58.45539115554708,0.9808006647247661,7.0005578139546305,57.7071833276857
899,50.0233981596985,37.10005570007744,0.9625596164000816,0,0.9395181912779592,10.345174703178383,58.97055210272211,0.9847016984720617,10.69952484057317,56.861393868353325,0.968024328903944,7.371925973061453,59.67501538520094,1.0073076823586788,9.308427081805828,58.401591308734965,0.9856326502311342,11.036866614233283,61.50909180835525,1.0249170517421882,10.06845783666969,57.678954478151425
900,49.99278938983985,31.696911043024958,1.4872243083833738,0,1.0290828373806378,12.61384253903653,59.973220260507524,1.028542486540101,8.594246670288156,58.596174270077995,1.0473019831734904,6.499229959098073,60.88366655712113,0.9919670068632735,8.181000050953728,62.28350912983288,1.0127075919143884,11.909389038146237,58.31041990390194,0.985357881165116,11.94756921044951,60.962566112669585
901,49.99109799551598,23.641266140365204,0.3272796887406191,0,0.98441450215484,8.990994909180502,56.955509063044914,0.9739991557811339,10.34128191167596,58.08729481241562,1.0212480126185104,7.514220129227117,58.63226427382211,1.011306071853297,6.1013818683001855,60.35713461099682,0.9902778020048193,8.23127527502519,62.324337876568244,0.9747255544252272,12.09163865569604,59.20952758263254
902,49.990444142271,26.84991292166673,0.6771974953640889,0,0.9948255558754945,10.337895204947287,58.94673851238273,0.976808236900285,9.925818980989861,57.28774851932876,0.9728835037590563,13.51688730073274,60.68652822443031,0.9996463928746201,12.943513711703677,60.63030781017329,1.0366641901498201,9.366767296838438,61.53251180327007,1.0206634064214533,12.263621603932926,59.16960506068459
903,50.01759854060903,21.381285358783593,0.9786512356592745,0,1.0274194265776786,7.650700319112987,58.74642847723067,0.9705986817366911,8.346794354526759,58.34525269125868,1.0119271274874704,13.815678543317496,59.17328906350026,0.9484710447475531,10.657358180890064,64.22507698942216,1.0103602293580858,11.595709859324186,62.38989281824568,0.9777181824194294,9.205145824037487,57.28667929429513
904,50.007579675588886,25.56018881142615,0.32796464462971,0,1.0100586694011753,13.154546164216114,57.52523555378431,1.024647416637337,7.425555889324448,59.46604378547391,1.0079533215541079,13.799465128311494,58.14031591762636,0.9994768623008669,9.801420401132175,60.53260430710648,1.0016091290621174,9.397492128490828,61.7643403272329,0.9912124934713431,8.99395635751439,58.38407264922858
905,50.03268243857238,37.28342825111767,1.9812148200596256,0,1.008780436880827,4.683856104589401,59.062371183855056,1.017348743655078,8.494891986221827,59.603231554434274,0.9874699166691263,9.56391692283792,62.13469534423966,1.0189643673287476,8.886619164894487,62.07976139290613,1.0358847596984455,8.702497799950235,57.63692315282517,0.9806786405598936,9.376125653755233,55.97258028692631
906,50.00452499405246,26.388164244145003,1.2938272545181642,0,0.9900888157458683,11.638432086021375,57.028407596187414,0.9952934876875935,10.878085589459419,60.17179705631261,1.007585326743565,7.810201920065159,59.478834217730935,1.0454153022145978,8.495097193146384,60.42056198173543,1.0482706183430377,11.797961918890758,61.78185650548433,0.9661253242866238,9.153160697280626,58.83563993221428
907,50.06185129138417,28.63963927350668,1.5345110041369385,0,1.0005052562954904,8.09980341247553,58.812625607791006,1.0087692536725383,10.125448273078511,61.403422523257326,1.0169448430831394,8.478907367691145,59.22038840010458,1.0217382502421906,8.448148112291175,58.45049359571013,0.9989221281316341,10.860913718594672,58.28724426914272,1.0429935680532036,11.933656091733244,59.62971490092076
908,49.985578135813,36.95166136715035,0.04203610686129511,0,0.9647427692466167,13.235757085848475,58.596743948297274,0.9796974171379101,15.965839055004214,56.41228197320091,1.030369637544463,9.052479842129967,59.48396450743296,0.9892486472290796,8.409931586551222,62.06365833000078,0.9800758087003133,9.297576413401593,59.06851031439913,1.0330226774643705,8.842918042992201,57.01372360012815
909,50.00145962867494,28.28214754979005,0.981153230655764,0,1.0362316603412125,9.23714967597382,59.760897908106045,0.9713405113486976,8.307675369378991,62.194369771202226,0.9875975234266485,13.540557347351495,62.465879946838406,0.9931072342586864,14.862381956607155,58.33915919662477,0.9761375480784555,9.519849665913906,58.579099948331425,0.9878013895356278,11.176269458492982,61.253082699019146
910,50.03100137039221,20.929726040148715,0.20760689847963643,0,1.0156167879777722,8.940393647578249,59.91602639492389,1.014052853963373,9.678066621528128,58.736449913902895,0.9718490072377209,15.464331119482903,56.090212841710596,0.996513319612545,8.061230188598753,60.53779705437903,0.9795802718737401,10.546549237969947,58.20495119555119,1.0074346295366163,9.51504035295832,58.91597979125178
911,49.98746740318988,33.8182411132526,0.26392923342496943,0,0.9917495552190813,10.258045576592362,60.33216860177336,1.0004077041809392,10.90567349641516,59.93668186290646,0.9595999754636094,11.675988373970997,59.58705198584887,0.9862559089778546,10.65492701755468,61.55269618014756,1.0047757182013395,12.349314713186615,57.3973527727334,0.9981266947289599,9.269683417212072,62.76197457441787
912,49.993856335123304,20.633800847467395,0.23151068680256737,0,0.997131945923011,9.886480599504159,60.342656695773385,1.0397706407978546,9.31096413802945,58.7683797022093,0.968639539774685,9.27341284309949,59.62300370614465,0.9837331821207951,9.82189958338908,59.07603898164029,1.021440978828807,11.193201852685025,58.04958423410751,1.0101136910292945,9.02653128636722,57.1968118398893
913,49.984428126082186,38.3729462197206,1.6993226519684559,0,1.0232685345145363,9.808339957927142,58.05204488644887,1.0251446361232908,8.987493351282469,60.82034019870903,1.0246913837492009,12.90437576069103,62.249556701340026,0.9901427049247675,11.52300298659943,59.2341482521997,0.9509913037282541,9.59000398745776,60.60349871861353,1.0083359591768668,9.24389569372079,62.87003767813421
914,50.033609041657456,22.825561821435024,1.016267690365801,0,1.0168099260393095,9.254735274502234,56.59308154138283,1.00425285216283,11.378186721922848,58.09235014318977,0.985686154171234,7.447131127426881,59.34040051524485,0.9677600219682091,7.7247601351034625,61.647438814085234,1.0125560969316545,6.780528281786301,60.18699573661881,0.989444421507858,8.511708699399737,53.307209474280555
915,50.03569728288287,21.06602563508209,0.4284357676974635,0,1.0104098918572697,10.775752149150735,60.71589858049866,1.0014937810561961,12.159267403631059,57.22036568007005,0.9895016064683138,8.301478257023549,62.14530907318699,0.9609234655174678,12.170540758932859,58.081062298211094,1.0405305135108087,5.616709640983602,59.64986320160676,1.000681621707235,7.3776524698248,57.29836532961208
916,50.02815966313945,25.76931271351487,1.881212145663853,0,0.9775097130184495,7.659046124579826,57.00321356327295,1.021981748197623,11.426882119286429,61.34500956754747,0.9792611843574044,8.540135896091313,59.071570204408914,1.0065473423353077,9.834997138777993,60.96722966831174,1.0010505892919714,10.513790394067764,58.741244459422944,1.0190364738991893,12.811253903914329,59.91515153219084
917,50.01379854230041,21.48709680659783,1.181613583556383,0,1.0223591574418742,9.201469332252204,56.42056509453231,1.0069207868030055,10.345033520449041,58.85803355823475,1.0252266236442777,13.260132251778257,57.55455336208327,1.0391654092907463,10.189166763390888,60.83599335598093,0.978290471252726,9.426205509334455,56.306404064776565,0.9953343631563873,8.897826097285169,59.74062402038409
918,50.02159324309562,34.0098143909477,1.6438399392600036,0,0.9751192214985357,9.841410253430613,60.8727823436732,1.0092040323472249,9.026035449655014,56.90464967600945,0.9959515582810424,7.911097504802353,58.979460438237986,1.0361351274430568,11.638486023990588,59.62381739512104,0.9969800016863009,10.531761014520956,61.23298493862707,1.0210066558947404,9.72236251957105,59.17387565692899
919,50.02611973556619,37.23307038023502,1.1372338992097968,0,0.9860049428650416,10.95458811292465,57.99283672515927,1.0216047272746167,10.472393249119328,59.62561602480903,0.9995394420270324,10.87840803428113,60.05617832041497,0.9932365730395117,12.075048908502932,58.76204985141812,1.0158051487915287,10.562233540386071,60.42637750867105,1.006633483579015,10.439517504108743,59.63745071657264
920,50.06224445527638,22.52456820175128,0.13146262702892098,0,1.0041817118422283,8.294647741357537,56.82976563372963,1.0055303070383943,12.722881417664683,60.79210678155133,1.0516455864902694,6.945510255454384,58.409864122453364,1.0169345502926959,10.174256917212114,58.496183339270864,0.9794515996645391,10.075309846780307,60.13392174417842,0.9734335095632675,11.519688466782133,59.074782567486814
921,50.029236628068006,36.911929563289675,0.6068241262224563,0,1.000883893625429,8.505141666876527,57.1859541916587,0.9977557081859688,9.909370998970514,58.9632413377099,0.9822543770563614,8.444587782035292,59.26333588165313,0.9885694452777863,11.07892472599844,60.57077663222646,0.9956816470024014,7.3411003620162125,57.7894357447243,1.0171780311605199,13.04263096720127,55.80188127401945
922,50.022319301507395,29.868115339056118,1.9222301100352024,0,0.9778548459724223,10.063666388242304,54.82961598473032,0.9980766423801853,13.06762455232559,59.59044741751432,1.00553501291385,10.479234987351436,57.2783656001863,0.9993312261055168,11.637066922186627,59.101018844752424,0.9964212082254014,11.427089587218866,60.18869107482727,0.989008424674665,9.855913987012064,57.803132304758165
923,50.00036549525278,39.84863271143124,0.5301962828010274,0,0.9659270372512387,10.30815902822537,58.41898331334238,0.9924554543228471,9.44680976052117,55.250921882314756,0.9888167621284201,11.999049360696164,60.49975521896665,1.0162377838581385,11.49429203007093,57.24353574719939,1.049189548700293,11.21516125905798,58.02141244110866,0.9717950027636496,8.608834897905208,60.223242330733555
924,50.058376627066366,35.244838395484024,1.1669684341971907,0,1.0241924709641546,8.383999659522527,58.510157460132895,1.033683473888646,9.742590688312728,59.34204037175221,0.9970801157519181,10.00067750261844,61.000816758547046,0.9901855459858444,12.803408217825927,60.34464305119292,1.0036773461788993,11.585084852392956,63.43364634107931,0.9921708834514988,11.244629988537866,62.81404751223101
925,50.02907726792984,26.64346792499343,1.5505603286385914,0,1.0027818270221833,11.673539541016506,61.892310381185474,0.9831023986680469,7.641017183447104,60.732037438233355,0.9934458530694009,7.475507647026833,60.9526759251848,0.9918002527072852,8.312195254902111,61.98787477182754,1.0246124655153848,11.245031753649032,62.41007620483282,1.009035644144411,12.203677743291548,59.8776637971973
926,49.98321312066604,30.878851543035502,1.4858161441936832,0,0.9765874345091106,10.29763088309248,57.80084557399931,0.9835113753207594,10.63057456251808,60.075716433874774,1.0275018091354418,10.180316804034913,57.81201134926369,1.034324696770903,9.977451262767847,58.46560514504162,0.9494590745722828,7.5099204513779885,57.23439954805168,0.9860838754376611,6.840192438929719,59.46914252017777
927,49.975464781532494,34.06952376303232,1.4610398596928162,0,0.9942619033089278,8.9669110918734,61.9257385983569,0.9835274313008976,8.778121901218492,56.794677597574726,1.005125876537585,11.430846916951587,58.18267447221376,0.971936454759072,9.780669198654376,60.379130037553374,1.0126071809409378,9.036209819000545,59.87301957031489,1.013811370430961,10.526921452363755,60.065267766880716
928,50.00943544876885,30.493351011501936,1.641847185673257,0,0.9846854783846318,8.69006403245666,59.748375742344855,0.9913175886058074,10.521777294510951,61.495054712587205,0.9882042146608964,10.529896458622577,59.93105916582767,1.014057546723403,8.477715233424933,54.453957122704395,1.0034334348567946,7.7961701712284714,58.82236676656646,1.008875414964798,8.206227532814905,59.59006900359197
929,50.046571353864934,24.110904668699042,0.9986558959503471,0,1.0083027569375704,7.321309506827772,59.50847765343433,1.0080642406463451,7.155031351714333,56.376580878280514,0.9888012867814489,9.183160870844306,54.99024564594322,0.9982310659202334,8.849107363909333,59.5424785296653,1.0301309142521535,10.397025323064456,58.226642476242766,1.0044899046993132,6.685974860497011,56.75470028583033
930,49.98307659781602,33.57598920499877,1.9052710117808658,0,1.0612575967618023,6.640419425323543,61.65216998872408,0.9984396766570399,7.3230788946773036,57.528633170095645,1.0056381053862875,8.171792332492583,59.630029796607175,1.030305248793043,11.907916247699722,60.27069983669429,1.0281029256308576,11.525292934754786,56.63474993634164,0.9948980621159331,9.31267978766952,59.30978842093101
931,49.9851037837024,28.86815809642689,0.2869648775145712,0,0.9910969288038173,13.578243674505575,63.890963235727014,1.0098317026316186,10.530070628225028,60.10728261282382,0.9741296147168532,10.869265337428343,55.60989411955129,1.0236238821199242,10.380344057298622,57.79760350368944,1.0137732470186633,9.725494217629658,59.93522240416837,1.0158528962030842,10.280663976755102,59.44297380462201
932,49.9995741943467,34.062946370053815,0.338157074893499,0,1.0148530849946291,11.122901819534638,58.890103853563176,0.9917741030910475,11.062759796326262,61.962474717696914,0.9976395604719479,12.474648541586207,59.578060574647346,1.0082051348839842,4.21377441262992,55.22931204663492,0.9576905765960869,12.748157321128872,55.974696451887,0.9849826618878716,9.687944184750584,55.28594408161294
933,50.066522593013296,35.86988144593975,1.5882980993186924,0,1.0021830871999204,8.592543953106134,54.89815373281427,1.006976628288334,7.548861896426459,60.312031487399665,0.9743497125254229,9.521895925778255,58.430923370514975,0.9656218066936343,10.863750289138082,58.79001999202072,1.0137925797789764,10.75449225511274,60.74716386458006,1.0076797553498484,10.92640542193718,58.44403421998744
934,50.016480026800345,20.957603471318183,0.6453556644129039,0,0.9657032371751377,8.365678334121567,60.45718225609723,1.0013941070413122,8.69332481376815,59.32991469819918,0.9845615115375893,8.206102504869607,64.21180346461152,1.0027200853472034,12.15462534000621,60.025933397233445,0.9674949069814675,12.820912220799443,59.570332508754255,0.987699547544052,4.899447595657468,57.433875397235255
935,50.02061337673684,29.04072985965905,1.300488965838446,0,1.0260701082614025,10.676721295030514,59.87835540472577,0.9981697452330893,11.303622896108534,59.65717547138867,0.979928887182285,11.001373268144151,57.48933254748905,1.0168787403822335,11.07127848725009,62.17396423059553,1.0262299056877044,9.459086215723156,61.78421541453129,1.0132049663078568,10.484253371529885,57.971525009824454
936,50.00680008718672,26.027124426358228,0.3204365152737856,0,0.9765648668022435,11.042561591805244,61.91027763799399,0.9877514089833281,11.414590929775231,60.21693158656499,1.0121619108938642,7.788554631174344,58.42033631821189,1.0026798557574768,11.44237201717661,60.93087192260462,1.0265445844947594,11.680828619545377,60.27527875157716,0.9937889633744428,7.840149677996651,53.90370120845627
937,50.01738329219417,20.471170445321427,0.6582771176202988,0,0.9859468682379167,10.38256148520027,57.40923623555823,1.0028074423358384,9.965215176667726,57.59201170397988,0.991335933557403,10.002144542656152,60.62950705340345,1.0266801720829295,6.984536413944117,59.223594471806074,1.0073177892991487,12.33260040007514,59.32779255029347,0.9902253945143564,7.381799982051511,61.81532475906031
938,50.016189536301745,37.71833936158362,1.1026491330908512,0,1.0266700818094974,11.366125870487624,59.273283943684326,0.9978615911949323,9.527348809868428,55.76454445743977,0.986742734746976,10.211565072855379,58.88937833120662,1.0435084886314914,11.955526573320274,59.764168523473586,1.0176646245550491,10.390461482867742,60.54456467972848,1.0120683462383884,9.353517529820401,61.845984434259464
939,49.99021525404912,36.55999035066643,0.6472070390359703,0,0.9813983856960227,8.664934477036269,60.15155112316735,1.0109427405323133,13.711309434986026,59.03365001998534,1.0149116543624135,10.202271630431603,58.44923050533222,1.0088330643223777,10.153780682363077,59.324755416034094,0.9910668202655447,10.557970859254024,58.22338229266729,1.0067597362677847,12.719494999260478,56.51708769274295
940,50.0146384617236,36.83754104278506,0.8330685981421453,0,1.004610222095697,9.761266011193872,55.68661196952781,0.9941304142162237,9.620075399586643,57.76398183299921,1.0144558839075557,10.674603230652275,59.34237342821642,1.0196140960112237,11.159725910985992,61.434466093444904,1.0049580412160601,12.454780566508267,58.44061534146161,1.0087779598375708,8.199328178192753,59.498282881578845
941,50.03235963177225,36.80086930898266,0.3231732639259943,0,1.0009772603275842,7.612016004103929,57.91318012695192,0.9694215830150225,12.116724102563332,59.65943272766035,1.001522055253367,10.65538659784041,63.02028571996398,0.9878780578063173,9.945477976597594,58.498947533760344,0.9532798041768653,9.809775561691252,64.36468660493566,1.019514675712376,8.600291809512587,58.69217564176756
942,50.008040266228164,31.387477416696605,0.6211686190367303,0,1.010821663642782,11.492333471530468,61.58899433250138,1.0093151726798657,9.337097693417574,60.90028291125352,0.9860748967546561,10.067637128360156,54.227402016126504,0.9841004942566004,9.624134978844573,57.61246470478204,1.0141339637782245,9.505713167868032,59.07340523539005,1.0065623439012064,7.638648262865863,59.23392983716484
943,50.01592967995498,30.535660835026253,0.04262237316714912,0,0.9937845773755096,13.326915353447177,58.54654342674752,0.996893369474812,12.004107400240272,57.27300092348871,0.9842849336745271,8.443651046822284,60.75151005131295,1.010847598899445,14.569072667358835,60.170373475416305,0.9768016940108628,9.466363891633032,57.474931714378485,0.9884949208736123,12.637680466454462,58.20595220871783
944,50.01753489599242,26.658093501925876,1.190497619167369,0,0.9880919002367841,11.688963210866284,60.97029679421781,0.989113071005844,5.139102407126774,58.352642353677965,1.0238866026970743,16.155747534235207,59.783533585831194,0.9895510571084959,11.007722056236416,59.969671836511615,0.9854518645579216,8.725598831569984,55.0905346264266,1.0139769655674662,8.526307571421412,60.2800134417036
945,49.987760299624625,29.634976043078133,1.2043932927765102,0,1.0177830377807853,12.330987375385936,63.81279094347856,1.0298390149135632,6.757184185012916,57.59788608579094,0.9825068491787833,12.136297638164244,61.41629455002341,0.9808824296849091,7.06528536537923,60.64072901158286,0.9999649917770226,12.977538698696389,57.88722200765532,0.9885580323888543,10.019354092122464,61.924055700619974
946,50.03135958079271,37.72989359767131,1.725575438047053,0,1.0083081380377914,12.85987115752003,58.81664052456757,0.9914788358227302,8.20566252302176,62.61980364692699,1.0149539626312967,10.721522827785197,59.04691591636984,0.9964166206161738,9.20411640305044,61.08658053135968,1.0271168378574083,7.12117376485579,60.62129529535273,0.983964299175592,13.650229219623608,58.76812308014412
947,49.98457400495238,31.90520503679476,0.034244481876541055,0,0.9849642411728183,6.598617404138944,60.14665209967278,1.0019966715978061,9.950368721434682,62.0157595886995,1.0129610279603352,9.71679071460176,56.25434176910848,1.0034494672008942,12.335565931276712,55.14403396203518,0.9963233097648372,8.953104678881731,60.82288211525924,1.0075924157554845,10.250695746499677,58.39451977998392
948,49.95373027966481,39.88621814713052,1.0597797175103225,0,0.9781402601259737,11.900113032572165,59.40212744419409,1.0183186678482905,8.194420069173994,59.461632620089944,1.0032349357679564,9.7667331667847,56.96710004349718,0.9918705831791609,10.213586397058437,59.568538759332384,1.0130055960219095,9.805301536457119,57.443666762088725,1.0201945942587092,12.905581682292178,62.279032723735256
949,50.00181899127382,33.62642596687664,1.9080654490772984,0,1.0038671124686325,11.750657814819352,62.37912832120912,1.0308376322971378,11.000573687449048,56.72845024766721,0.9968410040357208,8.23117749584519,62.34683194036954,0.9788298750585008,8.233377366219141,61.29749900602968,1.0200700786995323,10.262226450641338,60.333834906114284,0.9957780561872899,13.865516189467494,60.022349488861444
950,49.97349209736539,29.59539595564526,0.6861899327097252,0,1.0188322059406438,7.790573139914871,58.46727461868563,0.9647838841882008,8.912375285621485,60.430055968971864,0.9980235218737317,10.105241116078947,61.126868527370185,0.9828391851299234,8.042764524074284,58.52408896922399,0.9823828736611757,6.9455697962041985,61.36377254213457,0.9916840542653496,8.471807644841356,62.66950225650696
951,49.99966489867853,33.387190663710534,0.5382359767827449,0,1.0002733831705564,7.535679801866849,57.88144988009873,1.0365270685117207,12.483685066332333,57.89596382185756,0.9883934404529691,10.824559579751602,59.66529122728079,0.9778240027266581,11.542256441700102,61.63941870024282,0.9903101206855062,10.581390856281875,59.598411407390735,1.0051474861014158,8.873139194793783,59.123289279652695
952,49.963987475517925,37.01986568143088,1.9220166465755284,0,0.9866394863283674,10.145435202172898,59.28956033683194,1.0075590511355847,8.646371201795615,58.2024652805963,0.9981346355461485,7.722289796155071,58.257642338999005,1.010975046966502,5.227937934087977,59.18857611546468,0.9746150098659255,9.06302205299815,60.83512038414706,0.9934956804357113,12.506599661857859,62.40900242691011
953,49.99842652512569,39.802861294051155,1.1850132046358377,0,1.0038370969497006,9.178020626400892,60.31074612389339,1.0387385107077558,9.620354122935586,56.84632178052288,1.0365737303830533,10.276632179562974,57.09765227842376,1.0357692154069524,9.993112860963251,56.47078005399062,0.980350880804808,13.711758498765747,57.97360978484314,1.0073653342385884,8.149587904328449,59.51868195732119
954,50.00522693901301,30.4308833100384,0.14344942306533892,0,0.9736642130036414,12.054594574674134,56.428486592345806,0.9901803687577776,10.144404639094798,59.085681133877785,0.9995114543963978,11.363406655998583,59.92623542318557,0.9922911219884901,9.345920939102907,58.92247167047911,1.0092083834874932,12.088684674088466,58.57972547939825,0.9915504253440768,7.800596538035796,65.43752535675678
955,49.957618484886424,20.59949846392493,0.5826591404816024,0,0.9836529709929067,11.349073768643649,58.341000351908114,0.9903011690890429,10.833479134809371,60.051232236353144,0.9931099056666203,10.333028723484535,57.528102897165056,1.0260199346967327,11.846980902410342,57.089628748948485,0.9899523690388675,10.612219351135659,59.193157565921005,1.0314618084449922,7.217267492365576,56.900377617698624
956,49.9888269324782,30.52809624807349,1.842280840553718,0,0.9910688893287313,7.918342174411347,58.814353154269014,0.9983143891413463,8.41365807251387,61.25551716098566,1.0167211560838914,9.428974373791318,58.85871227233729,0.976676728490809,8.181230289093296,60.21939842565945,0.9973376529675123,13.868348836581013,60.49904479630471,1.0182074444548568,9.031364370115867,60.50224370807263
957,50.02944480146184,23.520735633487032,1.995919114185611,0,0.974761755421033,7.115020194731728,57.11641315346218,0.985558898907337,7.908153676273527,58.89496458442623,1.03652034521252,7.2156117753138265,55.56391701597781,0.9704176153015337,10.386902426661157,61.082595433913305,0.9937453398101613,12.061561607722728,57.68067488241567,0.9896372012426443,9.739724749171234,59.36268531872141
958,49.99765019429918,36.34410337416824,1.3078978077463546,0,0.9769643629777123,10.554219795962235,59.81916180999215,0.9881946843651561,9.317426880937536,61.234615612633746,1.0378815425100907,13.622390008367992,60.32377543281842,0.9851831324396816,8.542240823725821,56.10571784349631,0.9649658631170654,9.270177083644326,60.63169613277033,0.9959814960505526,10.231634378688277,59.659422594382626
959,49.95863412486374,30.605713251232054,0.12456763051234354,0,0.9926460567549008,10.6934555255493,58.690762162015375,1.0099053787705297,9.059654933418063,62.65323139893182,1.0273761789776643,7.782433316345632,61.7562880297427,0.9850681940310516,10.708647962499466,58.00153908309172,1.0116060005393217,9.345791593315514,64.12070005885784,1.008346412643388,9.031073957022851,59.1659117453258
960,50.02739601582973,28.331481245878273,0.4598955320869047,0,1.0158593224715664,14.072187048032754,56.83223631588072,1.006578922845511,10.074279949411048,60.868436679776444,0.9932239884518896,11.443028282222212,64.43732294048792,1.0049249792514898,6.488940296078148,61.50208270967237,1.0138839941080564,13.072205590455688,62.79295540108026,0.9850351911514709,7.904606941967973,60.09312074485273
961,49.98748602365371,23.42233077769903,0.33394915014034887,0,1.0002150745672302,11.259707040027632,60.19694177954425,0.9882935563312545,10.990540869154199,58.402987282335495,1.0150462487611365,10.663315840827728,54.30516897844416,1.022632285247401,12.835868852315581,59.110956969654275,1.0053253928570136,12.366198517936287,58.9481404504269,0.9989556280954521,9.132287336384154,56.25486232903152
962,49.98743989669565,24.486836153324173,0.27939196954967094,0,0.9512033441072671,9.399728962535535,60.442716608738706,0.9846519137166765,7.99625432874142,58.75285811902555,1.0053068467307789,9.951473098755951,64.12395163812748,0.9997437868554401,11.764405200098764,60.51859364445936,0.986829160646902,12.122987943702617,62.856112725692455,0.9746995286665976,8.111793479702643,58.43833515401639
963,49.97989190420665,24.26707068694061,1.1979729523611273,0,1.0379156817631987,10.346231668216483,57.3196352836035,1.0038535246377716,12.798382552406041,60.20479699413536,0.9894245287962863,11.641127405080427,62.41194951149103,1.036129147072501,8.396587773226853,59.73965513679191,0.9984679522516411,10.455397744754837,61.689317776586506,0.9548235810866482,10.848949488595048,62.00492639351055
964,49.979915624333145,31.708699006028446,1.0671352316109948,0,0.9711009867139164,11.138236738165705,62.09741881193954,0.9741906033512527,10.73972293787603,62.23455963576976,0.9962320801702907,11.297978985967195,60.20243626556247,0.9961207148727959,8.403683530485553,57.84449125663367,0.9811069900210341,10.66891512103022,60.7596370941179,1.021345464371192,9.014083985934782,59.51813478164093
965,49.992226009282724,25.656250792756914,0.7248641543079426,0,1.0162433230011094,11.513811935415399,60.27189463246674,1.0430594179788815,9.449835977438527,61.14437359839383,0.9945363017458828,10.928220003359396,57.23241632453131,1.023094337964601,13.42746846481426,58.24949615083255,0.9822452177152707,9.175674103268703,61.57244291461438,1.0012515649449691,9.228159446828059,59.224083724750805
966,49.98524855198448,28.08120442977981,0.7274239357480727,0,1.0104344825164802,10.09416764730782,60.2427891892937,1.0512113644387322,9.241820666649566,59.1565286496104,1.0096028803331594,10.168741677548168,59.831808103990426,1.0022090397154275,10.06624044654921,57.20473587980477,1.003401963532566,8.8769553450661,59.842877151478454,0.9938710190356057,8.34278617422255,63.09421956222372
967,49.97632541769545,27.240489656917,0.98732371678419,0,0.9998459328659567,12.123649879270932,61.99884659610294,1.0218830464041058,10.8637899967435,61.21676693293499,1.0305470185360104,8.537429009150449,57.332256948542145,1.0175438291882493,11.298553494684608,63.16692961536286,0.9894218307191089,7.893604299158801,57.72787928684009,1.0452955814669356,11.08026899588662,56.55850048332305
968,50.013089526575264,30.55517349670726,1.9810550551325699,0,0.9753768009434475,12.646166307685846,62.52832850349445,0.992659886937532,10.063004813616393,59.41613666077207,1.027690069000517,10.438404457027495,58.455563752990614,0.9703113893012076,9.73568339789653,62.14456813107817,1.022599174931338,4.859444625159876,63.04466915062231,0.9972739044235255,8.51174302102921,59.99073664185035
969,49.98467033082338,31.71607679473218,1.014584718624308,0,0.9862942705571166,8.745249531891304,62.154437429888944,0.977978358890195,7.224006754531482,61.17152312136828,1.0180807388188993,12.226600961847002,64.1381153413748,1.0070650249188038,12.556623288825252,59.28393055700615,0.9988326947614579,9.917023205271237,60.74790499726526,1.008340162487997,9.635099703805052,60.24566101815375
970,49.96187262726337,35.689793694021894,0.32417710884922113,0,0.9944293229901336,10.081484298397555,59.220948129469505,0.9871670055389529,11.338633932149593,56.05759894993739,0.9959499158331513,9.01780804679845,59.118045354761655,1.0115750045772445,13.457614052213378,59.062362458121854,0.9907019095572136,8.316006550491759,57.98686595810966,0.9989687497068191,8.421730258113625,60.58552521313124
971,50.00572019433366,31.09821397403207,0.7615873614617568,0,1.01755261854537,10.072895372231573,60.671734514228646,1.0021004118500862,9.755176670715803,56.04131953446119,1.0262590920124632,12.216779182159499,58.81657431724752,0.9817234572859944,13.332724226291349,60.048235253726354,1.0222992075166482,10.076279652031175,58.90637652601959,1.0074591039545848,9.97763873754844,60.55837515787911
972,50.00857619171009,24.379644652127507,1.9075274672141431,0,1.0200890821411746,12.413113498820522,61.195620003860846,1.018538926675566,12.133060413624474,59.62328577505759,1.0334041048586424,5.922900551901972,55.60484592829026,1.0075673153306155,9.169694191284647,55.322686705146126,0.9923754694726007,12.173941332285922,57.88542574870504,0.9883160658036781,10.861113813697497,60.72258166185406
973,50.03740262606444,20.907447978053057,0.5790808096872522,0,1.0056500718184473,10.17374711432183,57.91597381920647,1.0442704669497234,9.021318394449493,62.38587159637457,0.9608394259670574,6.798543332710172,59.35670374057418,0.9930446817198196,7.110753165785901,60.65289103951054,1.020704607047401,9.028601117171807,61.29287449597679,1.0043608260782684,9.926403211776798,58.869608868245365
974,49.97008496205441,22.49189207161914,1.8524462542835587,0,0.9781819419592499,12.15317382967828,58.61079201788805,1.0121240146261747,9.948577099336898,59.28905590199089,0.9977001646018697,12.29301036483535,59.13530539623994,1.0140544496647426,5.665954427413065,57.75170207138278,0.9925897916558857,10.09425980083274,58.7119163551742,1.0084373180487527,13.139343590554228,57.52953550197587
975,49.950148406836504,23.816266900115956,0.34434768946288163,0,1.0274065997971558,10.004963139262774,59.12994639673444,0.9812058155034226,11.555639357580052,57.55429630574699,1.0148002786917785,10.528595247765463,59.48673395501862,0.9799086054968285,8.550758297757529,63.95415448001307,1.0287575271981868,9.386687847235482,61.63625202950311,0.9826208478598771,8.831974391215432,57.7436621002467
976,49.99023529229576,31.304814580190573,0.642179777195321,0,1.00446905475049,10.879369178987995,57.36901045181958,0.9686924550076523,9.405235334912541,59.31614688261982,0.9708047296407251,12.92167237666947,63.31242506931761,0.967481176688479,8.323894877765198,60.5608531566529,0.9904466025160639,8.81865041182275,59.169690829226646,1.0001463574885747,7.227111398728644,58.98132870560871
977,49.98872082271453,36.219901423656495,0.36363722106242125,0,0.9553371785125925,6.326285773738654,59.81345667481066,0.9998651192811371,14.055894515655005,59.52101443088918,1.007129301226528,11.976577857055299,59.501168879716644,0.9734559550200049,11.883342586137513,57.85256051039832,1.025148682608749,11.182594844593424,61.72211930571055,0.9905739954398755,9.007837988195284,60.58519588117031
978,49.96068150688399,38.89348458997341,1.4185541871712664,0,1.0478989736624753,6.67864442551039,60.698739226403376,1.023629904761673,9.656094467146554,53.52439761437225,1.0250321298746485,11.8071326969427,61.985691584263,1.0221702686466902,11.87636507750238,57.187158278859386,1.0218702117579466,5.827462551344523,58.65300414474631,1.0253216990718559,8.080567891511567,58.77446359121003
979,49.95712428105575,36.113436306550334,0.7944457071078777,0,0.9823383244266557,12.709424150568054,59.28105120159551,1.013201280788958,8.838127959670636,61.98055119552735,0.989733521108709,8.694465531081764,61.46067429032488,0.9839429738624936,10.737291867905574,62.81346253117,0.9898712335406866,10.011924397407794,61.0750768489244,1.0176352722904167,12.818454279455343,60.19212085608977
980,50.02105963172267,29.83074498970893,1.7159441626249665,0,0.9876998887778243,11.946037936112791,62.704667304574556,1.0127929403994866,11.120231738528755,60.21058367035217,0.9734596299493335,9.109946442824803,58.54031331026285,1.0186897246897073,6.782887733912716,61.00911973787545,0.9943798421889073,6.944130695426383,59.97902866490611,0.9818048683636122,10.305454682087642,62.953379815432996
981,49.99087230717712,24.637841750114546,0.8207718013187366,0,0.9984898353442713,10.950687804106273,58.68584551275305,0.9610281158430083,11.384939907531734,60.2838496854909,0.9758583597124969,9.450030180466102,59.72317250266529,0.9849637083582763,9.939345766749875,58.97122471087602,1.03001078714146,7.342509205895361,60.63205780452242,0.978526142799358,10.691190469024713,61.72513074191614
982,49.97597234963063,37.28865962223533,0.9485600887619994,0,0.9870138871779466,9.389243471275938,58.99598136753688,0.9931413189221739,7.050785134527281,56.06738004869702,0.9592660816813245,7.636005260232312,59.76057764877958,1.007678521113165,7.72206805469135,59.36355491624105,1.013315901326426,8.52521006636676,59.765976133609925,0.9866236053452899,13.087121694037918,57.48791969940589
983,50.00231152099335,39.461003476427294,1.884983975648865,0,0.9943578259474709,12.940453342280929,57.9807835390654,0.9517013226144011,8.678099260288338,59.59134134506779,1.0446319960930353,8.735622508478727,62.93070313614812,1.0064370416462434,11.754087387015534,62.27802812831882,1.0046788403986866,11.271017638175657,61.92535993123184,1.0057203380655049,12.108699092386239,59.66043086215977
984,49.986970936931506,36.11437567297578,0.997203251403638,0,0.9953395687487666,7.469843734958868,58.34469296307232,0.9791909832632633,11.711539856531886,59.31775497969832,1.014317387503251,11.425696018533054,58.88937797451904,0.9914125499709389,13.123971803354516,59.97295972719767,0.9969512522983499,9.918619821868141,59.157982484847864,1.042071670657725,8.1305669093996,59.17504458611432
985,49.98637294896466,25.70519648928306,0.9989213965600905,0,1.0259073150226827,9.084393997099838,60.57441078026834,1.0290678501317234,7.911917995951247,58.48499907335034,1.0205857304165995,8.53441024205042,57.19090513687224,1.0088574036600508,12.004951916792841,58.107162581058056,0.9928861309638828,13.795680795877463,59.26924313316553,0.9897784313128105,11.304662373026817,55.94860596339116
986,49.987712899409686,20.97423372162356,1.6414802960915185,0,0.9872570612530864,9.4562899719559,61.105793510303855,0.9763775501918928,11.972260747462087,59.241947114285935,0.999222890267455,8.936172049060392,62.49437935775644,0.9843994035765297,9.3774073378653,58.05781579298521,0.9966931954933372,8.576845360274008,57.87736799686774,1.010452858545998,12.280201542418652,61.87064626728419
987,50.00820735085051,31.704873922574617,0.025412101170682933,0,0.9666073778696878,12.167185098972345,62.72567406246588,0.9606893172711592,6.965054726801711,61.013910412935836,0.995802574779528,11.586135816499645,58.98170839201942,0.96310955214933,8.489894933005246,61.565001042332284,1.0311446444681465,9.66245346507633,61.482155055883766,1.015547645793251,9.176905314581923,62.06855971711941
988,49.95673191647726,35.46450888806514,1.3723255061484618,0,0.9890786932481281,10.457266958170647,59.746263175367716,0.991860310118033,7.738016016178399,58.4725791492704,0.9935403183410023,10.897336819519184,63.28432413413986,0.9828624331046317,8.784271186153555,60.65272175430271,1.021747276177665,12.26968349630782,58.90766262333177,0.9839424102533174,13.067593641343246,63.26544176977415
989,50.002505382558766,24.258101132286093,1.2563618820976097,0,0.9899878845873363,7.3853850838885595,59.63535891641032,1.0284776745986233,12.71261861783239,58.55702753535932,1.009998651220839,8.455443997669242,56.92224221564789,1.0092869637077522,10.849088590136464,57.49766970245171,1.0058266276590788,9.063283462514793,60.99290696380011,1.0023431159103677,14.114716701582395,59.162936879089315
990,49.989110226135296,24.420434751679043,0.2579802264164184,0,1.0005198753461577,8.36420245366703,59.829726007540714,1.0283869708629725,11.58057451483672,57.415005054248866,1.0150441112566861,9.09403005978641,63.510537844888276,0.9824006876948016,12.805292365238495,60.52455145492677,0.9717712204696372,9.326241916138844,61.54364233470506,0.9864134583292871,11.182385333366707,59.72126151520133
991,49.97385302024746,33.878976303826164,1.0620951962401406,0,0.9508083289506502,9.861909776910109,58.338693109002485,0.9779369892735265,10.706923817919254,60.481688925961095,0.9948194250735108,10.141386851881782,60.096366320428515,0.9812710137636619,10.276806499196214,61.46142482923334,0.9711268110150769,11.18406093250766,60.538386278819274,1.0129728662200883,7.519235393077688,54.766036811114695
992,49.97634143692255,21.189430292592494,1.7792586153095649,0,1.0058065338456483,7.3279389721218156,59.91959782268042,1.0257836566028986,9.644731190703657,61.11724030616227,0.9945480852274278,12.057406651313638,60.772978890278644,0.9987207966902545,7.880397552232711,62.090012076375885,1.004396861130651,11.349674087331316,59.10900618688182,1.0130519911265348,8.984500191634053,60.88530537053389
993,50.01532105740025,28.634540473830974,0.6578182384361404,0,1.0047519980655875,10.57373698581246,61.863246462634635,0.9895134333980923,14.080937419532699,58.946931084706144,0.9780070349808121,11.125231196414212,57.15127926812222,1.002996172386238,6.231182989120571,58.116086683896455,0.9902342254773628,10.734537888638576,59.927160128997784,0.997946254068977,9.597549789135961,56.906606173470905
994,49.97509146928904,24.450440682541156,1.9131830205492364,0,0.9603170663262722,10.423190334457486,61.006752782087794,1.0136407575986628,7.802649298736933,58.280917572712916,0.9833773906819533,8.62589971135898,60.496990165232454,0.981363334573977,13.652643228651403,63.49996934025226,1.0185126155120197,11.942002811564157,60.53345844467834,0.981513752684734,10.823925396651958,60.16868316776607
995,49.95015708654265,26.96979433846682,0.6775322026000434,0,0.9922109915692598,13.015253111979426,61.20684482540677,1.007998621017374,6.065220590363045,59.161850056228516,0.9872750623432579,11.283133168286305,56.35672902412669,1.0009737724252556,12.903119986823683,58.14466338304947,1.009711287820946,7.696490134166485,62.46380485547287,1.0056051967273472,9.731859776532547,63.27462223744849
996,49.948048596466194,39.54632573865098,0.30011302523847005,0,0.9887179188022973,11.537190056479202,62.104946697384136,0.9856122104879999,9.51631462216572,53.63499557672262,0.9990847064468726,10.021812019531728,60.85941322564622,1.0046897277302687,12.00351248544782,61.134571938832295,0.9676099856042749,9.956251917181893,58.256414230773345,1.028640891295099,11.973518263829337,60.098425283118495
997,50.002368711082,27.7313020650046,1.5749659197209298,0,0.9810026748599711,10.168689334098078,60.08289963314878,0.977175355578992,14.175621969677538,62.14388664571325,1.001787756980515,8.561451802942234,59.09790989052988,0.990494149926783,12.39052499237795,59.122034717413406,1.0313198206003278,8.270444928901213,59.19824509425001,0.9644868372939809,7.537701325391129,59.54859439953497
998,49.958142485134616,27.245535311684534,1.2040205501851293,0,0.979196683264709,9.49895785320374,61.02366870566734,1.0119755518725673,8.92011745952127,57.642543416593135,1.0122228973138507,18.933932169861293,59.885756117380815,0.9828411710260784,7.580020324694828,60.64496320956098,0.9924632235441362,8.947265173273674,57.85947334340315,0.9932340473852029,6.617137068113008,61.27539207781493
999,49.96410358532907,32.54990165701625,1.6699128622412271,0,1.008483987506759,12.180917053334642,58.50404939256902,1.029340417640437,9.748042638119268,57.39749813801665,0.9709051456686117,8.18298934665012,64.7814374141844,1.0394525165969986,12.40635637243934,60.27834493508724,1.0427302149705506,9.331716977611595,59.60461203720449,1.0169566124609672,9.065017876526692,63.21190623702901
1000,50.00136278920764,196.23666902224352,12.782489070905529,2,1.0048075585046858,13.255403872703754,59.1769030621487,1.0094981243808452,7.7516484311199845,60.64306796882791,1.042186889018408,8.279484575332106,59.56601781076451,0.9779127918601049,13.044364501231858,60.150657053043226,1.0062387915064988,10.499075939461019,58.67927641331345,0.9857114087601887,14.207397902875927,61.35778223656949
1001,49.96219657616029,193.55613840010963,11.970230153832603,2,1.031684495284618,12.509424336989078,61.67955329203658,0.989052280701876,10.307677260118865,58.621896051985175,0.982581502364054,10.331645665407887,59.39302023730522,0.9847247820927537,7.053802283774075,60.46762387937507,0.9990373325868339,11.935966748803905,63.37759191578265,1.0367302743079554,6.653658482129069,59.23925615565918
1002,49.98363614538229,194.53305972716242,11.860863689445992,2,1.0095541347251535,6.539741244986069,58.0204689288822,1.0150881721676888,8.79701303093102,58.45812372257667,1.0365567208199291,11.579234323445679,61.452035981266455,0.9874911265290436,12.707847227323931,59.72873650820428,0.9992416231843284,12.02148483168604,58.76034647166018,0.9933085709817389,11.552717384797022,57.38532110874142
1003,49.99613205102412,193.58722976631873,13.023771557066574,2,0.975683337100212,8.608397367030681,60.84414083746077,0.9964552366787683,9.086586636338673,60.602097199819234,1.0065868129626538,15.298184130583216,60.6369975211055,0.9886547756037987,9.175577158518774,61.6441209827889,0.9947164072527572,13.672057747835929,59.48722860300912,1.0067561424287674,9.884878658959305,60.13584482609366
1004,49.9821992559452,204.95731309330608,11.316646378060573,2,0.9956620897938441,12.081374090124315,58.29029940826236,1.0072006454993971,10.32535279364097,60.12439922722078,0.9913313882896909,11.46367136582147,61.60465055652208,1.0290555521885185,9.062393531866174,61.58593398267372,1.0003366870090658,12.720702825575353,56.96674501378051,0.9652841170017501,13.11920320802892,57.45849493145225
1005,49.9388722336274,207.42614081278924,11.497720236866307,2,1.0094125925941733,11.377625267458662,61.48533146075876,0.9612248379076173,6.893017115907117,59.341180565582526,1.0194563108615067,4.676698795112619,61.520867299534295,0.9870653888518691,8.758057516871755,59.916427551840904,0.949890679499148,8.783131358066722,59.39718927453927,0.9911982571257067,9.670527515315312,61.40058495768092
1006,49.98856463013243,206.16730310006912,11.954807530575698,2,1.011530700209541,8.628138363972761,59.130485398612045,1.0566451960422187,7.766374006794542,58.86015095618808,0.9723005068285382,12.966458076147633,59.67587865483784,1.0111865411944996,10.684356015749996,62.45319719040981,0.9802073325951494,11.930234153099068,60.49797555254185,0.9866010002564598,10.804077029417076,60.25249993492909
1007,50.01218519051252,198.34215145580805,12.484520173068486,2,0.9999917904656273,6.474473026230626,60.37867060522202,0.9999463050879757,11.577047572855095,58.92939551619489,0.9706193075429971,10.488097063566672,55.051947812164414,0.9931207342465335,11.815550333606373,59.66137972936655,1.0038528519998722,11.179084075408085,62.60209922100353,0.9939596709995463,8.270590000055225,58.241553973769186
1008,49.995329858965164,189.86684516547524,11.564286792069868,2,0.9962385786801151,7.709807726603745,61.49372611861384,0.9866633876379467,6.966254201659972,62.21025581208753,0.986726136775652,10.47262517610234,61.301686030387266,0.9890199135242324,9.485233938448717,59.967372593532225,0.9678013625736036,12.280759455012507,57.51297064457482,1.0008974745714996,10.33532735425999,59.43934791560616
1009,49.99855129484459,202.3294130424991,11.858528211568528,2,1.021832337447348,12.143309711809785,60.47600806292249,0.9676646331757693,6.006419787274133,60.48182597545725,1.0072626519851673,10.647085499313576,63.745219336002755,0.9936799008902202,7.853001042913087,61.28489605141154,0.9893664427738575,9.516841408278939,60.22328026768229,0.9707252826314916,9.176195529851325,61.91195453390585
1010,49.97350424556419,207.65063012219775,11.791112804482104,2,1.0178069437738175,9.69415258973611,55.59560234999458,1.0149070143286847,9.092290129977943,60.66096488879631,0.9887787435582045,8.936867322325948,59.98978756919099,0.9975592947253886,7.347166300778765,58.32022218698474,1.0087088262951924,11.437531162009034,55.398020266516546,1.0258077847045841,9.961588243895104,61.50680584731873
1011,49.98659299379308,204.26121356840508,11.86479765449392,2,1.0030235947406156,13.29613812540096,59.032163141395905,0.9844841598042885,11.29449522434454,58.80355700647756,0.9588845056721754,9.154727362660777,62.40595778836518,0.9612999026135783,8.56066751335708,63.319053304164214,0.9894380230103803,6.215984631649229,60.1681659538989,0.993513504592969,8.067953725912531,58.38942913240548
1012,49.97235003370057,203.39124751958423,11.374510129111513,2,1.0217867254068314,8.436190168164545,62.14350525847738,1.0042822511125562,9.567585463109548,57.86143438003392,0.989232447250044,7.017179396168201,60.52951525367701,0.995135026306094,9.894593431001116,61.76912520422436,1.011490037526005,8.031886763519275,59.36788156567319,0.9849423696560168,10.71159679087307,56.05411614185468
1013,49.97989123122723,204.7993620040246,11.629571329576471,2,1.0185582402078832,10.871527281609685,60.7272048863721,0.9377076649170447,9.835057807074039,59.678192421389866,0.9860690267371374,10.871696307564287,61.811437950300395,1.0398969280613646,10.795990923695332,58.1433479795081,1.0205542396771263,10.815757675402752,60.133250389651096,0.9952255269180219,12.675722072197676,59.528407416556696
1014,49.99079126276388,208.3987751378244,12.118637652972941,2,1.0023248389227482,7.1976503718468,60.21983157965416,1.0040074296180521,9.65124461688735,60.45534891588517,0.9611279178881666,10.051680929246867,57.88747310366862,1.0240688523279506,8.35076163894177,61.074008003980346,0.9901746983672464,14.62025221702471,58.98819374886906,0.9807263494890727,9.955154677435758,57.476328369198384
1015,49.95643005688059,196.12141883482798,11.437875261081901,2,1.0400789163880018,9.723406048761094,61.645477803127896,1.020327916985548,10.878177840594413,65.01110207723939,1.0290059499543618,10.387261641600652,60.20670344536231,1.018462256202935,11.508159014170161,57.3762769960279,1.0023812660133504,9.369404961246836,64.87781685228424,1.0037391138476262,13.831869443123857,61.38439498588879
1016,49.923792840019125,190.48032604378562,12.405831249519267,2,0.9788373860402633,11.770087495205994,57.94330084963425,1.0187615239182575,9.307555816866703,62.88935182020087,0.9776734742963594,10.947925503150703,56.9355890444927,0.9948886993583183,10.092081390974819,62.21657908724494,0.9615247112082064,6.39242550018975,55.327311321378325,0.9729248810529428,8.651444577554544,61.101813194911024
1017,49.978961146523915,201.87877555353742,11.224437910738697,2,0.9633774334120897,10.063514190146627,59.44370870357814,0.9936710865119179,10.605992046449884,64.28552282400028,0.9976378513629939,12.972002027317911,63.01039157451108,1.0140069965119196,9.612594635622655,64.13633497073579,0.9758988698704629,10.20321478922856,61.56280512345862,1.0414597792820603,12.094604373564643,60.00164225307141
1018,49.976738780461716,197.14600062015197,11.561648183570256,2,1.0324533246308103,9.373606964400887,57.56194979101627,1.01981794217035,6.860620792006621,60.32770016433598,0.993024254152071,9.93414127736684,60.42090032772921,0.985293043761662,12.051370766204057,59.815844112865726,1.029019473963989,11.63542611687739,60.36712545956437,1.0023646823530687,9.810991298126698,58.92649405111696
1019,49.9879512611077,204.55846889094897,11.926918198253889,2,0.9862107511301358,9.000531495303475,60.34712219669629,1.0391822484581419,11.987433823211177,54.253577038311235,1.0154536064266375,10.99886641101784,63.51650542233315,1.0111952514168556,10.04119308119946,59.831091777927185,0.9989191427491719,11.085352674038647,59.00131579810479,1.0263212408258926,11.147423173831395,60.597207974911264
1020,49.933492717300204,202.3453165263969,12.18831457516058,2,0.975558949073706,11.670286040274616,57.829094753731724,1.011315042793947,9.131894615943636,57.94395977569138,0.986100920119414,9.330559667407936,59.06520244703565,1.0253068369696685,6.992630028756054,60.10557229835145,1.0178381236774436,13.884255562006517,57.69383132066709,0.9868271472653594,12.812054387267167,62.43671570274521
1021,49.961997194541645,191.92331816827038,12.62968220390804,2,0.9962866468839384,8.938111009508154,59.32575704829476,0.9803312696673485,8.629702343141108,61.426605587669314,0.9982044323757824,7.782527417272645,59.53966552400861,1.0132681741511176,11.002995281636002,61.23502425818392,1.0156398510126703,9.300852546139781,63.79921000428774,1.0104149422509976,9.809324668904136,58.57584223388371
1022,50.024184626814915,195.28650749540665,13.040708059527109,2,0.9945135557266179,12.80481866408903,58.64437139144793,1.0185420429818168,7.37722683908699,58.8978223296984,0.9927994004584553,7.346556518810648,60.2247123810134,0.978816057945148,9.270574399033004,60.38562905978155,1.0052268360265018,8.198119277017312,60.142415333933,0.989497522942824,12.809323528484477,59.21646217587127
1023,49.93304894696226,202.8684836416021,12.762980155569513,2,1.0464244339634348,11.972238252571747,59.11138840056479,0.9933483575208985,15.734330388640657,61.15960196752773,1.0001050771755948,13.36703816846058,60.34838866535348,1.0265394736191666,12.853435259715578,61.74248153305882,1.0074876320889075,8.537291331858958,59.78324975781133,1.0258066889439739,10.447063324972262,59.56324213312665
1024,49.9766851374592,203.5531125143478,11.22488303798615,2,1.0276788380706097,14.083478963614226,57.67770899369465,1.009681298993738,8.952802389401095,60.81319094686805,1.0013717203152628,14.305827855266742,60.69561713239068,0.9984844988282884,9.507663257368412,61.73740571052575,0.9550979288315996,6.978732765018226,59.0389330701634,1.0239511841901932,6.77445185200213,60.35472193492656
1025,49.97457666581493,195.7829414179367,12.274611648433345,2,0.9753141794650616,7.4849875240699895,63.61573000413641,0.9922653891741071,9.137989890455424,57.187985431632235,0.9778839135602134,13.330938568738397,61.883595786117134,1.01807114269729,8.045084079373135,59.7540802694846,0.9804303793559509,12.128265394085199,63.861561025745004,0.9637900510187334,11.377645652684397,58.98081052575216
1026,49.978709212881355,195.4801662138359,11.415124962425303,2,1.0098683733166982,8.884294630083017,53.06125081706766,0.9737800980610023,14.858365399191028,59.052184403928145,0.9786035663609675,8.892370320362671,62.80506675213642,0.9805970966371516,10.404203129558525,60.339866466741846,0.994833673987048,6.932991416740798,62.95935609529154,0.9999344209773683,12.252679618933726,61.84520623104276
1027,49.93856136654522,200.72617346326788,11.202263902238657,2,1.0023535311531298,12.129948430256038,58.13335989240627,1.0262690274305022,6.994958639598149,57.4952866950385,0.9886511598570418,9.82229285346179,61.005225760567534,0.9881120339671435,9.418238447110333,60.18450792575911,1.0438765338654266,11.545781282857002,60.958680920513636,1.0161268030670274,12.665045082575986,58.358001341378625
1028,49.97107997699343,203.84061798736502,12.670611686188249,2,0.9807905790670759,3.5864130933964047,59.65292577309978,0.9982272557403804,10.669797070970425,60.25138003408327,0.9868989798307858,9.866751753989986,60.43346638665018,0.9984014373966259,9.326510354653395,58.98954478470526,0.9893883039564166,13.043453671293054,60.639694158516946,1.0287447856333236,8.797498681740883,62.22967181790891
1029,49.97547970354614,195.01211226787385,11.28936442434264,2,1.0116095125110514,8.815936927814427,59.07694666267362,0.9824876328690437,9.712479126100515,58.5880222039162,1.0123678384364154,10.200660343609913,60.72488242331515,0.9777047341614095,5.256481876663355,60.24934056540497,0.984311376208459,8.435155745735095,64.21490003316902,0.9652297445735281,7.946929552013172,61.75231790563321
1030,49.9740883578856,205.37610400345338,12.85397559802183,2,0.9902947571385844,11.034474215191699,57.55367990742776,1.013252283863954,10.46591592166714,61.874603646907815,0.995393157541009,10.735593225508484,59.048807487181556,1.0507533493954186,13.807981066376486,57.948186620817985,0.986727545761841,10.53924483888871,60.80896992650348,1.0153128155768065,9.287451095140012,61.13263083444419
1031,49.97010917704432,191.6430097076429,12.645057482795583,2,0.9923348834168558,6.05572765202116,57.928770535638805,0.9895828349424595,12.979630893803838,60.22311638874882,1.0015376468843282,10.17008204936295,64.55729873997366,0.9951514858435618,12.155539507657846,60.50124210878463,1.0086586130066482,13.393620917602004,60.43236236092192,1.001844672556118,7.6104108939743735,63.57236492346885
1032,49.95330170388428,203.63951777522266,12.395601076237554,2,0.9876653545783077,8.348549508686986,61.057188701532645,0.9858179878394475,11.905970030024527,61.21327231983206,1.009342960509061,8.318252066120008,63.44599210737285,1.0017672771589832,11.240841320807059,61.4417925997043,1.014027032132037,11.058526240298889,59.06631398655522,0.9846890015227661,13.492266429853494,61.39205477994584
1033,49.98218543377751,202.6658876111839,11.993125909036848,2,1.0142583983840934,8.072591313437215,62.80351661695086,1.0063937871524955,10.63858219647106,60.362467267386386,1.002575137501328,7.520159289823242,59.964474052302684,0.9544468266922892,8.894009713246227,60.019076978940845,0.9783805469918623,6.676565686151361,61.89502727583313,0.9906919354228395,10.130118759062889,58.57442976403119
1034,49.981561968919245,200.87292869891678,12.105459777966475,2,1.0025153904979525,12.187548929766702,60.474760012098024,0.9947721425008293,9.188548825007873,62.41075459594375,1.0216147248431102,8.141112688526277,58.41519660321797,1.0050790229264208,12.439835996021793,59.666436530845914,1.0131194245178903,9.80514295614534,59.121271808284625,0.98786861889486,8.63856974893474,59.56852054921825
1035,49.94322053816801,198.55080325559453,12.271578086993028,2,0.9942610180707239,10.346340587083713,60.784359632487686,0.9900927171628354,13.275371990446015,54.912934458386644,0.9869814052507222,10.846399676337567,59.97964988877476,1.0010685614581045,9.431012498355896,54.415228767360496,0.9903521778924139,7.290804673486345,60.76959793343427,1.0015781641641643,5.678336120660891,62.59209140985284
1036,49.929730887205984,195.49266909112583,11.908154026516927,2,1.0006711808709632,11.638051547816788,61.07384222344957,0.9993349326033499,10.632079334991136,60.7573118588354,1.0085270555904111,12.817631221719846,58.02854443961172,0.964236678743318,10.348720278588392,59.15252957279573,1.0220730034468428,11.749427378842544,63.74214181519504,0.9690247262002089,7.870563686018917,57.252341045151184
1037,49.95374414942465,203.54357493933279,11.775581245640154,2,1.003326323771807,11.248336134861153,60.54276522136664,0.9569113199749748,10.24301630773836,62.61038418556854,1.0197600918993424,10.360209067851368,61.23211754509874,1.028636720205896,10.26959808037834,59.73189212758388,1.0102953140508795,9.532447566382592,58.940718775107484,1.0158678813577104,10.215059090564312,59.52724300107685
1038,49.95918621360985,200.82541772927706,12.453232228904804,2,1.0200140304486245,7.682098396929831,59.31273903685576,0.9920227470669366,10.2988795000659,61.05506054597348,0.9994533254782672,13.026464129464797,60.628223186945746,1.0143033093246097,6.0586304380640374,58.2306319027586,1.005800024373806,9.433602446032245,56.97731056454373,0.9857037276925973,9.860890542807349,60.27762191487998
1039,50.00312873191031,209.30144643684537,11.286881641111723,2,0.9914302187489688,12.301897721824048,60.18241510381566,1.0186772229813537,8.451940579971316,61.7737338837237,0.9789318693039787,10.73452801132861,60.057007907767336,0.9830121987594488,6.910145420185588,58.34517709604156,0.9813927955131383,9.65595521826835,62.14552811353287,1.0348725165109012,8.967537145647508,61.08133718355333
1040,49.964742325317744,195.00930830704755,12.370678584345153,2,1.0031134996852107,9.775480109210056,55.76466463681046,0.9960029812472018,7.383904490607447,57.39683316840339,1.0290292630088638,9.030690408910788,61.796241463499236,1.000010445308732,6.184885920938742,61.62948104260427,1.0082339540023808,6.933301184869041,59.96246328158201,0.976032475544583,11.846398926253487,59.91665639639326
1041,49.95692410689741,199.88853834190073,12.5621062807777,2,1.0378290227800497,10.028370006314738,62.37165680490393,0.9882796314699132,10.686330104946634,59.3113311638085,0.9767772323103984,10.372581268095491,59.66584120763347,0.9749894680960862,8.340644770723904,61.790784551825155,1.009151585128406,9.778168386980976,58.843648629810424,0.9988022136769065,8.948011214630602,61.19503039863298
1042,49.91140256993969,196.43118675306593,12.286520197925174,2,0.9796947507627037,10.9045282377357,61.6689965908603,1.0104071904862593,8.64641692516788,60.367253653245285,1.019234702252699,9.940721240754149,59.43363416451039,1.0272346558441854,9.804418486178479,61.64405987530129,0.9854260737631488,8.571134989979239,63.995942786919336,1.0217752372897997,12.185365681940594,59.27664408915709
1043,49.92990539080704,199.38609614838703,11.617149859799296,2,1.0121922115271687,12.343252848232721,57.68537288037967,1.0051845742901748,7.377999054445771,62.456573864407744,1.0321373182432605,10.481583502765446,63.089318383259524,1.017744380081411,7.945270321764486,59.81845620734985,0.9996420505526865,12.990670974840015,65.5865724462797,1.0235104995038569,10.591462248384556,59.42605028411571
1044,49.991791219502765,201.5559385317092,12.890364721316255,2,1.0357425067409793,10.990341059492504,61.64732318527574,0.9610365040927473,11.469172559310568,59.988279342329434,0.9959686682515906,7.765124547242206,60.4892441406806,1.0311203393616704,9.68159329369714,59.44227657132916,1.0160623113270089,8.520379647822118,58.58442049040194,1.0007814064250944,9.904218210336772,59.72785964490363
1045,50.00379348791252,200.28494422804226,11.6280655366207,2,1.0089192128720592,9.217023036570856,60.86958596491584,1.0273521471333351,9.908174689655645,62.10890326064734,1.0056703234407065,11.459189486305876,64.95009962057908,1.0005932567020959,10.708773369295303,59.34417917981409,1.000747287657735,7.598110197913233,61.13020789904937,0.9781985075760828,9.272928310847915,59.12298321768905
1046,49.91973008119755,209.2163002385237,11.489875938843502,2,0.9940273545964097,7.093996574092634,60.93923401963029,0.9944418328825069,11.6500916088193,61.42506594065919,0.9897350010590058,9.484011963402152,61.347690129016144,1.0229166244453742,10.75293942000291,60.78961652923105,0.9900359762204217,8.78546227488687,62.44694694707332,1.0291485275531331,10.219830855306704,59.09642518145612
1047,49.96725248079901,200.58729903700245,13.020480390871029,2,1.0375862693038571,10.23957872183094,62.92226945520624,0.9860797741103228,11.806141045951225,62.05873616864363,1.0159978308037225,4.974795505740875,60.19915576193098,0.9938137694049668,10.820220266536326,60.59172452325164,0.9912519529706765,10.97041709934338,56.757869275197685,1.0033027878848815,11.86902460580804,58.535849022363415
1048,49.974865105053084,198.58719899395945,11.878376357964001,2,1.0281699631713326,9.224556276800467,57.16542490360597,0.9864936784490972,13.23118820895637,61.85264192742412,1.0314584689671216,7.671461420780743,60.339922907326574,0.9656183279190789,6.901783478279272,62.12674877729723,1.0072252552009247,11.85027311535045,60.95243813529406,1.0123714868276275,13.458515893331008,59.62529711456859
1049,49.973495526614414,195.6820571882478,11.297361490076549,2,1.0149268503246358,10.299509946782411,60.226155774845274,1.0125084956403536,11.570782992428894,60.733116140382386,1.0007708270648052,9.99025212018498,61.668535697641396,0.9706708100553512,11.295134210828369,58.84855784723784,0.9666185166373609,10.016592172461314,60.26420435390622,0.9713160772174927,8.56849226502885,59.12452621545769
1050,49.95803857052731,192.7739269307823,11.338571404383858,2,1.0211102699075798,8.572337561976935,61.02260883444811,1.0052776368359337,12.577463672402722,63.91135671973813,1.0191132862645529,11.326505124550645,60.34414547994836,0.9508625837511698,8.972368012231133,61.238021860934936,0.9929381730775545,10.298595754713652,58.06189439449995,0.933262276495507,12.926426465014911,57.40833571523745
1051,49.91304778159907,200.01138015254529,11.983311747938767,2,1.017885072916733,9.48498487772619,64.9781104637417,0.9581925296518073,7.779605919653179,59.83239569891341,0.9812272119685135,10.913784293664804,60.2034754356279,1.00057942443041,7.93477621426144,61.357693716100876,0.9737682413260424,11.336724075886819,60.51593756654347,0.9812087315568738,13.070589385071775,58.04826380018703
1052,49.921739699113715,193.15657244734044,12.970418744320797,2,1.0205448999793516,7.582403573614545,61.62901108764642,0.9961753427909452,9.52846200048199,60.685442980935825,0.9811059149243365,8.090920213431065,58.93601879856457,1.03258496614859,12.19617993928999,62.88015827930414,0.992611145656057,9.500634448869071,57.828151677028266,0.9765186762107637,8.086301058538007,58.58454966524398
1053,49.97509513027525,197.3032669638951,12.89494237870769,2,0.9881787800735544,9.775041909850048,57.66495075137671,1.01489666899663,9.645895858396258,64.29657180914558,0.9753341897551071,10.363044178302964,60.31881350911688,0.9880521340565673,10.762110015867574,57.48845555405293,0.9982256511642076,9.321656664594503,57.82965329034199,1.0212537971446007,9.485615390119975,60.48095053915325
1054,49.94336943825304,206.060720003981,12.495619289214423,2,1.0280199238735719,7.596783833808399,61.78369892991709,0.9993499784056703,8.161128427639445,59.92183921050722,0.9795150846411418,9.95517749361842,64.55898503955423,1.0003230840817712,10.183387687760062,62.7104151843906,0.9964048881934101,9.449667481673751,62.55206774768624,1.006448906362573,7.8300379162836204,57.22949131543608
1055,49.92992976941992,208.45522315893894,12.283007496363204,2,1.0158979074352765,9.314846773362564,60.326645592696856,0.9677349935860982,10.334688282945079,61.05178681133546,0.9800321267813021,9.941146964418538,62.98742612628295,0.9875616947834569,9.70401577701166,59.99826129690438,0.9865657025731062,8.552678369760898,60.92339819278469,1.0359355011748435,13.945079777632875,63.841967565352164
1056,49.96174790873515,194.38997209828813,11.784709663359179,2,1.0341022951883756,13.301325077141644,59.72452818762723,1.0167850880929499,9.538231294462095,61.51394111631991,1.0079668561355852,7.203212360150976,61.102122761666294,0.9760763171003128,12.729491982468751,62.18082909985092,0.9791264483736516,9.52276718879032,61.69822816856617,0.9914056261286819,11.40938391228862,59.903235940114286
1057,49.95838828277197,205.07843411334738,12.99330190293475,2,1.029043334885038,9.60274396419056,61.0714573965224,1.0008674404611493,7.0226560139264915,61.75326659202809,1.0005711132431958,11.621138917865068,60.18090421944165,0.9771516167465139,9.425128018280168,61.52879245884247,0.986436491028498,12.749879679028208,64.08653777845016,0.9868259515970961,8.805834084484848,59.01677856305489
1058,49.94927685663557,196.08922670706522,11.498039918476506,2,1.0133483393884912,6.69942258627605,63.020996918897275,1.019060965715136,11.558222065988192,60.3382898898573,0.9911668147276278,10.975247548063097,60.327264592372444,1.0434752067972841,10.04544006979797,60.35098267930715,0.9787028070074203,10.286818666518437,60.210920235241474,0.9908155625604937,8.31023836470179,63.57970267995767
1059,49.91221694494654,193.63046006398648,12.346819161858889,2,0.9749478969475939,8.829353408588858,59.41142260408566,0.9904095496091572,10.243893993242786,57.138588059897025,1.0079954878490307,8.704300080868268,62.906896524828696,1.0154755181258985,9.430265574268763,62.12569629592331,0.9768744943532255,9.622483220021104,63.46152223357511,0.9813621153046449,11.589681983885315,62.01179834833828
1060,49.933212589963354,202.37876224034875,11.886656333566268,2,0.9963845852205625,7.129052253358722,58.55673440402889,1.0043212870442946,7.820832037779258,64.69376759547879,1.007366440254786,10.422241796066928,59.27219437436816,0.9641523915566023,5.775638289193796,61.58992504901258,0.9941969953787184,9.29060818891224,59.5357752776525,1.0107705138385985,6.162495051382903,57.77198761116094
1061,49.93472834318916,197.6351053796319,13.065662145361646,2,1.0195364144138792,6.994432317891048,60.38642066575535,0.9874688560990585,10.1542829826339,63.08666710971205,0.9852295532168907,8.515828112370471,56.681210393545086,0.9927167141183737,10.202562718750839,61.242960930824445,1.0258759939832944,8.468032145839091,61.7259565159355,0.999929069261037,11.413037703323454,63.03502678536345
1062,49.96996744493623,203.64600042872888,11.512584116784609,2,0.9816110047825762,13.355238703994546,57.29357499934346,0.991087217531696,9.288728780825073,60.02378340301301,0.9929670192210546,11.833661290115016,61.808954875084524,0.9715398790148764,9.376207775499699,61.17557261889965,1.0074556922800701,8.28189866955341,58.99746077923769,0.992444976037198,7.626368745942848,61.92007720176006
1063,50.007992777473284,206.3509842531931,12.906344520271723,2,0.9835385124168364,10.966267687441343,60.69418873235763,1.0026536476985222,11.506356300879311,60.53414372924161,0.9936695608769422,14.374349361520911,59.12059754426046,0.9954536375574023,12.830199634216049,60.350946005439056,1.021852663148674,13.32321544212844,60.23611761139506,1.020853390849163,9.981620809898654,61.4926119108583
1064,49.938544711402,201.06341692055437,11.408239344987201,2,1.0150210580361279,13.694435620543572,58.01665165456585,0.9967368136726643,8.881823786549461,64.19466640491126,0.9700062607211763,13.51968983530008,61.548795638572884,1.0016459035862173,11.07262097318873,62.41054465086537,1.0239879573444468,8.529366670300872,58.83295388851782,1.0228937307107937,6.768035554850924,61.68875257609051
1065,49.931033494826345,199.65086698802367,11.645197255030608,2,0.9726278864721275,6.037680605429392,61.49969850683447,1.0214057652796067,9.861518417795214,64.36340810873759,0.9804424247353772,12.024554996936578,57.8773249044239,1.006878044978809,10.523461658778265,60.076774313939325,0.9970353504392254,9.862656411300037,60.97199707391759,0.9859302145582535,7.36361096584506,59.68547185803856
1066,49.964799335086525,204.37728786371588,12.587314337644171,2,0.9918836153163905,10.110250734439783,60.115378074641754,0.985554801197161,6.85875050159645,58.45457014722925,1.0103656336902658,10.225486691925353,57.40051940447411,1.0002039130496856,11.016480338644948,61.34799490866863,0.9806382151567925,9.64120607584781,60.48470445987743,1.0187251768478665,11.518949802912863,62.31206636915102
1067,49.91371484468403,201.32936265836065,12.475582854893982,2,0.9917249895594694,6.812772822674064,61.04601528604016,1.0004257667160579,8.480061964546053,58.80505778285145,1.0199924382898964,10.872566172784127,61.355772595266515,0.98559315120369,7.381173203699683,62.47690026836552,0.9895452199744879,12.7570576419009,62.59170619545497,0.9945960898961496,14.818109373191463,60.049335690131095
1068,49.95428647859025,200.41969898780238,12.148074498034768,2,0.9669191546827834,9.212224695278474,58.662536976458824,1.0323390213650352,9.91610843071498,59.693159101363996,1.0116775479124045,8.2778985346691,60.01162377642296,1.0239666924905997,6.84587402414342,62.70711919020418,1.0172225499786351,9.809146211342249,62.237744185207525,1.0054988770800373,8.244438025290448,61.603098326294386
1069,49.960499087598095,193.63787717418168,11.544622291448597,2,0.9860072356185056,10.835030392112749,59.1154539248272,1.0182140301127616,10.181905691533377,61.46309276050284,0.9990215132826997,10.135481105724907,59.86515403992275,0.9977244812434587,11.901383982488953,60.90836695048137,1.0245691964444312,10.486245203582504,63.09748391698303,1.0089908284035614,8.058955420181114,61.247149487600225
1070,49.91830485378353,205.03008596655934,11.61817419505442,2,0.9856552579029483,11.272860529059294,59.88058279605995,0.9649921004774242,10.875596109380314,61.26216912242992,0.9947784573706979,12.520149181075668,62.44561710677619,0.9760128116446686,10.471796208465076,60.66264147718895,0.9988792702915816,10.291238045444851,59.8002575827744,0.9860115240776837,10.559704619375408,58.41920720455172
1071,49.95144697659234,195.85587159800954,11.393163066219572,2,0.9975143862106621,9.963085546034108,61.554482734063264,1.0368230200447188,10.421195110602302,61.366054971050346,0.9441545362706489,12.342991963216233,59.71943790633198,0.981578754438412,12.040538484613176,62.42036369859278,1.011231537231119,10.820574403731705,60.897378502313614,0.9908607242673764,11.619916360551176,62.51511176144041
1072,49.940171238659694,199.4938901216325,12.578849071577299,2,0.9885531759822603,7.867094760216081,61.45749453341945,1.0069588639410598,6.269016973942264,58.262785860862955,0.956838915044391,12.104657138734154,61.58133254695198,0.9869715173154561,11.869537142941724,61.10118033051619,0.9852098396561357,7.702330128772235,64.7464940761001,0.9762885406280184,11.938575898738257,65.38373314592937
1073,49.93271577536614,201.70614186693336,12.672792246938462,2,1.013763254932099,10.920025058731989,62.50341575671884,1.0343204683339802,14.113040958354578,58.2348720647984,0.999862005934221,11.067207905795154,61.280792596569725,0.9734052528643852,7.14360043537851,58.89091481728126,1.0114943481825187,7.4574369037521615,62.71154688178917,0.9780968839066865,11.947604621197126,61.52432671891263
1074,49.998524355899555,205.8387619904433,12.16956889197583,2,0.9671129500650941,8.74269511705508,59.61990875670539,1.0175307176472954,10.881013959196897,61.78485384189126,0.9788703631566671,9.407293303584748,59.26612887689775,1.0051217885914854,11.324894102353383,58.335934166329466,0.9941959447732356,11.543540077378683,60.76764531094432,1.0301029060497113,8.111550828356537,61.781936553637635
1075,49.946710070260686,204.0661458718534,11.623555233491667,2,1.010432037176508,7.708146043538066,56.891376407556166,1.002330325503907,2.9989948832583773,63.47263186325041,0.9626731459646242,12.54305512629138,57.44311697685242,0.9878464160243289,5.71998744886453,62.72151142690742,1.0136737879449134,7.436362716964904,60.952127050991535,0.9883248412455954,12.748355403427846,62.3394782318157
1076,49.95165305575177,202.1990555962703,11.165236527580676,2,1.0014135805067932,12.484917883126942,60.80887461581157,0.9724495851911986,7.348815996123188,58.32258836811039,0.9911274622276218,7.289093909018952,61.82188111184057,1.035887314383083,10.237242894881831,59.9158099019231,1.0115867747640759,11.161139290540397,60.78057897134024,0.9682597442537185,11.578441225529591,62.915874675317546
1077,49.93820007264584,191.3930130561822,11.533395984527811,2,1.0182600955166052,9.860359752817672,60.14801770764001,1.0374361247774189,11.411731860710368,64.12699904412604,0.984528982313457,13.112961700590695,58.215439892388325,0.9953922962895825,7.710000210058254,59.82794781360598,1.015432095347654,11.286419881131906,61.38641010662822,0.9880679402742223,9.646262683787107,58.34211458904732
1078,49.92824069210445,192.72568665472082,12.56838124828695,2,1.0043139234988812,10.73655835157128,62.089020410449876,1.0254199702331228,13.650727592350226,61.76970530631922,1.011726924964841,9.320128823686481,60.474627171423656,0.9743903409376097,8.385964610288115,61.67086533611174,1.0007023486195734,8.009013286739219,65.64228276555465,1.0113724533217519,12.333587570396508,62.9191151667345
1079,49.999815319665416,194.34834469765653,11.800065383886238,2,0.9724892892682181,7.59505478347365,60.89595095177844,0.9861969390505256,9.402672879971046,60.04356364421401,0.9961188188645861,9.483528867897236,58.17431339789911,0.9681378073533711,12.479207342091186,59.82851653290633,0.9739178010343145,7.303678665453903,63.143593521114454,1.0072169612372648,12.379602863031014,59.55589338121807
1080,49.963571701306236,208.30574685100711,11.89064452567412,2,0.9918937151842939,7.199781467194358,62.5414302850621,1.0041685682504806,10.625824459984052,59.57656607705447,1.0147375251954525,12.025931559692001,58.87740782878618,0.9777408120404331,9.643628175208187,61.96743983510341,0.9769062913039479,11.605566056202012,59.77772222357501,1.03126013492282,9.86255267743582,63.89574233779394
1081,49.90820858732979,196.27439195875746,12.917499095291054,2,0.9953541129029964,12.330046149525131,59.99755462527791,0.9777065188158894,13.657707279710774,60.15763097981276,1.0181815319754794,12.66412501696113,61.304342747253564,1.005934671746881,14.333143684374573,62.395739454740955,0.9928434618990886,12.964660065801668,64.30173320410422,0.9644288697408215,11.026441730763487,57.993191561513726
1082,49.94574167045437,195.18683232551325,11.204306173536379,2,0.97279546055242,8.666751696916348,60.27551015063038,0.9845284579204113,8.810633606814868,60.69758627077653,0.9887332871034737,8.676690874381709,62.35464850021952,0.9756914559057117,9.618373958090398,58.58932653673179,1.0228590231613068,9.053181929080699,60.24807708706461,1.0241809258941164,10.930283833056881,60.41871780256172
1083,49.97446156028434,209.21036360705884,13.005315431487528,2,1.0146513810652706,10.277329642507759,64.26822133015914,1.0162340588247067,10.593445217778957,64.13373312696072,0.9976105033362921,12.471673683405005,61.150477682193326,0.9830866132219286,12.803755454838095,61.79679557561756,0.981215457655825,8.849074468989837,59.428827713443034,0.9928472973710813,10.199407873657186,64.6875317501446
1084,49.95343496917171,191.2515302375359,12.479877314582449,2,1.0135581324127063,9.206359702003947,59.00482407569913,0.9916268852921808,10.11701791379915,59.57510563098184,0.9972966889547379,8.065495495074028,60.45589945187182,0.9739103445155947,12.094858404953696,58.25083569475221,0.9828487902994003,9.1736147587724,59.59924317816325,0.9950301277435167,11.256722094347081,64.31759311520176
1085,49.97332175660532,199.18815650568914,13.1083052094713,2,1.0195713447889379,9.548715920122548,64.12357893723517,0.9827283289356995,9.785967635115503,57.32306888857764,1.019141147602248,12.386531096410947,59.63726058902582,0.9876767845823596,9.80210241243884,62.405226900996624,0.9709047249905478,7.423791112205377,59.51466079399554,0.999399498933368,9.700987787505778,60.38988452478348
1086,49.91449374323845,199.06309055336342,12.937071532520623,2,0.9812359717685155,7.37271002308008,62.89813502187336,0.9967479856820272,10.021315365668917,61.48625941722265,1.0191205705888045,12.033316573734545,59.72374258553528,0.984170848071554,13.00557944563666,58.00438791466052,1.0064349403630535,10.792350221327222,59.453923508057926,0.9943045154751396,11.381911736556894,61.699508015933056
1087,49.913570927166404,203.22537449784298,11.533994976297127,2,0.9870883029962516,12.102873505528505,58.903208551723814,1.023815867013995,12.266061425245454,59.40597234043103,0.9669997891426669,13.013677793244355,64.23371652620673,0.9860206524650065,9.816389265193212,57.89263658092885,0.9860317656684157,12.671866008843828,63.38169416212914,1.0025240067437369,12.045202984924432,61.15543153753319
1088,49.94795545206457,196.06865998313032,11.679250553618239,2,1.0168237263405013,9.987231547263699,58.65365949770566,0.99994800556993,10.671238020626364,58.1676267389101,0.9873657948878631,9.233020206263301,61.203103863382886,0.9872815187789238,10.057800026149646,62.72407776978781,1.0294629245251128,7.464158942152665,61.340237907329126,1.0213189595922016,9.321341304041907,62.95796638627379
1089,49.95570841242485,202.23363396115064,11.524152265948333,2,1.0083831408228334,13.093831093072287,60.07549653445897,1.0002443008908994,9.580657892265776,59.542200794873615,1.02607687695861,9.856367282622521,62.255507276432716,1.0023803968726424,10.37732451438173,62.14560903420523,1.0013493774839917,11.855400667634779,59.49646615660346,1.016308651773813,9.26835661503463,62.210861732328226
1090,49.950029587453564,201.41590583718119,11.188004840457367,2,0.9911212944565833,11.752186836531628,62.80481194240618,0.9991012141140814,8.8746085752281,60.1719860295716,0.9757302992222887,10.32620981060199,62.00872541185242,1.026368555876951,16.215281501396234,62.40276631520541,0.9838122474366944,14.67735964436847,63.487657485453134,0.9688295204725952,8.371858952356229,63.64113297809831
1091,49.97189842315165,190.8968915413048,11.601024499177067,2,0.9862141063173375,12.68493847157994,62.23380779042608,0.9991970610558274,11.984425414321963,60.5779921974497,0.9845465817736221,12.56487079057958,62.69942435511222,1.0235836220793841,8.50909803111924,58.11518037326201,0.9902583505213731,7.259108855367472,60.50036092447399,1.0129893853500274,11.447964199295875,61.98413143509451
1092,49.93756313333889,200.73268517544548,11.997982344584122,2,0.9824898229118065,10.597104398830883,61.27390725000483,0.9671667092706208,13.219972760656997,61.78236545645166,1.0091855959585811,11.03225918356272,64.47621653813952,0.9959343032199974,6.124337723555428,60.490537144619786,0.9992633825339589,11.238088262278398,62.61394297567961,1.0021000531414446,11.637305568103509,60.00400173174101
1093,49.96563210193238,199.1455406143105,12.253769275223625,2,0.9945151775647446,12.864424638292988,62.29233370711578,0.9945766301963007,13.186662901363256,61.431548237934166,1.0131161238706976,7.427886135833312,62.14271583389348,0.9981132434485684,11.667126113440185,64.40841005748592,0.9871907256537304,12.551315399908022,57.37244215399254,0.99340724389927,11.164492615993954,60.56002361750001
1094,49.94753398366147,191.792130715225,11.48480991502895,2,0.9708445347520034,8.870468033125437,59.527115798143335,0.9601801136586401,6.430807104575429,63.34406801494645,0.9979754092900095,10.224219708416141,61.454750782299136,1.003824288518954,13.694566115769033,58.19705027121422,0.9980269205290464,10.406059698457883,60.526498026546776,1.0012707466650002,10.592865983989439,64.6912111341856
1095,49.93271047465828,206.56937454097795,12.508014213276136,2,1.0296097717420816,10.865188711128505,63.24083474724225,0.9811862250839798,11.053234271640909,61.50693503049723,1.0017200679104108,12.271240726200876,59.18623553801781,0.9909027599831097,12.236285543919797,62.37129457583091,1.0094330092412074,5.145760186543196,61.7084675630712,0.9762750389748317,9.165684795321834,59.017933418321824
1096,49.932211076570276,205.4221992242649,11.801351303555261,2,1.0182055073501077,8.77279155045714,61.87030220734049,0.9601916846568529,9.854793628764178,60.425622036627374,0.9940985816741666,12.504077335964816,57.77571351637905,0.9866677100282886,8.953315070760542,60.36249491697594,0.9887290758624092,14.403764715901033,66.15494060569543,0.9710731895846839,8.493252609897164,59.11492575550769
1097,49.95742623078275,196.0567888695063,12.273083413348141,2,0.9865493879427402,11.129925991070005,60.35057626856561,0.9789769727256575,6.188768076549073,62.12120346555931,1.0322573407536177,7.416272294780031,64.87958721411482,0.9767627732277956,10.61370335963461,64.92090119551442,1.0164478042396856,11.244055097224948,61.53749849260913,0.992992326967625,8.528807485284807,61.31933712061488
1098,49.92211799945788,203.54180134943036,12.006370420467096,2,0.9777301862881277,9.530067239294402,60.87821305826481,0.9998990548130938,9.210102076426743,61.38968854742586,1.001232825531188,9.706825722581339,61.603141032284526,0.9966097077436303,8.578607357694338,60.76098757747352,0.9940851475009974,7.927265153309579,63.4049918835423,1.0419487575267088,10.375302442721468,59.42310220181004
1099,49.949790532955,191.20635301092508,11.185094099609513,2,0.981184550139841,13.105672019429402,62.053134858550436,0.9927399273383646,9.085137534265888,61.83035836622291,0.9987109978692154,8.136841490655748,62.13586298837287,1.032573993507048,9.266644001890393,59.18127182975831,1.0393659259219046,14.187371710903097,59.96328957699612,1.0116213075594769,6.469408152657183,60.92492866677535
1100,49.9697015029247,194.32519815057663,12.063721621200113,2,0.981404346991448,11.664235342550416,62.63026896577535,1.0414669303181638,9.850704630953388,61.44978232025707,1.008447269123559,9.581724980769378,60.80946817216991,0.9936817273137221,8.803208859403952,60.89906592951604,0.986204575599747,10.162093103784999,62.682211091834425,0.981405686197359,10.123197119022652,62.79320503667191
1101,49.95046164070607,203.54353778902097,12.379038302110935,2,0.9750026973575312,9.419090134922687,62.993586723283975,1.0098965547527725,8.059209421586697,61.24666055075449,1.0118370705694468,10.433658654135478,61.404901731125896,1.0157619634499355,11.744907284112411,59.72359754501333,1.0059707398057758,10.360844763923367,62.084241204631965,0.973121032502845,10.80165128580166,62.317568275312965
1102,49.93100782491022,192.1036282651966,11.912858337808679,2,1.0167151541836015,9.200769980558874,60.762158129197296,1.0032097821924286,8.514584011864123,59.41919339836154,1.00465756893391,9.783784043831448,60.909227154847265,1.0029012154269685,11.840030593854877,62.321429873135365,1.0097121431297937,10.678565054114818,59.83478797592315,1.0124452349125022,12.69284999002431,61.854560919255476
1103,49.94559034936331,190.6416227844757,12.672953842427704,2,1.0005225896138188,6.147417923100967,62.07548764993633,1.0030495478523422,5.93619429547457,62.91219549133033,0.9863904870568699,10.212847908279606,60.63642854933089,1.0367401001014915,8.90469183943078,63.806881988720605,0.9948274708394657,11.62978607581437,56.48508014642841,1.0030425762979338,16.170650829581632,57.16708991593265
1104,49.960018399275825,190.78185512555868,12.07608518458462,2,0.9866384099142141,9.383918911187923,59.241183820512745,0.9747246340115436,7.85496187541325,62.217206642399766,0.9969869003773402,10.612556800483718,56.149596342580864,1.0116950412056016,7.353415348964426,63.34515935967086,1.0182566974698877,10.970179878484707,60.70433024378463,1.0093380275176282,11.297681442110523,60.45866639869928
1105,49.93195424396569,207.73682344953286,13.038408645782672,2,0.9915631020342145,10.164485851995321,61.10932746255135,1.0304106026182123,11.146976869908944,61.072392903596494,0.9763056830956597,10.4534982887094,59.90082474124284,1.0072014049391387,10.684942632045555,61.17690747059026,1.0032015221826205,8.215734422684925,63.9767891172515,0.9968908739306122,11.940710699199252,62.11919795565423
1106,49.94785962748625,205.60934412143894,11.839036941849725,2,1.0093630146696297,9.165001132287388,59.772182830894586,1.0117575021659495,8.242238044827817,62.282943377748744,1.0063163353673703,8.30178342099689,61.14672759387039,0.9916132066536965,12.48019804050887,59.23095819052103,0.9639667167863799,9.022780924139607,59.97717055794973,1.0450779512192716,7.080005995292718,59.342098493318936
1107,49.964952392847366,208.2819114546175,11.952899931977615,2,0.9919741495711197,12.526802395077768,59.402206770669935,1.0079470131145447,9.073387035992871,61.39198555992837,1.0118463336761057,10.916555180605487,63.42183098827452,1.0204802882298516,11.780666895699241,60.91911920035371,1.0138512314849089,11.933398253390163,61.504144597900044,1.0553211571990677,7.085461705635316,59.39765985310521
1108,49.90581799893496,205.58949227575843,12.256755106059247,2,1.0060591096849854,6.625794262995386,64.97150168711576,0.9935650146246846,9.630852936097696,60.48811060391962,0.9985286776962465,10.28744024075334,60.973627806970356,1.0147879558894146,9.232537284669194,59.43174699123928,1.0273104174437364,12.307726294026311,60.36551153268588,1.0112295248780374,7.8521718151146835,57.2422929108445
1109,49.94304676752663,207.10550927484854,11.95138932755884,2,0.998195821998443,9.492167432113234,62.48467307706803,0.9938083499064868,8.883914505927734,59.21886996530588,1.0008787316299723,5.985384344347193,58.73194477506259,1.0268148498861516,7.105150833929834,62.55548103893793,1.023118553513452,10.617752864008768,61.498003130760424,1.0031831107330569,8.888433022858205,61.988904257950736
1110,49.96254349021011,205.78160390670695,12.590506651072214,2,1.0223460121352805,10.810162205213288,59.208813123180015,1.0091728341255004,10.768534904955093,60.14904898785532,1.0206547827998385,7.657196939027112,57.431837985323824,1.0040628715236608,6.0922617657877804,63.235547919256135,1.0207320005522826,10.602131329453261,59.15664201976867,1.0088809649629964,9.781237110960927,63.81642336532453
1111,49.93401049038665,191.19416797039793,11.972586930741757,2,1.005865672541227,12.289711616092347,59.99967226081135,0.9570616899452287,8.995359062152822,58.87919139208564,0.9962698135455271,11.302620087264668,64.06927672475867,0.9970593328806091,12.691961868161771,60.57688998689055,0.9854317325123695,10.753609636644509,59.58300795988418,1.004693737284966,10.907583536397626,60.198406041848976
1112,49.96368586900365,206.67578474537572,12.153282233807742,2,1.0354265998720231,7.521090663168957,58.72983866708756,0.9864308683412045,12.338071766227408,63.43927910428285,0.972620753511421,9.117628464097503,62.86114413040656,0.9803996119121893,11.01572552865843,61.615870501228784,1.0356464905317069,7.113357527024857,62.31933144636622,1.0096283217007138,8.86626515903457,60.969340684536924
1113,49.98322885267974,206.64645793287917,11.813334327317953,2,1.024997142493607,9.550726371719026,60.316665732383,0.9925434200313676,9.692819432094776,58.2618373223154,1.0099231995419677,10.330164058846055,57.80012687007334,1.0108741065749214,11.942230818568527,60.130893084161556,0.989858889563339,10.626167786679208,59.17767122750711,0.9806200834339265,9.594395172268735,63.94128302861086
1114,49.968624526385675,190.6601961248744,13.014923323385556,2,1.0090093862860439,12.160290272342163,61.26014365608151,0.9637285942037,7.815925423350628,65.39514879197215,1.0204931472984136,11.47413507892452,60.83578059185237,1.002368652117649,8.19513961804848,61.502540485640104,0.960536069626494,7.86618874762846,66.66093221698173,0.9927176065357121,12.062625212798709,64.82746331426388
1115,49.97161399596243,194.1067301017653,11.774021727425223,2,0.9976796285282636,9.20947417584296,61.831198303526186,0.9827973133854343,9.994545679630383,61.095024781348705,1.0053733411399177,9.582699873064481,65.57237286953541,1.0342769142406538,4.693247410110142,62.32392370941568,1.0090426314832082,11.645637177741044,58.74347063001768,1.0119172224056012,11.20196427808015,62.083080160557614
1116,49.96107124409672,197.3633987803462,13.114111869665876,2,1.014409522366262,13.213396177218662,58.906151237077935,0.9904621169093937,8.113092233790745,62.18447156412604,0.9918369130571202,5.022625054959359,61.68460439052569,1.017277615908558,9.256265435586464,63.79678846775,1.0194560412186287,9.784005954128709,63.9731537250109,1.0140800563501926,10.875949047965328,58.681669904290494
1117,49.92643434425965,199.8065495084029,12.406437973090789,2,0.9719762649252011,8.89691868034002,63.57916211675277,0.965082576314551,11.740491947834924,57.56577943532892,0.9692059889534315,7.36634951069464,61.847262117449596,1.0031322600196244,9.527539474428766,59.30733368503378,0.9770831637438372,9.377947685535789,56.24742936579554,0.9788581787380377,11.516241761570202,62.38855365634132
1118,49.971099298650174,195.6516114643476,12.346816594633719,2,0.9954319568775334,12.201356531047278,60.33332820590859,0.9986711332031338,11.036915071833846,59.47479705570563,1.024245053847214,11.407687695817396,61.48075042641677,0.9823347046166174,6.837504992330244,62.138407752539145,0.9948454641788015,9.845090201973616,60.37451143877535,1.01828680811647,8.051540104299754,61.342471891251904
1119,49.96861015498892,199.0268201512482,12.409279920097337,2,0.9978181120943986,9.066430952917583,58.100304736950065,1.0179644495151337,10.270524953009554,59.675310925086706,1.0132634412598822,11.258126109517015,59.12548671028372,1.0195877248777434,7.162396493426419,58.3043828983501,1.0104409347183927,9.55009132075919,63.79324116971582,0.9518825175703071,9.802087406076248,60.88606409904572
1120,49.93323259484032,207.04563331225106,11.46119437472679,2,1.0068614674281755,10.19410086675498,58.42540161666617,1.0139993186796814,9.32000295357482,60.699165117812925,1.0119571617682412,12.572715208834586,55.97895623184957,1.0170511791482177,9.470595129759042,62.1628285189198,1.0090193649789765,7.125522350984401,61.02380305043944,1.04252370839466,8.439178028216984,61.36153341745529
1121,49.96031978845642,192.19020514550218,11.308252610577144,2,1.0090406241172465,9.48681374613074,60.320677639624385,1.0213998083315037,10.457645420118917,63.6533290347421,1.0077680016991344,10.507288711483259,60.18748985177348,1.0013764220669257,12.311798559509839,61.29097700043969,0.9988139561592497,8.951848844585804,67.38773178880187,1.023618573992606,8.204267673634936,61.06566672217493
1122,49.940209935977876,199.4804721653229,12.536513537136988,2,0.9683517371090098,6.93478353948623,59.908311366663696,1.0085640968016483,11.612228568072348,63.06513734486636,0.965609172896863,6.1900434267441184,59.53400516247018,1.0182321200088043,8.156185483798017,60.22254441014992,1.0267866430947352,11.217520248589327,65.27753691183595,1.0041097667649974,8.735988018755345,60.716743109242806
1123,49.97469377947646,195.40923949265294,12.358508920741748,2,0.9982831868844022,5.527227806442404,65.14423832974653,1.0150902325371154,8.952561202430402,56.6382829986939,1.006009244658658,10.66324740952658,61.783968530296455,1.0045955537910405,9.867567293563098,65.27548725321003,1.0107696313632828,12.816295722324405,62.41507004462156,0.9965215725423595,9.595536592087054,63.71280873876465
1124,49.92898936688348,201.96895597970612,11.617958523516695,2,1.021295917386873,9.408175352657969,61.345787616306026,0.9672242291587703,9.676587875811013,60.01335252215151,0.9992561045334473,7.394236756320241,61.56335706130283,1.012508626622856,7.587880610478718,61.07897522980698,1.0015828956022914,11.224476679737213,58.63776783088752,0.9906369261089276,12.07790541797888,63.93999877267305
1125,49.926637908383505,203.96897778388956,11.244315926592174,2,1.028295302683458,14.07319819241577,64.70301015841073,1.0130422510468469,4.249573481344372,58.32624616887935,0.9859282595221666,6.547161234729895,62.29694726477045,1.0092339694651455,11.014169417565862,62.013544208292195,0.9823611462236138,7.936743104337201,60.763213674980385,1.0163615840277,10.078104525937718,58.740229398183644
1126,49.92938339294738,207.70680075658413,11.88714611524236,2,0.9950320874449786,9.434175021934802,62.88280934071786,0.9770531635049028,13.384158149021374,60.82989114755071,0.9971388329425407,7.769927957540259,61.455071027417056,1.013295869742404,5.969452220099526,60.25456497709171,0.986966289157725,8.063469887805642,63.56990232371896,0.9885113922185775,9.392021344559948,60.12119007940204
1127,49.983396573564015,196.84357664662667,11.26703320458118,2,0.9961826671656089,8.209357553585143,58.21402869994154,1.0115868261640883,10.893636556953831,56.22943656449083,0.9769953961258592,7.626331001011754,63.484342389856245,0.9858823468397538,5.875658779265555,59.49349158070201,1.0072518023651227,16.03876258732858,59.14333037006098,0.9688728924318317,5.48203275969976,61.64409369125608
1128,49.93134074960529,192.89272101467594,12.873633591506739,2,1.0345088342600919,10.952383612249237,62.36065396543358,0.9874344805455665,8.72685509083968,62.328153075232294,0.9745554770685141,9.737547460383869,65.4256146389254,1.0112085268578213,10.796008386355973,61.275413248883076,0.9971180030464291,7.482959826251382,60.23174928530557,1.0083601882352144,8.06525885584347,63.00614161342118
1129,49.9328636817036,208.730168538338,11.300741097353232,2,1.0150180796111214,9.088796372748902,63.313233163216424,0.9718882474783315,9.150861109502756,63.079276979857596,0.9804799185212256,10.66663501867235,61.138086924233775,0.9872029267059578,8.331476412397095,63.96069513780686,0.9780810833027707,13.211402979857006,63.4224846828992,0.9697695889191185,14.263492408630382,61.02256992817493
1130,49.96477955523285,203.2518526785686,12.97913527335333,2,1.009718687223949,9.630888599608628,57.898017892015176,0.9737948877209519,6.746910427247612,59.60187005093799,0.9758398589844652,9.758227167041605,59.779853510233686,0.9806245640040663,11.409162243287618,63.86710086169271,1.0017223634059684,10.295410655805101,60.690262651184106,0.9828042584139939,12.256333180954835,60.15264126415444
1131,49.93261666334858,208.78681458997983,12.820183578979671,2,1.0216187293061763,13.478920640311543,62.279904108046544,0.9809347517804501,9.259781249200444,63.149454025140486,0.981656192489665,10.974198762493195,66.40579736102724,1.0051470682497796,8.657846613201887,60.80555164147176,1.0161000567937444,10.898166567094371,60.404273616875436,0.9836340978017983,9.617298355385682,58.73241368074262
1132,49.95625258805043,200.73617327282344,11.667150878250123,2,1.019566900235551,8.553593379052502,59.11238774722871,1.0319711796186817,12.183092771389859,60.10484107517728,0.9930462545681101,8.467317016082632,59.76882472380051,0.9949106062350574,10.8893761145379,62.18481231798551,0.9751695030718425,9.766223890209723,59.84384408365654,1.0088702313804614,10.141653928808083,57.3823934628148
1133,49.953003919492595,190.48635530309903,12.322511092752126,2,0.9980324085519711,10.399847726862625,61.256565495390454,1.0015517675884094,9.414807367041083,63.23220701878685,1.002916930897391,11.671398070137949,66.0590720265233,0.9875536440481096,7.5685383475046715,59.00320853669393,1.0082136612456882,12.09100668931059,58.642586633073364,0.9805199178088203,9.704109903376615,64.23644587392498
1134,49.9542670212264,208.26619912381193,11.521625776946712,2,0.9971417787870008,8.779528873216039,61.22933412171278,0.9834142510786836,13.02107851872995,63.43234462834004,0.9915203132588174,10.211769971180974,58.785472975880836,1.0265843494924605,14.207063059310354,61.457573746729004,1.0074817468188295,8.231086848683006,61.84769119917995,1.006605088314516,9.889415522138162,61.75589264137662
1135,49.916400775146506,206.7701689405532,11.653733650074345,2,0.9845400540721102,10.030435016764198,58.85619913822964,1.011048077811905,9.542820477446858,65.38005061378446,1.0311688166336321,11.306708764994081,59.03673723047218,1.017763687484003,5.465892396613006,64.11154930640136,1.0027964629272732,9.938954288993388,60.72098395347793,1.0046827606865198,7.371934626416598,61.038476726977485
1136,49.94615959233057,197.3660831099284,11.365814004973466,2,0.9952510836559422,9.04590099062718,64.22239587439358,0.9946451396708985,10.852278467185533,62.40681642083921,0.949520364219745,8.526396665288768,61.26861091461916,0.9961292216086122,9.39329811751791,62.869927388023626,1.0041946016718866,9.38502682374738,62.827642967958525,1.0108686566820988,10.912840156582723,60.02725071473669
1137,49.966738683648025,205.00658181276336,12.591858278360293,2,0.9689372042580457,11.465865023408377,59.044745023952096,1.0051143560190199,8.669838413818873,56.287545557346775,0.9709140333739948,10.000762516468486,63.11033770606805,1.0333329958074478,10.604757192020381,62.69286710546542,0.994991668052914,7.322531459478977,58.85567619459421,1.008627467051812,8.350063518867856,63.3002182143987
1138,49.94684579341211,207.9310020281893,12.503002764197376,2,1.0267476129221709,10.681924204060874,60.818835993670966,1.003141424997234,6.728598130981167,56.32102543968138,1.033991186733525,11.227278313546458,61.0121851628402,1.0137961534073099,9.8551431014549,64.50096321808307,0.9905924102855953,10.159420717459362,60.95990205760999,0.9857402716505155,12.047490417510012,62.08227216707717
1139,49.95724524420759,201.12663584876114,12.609184955978453,2,0.9790102012686209,11.1727771944462,61.13726687034068,0.9869116410243622,12.314126360535932,62.7060204577938,0.9856154311816174,12.220146896111192,62.157956603736146,1.0191874513063537,12.442545382082747,58.51817021924214,0.9939446967508244,10.033237446558804,57.98642145125081,0.9994153945949887,11.743954707621084,58.80708606196455
1140,49.93988440194279,198.42774314258892,12.165699651992828,2,0.9542368606037444,6.9903261809468065,60.06481475940384,1.0030863255050406,12.51775134639101,60.998285626878484,0.9999770102907846,9.754076496915374,64.88184767304885,1.0190756745947227,7.47339160905268,63.96612018392105,0.996601823511351,9.244854216505026,61.798350723366845,0.9997696910297221,8.499251957511886,60.746531897555045
1141,49.97582712729568,200.47639879998437,11.905120686525176,2,1.0152149994155977,5.564959408680066,63.1268500386742,0.9846031106040809,7.595171671967821,56.446900821278945,1.053128716842169,10.082769851476991,58.77661120371761,1.0153592541116863,10.593227221488327,61.11086361364496,0.9607011793647063,7.9422253213506355,59.97781873782527,1.0094983638552542,10.897208371866995,62.99366121718587
1142,49.963577376322355,200.57346027438203,11.484157360435402,2,1.00148618455265,11.899926591165666,61.56302234497802,1.0461141244626637,12.706674935354052,63.00375425458844,1.0107027675713267,6.763153578891572,61.031325050788936,1.0008058882562747,8.266632900278704,61.18706286521631,1.001147276112095,8.120184281456186,62.033494614208514,1.0237963892064164,9.915816689678556,64.47453439528583
1143,49.95571302771402,206.50684626727468,12.70466395304199,2,0.9644994097163252,10.743302962309555,62.20686489483465,0.9753324094180661,9.537837982084003,60.56015374051153,0.9915239094414654,11.55630468797637,62.49604760080456,0.9863192670881409,4.636502503025,61.412383454720356,1.0246462482753769,12.079004798625533,61.38985662322222,1.0150804767963995,9.375653431266693,60.88928062992215
1144,49.95914194025166,202.8010452018898,11.865409048480103,2,0.9926902889907113,11.780726938612291,58.40594044007583,0.9960336352808403,12.619726209017287,60.84701712028646,0.9744978113042662,10.870184991513437,59.077791251689206,1.0058287081636315,10.382692553187937,63.244595791377414,0.9549824634798065,12.646173007460327,60.26667297347211,1.0021016132188372,9.277223118493481,64.45167790847991
1145,49.948174384854866,198.13007207137542,13.016711011822737,2,1.0053445910212944,8.92671551515009,59.718221891660065,0.9836337417572233,9.867252151113597,61.769738112176185,1.0195505913330505,7.5446677765939025,63.89237575538327,0.9968331530869985,13.407012354506872,61.88408947874703,1.0234950156585463,8.939449549006593,60.30330011205518,1.0129989578937066,9.000592195158749,58.486889656956556
1146,49.98200092936454,191.80088933785638,11.279194722396582,2,1.0082141905959494,10.651609409111913,64.00158207721951,1.0267317406967484,10.155872817461658,58.756940073964905,0.9808570516667204,15.015687474566239,62.8289427914581,0.9958772369396836,13.184759822669958,60.73016545084084,1.0170008305615699,8.903395673830838,61.811938105913676,1.0067527530036215,10.500649536477694,62.36143530367399
1147,49.95643471719971,204.26320632814878,12.608050995496388,2,1.014647005428142,9.188556490647443,63.748420082531126,1.019841974771947,12.418743613085613,60.329163952070566,1.0399620559191665,6.905280860219264,61.53328257758703,1.0176017270203326,13.234068633140522,62.61552873203667,1.0257754008876394,13.671457436825479,62.78161698053658,1.0261324398800014,9.330214628532817,64.0966882747135
1148,49.981740241802385,203.74527095435613,11.388753800566898,2,0.9751260419790118,9.868123420541583,61.70691811407767,1.0298090647778284,10.942714093553235,61.40807329356629,1.0034297581750358,10.337591601979117,59.78552680699496,1.004977476220809,6.517548011279609,62.424881610640696,1.0386839541183277,7.035948316842758,60.52788366356744,0.99772040415615,10.934106112349602,64.59531078585852
1149,49.954068930133346,202.88859213264888,12.048608361419342,2,0.9985318445553897,13.05222563145382,63.66014759709822,0.9886926304795276,11.810740503794015,59.380865404362886,0.9846436984195953,8.358913250845976,60.919678665186936,0.9935368279849274,12.026395623907234,60.05547513204301,0.9778882013170485,11.670645074507753,64.47614347622911,1.0035715774036174,8.072837961786892,61.93879464822817
1150,49.95789704360723,200.83913625937907,12.609396745773958,2,1.047695954482164,10.810702892810022,61.981014105850065,1.0085489317662155,8.618010612194015,62.75783299287749,0.9881221743450839,9.82120717884403,59.111306522428855,1.000975537920579,10.530248843598637,58.74400859655904,1.000682599951967,7.539638661135953,62.81643619694712,0.9899275368350622,10.671792253765284,61.9126828458089
1151,49.95250150397139,203.58643262999936,12.03459590102738,2,0.9837095965233945,10.93154106981688,59.78850334153813,1.0115962411420234,9.078047940507465,61.77931091169509,0.9971077329999782,11.486003478397684,57.618861132714244,0.9832821193543188,11.293280573973666,63.32609107828763,0.9957749003140051,11.487376034378347,66.97483609019177,0.9937989151114951,12.629561336968978,59.0424307117989
1152,49.96119962838632,192.75139416081942,12.710774390192631,2,1.0134931139138807,10.751536935215334,61.06951773555624,0.9817452105443539,12.828239036322309,63.17398512607199,0.9647202324560233,10.674401413893047,63.05795165478772,0.9880391022623584,7.1617648373205025,62.29818343740261,0.999113245146035,8.941418415331704,62.76195742054777,1.0095140315500792,9.94285633116163,63.16370173581248
1153,49.953825517658295,193.7841754855674,12.583122280764947,2,0.9777211492117958,11.766538245106686,62.49086790415795,1.0232941767302592,12.099597124303928,60.85644770174168,0.9856434409412791,13.241258654855635,62.10905947039307,1.0154524184417617,9.298057208407027,59.19691186050858,1.0108902440196716,9.166674008358536,61.862495320541754,0.9997184666099587,10.493283521276776,58.705740022363926
1154,49.9727512416219,196.09023166657818,13.062277625648562,2,1.0072618766037842,9.16575928722284,60.91095241511745,1.0144333298305312,13.986297421239883,59.4159489828482,0.979937681879133,11.918382235739058,61.977977052534264,1.0103139932843601,10.17457665192886,61.048317526808646,1.0216965831663931,9.028411432516476,63.02783210920121,0.9530710624428147,10.702189489370623,65.5488895901527
1155,49.96698978598246,206.84461101302875,13.013782204233129,2,1.0055741916924468,11.07404911915584,61.57367026570587,0.9675610855369124,12.192577059080042,65.06874205429557,1.0076834522087472,10.755856072100178,62.15857066696276,0.9983510430055047,11.413630762911906,61.45006826538481,1.0027503502937396,10.894102344022098,60.91101961317782,0.9619477302294215,8.423028424242563,60.06290996492549
1156,49.9572621943016,189.59408619497867,11.510482621032292,2,0.9923956239116928,9.700268697938908,64.8317874674642,0.987407196911208,6.837751239790094,64.07261912543318,1.0058895720816041,8.015980644328154,61.99554567284133,0.9824283779363602,8.675025064436788,65.51472675533934,1.0213855148672903,12.418886349686597,60.93956803298272,1.0161636416740754,8.554771413727947,58.348061908251026
1157,49.916278717930155,198.90372124980036,12.56438408369872,2,1.021865516143618,7.437726220142146,60.57472011358664,1.0172328380657398,10.981071611664515,63.768416495243294,1.0071625047289627,11.209764565734115,63.48703358183211,1.0011177174655785,8.504895254650947,66.64009644577587,1.0114447296042228,8.15672950099234,59.278025304354344,0.9980047796784063,13.937949221004734,61.37279731548687
1158,49.93785431478534,197.6709663423674,12.34322795181699,2,1.021517127695417,9.856653107105759,62.24704813544273,1.0113082724637164,12.575938653969075,58.30526285504939,0.9546753014369357,12.237381052905183,63.55440785121882,0.9907051108705779,8.594771000624789,62.903251647231436,1.0176482707261876,8.735105294577572,62.89107391968081,1.0000463202738266,14.298428024941717,60.60870704644079
1159,49.95253702594604,201.64418332427095,11.901147995463809,2,1.004435620396541,10.652617051423244,64.90134137038008,0.9855092181724555,13.226639351077559,63.26945953687214,0.9841535378420806,8.661168113742159,58.84952178293433,0.9994699285550994,9.382982295550988,62.03200152467207,1.025690262241891,10.86994254369214,61.88214911188929,1.020702746714823,12.618706841689095,63.6395170108961
1160,49.98814016973207,200.22450238171749,11.588122868846561,2,0.9833407157821312,13.893769760832221,60.56013530967559,1.0096456488148402,10.075187819164892,63.94940046022475,1.0015108159492407,11.055722313719608,60.02092716862257,1.004272613690615,12.426455481859458,62.35565061873826,0.9971593558002385,9.483098465935269,59.568570357933005,0.9887486932244783,13.954254523552073,59.61637478843816
1161,49.96698855146879,205.22023549681865,12.005215781485417,2,1.0025946352162622,3.8898024920816763,62.38762742426865,1.0216116374314004,10.13965022709273,62.30345920576893,0.9626492903341113,11.776351511264156,62.41919276552712,0.9935241232150439,8.371098959763852,59.393938081670186,1.0009943332305613,8.299664097317104,61.513708318058995,0.9779941117385311,10.930891263567917,59.00021918566026
1162,49.94293747007345,198.19765316573822,12.180566783193528,2,1.0087772603149243,10.06181936814602,60.66129820218471,1.0320146307355689,5.792507255235428,60.3746249722839,1.0060822764460173,9.060955185168764,61.361791622871365,1.015363547721441,9.86992334832724,65.92570707564998,1.008937931933788,9.743417916112362,59.01538555040012,0.994543015151973,10.807450846987894,61.616777248907766
1163,49.99214096128149,198.15090066956876,12.397827985440703,2,1.0020738540678658,10.839975711517054,61.80459430817261,0.9827205396333278,8.134808986307885,61.1139781257657,1.0243264319307768,8.450766839444086,65.5839884969433,0.9792723748777712,10.279479779803662,59.51515573012771,1.004410250942743,6.906261317527115,60.945573340925336,0.9668554222480967,9.491066988148223,59.37092657074193
1164,49.94788322700736,201.89646491486107,12.354872510840519,2,1.0173077187081832,9.1581750479356,61.663967125835626,0.9916372067983631,10.735652016023767,61.04792320915851,1.0466164719959958,11.5585027115103,63.059449712602145,1.0022678408064096,8.841227549178592,63.058943149747634,0.9754665190554876,10.484362754105973,60.177885200986005,1.0207138151475643,10.640452750742744,59.29325015190742
1165,49.96872186959647,198.0971431175546,11.167564165765095,2,0.9831722139406895,11.534218547753051,62.29028110377874,0.9918118393342086,10.720821563945186,58.546736272060436,0.9932667760152172,8.988750281250898,58.15310134986091,0.9945723387594059,6.773631993653911,58.90169878468403,0.9920969924612735,7.621892211984385,60.35254617090588,1.0007225539447329,7.700658002404198,62.89292668602311
1166,49.97150527222861,199.57624606466987,12.833770820760293,2,1.0202662558994817,10.019384745464341,60.90568070646368,0.97455069368559,10.177460449512491,60.444724604368346,0.9941418912508756,8.090124879640406,60.33739719473837,0.9586989009899041,8.861372222176387,60.511281394200545,1.0210464503704326,10.231061984577929,59.65969216272137,1.0020976648911077,12.639467791439484,63.78682973367507
1167,49.9579072361111,203.38983738570417,12.345004317022662,2,0.997731423504145,10.454031873672085,61.53696404263873,0.9953348878222448,8.563305440539889,63.00792659434459,1.0080504937931387,7.785009100244949,61.419138351854144,1.0182563911496,9.241805382250966,63.184606710305246,0.9810683693405041,9.415029436771718,63.58393600414615,1.0062481102764755,6.193600999130883,62.675922301957876
1168,49.98565500638037,189.90948629545892,11.41114715864667,2,0.9551675006391372,9.025215397298405,60.87602406785097,0.9685267405735637,11.932672457870074,61.946065627639406,1.0149564446487864,8.961712140602645,60.549616524421324,1.017639612378147,10.70404978828858,64.29391880776569,1.0207010190510244,10.726301791975573,63.00997947900045,0.9956104975424952,7.125361208465936,57.8212479410456
1169,49.92959657233069,203.60248204743246,11.45374505506487,2,1.0463921213271978,7.243449292756757,62.660536731392575,0.9788746838832437,9.746258952844348,62.29937714110449,0.9548396227589802,12.310859875345198,60.5039328195953,1.003210561515206,12.390006632199317,56.85820503448696,1.0118899843008327,8.079138507523098,63.99490794045429,0.9812383051185807,6.82313326877657,61.64608812467992
1170,49.95883096248486,192.25253756032413,12.479801885719327,2,1.0100004631952308,7.295846891783364,60.53943786431588,1.0372019213777377,8.176355156768516,65.09245442871145,1.0083054752498468,7.474177428319639,61.17534608706363,0.9691959792989993,8.348803992380338,61.99791599664781,0.9887935496076179,6.862050822004992,64.66085685586891,0.996660560006346,11.941395845045031,59.32937327660349
1171,49.94561618639752,208.3967280102499,12.383735524366246,2,0.9960468097646844,8.211938610571114,58.80466259268194,0.9998900999523478,11.414236761856579,58.90408975440117,0.9859441114405503,8.839931787877031,58.95924171919125,1.0288918466305195,12.273514378361739,59.85699085658017,0.9868135005211045,10.648730090808499,64.30820633360887,0.9754100631556001,9.475148482396298,63.711313038284025
1172,49.9795079235569,190.43480666086873,11.863923717523921,2,1.009661582281723,10.26035511652056,61.682891517333,1.0088295937491516,11.304590457534193,61.33817525793551,1.0220357757132978,9.573127606937893,63.06688689753605,1.01469470049654,5.62392180016108,60.57794432509674,0.9937182781420308,11.283234813206867,63.10707522051654,0.9951087006845224,10.259772051334167,65.96714675824217
1173,49.9636556753549,189.53638244597536,12.684972966233744,2,0.9899644350271448,14.12659430738866,62.92912451808899,1.0006373485742803,11.945442437563335,64.33997013334111,0.9991997938942988,12.21439242228761,61.116803769876036,1.0160876398221663,10.709357323873821,62.34227337434284,0.9791668952908344,7.938332499917932,63.067324870161805,1.0161473793233902,12.551110224028523,62.13210294174252
1174,49.95451663710946,191.99606278671314,12.267256318209226,2,1.0186228782997595,7.546468376292863,64.16255800334771,1.0250489798465778,8.916911340036792,59.74634913491274,1.020796826152273,14.10516282167852,60.46920434400688,0.9741203387772828,8.727408040148653,58.99803056847243,1.0190666878462467,7.9852241489807,60.247123560114794,1.0130828189070995,11.53933443218005,64.24011389820524
1175,50.0092958728293,192.95621894959643,11.586391686633274,2,0.9678608428577797,8.935168541419879,63.72028919357371,0.9955229994429612,11.154402653062215,62.523553992439915,0.9923614306781632,11.011572275575354,63.029575061330036,1.0025129505588033,8.68470779383981,64.51611829438609,1.0184150015376905,7.145844778671005,59.78486066475958,0.9953442918259817,10.339289925481193,60.91064687202207
1176,49.9437605508238,202.87748643725521,11.332833309381485,2,1.0227984210738787,9.860341562571827,60.53223957782615,1.0265105761192999,11.634548773126287,64.80001861397022,1.017615480154443,11.311903277811775,61.52938794755924,1.028829857357555,10.62424038914023,58.666466836142234,0.9974981533166898,9.102080301017514,61.34318249032768,1.002035615969748,10.392887704824105,62.15114353820326
1177,49.98987426718395,205.46008346045178,11.611554797799885,2,0.9851211466425092,9.519023358033973,61.34213900398317,1.0053009212707138,8.338195279715574,58.21803395250965,1.0257477152295478,9.742513719780126,60.920186125841376,0.9636951237443432,12.117737266465918,60.25193402477579,0.9733146515988643,11.253120785307377,60.63373276176945,0.9816589055794119,11.514532089269963,61.01615554782665
1178,49.93322478718665,193.02611137020622,11.96919842686647,2,0.9854402972560943,7.002920866194791,62.74303477618868,1.0134061211544485,10.804390082223145,61.72846021413515,1.02227828556477,11.177391047294835,62.68187086419307,0.9929455502134792,12.983553564895317,61.298843444805456,1.0366424455326988,13.214186032773636,59.88950271309762,0.9747732463327653,14.783762278075542,59.50061152897677
1179,49.996040398253456,194.5815584385297,11.729159740158298,2,1.0335825968060968,13.323066463225638,63.985207631549635,1.0258814676045906,11.245345593292132,63.97887679418352,1.0347336011423953,12.883575853334003,63.99713362064588,0.9803211065446282,7.045806406232382,58.85431870924767,1.0217668901724781,7.977660204534189,61.520222537119,1.032286952775348,9.366371363171655,61.08353516336144
1180,49.95418910445371,192.11327502590154,12.997577821899885,2,1.0129674358713587,11.153227026767631,63.84946944635636,0.9859054641218535,8.576229338109545,63.83175309316312,1.0027050178705812,13.0533220810518,56.82357383244649,1.01155774016325,8.999768520415461,62.737436908780396,1.0085438205744224,11.156458112953736,62.982840798284876,1.013522759157124,10.256281712190084,62.84196190292005
1181,50.00737108472194,204.41416453588766,12.71726031109054,2,0.9959640094731885,11.133392129335528,58.946185245590506,0.9857287448960843,12.382440894187603,61.88390544045198,0.9844713605397689,11.709853914574929,59.81522197981939,1.000754533388553,10.440261413043418,62.349799536494665,0.985413342731838,7.812736092437658,63.09714372781215,0.9809369499059291,13.316162703711584,62.32626373193718
1182,49.95134936353766,201.11957333300666,11.729130458759318,2,1.0349204128540608,10.996039315539338,61.60324212437318,1.0142940916329901,10.219530926534816,62.5596983560585,0.9874140748308871,13.153956047289745,63.3979824890253,0.9854204382552837,6.528730515806352,61.986660234166585,0.9954138925755831,12.296202768007692,59.565574354419645,1.0161551182641546,10.233786456104797,61.570409388376014
1183,49.95224059734575,195.71084415908848,11.322975592161198,2,1.0576569625466554,11.552206740858178,58.80618001417453,1.0034008165749584,11.154102579130829,60.32662749957634,1.0249256300183354,6.934619327586265,60.36268397484689,0.9922141795545939,8.945495792655244,63.14288518102526,0.9883581728741914,6.602073737702115,66.82365542925446,0.9794097296074149,13.144178885142312,63.405105020913396
1184,49.98248626430414,195.51842233264975,11.483193828725554,2,0.9531080224168683,8.772165316801086,62.93485414411605,0.9687948321989385,8.937890376633492,60.82791151821782,1.0140809431342577,6.229627685691659,67.17595311129584,0.9965602066296659,9.588744058295758,63.07653103296341,1.0233579852150634,11.540600989961614,57.23195566509263,0.9824312356674446,10.69497732513681,58.20094543917616
1185,49.978528577045196,200.28601638224404,12.484889442153584,2,1.0206647418075063,10.663849138730273,63.09470907457644,0.9967584414813643,10.343356882788314,62.72903695337373,0.9831036996915972,12.984099738549247,60.41572369406519,1.0041690922773037,6.135828550288214,57.15157493899576,1.0335854335299777,8.689297425018925,65.29196348820555,0.9971264707888807,9.461123075743874,60.651200829458354
1186,49.980534758635265,204.64296171089075,12.668052988592413,2,1.0280780297714704,8.06504125000791,62.71596018709828,1.0053800194854958,7.068036991124819,62.625336187669106,0.9693735659139949,8.204272369293287,64.53595691186337,0.9885924352934082,11.512298656508285,59.80782612536592,1.0339877720389592,10.8101526251704,60.340087535525164,0.970622672246063,9.633530763296466,63.08163499720841
1187,49.98757199189019,191.34169752289623,12.41408097932122,2,1.028964764679881,10.194245983603862,62.0021481164292,0.9901516524289179,12.277306880058575,60.36968881434314,1.0166228704230955,6.144162372388539,61.820785071326725,1.0123151557675025,8.76051066139544,64.65604122179455,1.014693500354598,8.017503991305329,60.44055579389504,1.0110732898777248,9.659138729013947,63.937690480769724
1188,49.976394419984786,202.53750634105677,12.20150146567545,2,1.0136130785386785,10.61224668742803,62.6133011299174,1.0048911679518917,8.289547944496196,61.86393812943707,0.9965216956465404,11.246986857352075,60.19008729395967,1.0254100724020276,6.9494165359696884,61.944163676456746,0.9965717754597545,9.129201677256107,62.47197559067661,0.9976381381013661,9.122016133708636,60.75820785814938
1189,49.98334120818759,209.02304259521662,11.700516937372086,2,1.030335313910142,10.946211139077175,55.794017011713905,0.9892070612904211,13.67640108530205,63.98976620468201,0.9871892944923256,10.108341866241304,64.44061659494872,0.9734119472793259,10.365750282417226,62.61868417526279,1.033968065482137,11.591087730107379,60.05387366718829,1.0104689839209977,9.012695429026008,60.36887432661219
1190,49.93079272075062,203.95865030031615,11.943124568756597,2,1.013861660437306,6.906587632364422,63.581900279277654,0.9791404699016352,9.31292957194114,62.91211069912267,0.9738243131118435,11.024457282762832,61.44385474606891,0.9763082139503699,7.614470981230051,61.66370590776532,0.9983183207035238,11.04137482942133,61.57060775586659,1.037880978695399,8.768165852952155,61.590008049873745
1191,49.96931288320313,190.36095860966395,11.772915694909708,2,0.9878234211546078,10.008045288557138,60.53750512156116,1.021223612670043,10.699353355233068,59.74734750749312,1.01641069202199,9.861965029349177,61.884023875727586,0.9905927879517799,10.923164133451726,61.563347508387814,0.9731562783668283,8.166373512245906,64.58265131460082,1.0000621223007946,9.342702509104335,62.798754492077755
1192,49.97512599465242,192.69611230789286,12.017783884815058,2,1.0125403324393365,10.722364817489845,63.12527041483374,0.9999243391373944,10.308303901516771,62.018137991512134,1.0011921078155999,11.901807715396323,61.664815467858475,0.9981741995796058,10.417671436170616,65.59112775547402,1.0129147407519445,7.898720363378093,62.606910011478476,0.982213511460051,12.908692974841566,66.08551392296384
1193,49.97754228916571,206.88823044003027,12.890525155667056,2,0.9631262396775845,9.100669112550975,59.19097191991241,1.0000816923852232,11.702500607328133,60.45667075380897,1.0220920182478308,7.998648829842844,59.47805148975452,0.9817123170748554,10.605850775833561,60.58997104435667,1.0027032097914677,9.901526634884014,62.71490440138129,0.9771421559399174,9.53047179097096,60.66724142668545
1194,49.94376079806115,201.1358528365943,12.199664992672558,2,1.0025642131292642,8.809667487335778,61.43907346293081,1.0065036039645492,11.181261876130035,60.04040599545863,1.027149731324312,6.649277750374767,61.584611945476745,0.9956586189780704,9.841050179989779,58.49677346851362,1.0216304747403504,8.459345530763162,59.951541055850484,0.9832829425664646,6.1195045878080805,63.52016080967317
1195,49.95100949570699,199.85814417840143,11.725282765752786,2,0.9798377147947528,13.055383107951464,64.41200233816382,0.9973258956262864,9.936187378751999,62.619030033061115,1.002503160786081,10.809712851330467,61.49873800609585,1.0241438340139575,6.231652916004382,60.68823839596842,1.0549682500053263,8.03204072051941,59.16951763057229,1.0143849517113532,9.637440596081444,61.932425763422316
1196,49.98126549762345,200.83502895792043,12.969386949732442,2,1.020699033972833,11.994982098845645,61.408325782085754,0.9794819618255739,10.890311825580469,64.70626538188702,1.008683063703096,11.283349574086476,60.76430364440564,0.9868150048486994,12.013928531981884,62.36371866730756,1.027906249795675,8.821298818769897,62.774561467773616,1.026598532994674,7.75586830721066,63.16975053716498
1197,49.95350693327288,208.20042764909394,12.073944303122698,2,0.9640489074917508,9.086387398650842,61.28233274533826,1.0266937391960116,9.045243153608677,62.914201322746514,1.0020303266932793,7.043918860716239,61.69631348146277,1.0003095127255852,12.58743043537963,59.692720198793786,0.9857551341809039,10.545001413143373,63.57344227789094,0.9699810389631355,8.90441746200398,61.65129461635115
1198,49.96216384235156,197.94113507654308,12.916464244970374,2,0.9966097310298656,7.512044697865632,57.32438378126493,0.9949438133179421,5.878868640366284,64.24584481878398,1.006218786252737,9.85150443009483,62.05892281572444,1.018099885559867,9.337028906916785,58.03145240605195,0.9887152648720039,11.465665046066412,62.821827016149825,0.9941440465198418,9.725879425215439,65.16764889127438
1199,49.97255249092538,200.87426598754604,12.934419292598585,2,0.9946442237062912,10.256582263826466,61.871804191175286,0.9907689721273948,8.008427994574234,60.8752929713871,1.0016192688453347,9.333652702827663,61.16794004098793,1.0032707895885187,11.160583931576467,63.718066602967895,1.0121069249633945,9.999884055841708,62.784522821223874,1.0074065104331902,7.365560078592319,61.270556321039706
1200,49.95872717519736,27.771472737326068,0.510011425927869,0,1.019291917224065,5.789294152466177,63.33850073175508,0.9730803587293217,10.305227842280686,57.380117363465395,1.0480253020368322,6.801891354714137,62.34881362266532,1.0040784720331801,10.780483757112647,62.0262339794251,0.9739452442959267,9.893221262944968,65.57402425192414,0.9670944637640411,12.217684417480262,61.49552594390102
1201,50.01354624643433,34.566851453474676,1.8658439592899951,0,0.9571422506589774,11.941617280111986,63.900660262602436,1.0157795284365385,9.188810587552034,63.50944607564016,1.0096103184153695,11.586356186666116,60.20236865597511,0.9884758476269437,8.484271624277817,59.467191606858954,0.9954793776187718,7.575348738828724,61.42530741978582,0.9520902253766994,12.55178319831543,66.17674232355684
1202,49.964946445837995,32.670987532834715,1.3835071696604584,0,0.9653108158225071,10.883499043928309,61.60277236690316,0.9831511108754765,11.334024422228895,63.095343940830126,0.9938029693022936,11.36871204263701,60.51115099381437,1.0082071969907025,10.968054821859914,64.12261071335274,0.9689711276044519,8.85947743026103,61.27973022732918,0.9686124071085486,9.21701059827233,63.0390421941811
1203,49.9581682490613,37.29428302568299,0.6919113566243451,0,1.007916925514885,15.41558675876268,59.50888516064549,1.0173785984561727,10.500130011559994,61.22974245692079,0.9968663175391144,10.003001121272922,62.621437136397894,0.9836610780326908,12.684838615417483,63.42564798672555,0.993109186761907,6.54152708251186,65.56650109899013,1.010534503344306,6.467908802564176,61.44539345020508
1204,49.967912697027415,20.159931180809505,0.9490797341402237,0,1.0047849485416713,12.632413095375847,61.685805962933486,0.9948503669496749,13.226354705208637,63.473338407383466,0.9688677799257436,10.672650542745426,64.12871436944368,1.0097624644298044,8.483518909362202,65.72993901492384,0.9672922087539553,12.788805423201211,62.30233320040264,0.9745878066433074,7.307312691971518,61.58364313385812
1205,49.98239648734597,34.934183165256044,1.6397064847228853,0,0.9921099955585305,11.951564322040873,68.83692805146416,0.9977856433275174,12.814116863002166,61.453014288470406,1.0027287956514517,7.253717755065176,64.68798312947845,0.9831433363792136,10.469452427831028,60.7157552611855,1.0220966440772095,7.207581750143923,63.279338775137894,0.9733376665938354,12.470478248032364,60.362004403008086
1206,49.9674119281547,34.91491766090523,1.9223411408123423,0,1.004912175569476,13.95957703711559,63.42783904423435,0.9864565408800472,6.7297575691623335,62.40063503573396,1.015123654110715,12.119432741961297,61.83996428816899,1.0260737741347439,11.208174933383143,61.481747846950704,1.0101218304945818,8.967173589435433,66.28923467970982,0.9466087561004356,9.183129895431192,60.70348305181614
1207,50.00022241717931,22.10282707896705,1.8074064859935763,0,1.0039291009202818,7.52955470004111,60.71858188805902,0.963175626227739,9.557927166444417,58.7132200577185,1.0269604480256846,8.594252044346803,61.43119589679291,1.0324757324412321,7.588906346481184,64.9558572327236,0.9664793230374928,7.85132810978903,62.777070840739285,1.0245560869008594,6.280529768801021,60.64806325759164
1208,49.95962571210549,30.113138475541035,1.531098457750323,0,1.0442421987151183,6.457259790382231,62.475691785855894,1.0198405334830654,10.669355476261165,59.053034136402296,1.020961466328301,12.31053223551513,59.13253896135912,0.998683008701383,11.00769833536757,62.53159847251316,1.0084916364770897,8.525256542838672,64.11443600604557,1.0118986264073198,13.078384527173704,60.567274312885345
1209,49.963596029407654,23.957309597451314,1.7959908572523091,0,1.0119357385253396,12.919561275110278,62.459004548927346,0.9777566766735405,7.816489008386479,62.441123173454294,1.0266479842759633,10.348849293071002,63.2480770860523,0.9925198059918069,4.616017091615808,60.47086114769585,0.9844234729069128,7.649629552390816,59.43835945771515,0.9798267192472642,7.890312448745151,61.35231312300577
1210,49.99027000226327,25.7479674552037,1.909643390624271,0,1.016577169578769,12.443026951581563,61.28569267149104,1.0262917968317988,10.833262883581458,60.82472401117277,1.002324267517291,13.28237928284365,60.506355685972096,0.9832228296834442,11.010031755233438,61.01270243516743,1.024142480060751,11.467782887065313,63.18951564484393,1.0080480325162364,11.32741532397508,64.45395331662039
1211,50.00051147350704,28.35233010368927,0.9592293311909228,0,1.0348039451352729,12.004371590169539,61.77911955805385,1.0058112041102303,11.628884218768716,63.7441212317802,0.9464981713750156,9.373727439683996,60.861487835957064,1.0111104577122596,13.14673068308339,60.40527426219262,1.0058081533230898,6.738082028751766,61.963012060621566,1.0208099495344276,8.574270592645163,66.020000739968
1212,49.99494030540158,29.773772423479162,1.1585204305673196,0,0.9441547864003534,8.158088318171338,58.46852731018682,1.0344721687416396,8.799492369129139,59.81894185211527,0.9997905069940753,14.628121408588274,62.80253260838558,1.031844691355943,8.804542530724257,62.97154878797063,1.020299455594008,11.76151684285378,61.185424821195014,1.0121239891201097,10.249403480700467,61.91058116855994
1213,49.953918855288784,37.39913669648669,0.4387847184199545,0,0.9924109312527419,9.959635771664347,63.62076469317042,1.0123199238643854,6.002895553103706,62.45282385017264,1.0208654130884156,7.417596989025625,61.23310611979117,1.019622474768132,14.932104738797925,59.86173975639053,0.9903806189336276,10.690638482174586,63.35012117360539,0.9804043839014673,5.3242111901831475,63.1611357111652
1214,49.96965094762626,32.71049544203191,0.9393630108183635,0,1.0140951027517313,11.594993120850365,58.68666847037608,0.9797487446932537,4.858323396217629,63.2714792183234,0.9838615265340358,13.636480612120305,61.96142160266916,1.0245995501623504,8.781321526262854,64.34708704312789,1.0063522076582374,12.604590030394009,61.207270521886585,1.0243596156297916,8.62777943521903,62.86372726770922
1215,49.9979303450859,23.906486479957643,0.15500659154390894,0,1.0066912122763354,6.826443398087072,61.629567581735195,0.9999049047222555,12.678908973067234,58.87995539551103,1.0238436024326867,8.607700232120056,62.44550262846217,0.9981099284781617,11.22681138891638,61.21937053678677,1.012238854274965,7.366457429448631,58.10037703805078,0.983890775262377,7.377543749385584,60.767566051709146
1216,49.98585238873893,30.3699938948114,0.5367612756002818,0,0.9993608679278116,10.860633859180309,63.76235325362322,0.9644310137628411,9.868662755644886,61.56186598180969,0.9992380727826741,10.742992882044692,63.83688490503204,0.9868038879997262,12.82383965158246,62.072483010983404,1.0227573176952627,8.548663527490472,61.9272405319157,1.0189329517682046,10.159885731067448,60.01442929528246
1217,49.98519186501225,27.784235551286876,0.2718871946619994,0,1.0228837222028804,12.000494123964312,60.216066331609646,1.0159250882605204,7.180406139505694,59.36765370865955,0.9703171467657852,10.662197474365186,66.89739361187407,0.9798081478152851,10.274959127660082,66.0954576836799,0.9866284080338839,10.60562069095204,60.77050371245433,1.0009314536668328,9.5373552657093,64.99995813913105
1218,49.99730089455495,38.28619008268444,1.1186680059233978,0,0.9838185817371836,8.995901670963505,63.05192767865682,0.9799006225278992,7.864777114090134,60.540689649516615,0.9848052460401889,7.5580459181944155,63.46190608897386,1.024507915098506,11.24394550989801,63.54421493922348,1.0042978202531334,6.597995202632758,64.0564787815967,1.000565961419711,11.397249497995048,60.845761400499796
1219,49.98168786824515,22.23635515890438,0.4132148556610329,0,1.0123879271930512,10.644488297267714,65.26943351953386,1.0339306592309585,8.203771362106467,62.398401711700714,1.0100073603819482,14.187661905960745,59.85040914784453,1.0036344789622045,14.600485500140941,61.949810022124005,0.9980404028855727,10.189710094023157,61.961217152947064,1.0428949129414797,6.508341281933257,59.58728397266831
1220,49.982422631323345,20.861563781125607,1.7487838986483597,0,1.0076798464110535,11.38344486703043,62.268555673888976,1.0533689465729044,12.566295788174244,63.7625736207422,1.0090299316859896,9.094759047900244,66.56577233473362,1.0061694879802445,7.800579224393736,59.63177283598239,0.9975806958745603,11.6098913983176,59.02194276743045,0.9977521987640633,7.536503702966399,62.42156875233755
1221,49.9805938447304,31.82120013490447,1.7550004623120634,0,1.0205535509495256,10.768495725584899,64.09982868656815,0.9738893308094708,11.413087710064476,59.95470368208814,0.9945363495582717,9.635087689130941,62.37244206119679,0.9861017589191641,8.143122621167432,59.74796246227582,0.9914711368349636,11.622331531492547,59.52347797330706,0.9894948269376592,5.5170389117898475,65.33547904610967
1222,49.99069529864418,35.165347162012836,1.16914624255102,0,0.9946676607790356,11.055831510675596,63.22545808768051,1.0025679665279075,9.1896700007046,63.948141076021734,1.0144639628304337,8.588500176758217,62.73286131475998,0.9484870975019503,12.126446322771347,57.79116599951501,0.9582186841772843,8.391695657130096,66.72692239033034,1.011935793336501,9.09447154664972,62.779545460434306
1223,49.96630007041537,37.783915910934795,1.529356697740202,0,1.0106439646677756,10.109616740939352,58.74996398666907,0.9577811647747428,11.266965419781046,61.894138916358436,0.9930187618239359,12.717927971705745,62.40462049618189,1.0050669398567351,9.66692743798742,63.1762673892604,0.9999454778183714,8.780338483819092,61.817179194626576,1.0074538115688147,11.542701265556524,61.08761063856899
1224,49.97960450456335,25.662772337439364,0.6996725847633327,0,0.9707837239680956,8.645825172892051,62.92166946901321,0.9955419099572766,13.260854556500476,58.35255877433973,1.0147674690689437,13.45926042899513,64.87698581735548,0.9864463148022669,10.886293566369856,66.07551957258664,0.9925641030340572,12.70738712835445,66.53449321801945,1.029989578495662,7.339976141949075,57.29082553131916
1225,49.999382716841566,28.89556241821672,1.0025731616307212,0,1.0240327070213031,10.575682549518918,63.03394130452116,0.9943469321872499,11.129088312273371,62.96225489899137,0.972688615302466,8.053106934992908,62.0289647090599,1.0250061141115074,12.367207692588476,59.52679010303499,1.0180001224865134,11.17645566065019,62.39724171408501,0.9735917909507464,12.480457193053901,61.555012576359495
1226,49.97478412470605,38.453478796788325,1.8325019811485723,0,0.976289318893183,12.531529835216574,63.516013298722754,1.0034215542089846,10.430955662773124,64.20652183873376,1.0136284201176822,9.017535743404592,63.2639268246778,0.979649063022512,8.120775275727409,59.312607830430366,0.9875483929246602,8.874264625302974,60.530655090183245,0.9927538319749585,16.045085402461975,63.605527209994406
1227,50.01606321926939,31.719728816045603,0.7119310332523379,0,0.9946498504151726,8.192585862393557,60.53437782387711,1.026654060090075,8.2797524062879,61.09337359559954,1.000782748495861,12.507549386829481,62.699596157531104,1.001411490802631,10.003003311847454,63.71863012747057,1.0283033568087996,9.356773235633847,58.19932394184444,0.9979689954148768,12.166325042825417,59.74237246023212
1228,49.97711131161919,21.131364283677016,1.6155542838047754,0,1.020565873525139,11.057755980392098,60.90326563829684,0.988150970509358,9.492094079989766,61.239490831594914,1.0191310364540755,12.233258168409192,63.119307630496856,1.0297626123378179,9.892042829101584,60.336165806343026,0.9895237071941944,10.192049869970687,62.58062348945356,1.0153261118283423,12.199322155434388,60.23378769103541
1229,49.96501197866715,39.746805738219535,1.1759258945041107,0,0.9924416187745613,9.587321142671236,60.704513999083915,0.9783701494518628,10.352353894186502,61.44364905658408,1.0022555000975877,15.800697062960548,62.3712743853178,1.0302126584189566,11.786068766869647,62.721046372971685,1.0262543574066734,10.579572851978103,60.91578827093296,1.0065339224344363,10.801446900634483,64.66743895735425
1230,49.96330631482017,22.845467185485838,1.9927902573990648,0,1.0021001599162491,5.386049854308143,60.215206299938934,1.0123100825973532,6.7626503648013285,61.05818875116051,1.013408554268889,9.122535856129765,61.28714664419607,1.0222225256962079,4.530679867026393,61.38050042671567,1.0068919270826708,12.185389801530073,61.063453136554784,1.0031662067362035,9.976884443630377,58.68086138974003
1231,49.98687950203239,30.112333930769402,1.446273484783635,0,0.9914009876195594,9.428343844091426,60.79410237352265,1.013452008584928,11.151776223761585,60.940064940902445,1.0052744913084655,7.260322028149885,63.87468259252733,0.9847746610797071,10.461486195902138,62.23897828817827,1.0234742814696485,10.06054200107703,64.99831643354901,0.9927262351776631,9.604645251275754,62.02265169771294
1232,49.9922662874416,36.75161796473868,0.4022656234228943,0,1.0263473540408126,8.851327692237408,61.95811004023963,0.9840999861538882,6.739049757620604,61.603062947873724,1.0253238602164978,12.407079423823854,63.72314926591265,1.0160159727171478,7.360983489961738,63.19603208723289,1.011247865257444,11.837383198979039,60.25712895544602,0.9835144747034622,7.919708625580828,60.56080822251221
1233,49.973179094173645,23.12443033681815,0.7029261995952993,0,0.9820135691556905,10.77522540368404,62.00677098383028,0.9721535169635064,9.972235376023171,60.42024797346873,1.0203898756405003,9.302244546678386,61.12696356199136,0.9758858889936066,9.922947494156206,62.53275907205102,0.9828773088759534,7.545964634690656,62.300862126333364,0.9865905591258047,7.005156864210405,60.3765438818233
1234,49.998862633986064,28.368848671829483,1.5591360887551935,0,1.0141998750989212,10.305638832838921,60.12014974907573,0.9764247564608691,10.888637314825377,63.02371805379897,0.9944780355086079,9.017280980973666,60.63206270028567,1.0073893580103879,13.289458315356974,59.53787342686751,1.0147170568117834,10.153265479170615,59.283203517466205,0.9936179619391016,11.201200083428049,62.214455149296946
1235,50.00667601982454,30.423337934592187,0.741184731137505,0,1.0033111104354069,11.433833308885548,63.551307165607255,1.025208716498103,15.011326202860662,61.96944116050542,0.9434738905092215,8.612073975786798,63.98054030143058,1.0173930591860363,13.358955103469597,63.29249155190115,1.01314975844157,10.064165163694522,61.99317434358156,0.9695730621481424,10.656445276339026,62.13132538007303
1236,49.963662832967024,24.526262915775757,0.43990618923605385,0,0.9712090583598988,8.979381424514424,63.598619142230035,1.0171498861219481,11.47074436722372,62.13029247810675,1.0039318250010494,12.350324681640561,59.53075692357493,1.031282770857305,6.669291799387466,62.883101430618055,0.9915725596928245,8.290538921604396,64.37694862615834,1.0071886111359822,6.794085359796276,64.98418765335614
1237,49.97539506617624,33.66469571578696,1.7076009279390798,0,1.0149233011309728,7.953405326359922,61.300012189848445,1.011831378692159,8.727669580062342,60.89218100874989,1.0248672161661618,7.790308938081944,61.631242264684786,1.0094605554047003,9.005684011487963,63.02883420723104,1.0227555292031267,11.083939679657995,63.29630071232409,0.9939863811083214,8.229749143389128,60.93586858964557
1238,50.007198231234234,26.11449916642443,1.2397818858826422,0,1.030183011180064,7.551182230169765,62.79717674462243,0.9672412726147999,11.222914672363748,63.41312600398453,1.0054061673104855,8.509321155520848,63.17804199452774,0.9532896347522004,9.620541679815341,60.38968082420326,1.0013344113663032,10.550447637687904,64.44807153605402,0.9982028030597516,6.765671158245983,63.19821470153274
1239,50.03455927478338,28.853212462903258,1.6760589125813912,0,1.0039803515398402,14.390742429746933,61.85790515436899,1.0002533668165423,13.293041051494532,62.68983531996277,0.9914874335259465,7.241523687212786,63.568022786079446,1.0014648563097501,11.603784109905185,64.42365928585991,0.9946524426239887,8.192174705490537,63.190260629721394,0.986833181765109,10.140685265259942,62.92474542084558
1240,50.008065067488815,27.315912920464417,0.6349119417287961,0,0.9664412771047257,9.66101585207855,59.96737076173462,0.9783758753250152,9.996040233320379,65.67744279070294,0.9884364625553522,12.148844401919828,58.579134917764776,1.0259462234228796,8.68860540334211,62.79584308128449,1.0107862283154454,8.727852500389227,64.00712274448094,0.9827022947826447,8.023111555046574,65.43660732474825
1241,49.999875628702426,27.91485927809002,1.4420934139348922,0,0.9855197322599076,11.565919440138769,63.60937146621517,1.0223580685187104,7.826179358939918,61.276779839937326,0.9906312851725275,10.26898913208432,61.219889874415244,0.9930515030384287,13.56167017058921,62.2533659355641,1.0051177429457623,12.256546905391826,62.26169785186753,0.9901756411624498,12.987624584429348,60.72291454554491
1242,49.99313603438048,20.44245556025556,1.1350798240500404,0,1.0133711085280341,10.872443015884416,63.28741248516019,1.0089918030351903,7.403029008124022,64.18813528406854,1.0071020411416256,10.029102934117992,63.39223346555026,1.0150325800969133,7.795708278540756,64.85892949583548,0.9957788289043681,10.218109116712913,65.96115173317942,0.9946338450755331,8.374071805818668,60.57215372682571
1243,50.00147539616452,28.086738297787637,0.41077787251309883,0,0.9774697762349887,8.93386199753203,61.57911770689719,1.0062203859213812,11.0697636007741,63.08135483055021,0.9940220268590877,12.305455708120569,64.70741605487748,1.0363379396798507,15.578068465851203,62.851214687427614,0.978495294796436,11.641645377602678,64.32492918170172,1.0060838339985696,11.186940353471362,60.11719850753866
1244,49.98415646015172,28.092993648644583,1.014840742206612,0,0.9895873307834885,11.563085848859481,59.89172449622975,1.0047519446379314,8.360099448357527,64.57108053660099,0.9784542400844108,16.504649761607695,63.6158717894845,0.9951946229495306,9.588948504626822,56.95163865984754,0.9822366934121526,11.508848592360577,64.33360941285699,0.993130527075197,13.229150922357839,65.6645533144739
1245,50.00124425026955,32.638701240299106,1.679781445234557,0,1.0352648979347752,8.547487008860559,62.20704251108892,0.9766635429163221,8.469386066248328,61.93340547335265,1.0038470104420987,11.78614481321055,64.29614964790983,0.9995536020134789,8.809573848956637,61.36720976159209,0.987752177690034,9.645308083793687,58.98717621371863,1.0243136915578805,8.883047239758048,59.73711398764728
1246,50.01803906031433,38.21086765795926,0.891800556848535,0,1.0057182570841063,7.334586954863715,63.346154584660994,0.9833282220139272,6.63876907065092,61.19606238815384,1.0176750077635583,6.795575944295072,60.829078232948795,0.9992287643472404,6.030333079777679,61.89553228035884,1.0278660533989399,8.045268192044738,64.02403085243922,0.977002788476188,8.148788770412532,62.3689742062605
1247,49.97436757514387,27.829213257155377,0.22620456837049896,0,0.9895276747102584,10.647131106407734,65.24986826670654,0.980957826158631,9.814597542109237,63.294085694221884,1.0089555666476069,9.076425976130086,59.20733255067373,1.027246575588725,7.989591736123248,64.60041733401927,0.9918055655105423,9.44560486025815,60.84259559995109,0.99117526320089,13.163379942987028,63.31218891407148
1248,49.977191928919126,39.6702236303021,0.7811364112012267,0,0.9973932691191341,10.405282949187947,62.20863246789006,1.0010673608364549,9.161832324352035,65.77507021034187,0.9882367203191661,9.903192437349084,63.84246217919864,0.9491422564481063,6.674585631813674,61.288692808475425,0.9726996121624546,9.243312071496241,63.36475854258874,1.0145565695787702,9.17824266233276,63.83546090319665
1249,49.98969832179687,33.963797980060306,1.8256695855037672,0,1.024301470965348,12.653934033972046,60.92825803081278,1.0127418052495052,7.5813669918941855,58.78600584599849,1.0184040347623595,8.508321316092958,61.869626884979894,0.9821062018671007,7.614877595880812,61.83653853073593,1.0046334909011325,7.908637251523418,62.238985374663855,0.9595408494186983,9.8757159665206,59.53469457126657
1250,50.01024739045925,21.911938278552665,1.6977920252979166,0,0.9705830098989485,6.5283043051647205,61.039885143249535,1.047123709642741,7.708407677563378,63.666909708812575,1.0289006515735488,10.350231837836052,61.84157939293374,1.0281192497766773,10.401790983664318,63.78138174684816,0.9510874720278805,9.04589569005176,63.33915693409471,1.02688492664435,9.062022668224115,58.364373571908885
1251,49.95479245158957,26.222618704060523,1.8352745460280537,0,1.0074582301134605,9.116024214619655,63.45100238759062,0.9594679122216343,7.875372903098933,65.68178248704274,1.0084030022342574,11.337083521990351,61.150518589608545,1.0021497352539332,13.091355933924167,62.16653801156838,0.9857920234646922,10.97695458513005,64.32138215640994,1.0215922810438929,6.893136969317265,61.702852187937545
1252,50.00945029643595,32.62585988728571,1.8336238823599627,0,1.0166950218377533,9.560487586012297,62.679767738593185,0.9943288816331918,10.150714361071492,63.75522527907569,1.0019905348369744,10.120186241655006,63.04432251572716,0.9978727917845676,9.932773874905473,63.2185535434175,0.9812817798665511,8.215913984382757,63.35542914569185,0.9879315451306968,11.687388450314845,63.15908404713331
1253,50.04108262547381,24.64340210290181,1.402687981278603,0,1.005576920111124,11.77456985695078,61.323001291134155,0.9800524340326977,12.163415502203417,62.94696063359957,0.9952169500456476,9.593282381046947,63.056635066244446,0.980116372860513,10.872588981574264,64.52216342206154,1.0078517734930394,7.709305397704704,60.9748457019272,0.9945180836070324,11.693898212792854,62.25977752790648
1254,50.05697827945169,29.827918882004134,0.059860160909340765,0,1.002760587683657,10.25332217393879,65.46457778266415,1.0030691027436147,11.97104299477605,61.01228447909707,0.9932518599237943,10.853800402302443,60.771892591098585,0.9979997378880859,11.024030728705839,62.678305156839045,0.9899695137919373,9.711858033964914,62.92228820614435,0.9959328379742454,8.282808734043922,62.41514088086049
1255,49.99043144122438,26.14003810298611,1.2644055194381891,0,0.9942397795651672,8.16155458433936,59.84465036749654,1.0287617253343762,9.047269781254647,64.85763113304873,1.0025756024679535,10.750535858586117,64.03893089152004,1.0040237785081025,9.395696600530671,60.02372392400704,0.9940920570578144,8.990292764646425,59.00603522448266,0.9973930171380998,7.526126637572384,59.93807390091869
1256,49.99214999378054,38.87748993782941,1.3915264462212604,0,0.9817476738600087,10.450649648035611,64.81382516846837,0.990564314263164,10.281161654907166,64.02864319713053,0.9945936125069569,9.100686913389318,61.92555762416892,1.0525021423139562,10.4230541623718,63.782534742113256,0.9943768425855312,6.566204426878173,64.2915904540025,1.0215290536317094,12.410330308969309,60.676447855595995
1257,50.004525875240354,22.205353800310657,1.3260634466145147,0,0.9867040818661019,8.717561822153774,64.81368803940245,0.9860461595148651,6.932659640030046,62.12219260095072,1.0254277758656307,6.184156363817024,68.78529557447953,0.9876519172492663,10.031931732875588,58.96780360317273,1.0297209485009988,11.66098960184829,63.177008951467,0.98641113668532,6.737590989164062,65.69988729017714
1258,49.986860341278685,35.46498339864071,0.8202050205453495,0,1.0247497292614551,9.63076307665748,61.78513022084009,0.973439588966086,11.581016326816314,61.428881520203745,1.0019641263508277,7.218463088304134,63.309475415659236,1.0261916748214581,13.03351818390618,61.08566389458353,1.0168794835294703,11.35590637292782,60.44614787642814,1.028745451541592,9.511217713857956,63.16786589392429
1259,49.99490909070269,36.76214482100231,1.1269452365735775,0,0.9924726847588736,9.609321689412965,63.635867422950156,1.0152373171512095,7.677208428021355,60.94552589561621,1.0097945263943395,8.4636747931061,61.20420884168624,1.010466331992981,10.986569699063462,64.48336358540618,0.9804407236011479,11.864543905256088,65.82470513642023,1.0016930679419231,10.130706641530347,61.96208955656488
1260,49.973966448642976,30.697678600521684,0.3642798988032916,0,0.9803636714801183,9.121769347677898,63.98683840975461,1.0129822794110157,11.07537696462347,62.6005014580061,1.0315804952858534,12.803792540206853,58.87768834596381,0.9706741463214875,12.132064467069222,62.5212014487258,0.9974670111376481,10.927127547610402,67.73715809522267,0.991525001365005,9.422607063327346,60.15319631882077
1261,50.01084405066399,37.25394788810779,0.7757463356043863,0,1.023855554201095,11.60359607827859,63.50466443615889,1.0105707956012153,9.687957495652993,61.548777560395315,0.9939208578577585,11.984568950125604,63.117086422196444,1.0166780404602187,12.163125219422184,64.70103736012561,0.991235963585375,11.35557987692539,61.20332705546941,0.9737226813596197,8.213910006211918,61.41375520345154
1262,50.0047117131645,29.332237372511294,1.0496209512210728,0,1.0229850637921771,8.005292551782848,64.56029836349893,0.9875846093278478,12.0180527140789,64.38204686043731,1.026336840259781,8.558347252027577,58.464589054239056,0.9853453598566865,5.734058996456211,63.55882040752593,0.9762668052928299,9.67444948028398,65.46969965836357,0.9901274161781254,12.92514344499511,64.1071637486243
1263,50.0082053812687,27.584733797955383,0.06681472749878714,0,0.9823370565760091,10.166755076850176,64.89046388860005,0.9932763582879884,8.702553117177041,63.214023474571825,1.010518872846279,8.118115253772322,63.74340952684994,1.0049393057917915,8.123669617003229,58.41026198767762,0.9972692329176888,9.725143345002904,61.91815334004016,1.0021206035078423,12.535336262850906,58.13581767287698
1264,50.01078889660021,23.249993021842382,1.0896677139701545,0,0.9219773903468871,11.728048400661455,62.94271734768148,0.9679812774217271,11.511228815787849,62.1672147916307,1.005684619390101,8.742022248716363,59.17745863626666,1.0069536522842086,15.553573652319102,65.95821981237422,1.030557722679011,13.289375135371085,61.27428319307006,1.0267334215982236,10.794883608093945,65.21530452049758
1265,49.989233932898436,30.586296142440506,0.21529872144427875,0,0.9925166369328837,12.077698984084382,61.06806110017542,1.0019874404551856,9.538535726190666,63.073515840959885,0.9724528599299511,8.062806458876262,63.26729087649027,1.0566338551522403,14.668138492025403,58.52277483622563,1.0065083125592562,9.969675807990566,65.88209603583918,1.0180143243483206,10.541982409606987,65.54644265433177
1266,50.03357861021743,32.66008088450131,1.2281479527660877,0,1.0108649680776258,9.815192281217188,63.61830651727005,1.0016398309825736,10.939906578323459,58.580511525071906,1.0389256098711914,10.27313763520284,59.044302171614696,1.0125527297461843,12.146106177633637,62.658514476615345,0.9704787375361437,8.651691272315555,62.74532410970563,0.9627067826716734,11.305626032124128,65.15870954841932
1267,50.04412081964395,37.741819549501194,0.5101555371754793,0,0.9644628184988583,9.304576000819438,60.79844227999969,0.9993756628250596,6.8810259777090845,61.757615178240975,1.0081392237091256,8.14161720668322,64.89803537650769,0.9955853502603539,13.007656982170678,63.191390687566106,1.0185888330766257,8.39205987691522,61.72288990908998,1.0042368035262548,8.03124695418803,62.426083537049195
1268,50.02929460079886,35.38109448342446,1.3369928445309955,0,0.9992765420748162,7.2647554341420975,65.2971407287918,0.9798305546206679,11.28910349471434,61.621081728496236,1.0059320856733673,9.669329826117309,59.05244050078438,0.9740083870840122,9.598508454511403,63.05666527572824,0.9482766077571625,14.355326783317874,63.800367128676605,0.9878395319228583,9.397370763306288,58.73489755148328
1269,49.99409607163638,27.832262806596535,0.778576618881744,0,1.008254714367278,6.394662528817086,64.3719701522668,1.0126092898827077,13.192657097959504,61.41764217974557,0.9961891293224258,9.338003299119878,63.69738151512607,0.9979286421275133,11.349436764678154,63.145954114812255,0.9904223349688975,9.928389605721568,58.82009514061134,0.9863290416134646,9.48628046962876,59.59039647617871
1270,50.01430577103275,38.475181783355865,1.5987658636512863,0,1.0040071763679368,9.394806673857076,58.71230625483933,0.9850865269708148,7.80454553736736,61.854592010917536,0.9816433850061851,9.84821442061386,60.795280132997114,0.9820100782130537,10.780938941658281,63.89476658121311,0.9709509483871447,12.282210604845325,62.04368038671082,0.9909217160554313,12.034569605059724,59.52827483723324
1271,50.010755469271544,34.764435203960566,0.5741982232846548,0,1.0095708048418284,11.823846285612253,61.91486231423084,0.9884215997926069,10.52507536589773,60.258421804519294,1.029741544364742,8.671232181540681,62.72146784152846,0.9767284427797946,10.951971517154703,63.934231686430714,1.048609883663902,8.432085394996486,60.87339561361653,0.9796056133080214,10.618685200312708,61.195158606679385
1272,50.000678418209006,32.50195890130081,0.9779091462625717,0,0.9927643412469037,9.65015259904445,62.6063223657183,0.9794085990536098,6.09898405275239,63.743484964866724,0.9636180534831376,7.8838461398619915,63.32450802819594,1.0046838128764009,9.121745402932387,64.5840892816119,0.9856334244794476,5.352704223116587,60.49019726086271,0.9660993802845141,13.498640194549685,60.71742183813706
1273,50.01278439546125,30.06458968527441,1.5447356951786968,0,0.9853354275574145,11.350193058777997,64.53831448578313,1.0051105510832545,12.941932564772825,58.330498672723195,0.9846132495508717,10.925033486809411,64.1814074586898,1.0137647282299649,11.537484784196817,59.603464355332285,1.0068887839940965,11.495751934320326,62.879163657977145,1.0167996154735814,11.779190578404684,63.51064771956368
1274,50.00257048408835,28.53211533346843,0.9717572543874256,0,1.0413204304782568,8.671758744058657,60.04692855496772,0.9937379561649192,5.935400216524221,64.95111731436495,1.0075873416534395,11.746996840503023,63.298095546887765,1.0117255558970324,14.114339825537055,62.74278621466914,1.0222618021681509,12.63106211122123,65.7854304245793,0.9791765705972808,10.711176519603418,61.3890021753264
1275,50.00237789550762,34.97452644410263,0.4909093202420092,0,0.9780160376448586,9.054952024371618,61.88066957047749,1.0110222378707208,10.392110551265592,63.07232087649664,0.9996079908176038,10.716017565726581,62.877394032022224,0.9778840860476031,11.789611998320057,65.02121100044344,1.0026533510261568,8.597867318907364,63.39017019621282,0.9891666900972925,11.58903797706292,60.43713644636869
1276,50.02715993693749,33.269731182792974,1.8742707998692814,0,0.9790360051527186,8.180758588134635,61.276765289539924,0.9784180556092517,10.651913979567082,62.92222275741295,1.029103912217373,10.228640271407809,62.107803852170754,1.0286939862696665,6.396530458562953,62.95634473601772,0.9742611038768216,10.143471423345025,60.31286529229141,0.9875661468499092,10.889093496490291,60.98325752688569
1277,49.98796382819875,23.430961160345582,0.5647785639601677,0,0.9931276565578008,9.521601182196356,64.0650490941949,0.9923954452809881,7.828801554386866,67.17448918979811,1.0086068963064363,10.109178091335284,63.112490201349104,1.010247909577349,8.595553709229646,63.63552504640825,1.0051347867465559,9.195036606535433,62.46421289275916,1.0014317814861746,11.041852324047746,64.03464773914735
1278,50.018304572742274,34.09071964241126,1.7062798450751713,0,1.0355908300853225,10.236671150466963,61.78157797974182,1.0240378818480944,10.430177758895415,65.23191534517734,1.0063027719507884,11.37780730122185,62.04939520892569,1.0046870184977392,12.396902407956999,67.94935812858795,1.0166951607268544,8.382332739465381,64.1199962427386,1.0033318171231405,7.114826976635207,65.76586916895114
1279,50.01913766498479,31.968751410105384,1.7749118429318378,0,1.007967795316209,7.490967374410487,60.84442207154307,1.0145456783978182,9.189073350274711,62.24715438384262,1.0319430441063056,10.729469472844315,58.60248985892418,0.9947548654273957,12.71833362611597,60.22505425782468,0.9896841702954765,10.54863877721697,63.88194980005107,1.0193340621447338,11.086571966790034,62.095048571332434
1280,50.00677721927385,35.9252437654026,0.9786685664608961,0,0.9970367266801285,9.690367980616047,61.48337157324525,1.0262089393203289,9.882165772826069,62.46673491297522,0.9868164468540823,11.209836727018835,64.1308477155518,0.9723048116176805,9.72742735094744,58.81621007871455,0.9912457998109299,10.39367237156389,62.683356004767596,1.000053464583226,5.028239286577102,62.09615860584715
1281,49.99626892585733,34.70693283351001,1.7697716569815436,0,1.0196528418890671,10.933905531793224,65.82735773317295,0.990593080757629,10.736921883717628,62.90362074043481,0.9777938214979496,10.430257840855443,59.3833695327944,0.9984164676574995,12.829364834718637,59.541306128778245,0.9739800130452234,8.957426739189085,61.02295833227912,0.9957710448288177,9.915112096283487,64.6037269866196
1282,50.003477804277296,39.027301208527035,0.14548622835428993,0,0.9853114367674256,12.865699481925192,62.25040321420155,0.9857632865143049,11.04308757434787,63.64873576587659,0.9861614530448698,10.771900793499096,64.28536563360423,1.0070644220941751,8.851157375622302,61.06379960657169,0.9986080320565458,12.525502628888168,59.92522042462978,1.0360766291134842,11.190560331790557,62.068755651205926
1283,50.01440960193342,26.809631294028556,1.7903506806298257,0,0.9798436599406309,10.33675336852643,64.28323711644032,0.9975273202538617,11.851375829304477,60.985087817836586,1.0277222258253376,11.683129712363176,62.037257937292125,1.00845860585665,8.55401523230303,65.26742922865056,0.9712436110786496,7.815576221686701,64.34473775174669,0.9992162719348945,7.839956586519236,64.05967169979287
1284,50.01375794595942,37.62660265116715,1.690946608642418,0,0.9897864606319676,8.02433279812858,63.577730126538185,0.9791894342083761,8.134708044519313,61.162774647071224,0.9885355668499242,7.208836431849351,64.7057509185585,1.0186165986021514,2.237544127571037,62.99909878451617,1.016479977847436,7.520087059761337,63.20313167701247,1.0105655898903574,11.824318188148165,64.5848652151103
1285,49.991880075484765,27.003715280097197,1.9096782841028193,0,0.9784933935310641,10.34546588094451,65.07988418038451,1.0152947077428605,12.969614488605453,64.04283503287427,1.003010530195756,9.27996029905365,64.43441794668897,0.9968819943819107,14.864843771785814,65.70566415668831,1.0225110702736768,10.482492541903037,63.22105091261897,1.0321561608529277,11.78915992857595,64.41343466481048
1286,50.00188502641672,20.300916405690657,1.3156214388015692,0,0.9888019325981432,8.101021080855999,62.41188710449094,0.9774659889208842,6.646065962938805,62.88436854466118,1.0232772438835152,14.275102182764764,63.228287834199314,1.0205897362965184,9.908579071116383,64.36086672895127,0.989190078493268,10.401388668799866,62.69915674685198,1.0121037365474586,10.17908561428817,60.80059427315053
1287,50.01326549980978,27.934750262802744,1.29078108656779,0,0.9892173150517514,11.42723489496605,61.21700363919248,1.0158700839855364,8.285178533862886,65.15457235610262,0.9717670175903828,10.042269746776931,64.73759062472494,1.0080371975552094,14.909674050778523,67.17849869250686,1.0238240995160912,12.449114704172885,62.165757018471865,1.0273545780481854,11.346319007339725,65.73065375546135
1288,50.00171775374773,28.526031862063824,0.7400416630091777,0,0.9709541813972424,9.592742076370472,62.283631052218134,0.9671129462560499,8.071187982649032,60.10913196942695,1.0161590974648516,8.099021586323092,60.07402757808698,1.0198621155801997,9.499104148997247,61.64800058757676,1.011243812488894,12.597995007061952,59.49678109774819,1.01433930339739,6.446003276240662,58.71494921902933
1289,50.02660801686441,39.23987950668301,0.7039505659662741,0,1.0242674539000494,11.270567460559525,60.09842712736034,0.9660034905479433,10.163450564096912,62.80466237606089,0.986295459549322,3.8328672097536787,61.176439643887505,1.005199110307083,9.444900150671238,64.21353188913396,0.9914515963079642,7.79642308736849,61.22625653868886,1.002124253889207,11.107744984083348,63.230721807036765
1290,50.023710152459465,23.093612414619866,0.4044612278264714,0,1.0042584677130735,7.383014807731134,62.06914335335665,1.0061242222013793,12.403366917345101,63.113201691794146,1.0099824427952555,8.541085481004671,64.47063596386916,0.9921081218857791,8.561396008972606,61.862265643757496,1.0202454751004473,12.323293537442838,60.680591902826244,1.0103222057804315,11.630573423676825,62.91930563758992
1291,50.04059709066826,33.029009605779144,1.5319927739761994,0,1.0074702524231698,6.178109658085004,60.85406818954814,0.966678033451964,8.646715614500176,64.07964745397851,0.9906532753481757,9.177455403785133,60.883319157852085,1.017144190388769,12.238609439004327,62.84720213643539,0.9907452586946266,9.297672049011807,60.93439265389692,0.9704670485206286,10.771898688922168,63.782250350991944
1292,50.03640507067591,27.348754970252553,0.7222930986853602,0,1.02604771003877,8.074760641475432,61.25988380782671,0.9639698777686346,11.465822858706092,62.53391380798269,1.0012235660110271,10.006894863070018,57.927881916407785,0.9925066788007387,10.695585708986314,61.09083798226675,0.9777551583763086,8.390541036397737,63.11024135736521,0.9906723460567436,11.101593746048266,61.197385511276465
1293,50.00299160792876,21.73758558787646,0.15133002784806382,0,0.9979413387765765,9.050798281561766,61.746590335701754,1.0036390850307515,8.495274358559334,61.96665285645227,1.0057165216524002,15.624442881519057,63.79002467266324,1.0001965911870068,6.877541209572363,66.77456258926405,1.0033752142265284,9.252934888751254,61.56389071917031,1.0208641887021808,10.568676570166543,64.03637813421835
1294,50.03238987020586,22.64595710306861,0.847852902106077,0,1.0074536473102902,8.75041926562282,62.20609488210049,1.036681901264569,12.424871754741638,61.72853784803421,0.9935979094935947,9.332819419682103,66.289804928887,1.0026009056999106,13.134831144388112,62.242767419721616,1.0228249649518357,6.8462496899400165,62.99351234796997,1.0159122480161193,12.860825178165452,63.67160118337972
1295,50.05039826329675,32.70749179206625,1.3452410660902945,0,0.9947601982421687,7.64608682466826,66.73697857123643,1.0274863056001509,10.116674278276342,61.85400083908246,1.014121578280503,12.767097196371482,62.92160699641198,0.9788225357494182,11.550543036478402,64.45138408382367,0.9977638709846751,6.689265371538278,67.45570105306744,0.9692521559589942,11.9854708002212,63.75258213081068
1296,50.02909300421156,24.10640983100574,1.1439931385359816,0,0.9604266404981004,10.588308868347847,63.81081935277047,1.0025914213433937,11.362807769130395,60.59688060621202,1.031653715719036,9.686323168322948,65.50488485395334,0.9966770244777745,8.96979632952591,65.57576098574006,1.0091792212505566,7.806123569878368,63.50228193041723,0.9559164311288743,10.338184382647974,61.73603449841959
1297,50.004778171974735,21.366581597094097,1.1019660486062455,0,1.0050230942868603,8.494377675058573,63.846283169315036,0.9557479123082692,9.667254665011793,60.814222386639905,1.020445882129752,12.207824858181054,64.39255503937594,0.9895326185513348,8.27128404736254,65.26814346042515,0.9779100400997892,11.87157348187125,66.30729783981701,0.9992948517962854,9.26776908580882,61.44533355939983
1298,50.01775744711585,23.47043766679101,0.35965350779889005,0,0.9680847843419336,13.589335563813624,63.20461647594806,1.0076597616816305,8.439924774653827,59.91411199604252,1.0318912841189358,10.405111811244801,61.153263374388054,1.0192686809337734,6.084460538494984,64.2585498266023,0.9906519561571882,9.395793538517117,61.98411497940729,0.9827003994888968,5.3142418098336694,60.02316920900202
1299,50.02309250140104,37.41957684998688,1.2173582147486042,0,0.9811074110304023,10.614478593865073,64.98425187685939,0.9590766163420199,10.162983715425561,62.92874130656874,0.9858178030042536,12.049015853743368,61.52853195340484,1.0084139304430961,7.547973801118061,66.26531526190288,1.0150454559722755,12.946215608367366,61.027637465931235,0.9596019531220287,12.820783064714734,61.59782918505399
1300,50.03912028207765,26.56568498606664,0.8137006215165679,0,1.0548233033376662,11.629363371205311,57.38686369123458,0.988718393149236,9.501664467144558,63.180496013365484,1.0051221290750882,8.220676231376775,60.75063827763545,0.9619376567646045,15.145553779962409,63.69169593990477,1.0078796338800917,13.432376216678875,61.78415984323811,1.0223134394294668,4.740822058112554,63.162745196339316
1301,50.03169980834093,37.434010577438585,0.9236397685343061,0,1.0064239183712451,9.872484546883717,60.810202308012904,0.986230912816802,9.073099646512343,63.36516029255025,1.0127015892639442,11.180633525161632,60.84583053677051,0.9755404174306487,13.364772917447517,60.82971170920957,0.9909728003806139,8.397736708219412,59.29244743417023,1.0027649666316305,12.251819674269566,62.933464433559685
1302,50.03233860189818,35.35376704550245,0.3510145671119911,0,1.0018483425971783,6.693916266512846,57.88097234475532,1.0054601394854403,7.855986039134302,67.03690818239383,1.0249146776569926,5.085707636620058,60.90761591020943,0.976705710979117,11.190874669465208,58.817990540177256,1.0117681798512135,12.807978813171783,63.860964048769326,1.0172261566315892,8.592364222895831,65.21695673294359
1303,50.00661422704604,36.80798038285958,1.9439288550338552,0,0.975764475731621,7.209704741534125,65.57924763946873,0.9967953337683477,8.778541312283755,68.9797047001917,0.9916622304349223,9.31043155967059,63.235408494831965,0.9910399128721623,7.477110659288474,64.26569490368551,1.0009860152331707,7.400847508362736,62.79647659443403,0.9923263717956975,10.547969677364042,60.39138124557111
1304,50.042132712852876,38.17217520565531,1.0586560430876957,0,0.9923709299150694,9.619314290123805,62.25231138407227,1.0030611283496573,12.231046688570313,61.249684475129975,0.9872914318782005,10.081770202612002,62.77738017037922,1.0168393863679368,11.87098424120251,62.405403437996,0.9767066756623417,14.496928696570546,63.06827688188298,0.9972264986914745,9.67199124269688,59.39384719652633
1305,50.025083234712774,26.24799990197995,1.0393179143764593,0,0.9936303593539573,9.197524175125206,60.60268479423789,1.0150155517152701,11.771935458395449,67.29565424076054,1.0024551709519014,10.562395338797964,64.27819949966862,0.9833165732689275,13.063348753043597,61.74832953237602,1.0008677606839667,9.54332069342543,63.75318097226009,1.010146252863892,7.8688663097701355,65.16310352075126
1306,50.01241974998446,39.248255726012864,0.6819157317985887,0,1.015810453080071,12.126503770905805,63.72260053912936,1.0213230149680024,10.414848369151146,63.15895276153886,1.0151404882506314,10.317990792621341,63.306568504492176,1.0336408539239827,11.984302936689987,62.12117211767313,0.9634526257076172,12.707127163292736,63.38748321895679,0.9649492728101634,12.595500694510994,60.608802561584675
1307,50.00634985294851,24.828367362087555,0.5841779242091036,0,1.0044472906031308,13.009941412516573,61.77218671213273,1.009490384094375,8.326480174107482,62.83956431226678,1.011211642703129,7.06455394481975,63.10265901161769,0.9889377226884911,10.369156943492621,61.66812332371276,1.0038469242467638,9.48950317729022,63.087674762035284,1.0065186617068909,10.1105516113838,60.50236555234397
1308,50.03801032449969,22.025045592784277,1.458328243034507,0,0.9768386993537661,4.802583125585845,61.032028143269585,0.985178885113663,10.363459809973286,63.89726439743897,0.9919934476751482,13.56772548059108,61.63567678296901,0.9962813079140741,15.18547429559042,63.240187855728344,0.9704879535703008,9.808680003141962,68.16357000097554,1.0090545232453967,7.2762655965634515,63.77111880893171
1309,50.03494257790366,20.98360104255138,0.864659270601629,0,1.0121973575449428,7.69895283979464,61.034688008145935,1.0251399898513784,12.239662945949181,62.77745424644821,0.9708256503385653,8.676178705199401,61.87662000342668,0.9749810048773979,12.147971119163884,64.36478332085575,0.9812483343469013,10.256502414057675,64.9072290689007,0.9657878352650804,12.802817990341358,58.966954674666304
1310,50.01843382444068,22.78274465345284,0.5472251810489897,0,0.9967599603272557,8.362681625059107,63.318484853443834,1.0082221874658739,10.768361003828963,63.65745496124987,1.00693003107602,6.706335861248224,61.95243785945475,1.0312109069827078,10.190734814476778,64.79738564804296,0.9866753034113688,12.463203277353754,62.77252798706254,1.0581164405080785,9.726180934310968,63.01258460130323
1311,50.01300909495602,29.188813391152067,0.1497136953532594,0,0.9536837045647204,10.466015862175508,63.268333445993996,1.021954144261823,10.446300434064135,63.29114367478221,1.009307803929373,8.403407479219105,63.01767707553144,1.006743916229667,6.9594982584741185,65.32946312923691,1.0193877233706155,6.019039385636114,62.292273303085246,0.9735255803741412,10.120011119553535,64.41687072378008
1312,50.02907703019984,23.86817155971356,0.8412657154242971,0,1.0126224422367824,8.180759194208935,63.585974855517364,0.993609613365438,7.541013621573458,61.244605839356836,1.014929097821899,10.101337682909755,64.29013010845978,1.0055463332518766,8.552282401649574,60.856214803751676,1.008471308246951,12.520698400499628,67.10332515589151,1.0163097379424404,6.9039542943087175,60.26280744884935
1313,50.02222780664437,24.50499546811424,1.9951009275462346,0,0.9748804137795255,7.223285945716321,61.40809090258815,1.0084645264884968,8.483035212687913,65.04213729514306,0.981924428985186,8.699083089882192,62.52346727915713,0.9901348356325552,7.406753992543084,62.66642460255371,1.0028560989900763,8.605894770933112,63.279324506248095,1.0210867943783593,6.776428393978275,64.51395000205663
1314,50.03059840979971,30.795758099989268,1.2005678465523464,0,1.0021058129688183,11.192657525931867,61.99321761081707,0.9913125997568463,8.18139194000621,63.453721660163275,1.0177520317177111,11.319210805194666,62.73287627214665,0.9898969300558726,7.986250586069202,62.80888519065224,0.984116617131185,10.226423671800735,63.76672652315305,0.9841768285904834,10.964353767662294,63.150513296598476
1315,50.01232497615169,25.70178300321608,0.46210078970097745,0,1.0121943178283497,9.565333860094517,63.63881962524976,0.9677572590801251,10.178828083588122,63.41206898469094,1.0208362061037635,10.948896125618205,63.9724598983518,0.994248088106627,10.02062597752074,65.17333189878316,1.0056340768870493,8.949347419740478,62.231192483747826,1.0235396545135027,7.503627970077275,63.18874102482426
1316,50.02638500373134,23.621960179162418,1.804697833899329,0,1.0196072470962276,3.922936810690004,62.18235423351904,1.004307224758315,10.106737016672575,63.38823889178572,1.0350084209630273,7.415792321340193,65.44669927929179,0.9902339955035926,8.840480001009407,63.15362660579028,1.0041598217367325,10.690140037527106,67.18612074780484,0.9853405785492385,9.581984666187987,61.686937464745334
1317,50.04659348066312,24.810173504431265,1.7545015294820407,0,0.995058074053199,8.521439896052716,64.7927239150079,0.9824704231096404,6.577662484405735,61.07534953017306,1.000568699831187,9.814832580320681,65.32377596784673,0.9709127851845064,6.879791158009704,62.24476330892516,1.0303689293444918,7.746131949919588,63.41337631577719,1.0203833913042686,8.62829504379937,64.33049532854506
1318,50.00454610531421,32.693226728808014,1.615284649423864,0,1.0010004085565913,8.70926423017866,66.03506749093722,1.0136511824223287,10.647890625574284,65.96303139631256,0.9606398183083871,8.63886635250105,65.52882677251878,0.9904312130709915,11.097887369874075,59.09834089296693,1.0179600981145114,10.143286890672034,63.945403520872745,1.0256442970967448,8.674170510109473,61.39170705352911
1319,50.0171191109606,36.62973790616136,1.4237947433678362,0,0.9756447576835625,11.20462269777305,60.09914459341331,0.991872063747934,9.72575976124003,62.00753479844239,0.9709009819852596,7.892860093748025,64.82221125475294,0.9891674079695155,11.783726380506382,61.09291687263408,1.010645442580777,8.098261224238763,67.13368668409062,0.9866405258422267,8.693066503813593,59.39482018706327
1320,50.0199284711752,33.195079445629716,1.308176521713662,0,0.9544418230861542,7.215869433783461,59.647105377029995,0.9815500716118675,9.567508844622743,61.45161555792383,1.0120871575485038,8.940285721759329,63.17183266714822,0.9954445208938218,10.092519721996359,65.62172486794773,0.9808529936546185,10.56853927242974,65.1625592028512,1.022154687112468,7.755083415062737,62.40454282067355
1321,50.00574618143785,32.753126226285374,1.0334014025703095,0,0.9882588259897866,10.899068617188428,65.73754376461916,0.9996695247536976,9.570475724918476,63.1523645103134,0.986121459845898,6.630936278706843,64.06899253459697,0.9901034986962014,13.855928485220586,61.06826188950629,0.9933555271250851,10.76463159762682,60.2695265650946,1.0156347256140885,6.950105887933139,62.79156834062475
1322,50.023597834736634,37.02384332980199,0.25781565675242923,0,0.9982751868005771,10.066583351049312,63.555150100026644,0.978431454427835,8.455508076483506,64.19459580296697,0.979645838993003,9.75353243487167,65.7909052510997,0.9987944256200364,10.658562191370889,62.49016340105652,0.9881722615728781,5.507749440092458,64.31863064045474,0.9757964242055951,9.169302401771478,69.77486911162846
1323,50.03515525814618,22.075738491857923,0.8162948388968838,0,0.9899978506551901,9.611373120274669,60.726453119588605,0.9908722866877252,9.148727406830924,63.37921299354402,0.9645535300186595,9.30170078372978,63.85110328791621,0.9823486005504269,12.572143331709153,66.08956027291262,1.0254227517384504,8.432714859269916,64.13823408255425,0.9407464925551544,7.319117246607233,63.55273862678705
1324,50.031260190713205,26.1521695176332,1.2951895509926306,0,1.0046873000277392,8.857161331488776,62.73102350399119,1.0074258016508357,12.78682859525253,63.02164806859927,0.9958019868421671,8.982199285513328,64.14104622416298,0.9802350818861143,9.046226893739215,63.45053864299339,1.0112993814153939,10.659461630024959,62.934957788333485,1.041582772160055,6.66603347786933,65.51091133754387
1325,50.04293290761064,31.776867148184458,1.0452136120701034,0,0.9998161235254991,8.695563654723916,62.3574444970658,0.9808441617943279,5.386476992482887,62.7823262031147,0.960265415693728,12.206257646210991,65.0104392811626,1.0115695205325335,13.063426425385945,64.46900133227228,1.0264845311078437,9.384274356661718,63.30512130497125,1.0189802158652324,10.566491532233442,62.21789726999145
1326,50.02656718963537,35.82182648487063,0.604287001669296,0,0.9648900794162754,11.883567603756337,64.08789656838498,0.9890250758806239,9.052495344857642,64.56014423922305,0.993352368370743,9.883074352290697,60.61198883767564,0.9923229462201693,10.578164902043596,63.39114145723917,1.0217571585042216,11.412727445070583,61.88788021050817,1.00345569392344,6.909596893704705,64.59835556228043
1327,50.04173503130312,20.194464205513935,0.983333896355818,0,1.020864859579272,11.886910733359187,60.94930405158412,1.0218397256491654,7.8369037088684,64.49152488811497,0.9840821230061965,10.20964250044814,62.57296196071087,1.027657457406439,11.121152878269978,66.52432021964678,1.0122000595866147,9.38895193545562,64.2757504683428,1.0001894614949214,12.185935902594522,67.90756554597846
1328,50.03160103862136,36.68576562045277,0.40341900324231417,0,1.0219662014007598,12.998487784237925,62.57172416811832,1.0150418792638611,8.11724335778054,64.3115071388246,0.9743111399646774,6.110200029685599,66.58938423588305,1.0030024486547635,12.65039770193248,67.02953806292493,0.9963013961000982,12.411022755539756,58.407176325688006,0.9753802893236113,10.853971773282973,64.12635661185098
1329,50.05579926489839,32.93579754985538,1.5775703247843582,0,1.0017683741361478,9.184930589933277,63.29219183335181,1.0013944995936992,9.074301934409378,65.51982038476484,1.0273887551956358,15.790248964272115,61.132371800039465,0.9433853627269106,10.407053306576374,60.645105142358815,1.016501651293568,10.94981452286919,63.453973569629056,0.9903026117469134,5.7787058902066715,61.45220572062143
1330,50.04517806048008,25.141721424294644,0.818854464263185,0,1.0051851436284418,8.42703662412761,63.30184642679005,0.9857759621574345,10.88265065925522,67.12420229664211,0.9655839749567546,11.491002580326827,62.03431312358999,0.9938142273037311,10.30515815385871,63.95520703366997,1.033612189352703,9.388461243102626,62.62889138005303,1.005155524345843,8.096097588918475,64.44291899883072
1331,50.05317052713881,27.32225784697365,0.4600283094435269,0,1.0092522883398332,11.54089470390571,62.7519741859374,1.0021351160789373,10.757732834852677,65.23706290572358,0.9944808675718869,9.129230567082777,62.46009556205875,0.9723161767291888,11.302832529554129,66.4104863607846,0.9938685802944591,13.10845303750352,63.93664432224789,0.9967971496140845,8.42373339736279,67.6446169443488
1332,50.027837202195734,39.07287722193712,1.594497514015715,0,1.0289821863347814,9.26045731880688,64.40962992306639,0.998027362773599,9.966993598397949,60.88145445230763,0.9994531483420269,6.95281382645477,66.1060105175547,0.9544768422773883,11.817408079694635,65.96641970714634,1.0041468336772283,7.5574336279986785,65.8647468639263,1.043021649794712,7.882074310433435,61.95441224345034
1333,50.06178656856192,31.89550081012314,0.1970829752553307,0,1.0063038756202927,12.349466704885499,63.41331717738974,0.9971020820916364,8.02607514016454,61.53264520428277,0.9922164295386651,8.553084040406992,61.53777950383521,1.0090992712843938,12.263881538816497,62.893172649061576,0.9754050463493075,8.047751919968755,62.85017410533198,0.9665213345123258,8.846336175506263,61.83832477968412
1334,50.04851110978043,22.028077537157202,1.459720235094596,0,0.9698799478696429,12.099593583170654,63.86574582649376,1.0072469244564697,12.7700380652269,65.87253091889004,0.9989668804846019,13.150638878517587,62.59273129780639,0.9908977795807091,5.169674715591802,61.968586912062335,0.9875702525888239,7.370956330808479,65.51798488213466,1.0010010526774724,10.12160064342347,63.50136995601959
1335,50.05819942632799,32.5697038920292,1.2825503678788173,0,0.9859075875400855,7.495561665842472,63.97020190531699,1.0011226283604624,9.434965156340777,66.25314770557287,1.0169288566289196,12.9552350704142,64.33359999786354,0.9748897120442213,10.846708828910803,58.947281487254436,0.9713679203024169,7.574452416790386,62.51822091109169,0.9949951769492131,11.231178839825452,60.2925071501092
1336,50.05016727570566,38.958805599893466,0.17202938334952256,0,1.018571278274485,8.965590094560909,66.84678094859461,1.0192577442696042,12.088974005419463,65.21659209380663,1.0114699506770135,8.239561249141635,65.13965130695306,1.036838767907537,11.5425020346565,63.15545569250396,1.0003830132560203,9.702400332543023,64.24002249215992,0.9805430133629298,7.942293689250203,63.58923459951373
1337,50.02715070877435,37.979993674298726,0.89023932000902,0,1.013574176426222,13.661012171208712,62.51736321357088,0.9875549560255761,11.200263683390956,62.79909189433929,0.9918919319576877,7.162444990143493,62.36299475496334,1.0187783280331786,12.280380676419552,63.884670926727345,1.0336060144694634,9.351645453527322,64.29738442389058,1.0150703907733913,8.448336341155748,62.82182065119481
1338,49.99880532637444,29.751037599918426,1.189579207512456,0,0.9930025391392512,11.80058568022153,60.93368329560847,0.9756623827645257,13.024425784803665,62.29262118866183,0.9728420601386547,10.697258577283245,63.94289583008182,0.9851573519943037,9.985743307474594,63.89892998036988,1.0128052019599014,9.388155640830574,64.63879554695771,0.9916077249340622,4.5158219980931635,62.189748203732314
1339,50.02192349795478,20.475167980312886,1.7286565038354031,0,0.9896610436278478,8.026265622692483,62.652065552659096,0.9981855833062259,11.337148005944755,61.994828596789255,1.009396612449972,8.223740761791642,64.00427135872792,0.9786036302475479,10.220271036120474,63.82877059495529,1.005435668655795,9.26749720418439,61.912059936328866,1.0343211195803348,8.506365012461433,63.70927816140414
1340,50.05976457462835,37.1648091443255,0.9975117400414746,0,1.0129055672751055,9.575987921543378,62.4433973507455,0.9795440955840938,4.966836581367377,57.96570751424589,0.9859920387908967,11.388310057563277,65.83533576047718,1.0118609819185755,10.812377573173487,61.5886976656971,0.9940758755286678,9.603918533558293,62.73727598059133,1.0228738268419828,12.72039326598355,62.87145393778968
1341,50.06901093611127,23.24987551409532,0.8817002963143818,0,0.9937346312771997,8.59443266786486,66.20181767129336,1.031403342917841,8.31349642890768,60.22305068152224,1.0030741496420972,11.56461705181351,65.55258946529503,1.0161059324305484,9.09109053936606,65.53557926053251,0.9927938626107605,11.697715011869183,63.240375578829024,1.011236564979145,10.005095863917655,61.360011179027055
1342,50.0481276619312,21.3946515213207,1.4633849278349416,0,0.9959662876753452,8.17474861497314,66.90824112950177,1.0031210423231849,10.987046215346783,60.968292392479015,0.9898413932109128,11.578894252063058,66.21757539552698,0.9804324766266839,11.590073042552394,64.73599188798667,0.9954653528019295,7.7141570273334255,62.26884372797194,0.9746267804205033,6.134454835266705,65.2440729233673
1343,50.00392147277479,22.35301683911382,0.700377391807518,0,1.014868158944532,13.261701488321448,66.13738854317387,0.9993219327893913,10.88738431866755,66.61572886970609,0.9876548980459782,10.787623547482294,64.38205501019434,0.9734035597611076,10.235136275500677,63.31782658267796,0.9843332970435615,10.248460857835097,60.29857543633681,1.0091788925097254,7.4828809337597075,60.42937877675278
1344,50.0275268903125,28.96521170320214,1.007354444510072,0,0.9957878229212216,10.706030519453213,64.70939494854468,0.9908532487126129,8.877761986927466,65.6330583419469,0.9997345868815339,12.900465020516716,63.69851976347793,1.009049499692707,6.208719331367341,64.64818332395588,0.9901911009706093,10.65360748250511,63.9163116730308,1.0039936999051604,11.585963207220168,66.08581350891741
1345,50.02416242420103,33.51656946721501,0.3521264418432484,0,1.0120341501421521,9.684679101708658,62.466442681702524,0.9968063042499838,10.79517586406042,65.30004187218123,0.9832431067299897,8.773460218226397,67.3937053865375,0.9833103471426552,10.377437020328204,61.31577612674885,0.9928317054214303,8.72128061354143,67.77158076027305,0.9888921724471071,10.109864472612966,62.96304137760014
1346,50.01596045327257,33.08618101177995,1.4472357805712717,0,0.9946286100463865,12.61751905873218,62.432285307642005,1.018579202132732,10.243095819993082,62.82641721443648,1.011450664294139,10.181552308994164,65.85601914296568,1.0046368371923287,12.417250247451971,62.89747645614475,1.0109847580659963,6.8091619748447005,62.28881478818002,0.9910565791165495,9.108213550866438,63.45045502902761
1347,50.03935092809556,20.365300499393907,0.3506906987080174,0,1.0038393969634951,6.353533530744565,61.99213991837124,1.0183512461644209,10.301852131858572,60.73873461798362,0.9999765920359087,12.26426349428609,64.42550138503132,1.014191665957853,12.288566062238791,63.745329868166365,0.9820156939707769,10.16630594923268,64.30665753368811,0.9772724371311573,9.495732409954156,66.2724806539867
1348,50.056101268286575,28.524669207373087,0.46122429045426694,0,0.9767454790685786,9.328472273597331,62.61428322892293,1.0122767723450676,11.36207204682966,62.78851656859823,1.0359497059294398,10.362551182318143,62.394231454510646,1.0120764810039025,8.785528988556877,63.922897351158625,0.9588132119612545,9.894005437984564,65.35243890544838,1.01492482007311,12.873425606349766,64.45086201863228
1349,50.062967229738106,27.845717621165893,1.2805907830332695,0,0.9709086954636298,11.09377624546055,63.28786458656636,0.9877633178074365,10.782805755687589,65.18105430194578,1.0172929453338029,12.051891020868972,65.70633268836302,0.9794905202795668,9.214710914943048,65.10192730892719,0.9852633051437619,11.176725448479463,67.02137448108876,0.9945440252706609,9.687369173646232,63.19225712955992
1350,50.02694845370093,21.70679332925903,1.180742720389616,0,1.0052362949182507,7.222682875919583,63.509917493751615,0.9976429271156008,10.252147277487282,63.500559276396785,1.0210148700423418,12.311307605289024,64.03535483908125,1.0430748154084166,11.944285740293909,67.48926177350674,1.0077352116267109,9.09409086502704,66.6470498363115,0.9915694178931878,11.728996177023673,62.58174424142283
1351,50.03702386863057,39.35038759904003,1.6671673741433746,0,0.9939737076327709,10.435474064731483,64.35800939292784,0.9854057551262123,6.336981239479555,63.166738720801305,1.0171734146929485,10.482217171893248,61.40910936959966,0.9515489996075921,9.43522569172134,64.19129787243044,1.007825319634121,8.466658439283284,64.46362901318186,1.0238527619550708,11.352049612928663,66.67797865969602
1352,50.0486922840844,29.723733235365764,0.05902780408041708,0,1.0030606090251855,9.94939928091212,62.34873861922769,1.0035413260427302,8.182351341054606,61.94930261370266,0.9939230946156533,9.946053301896375,63.180323225564436,1.0039590795301567,8.037444963527124,60.85904408270013,0.9917756239879776,13.328533364472555,60.36478638474809,0.9662790016190584,12.395282728286112,64.65150306297683
1353,50.02967704740989,27.516875895035934,1.9310210619627144,0,0.9863593596732211,11.586039134676234,62.909065161387474,0.9669779427442358,9.794864712510748,65.50244485787077,0.969428275012482,7.395458462878109,66.67549247640513,0.980613264723632,10.811379195977484,64.01530122087347,1.003800577580923,10.95747516788919,64.00172016110268,1.0003398464940496,11.1164627440154,63.13287517476032
1354,50.05996902093937,20.73081001068149,1.58435684612675,0,0.965050217649143,12.878796549445468,64.97620345544371,0.9788923141514915,10.079874058489079,63.04929434126142,1.009999528558643,12.97536570224096,63.17984320694963,0.9942475040626653,10.641525132798307,63.86144873450948,0.9657126074394923,11.285208600986667,63.56590059836599,0.9905415206279151,7.401320720542236,62.24899892642697
1355,50.03289005896063,27.571339991226974,0.48157969138668166,0,0.9748475174304425,9.932993360399157,63.1594717765844,1.004808965470281,9.669761235677937,66.2747553672384,1.0049561478489808,10.15965107793547,64.48564926448138,1.0104648491500572,8.4510415648494,67.40408223174477,1.02414822869261,12.737869369016703,63.59111990178851,0.929829289533334,13.145144359088071,63.604423525775765
1356,50.028244827590974,32.35643222753575,1.288591216404803,0,1.0189418690651189,10.322466277443095,65.04143322437224,1.011078228383029,9.850525162859592,60.563446311966615,1.014337698571949,8.877177411341798,62.79251001884563,1.0279483592422336,8.641452051396751,62.047228954130546,0.9961913488941138,8.060955726376996,64.94702127137282,0.9926988668888544,10.336998122226598,61.85040584165046
1357,50.05301736982966,38.284180571373696,1.437103135341234,0,1.0110086672422753,8.195712907343525,63.71859859093882,0.9912288813227011,12.750087222620605,67.55561341612085,0.9907478214111233,9.731970139272397,60.434457503393986,1.013417986161648,9.912288550078244,62.78176463876619,0.9888742517332747,11.112244248889347,62.04439032592916,0.9608992505749083,4.81655672564574,63.85377766226229
1358,50.029451552084666,37.21549744306089,0.15912713217837493,0,1.0336916167494168,11.53165302414723,65.02074486366156,0.9942971917894349,8.156424097315565,64.51281365934922,1.0372674596899372,9.60379113649922,61.73906266420516,1.0230747375355234,7.909160857932252,65.6085212074087,1.004733240965179,7.120162546262483,59.8623153110573,1.0238367646000177,6.534200546560173,65.8466025243669
1359,50.053954378621796,25.26867966299288,0.059767467312694,0,1.0302868408171793,8.602093913811983,65.50034532100783,0.9927571210237114,10.243180680339158,63.00110560359344,1.0125241639311484,7.539672194580595,63.74621574768209,1.0396893447358315,8.106698973272396,64.48477439924237,1.0035370859486699,9.278946899531814,61.00324200646699,0.9908562131400004,9.003658893659875,61.5734948473046
1360,50.052317631223595,32.5679477246952,1.5459649572332324,0,0.9682236478167819,8.107461622120631,64.67448518669757,0.9889078712887648,11.34178040475434,65.67048750004058,0.9966310273740344,8.633699462290231,63.51387112143815,1.0367889634984893,12.892503171796918,63.784775451983506,0.9966177665229171,8.115225474263953,61.059023206054796,1.011799261206223,10.955328374389765,62.056115952932714
1361,50.06935905237134,31.83107813792543,1.2551362677285176,0,0.9804783502122189,8.126918973899588,56.41785100602631,0.9902872211782094,9.972124463589104,65.68520995271015,0.9975846875425882,9.990879046361288,62.860979599883755,1.0059582230684254,10.992385479387556,62.690287014707295,0.9816593901580328,11.166854424898487,63.823858496088924,0.9715941604774361,8.033117650653926,64.17557853574166
1362,50.02735876340983,38.06761427301166,1.9815726679622003,0,1.0218248588326442,11.62347452173291,60.87689982924816,1.0057367364013396,11.472097197223084,64.92137057798148,1.0232483626441005,8.496959554151365,63.06802615191802,1.0128873265353784,10.24098318446678,62.34717231705149,0.9905383923849483,9.281949836771085,59.25423595723278,0.995627111495877,11.135744913470397,59.84624124412389
1363,50.06567773666028,34.126589271847294,0.40700184383013505,0,1.0157013350629822,9.857685205743454,62.77973271276679,1.0264822801225164,11.35015902826021,63.689091035766324,0.9996474763451794,10.932879129524427,65.30592983306958,0.9824374437611625,10.408949269609673,62.10755696152462,1.0014404177823981,11.85684228182606,63.7849680218687,1.002234836564093,10.456258248259788,65.4179897708331
1364,50.05678530685561,28.844672681215293,0.7653878021315084,0,0.9722949474714184,10.322185607309676,64.58673166048753,0.9910220458836442,9.036987437603644,66.00959156521482,1.0167358831553437,11.883796199092595,63.3863406670726,1.0173495455030825,8.843260427609552,66.14508658345319,1.0488775274378594,10.500641377504781,65.34279461020286,1.0139291543616964,7.995914946506371,65.82325384828424
1365,50.02849536315445,20.720220364742733,1.4634723609095046,0,0.988321026483215,11.297883988702422,65.62932218089806,1.0161045159767128,10.28861944676092,62.55189725270212,1.0066529910599202,13.457560666874258,62.97900667249776,1.0092477907857618,10.651354315852599,64.88172742122036,1.026544784726452,11.017964676178059,65.20192577940739,1.014666239362935,7.242238636096925,59.86706719594491
1366,50.01180041254608,37.18944720548652,0.807300531675136,0,0.989022628969671,6.970750659739652,60.87234086363308,0.9844533024224522,9.731265611056617,63.81940831850819,1.0089327939505948,8.08781154445349,62.56200870649376,0.9963275719000874,7.606529338392335,66.26976164954795,1.015375578247655,11.751576891475015,64.17282750160702,1.0057337468901815,8.612623545887633,64.62208364131143
1367,50.049982906808644,30.389819032994136,0.7884522242244842,0,0.9603534044437658,8.603211582580178,62.97866247855813,0.9974970309534821,10.851213152809507,62.61743123878881,1.0114738031527766,6.998310787805636,62.40190921213306,0.9538460993147655,7.6471848418248936,63.227980082960045,0.9872842646849043,9.713941237711317,62.39567760752751,0.9969165190860451,10.213712697758693,64.45732173961765
1368,50.0091527027785,37.95566792965308,1.5616944114447395,0,0.9414605912762882,10.53851254934422,63.58642844969148,1.012576947946269,13.804467237907453,63.84931090082959,1.0017824502674408,9.940945041664989,67.06731508205843,0.973758244717299,10.309710977172054,64.86157356204649,1.0164693464628771,8.967930844378241,65.48239834017676,1.0196619473466704,11.89185229440545,65.52686799867917
1369,50.05150765901246,29.196254360883117,0.9958471224621961,0,1.0097008151345064,9.019193426991693,64.59430758694246,1.0265774406507069,8.58721719721053,61.42935865607136,1.0449510504569686,9.409275539687698,66.69541033425828,0.9981729047286799,7.69481202383643,63.460816165991055,0.9984493221590183,11.754200195370291,70.35235116270874,1.0094744668244269,11.027496450165819,63.792110822434246
1370,50.03781422345063,27.988843327700764,0.17238908493546257,0,0.9960782911838185,7.8100411825600435,61.272432138900975,0.9725655935679277,7.915151151814219,64.74261640719776,0.9697377890773834,8.431596198925188,64.57403905087625,1.0136829750353538,11.884676267748302,66.34911925072973,1.0474766951091468,7.682642982228645,65.93114669973184,1.0522306993100647,9.54818621095173,69.02341886281893
1371,49.99472671059671,29.704748058136396,0.9724368313021039,0,1.0073078848022605,8.760745271518747,60.7547825279014,1.0272316045388914,10.209379986235007,63.976299975882156,1.000704416848943,11.218927531500384,65.4196272542362,1.0319436443194343,11.579493093821341,65.1999593224208,1.0061142256959024,9.807032444513595,63.02241097491832,0.9994540532047039,9.865501413578885,65.54118020536197
1372,50.02453311029861,28.330534916586153,1.4157736854663487,0,1.0078720133389865,12.737012264969737,66.13264731728646,1.0293124085406882,8.923279025270084,65.22953254601606,1.024713164771785,8.178381080817857,65.76222195008854,1.0238477465551323,9.074680074184025,63.68399072162986,0.9990402964274431,5.803961925688241,63.673222258654235,1.0041549652461303,8.502577418725146,64.70160624843636
1373,50.06934968240403,26.901851103184562,0.9350731043823075,0,0.9945041138626454,11.022169085317458,59.92940680630065,0.9596639649288663,10.05821194393015,63.17819752417725,0.9622656345211242,11.577481538569044,66.3648079111792,0.9735286357813996,7.012425049651805,64.30134843216076,0.9943062749479968,8.22009886249875,67.05133307928394,0.9957950908649208,10.156614133784377,64.83885562428726
1374,50.04179368594203,26.869980811117166,1.1010703600463572,0,0.9813755036426909,8.741123918251178,64.51655219653397,0.9804369830067733,7.571858630433162,61.92808643403201,0.9731631658555587,9.22334204610674,64.57024605258627,0.9758941034238753,9.968132661170436,64.44280040516735,0.9999134112216735,11.51678656569042,63.53260032791567,1.0037797074154342,13.355400064546775,62.67147290437586
1375,50.02051831811608,37.08902632504905,1.9667809159009793,0,1.0009746464710343,10.097857557411844,61.02676429072457,0.9868093243584446,12.200183548420144,65.17587051113672,0.995687361146433,9.349064422851551,66.94378538009867,1.012707056636167,11.783789535490216,67.99532289301318,0.9793533751482207,9.153528026659744,64.32910751794515,1.0029795801380268,9.614106983194539,65.38159148832074
1376,50.05824767902448,29.75455778934439,1.2150414705841863,0,0.97261853732429,8.943483856016309,60.79013117662786,1.0070063910307787,8.902436395792998,66.91681665772306,1.006490855555871,11.233004265338026,64.86490026673798,0.9425839364309302,7.866368100071101,61.65258704911409,1.020798586337279,12.308775473055986,68.02390297235955,0.9998908306745216,7.3934656497825735,66.08599989541837
1377,50.045947441740914,27.27926144100385,0.0867273650746978,0,0.993883132518984,11.692665828546247,64.76429735846037,0.9794087269423507,7.746468332000335,62.635974288869896,0.9622745969843188,8.338336552566664,62.765802006570034,1.0253062455428215,9.603274672320953,63.27157950420366,1.0347793808834738,9.317581418440554,63.19864118043243,1.036759384187327,12.703392698335039,63.59739782466456
1378,50.02564509294233,39.68237443705388,0.09785390493298385,0,1.0004217348806377,12.131216107920784,61.766337298369535,0.9998019070772375,13.959234907042863,67.10432492493428,1.0294907101921815,8.908382139283534,63.054619924229264,1.0051912692594724,12.301709613437758,64.4921541553005,0.9982377611278523,10.21997093585544,64.1319708609848,0.974737232170087,10.44444872790329,62.960878301974375
1379,50.04022483768176,28.080648711606003,1.2987763684343434,0,0.9955179979770149,15.236975680018013,65.51862782545024,1.0217781913354849,11.165889563591998,66.92064869756425,0.9995223156467533,6.1549422535635365,65.02669711892679,0.988346056901266,8.358234865822169,62.43702078238068,1.0022529524391133,4.151472971030271,62.54441229641602,1.0040354818571309,11.32199436288645,65.08568927635812
1380,50.059141973332665,27.356206289807652,0.6415502600045611,0,0.9547016824156261,8.719710727146136,63.292168497243644,1.022260692920718,10.538578610778924,63.046027269468524,1.0184223983987866,7.434062667109668,63.81613052079279,1.0125062120883768,11.963006514382778,61.51931456373203,0.9893545729327311,7.535794513978233,63.125961366461844,0.994935376865231,12.922732406740238,64.15453753558849
1381,50.06725910465111,25.558569804217548,1.5702928501390852,0,0.983559918193807,11.57420587801376,62.59351864059146,1.0022482616886308,12.178192765529424,62.9524992110423,0.9884370669278322,9.692869392988525,61.873419332515674,0.9959728397388578,12.350067442020219,64.0143770859073,1.0150607451542109,9.36359509980378,63.51892978232564,1.0205057828693147,8.87552160703427,60.31443486112306
1382,50.046283455920396,26.823344756969227,1.3632191136279694,0,1.0181610201854612,9.758101359149329,64.45586396674067,0.9780394351053296,7.507995293584441,63.617785865608994,1.0161352809964808,9.050349153124012,62.875023324285934,1.0286913662800563,7.0553598457546975,66.45107178625614,0.9867880071208499,12.234633223041925,66.52037747339361,1.0434418141055837,10.549809422801724,65.37886902681397
1383,50.07245911619947,34.97762634702412,0.5829546173252187,0,0.9658326485795623,7.59414600202839,65.09765123669305,1.0006968384279054,14.602448468740633,60.10251635247354,0.9716587089486666,11.139518826397307,63.06444079779814,1.0140279250316653,8.66108438827599,59.336915568284,1.0357117514586662,12.788008965528828,66.25334671112206,0.9962526001571654,10.493481524508935,62.46338439715773
1384,50.078619364893,35.23781553518296,0.2787533510730871,0,1.0046941224807762,13.094108446099808,64.77748604948609,0.9760573191487232,12.49464799677504,64.28808539132831,0.9974973797856995,9.987768458728851,57.58924056077161,1.0306834872366493,9.656797047755244,65.56181793869445,1.0174658249913568,8.555181327650633,60.66532887848906,1.0102274829322182,9.707214619356268,66.86862746958515
1385,50.061314826754675,30.132949727220602,0.24207680499676254,0,0.9964943106144761,6.365326950336291,61.99026969341278,0.9981369767643342,11.713386073060514,65.5332730980925,1.0101475323748226,5.041154161455874,66.78020316060457,1.0433975812727585,8.889867033509082,61.28843376395451,1.0054646290696665,9.001771896984232,62.98512774438537,0.9827486708897059,10.627521770009045,62.40714122253684
1386,50.031452311423394,20.222989113953883,1.6455513163713638,0,0.9831219830326764,9.147841185960921,62.820646384807524,1.0234679393491735,9.142115265899593,68.06099969438773,1.0220825895249568,12.51791755416713,65.98181098016592,0.9883959708880636,11.439220028300806,61.66040717999079,0.9748659801308355,8.294226005824282,62.67504981847087,1.0227166776531382,10.657085438236196,63.77126195983944
1387,50.05707538101616,35.10482898002234,0.9770322061498835,0,0.9784659362178962,13.426322788607344,61.77054865097212,0.9980051629347919,5.808014312524041,62.957715720517065,1.031781362685031,7.267626148632105,65.02103874086262,1.0306586746053839,10.023319788313811,63.7117648421354,0.9752839777228121,9.384082000487075,65.81548023121864,0.9845288428072757,8.442787660945323,67.32624533854084
1388,50.051165741216636,31.784394305211784,0.1542789051567155,0,0.9850753081652852,11.214027262494826,62.12199425684577,1.0215501626778252,6.486472381050713,64.54556474878332,1.00430006406967,13.803353503282176,64.0065165342482,0.9968174587136902,13.552052732393525,65.7717749368726,0.9523042089341383,9.080948499257678,62.2355839001974,0.9724353788458399,10.454189835876019,63.607089138995406
1389,50.043386639793134,32.19712528242848,1.977056344660906,0,0.9658352655783665,7.591297832430618,61.547890650306634,1.0298420858452508,11.945219831858793,61.64412961075591,1.0106009238304257,10.518212982399367,65.31595582557267,1.003258856946039,14.867696332741204,61.41784558787029,1.0046831859662286,10.094797916491066,65.47328142676946,0.9973745578018594,13.373883291364088,62.47690180630079
1390,50.063355216783336,21.878642399742482,0.9204517548976301,0,1.0341541863381762,11.33992312308282,65.78772872857247,1.0095196950390866,9.717847259210316,66.05560162527381,0.9717605689005306,11.810581520718653,65.37476632369645,1.0141864065543,9.683802274339119,61.67922990198966,0.9708268205083642,12.735185039301514,65.6002116715579,0.9874899429533408,10.284465770258752,64.80795943728153
1391,50.0009541459102,30.050082875302746,1.9521323769793906,0,1.0144360116353617,9.558650606968706,64.66659545432451,1.0144655510831533,6.03264354494115,64.47220914418837,1.0114636818401472,4.8947841195245925,67.08748018849526,1.0018948215671413,13.070567900606962,64.13772325011848,1.0431597360185496,8.955041290160763,66.79552385250452,0.9989332537705932,13.310486671417358,64.05136089133926
1392,50.09070567890425,35.89156842644871,1.405839049474466,0,1.0110864796062966,12.167031175721139,62.58513056988628,1.0105300178709742,8.763992768365831,63.403523535814436,0.9884132833858809,8.093268411911856,60.34809834911632,1.033359377652656,12.992880948370953,67.40318997416401,1.026469675284181,9.131458989557844,64.08685927232432,0.9965001875070717,10.540723855105334,61.596183143624025
1393,50.087373050514955,36.11136483753627,1.7324591271523635,0,0.9772720151024963,5.1539260025434235,64.95758309152059,0.9979422321536788,9.250950402660196,64.04805031798409,1.0284439759884365,9.806548954168097,62.66512879654606,1.0571346035669595,9.878282246238168,63.88123806804973,1.0095664935407067,8.729030778910301,65.64478376844436,0.992306981744616,9.89806368146151,61.86859878251961
1394,50.06505413047211,28.70542491524462,0.9271184995665407,0,0.9966539695166863,10.535352115760867,62.96457132934138,0.9696126283846307,12.8074291228057,65.54847864783935,0.9767848836110997,8.978338199883861,67.11176070850736,1.0191032191281484,8.348428247944097,66.95239074609202,0.9708835913610195,9.365270738096195,66.99800819535761,0.9886285332244763,8.730593634493852,61.42240471539396
1395,50.0696680126476,38.75127331650594,1.7663631260327872,0,1.0030353014903943,10.655550123970293,63.28804174710052,1.0050224186462726,8.969622495453411,63.06536135131379,1.0034527856545885,7.885479661737598,61.35471253871073,1.0004424815152497,9.985554263236587,62.05427305049264,0.9842290046629527,10.965950453496276,62.32488003059303,0.9934909441093708,9.248043455961533,66.11744296791424
1396,50.09021708807596,38.24773544583144,0.06617783827841639,0,1.0167425676821171,11.00804487421245,63.50812061388099,0.995641986634385,9.00787021691657,65.66991030556976,1.01861565860078,10.115429230846765,63.12360183071749,1.023541216815715,7.627653572080813,62.17541351586663,1.0023987742452238,8.359901854626855,66.26203575628202,1.0014366683786688,8.266027916396256,64.84796911821074
1397,50.07613759897948,28.88913554828625,1.1848097940576012,0,1.0278850155382928,11.892908847887716,60.54208854466354,0.9864344781335288,9.612206873205322,62.768795990315674,0.9877468648155281,7.612233676832025,65.29880698240262,1.0218026128611168,10.460856890846514,62.845814224445064,1.0029317515658343,11.387820576783565,64.88173453583168,1.0044085397277827,8.186004131261457,64.06534153811964
1398,50.07084475465152,26.46318706429792,1.1038677497416773,0,0.998494621243778,8.311297502410154,65.97991541716593,1.0323131798453085,11.331619364647244,62.859460292770365,1.0252667400139621,8.179188517378762,65.29339059481342,0.9973250612136484,13.138849793411858,65.89905822930687,0.974552868129592,11.83956430147726,64.31346307692064,1.0064220048616008,12.200971254634352,58.35258174759606
1399,50.03092802816538,39.34302852831192,0.6922695817583422,0,1.0175028952064396,8.817164436865584,64.12361447154773,0.9970449524868082,8.363203989778405,62.24640508962789,1.0111364781805556,9.911733785358788,64.98389964574055,1.0182083540626647,7.112877407669976,61.73326670564327,0.9897087822020079,8.484813388798436,61.5598987261896,1.0164385733749837,10.734891321162864,64.11607053719294
1400,50.058165160577985,30.90846313359372,0.7722273326430074,0,1.0095025392822035,10.933833127211976,63.633113863848365,0.9746428234279497,7.456691433398755,62.991551265517536,0.9952442914026742,9.389090574836546,62.535526946540905,0.9976579190510797,9.329556871895303,65.68969548228029,0.9900800868130567,10.117930407493754,63.29943165196052,1.009475073465459,4.799246723177625,63.46032582157579
1401,50.055155314431055,28.235894779586438,1.7199431851086346,0,1.0180748639606367,11.616678744158888,62.130869020681246,0.9943200037888595,10.389123339484714,68.44183827340316,1.0336012268113788,6.731475063993644,63.531128199387496,1.0037614232816539,10.894569392238928,64.73838169912983,0.9719451908549328,9.444613201060333,63.12274896265573,1.0137600607846389,12.984155925562803,63.35344951618155
1402,50.06120621638908,27.24352635085432,1.4450386244625946,0,0.9861961765527809,8.13463411934641,67.54069823937911,0.9921659079649919,7.137207703420194,65.72484564729058,0.9551926485832094,11.436535737595145,63.30661957487734,0.9710436363280429,9.983052086797548,64.34164629784358,0.9770098328115581,10.023383889405592,66.78457986641278,1.0142227822630658,10.730172903075735,63.2711849517982
1403,50.048915163549076,21.07106185614934,1.6184558614191211,0,1.00269701422102,11.583021340767253,60.65107562340078,1.0141739147393578,7.8326394022091135,61.333225885225566,0.974794101589709,11.599244958883803,68.64577887799133,1.0020397969982622,7.666763765906076,64.4014517242767,0.995492478498704,10.10059637012323,66.12914664466841,0.9787999309386433,12.29602020577877,63.80004878659678
1404,50.03640272823639,37.855629335769315,1.079516718518478,0,0.9928296142487699,11.964773676187512,63.017663274545306,0.9901810453052096,8.572259521914049,63.7570555204526,1.0056304993419034,9.470149357365603,62.466685676927945,1.0139853076203884,10.237285040836055,63.67854474771122,1.030670515888896,9.879964318245124,64.13047946276149,1.0110093077806002,11.92821385761029,66.59955838848592
1405,50.057228469210614,27.453390633678296,0.37982228683943764,0,1.03109223523816,11.742932911842239,64.46377105019124,1.0044828749929111,13.091559330751974,60.62878659886529,0.9828128594706976,10.633659826566285,62.06285484748316,0.9891600713932684,9.140748167315863,65.31760432538903,0.9960198238536347,6.740931029710129,62.12093440411296,1.021936886901694,13.33389464592793,68.30710090803531
1406,50.0538175926881,25.43532791694818,1.6568288037842374,0,1.0399484823081024,7.916818139995155,67.00086879195989,1.0218803818333035,8.724925478339918,62.35711397022417,1.0203208298707858,9.316387636269749,64.35912039429148,0.9690711348729691,10.531362292300228,66.40354936566864,1.0426177082338717,7.987813136589652,66.58404732596519,1.0250486599533837,5.41830899215245,64.79672221453825
1407,50.06142948917485,34.575381562862475,0.7662611954443446,0,1.0275084598743112,13.108980810120123,66.32212951641736,0.9704433245020689,10.338698100725065,63.35787965479338,1.0061559998408771,10.668028534535232,61.2055830422678,0.9662192755233343,8.539071941022478,62.611284785244564,0.9591765240143746,7.47514332697434,63.140209483423945,0.9962331203351544,7.99069553441124,64.59750512041006
1408,50.06639636505659,23.625480942045616,1.0338112376330881,0,1.0302835893959115,8.030785579098735,62.58283148024522,0.9707584866929838,7.508715554587981,58.757024141739386,1.0219914716893574,9.258231677253708,64.1761060103029,1.0036292953039396,10.08564584129559,66.54305043472887,0.9655587611670473,10.994174239362776,65.4709487655797,0.9677097890201165,11.084783894238317,62.261952828677124
1409,50.0556555467384,21.286188512189305,0.8358717405553493,0,0.9683126892958673,10.950564674640884,63.91610346233887,0.9944954841232396,10.561521581994068,66.45418505733798,1.0437811225317992,7.6869417762359555,65.48656348106122,1.0376440898074526,8.560909537952824,66.7404419439526,0.9930243598490631,11.255014441234977,61.032775576579056,0.9946446400619223,7.726198627397686,65.59179311658916
1410,50.06500210511776,30.985257047336468,1.5463112963945285,0,0.9597199160237984,9.357462659750832,63.53408982078217,0.9941007879968163,7.335801345992248,65.06299854552813,0.9848350237223618,9.93525134811602,66.02654319225763,0.9680282311440579,8.5083681899643,63.666918745446814,0.9811000628156497,5.903296261199589,63.84941999161496,1.0171148159849974,11.357270119239484,61.86950642639304
1411,50.02873788300006,39.651496657157125,0.711706894353074,0,0.9867656183786789,9.694191020207743,62.06737378452511,0.9851858183674771,9.201209450378567,64.58211491555126,0.9951106864111458,9.138290994334875,63.01772112170975,1.007411402679344,10.732486357980708,64.30641051861659,0.9854704837949264,10.024215170567619,64.22030693703344,0.9868040566636089,9.36358912062631,65.35015775680914
1412,50.025041061702744,30.977419994431937,1.8836504893545825,0,0.9886175952571312,13.03761444552877,63.702692608558365,1.0278803326408184,12.907025540797704,66.81217097768524,0.9532505247761174,9.176215186675503,63.141981996647644,1.0128676323296568,12.221488133327576,63.7583383304759,1.0572202869801806,10.38153472310114,64.83744542033821,1.0282227548123464,5.245874061558708,64.71598064300328
1413,50.041357528987525,30.21945071635326,0.9619186083326372,0,1.0138961381867753,11.992869338118762,65.50734417930511,1.012389921361184,12.45273668735699,63.49923843930846,1.0130339912622317,13.575049748193592,64.04201130432556,1.0262073311658837,7.860796963990598,64.23594377844579,0.9984730488536899,10.195926103624329,64.43216551066654,1.026565137760464,12.221726312054908,63.94148106987142
1414,50.028970920740406,23.27901720541535,1.2155411973074293,0,0.9741063160352027,9.541692077189992,59.77678121628282,1.0154573865992622,7.804602083220345,63.65692867904363,1.0313531174433868,7.0849744748139365,61.37766136294883,1.010750574250626,9.460945884799083,66.20296399893759,0.9930056887981877,13.094484471953551,66.15706963067277,0.9896986153815036,12.047298662250892,61.22235564027035
1415,50.0649789355985,27.932793154574732,0.360933245465904,0,1.0070195736009002,10.053421134165989,66.69061628321082,0.9751300715321064,8.766460275457536,64.83079173282341,1.0113081448384886,12.168860897876076,61.50775598768109,0.9820351845020092,10.172289464550563,62.0666933086756,0.9828403415778163,9.518903766624232,63.78055566648617,0.9806772452603318,10.184996008311183,65.05580795480583
1416,50.01335926350928,38.0908749850029,0.8386583866557742,0,1.0379586148304796,7.179515843135274,62.417029992576445,0.98892369592676,8.821079387063348,62.95891230558746,1.025490563785929,13.936086111746118,63.01616354887263,0.9601576589516861,11.311351504607511,64.4498122884446,0.9986671500964986,10.395249367179948,65.0399517388636,0.9967903502350416,9.367000675468171,60.871723285321956
1417,50.0606439576224,28.6248950954297,1.1669646126188404,0,1.0155446750419228,8.699451642141288,63.62095596277895,1.0333131023734732,9.478139289941513,64.27712308410918,0.955494952430555,11.226696490595032,62.77915888647179,0.9549711576009347,12.957213688159086,63.313477414701566,1.036670760876987,5.0483940985949385,61.70828050454331,0.9903039797715089,12.599232192841095,63.35719891916145
1418,50.030389891067905,30.901799006213928,1.7246431608529378,0,0.9818778776165094,14.129561986950147,66.13610068416942,1.0097598352801698,10.795053895474235,62.16402976491377,1.0198865862621238,9.140428584817952,63.56166514541026,0.9593308031978709,9.729050422328449,62.9596433525702,0.9926874192526772,8.159068782375467,62.93048171499014,0.9821029901600027,9.38888668605296,64.331533140552
1419,50.03614904017791,30.95341502097537,1.9284292551168714,0,1.0035942595411904,8.579105567482515,60.57945309501436,0.9936475205682687,14.543106796162407,63.154566533721145,0.9881179242237571,9.37628557606388,62.91127132117802,0.9925177444272223,10.190919266655616,63.388895237850726,1.026246933202887,8.60457672366,61.840718291761995,0.9782492244577333,9.874756542042139,66.38622234672866
1420,50.034130210073954,27.434611572036374,1.3906841235794194,0,1.0266893759805373,9.52615145347977,63.32832817495514,1.0003409153253666,9.55835674824275,63.44138065209268,1.0086758205837134,12.074862170659747,63.5555930876919,1.003521143395589,12.934350342272824,60.8949156941766,0.9757777711679942,10.084538454463049,62.32121954097399,1.0440235750537783,10.493304334474253,66.22021053193693
1421,50.032872924788045,25.81987275405227,1.9881693851561508,0,0.9963976546084452,13.256177617401232,65.26234768890336,0.9852817592852754,9.035307172970125,62.59893336784939,1.0163397915645846,7.97767879057672,63.534339878982145,1.0022349272231406,7.78559201745483,63.4588587387483,1.0082809497335135,7.308616561730057,65.9633614448387,1.0538745426595504,10.677883379645376,68.23475873614755
1422,50.0532554798622,24.867029452629534,1.3262072365668396,0,0.9920493353422274,12.355705211831161,64.25455006328298,0.9539391126725111,11.407822161144901,61.29248181195268,1.0038441054215093,11.410675028018327,63.094350393437516,1.0150132161397487,12.982100993292713,63.692260928277086,0.9534902109307041,8.020569874859806,65.06177525772794,0.9979686005967605,10.688086487236337,63.47903214887037
1423,50.01775149331438,32.45883911916967,0.507642426409461,0,0.9951102787239738,7.537755547035123,65.09088545120989,0.9742656997711628,9.846593028639688,65.24420120986386,0.9515592160125466,9.112467929845582,64.12784307337903,0.9625321918962528,9.242689333207094,63.339490752840135,1.0163188990462184,6.700782082649025,63.327297803213874,1.0113702844293972,14.246430966280116,63.160695720609176
1424,50.02284448392874,28.327513013232867,1.1143309428198191,0,1.007972680950289,8.8528070286421,66.1110605254006,0.9834202758360808,13.722486167751374,60.53194604979294,1.0181880811613098,7.826574841691913,59.40944797627577,0.9672291465315612,12.233493292169559,61.42779187074988,0.9805544861967687,11.61591809856661,62.90533613943354,1.0252103462699795,10.35125161734888,65.4448162344624
1425,50.064357484195405,25.62654499122218,1.610683268404319,0,1.0085224744966519,10.993816700808079,64.33242211370893,1.0160576016928269,9.766829282672488,64.36824338188624,1.0195103682167523,12.147534293826471,64.94362800400323,1.0003834472641944,6.602954652499124,63.98904207681029,0.9876986432944826,7.645885780723708,66.0038426906889,0.9772756427527906,9.512563985880384,62.48789603962493
1426,50.05139372738982,21.78550322519381,0.8522079084968661,0,1.0110708644665205,9.63768139018517,60.97584474599469,1.0103951275083556,9.016097722030457,65.77704833956984,1.014184434245232,10.543692148084256,64.19260604380698,0.988895844213264,6.667033605307339,64.0736821012282,1.017418095880434,14.334052348741555,62.858528038608235,1.0243069686933464,7.029680710007785,62.728309829742024
1427,50.04406428175044,33.26925052205284,0.06304447092353405,0,0.9857505503722741,11.646247501701511,61.0865929219666,1.003567044677102,9.400862526520935,65.4288908741749,0.9512214266395123,8.63155214403052,67.65179760363047,1.0130165291983648,8.299191186290955,64.03438876457237,0.9741385669078338,6.998793532476411,60.91145100437094,0.9976217887059127,11.568217304184817,64.90990028722325
1428,50.04053803000427,34.402852581273066,1.418630548147803,0,1.0194632987847692,9.480454793257739,63.63933496851024,1.0163494656320866,9.381883928799953,64.46754972019484,0.9922256147418785,7.880633636220095,64.90859386535807,0.9842640687022249,10.694878703670552,66.32250927108477,1.0057108830328072,12.186271815776943,63.53839294712933,0.9630957274550054,10.675084619564704,68.82615985454983
1429,50.06630781546925,24.82428512944443,1.4544284159882521,0,1.0148597044875054,10.95909168767578,67.70648711052716,0.9787888819037187,4.563638304674475,65.176197948507,1.0067472972985432,10.473823949712763,62.84103200149619,0.9974818528879654,10.290036898346294,65.74168489514645,0.9816899508318434,10.239977109504085,64.08721343766481,0.9812396211444798,6.729604295316372,65.8394047794255
1430,50.07073017754709,35.04484074858715,1.1423301121488088,0,0.9889115811480872,11.86455247836892,63.960459589483186,0.9767669307285405,8.09000019099029,64.66290411341043,0.9948700385896198,12.529568179241979,63.26788579720657,1.0105486243668942,8.63933269487475,64.4154727133117,0.9960041610120189,6.875917472835136,62.196078310564815,1.0096631044817546,14.041229610064113,63.93444577990672
1431,50.02635463982721,39.95817330939158,0.9488011434310661,0,0.9983337933537482,10.030384100514132,67.12887269684545,1.0125711992009698,9.648161363001815,64.55561778914155,0.9715426341508019,11.397345033091936,64.72121741992608,0.9858396122224004,6.920005551118171,63.759138373968625,0.9926178321656163,10.48539167488591,62.44777318183821,1.0100880658995033,10.65427366941003,63.23909571155147
1432,50.048906427201636,39.38294523357425,0.5425991033673083,0,1.0024592622771624,10.243404680029888,64.51068027533887,1.0023410580763272,6.392450727951699,64.09046232528969,0.9773320927824407,8.617934467849533,63.935393484395725,1.000374190808306,8.382210695206032,62.36745928428485,0.986843266862438,10.926216899762517,65.49304513433158,1.0178692460012486,9.845226631055855,67.87430099050924
1433,50.03080534478578,26.18795334361507,1.8010610988706544,0,0.9790015867642355,11.001478880426546,63.26076231086595,1.008695637958985,15.041251293412742,65.65382937777846,1.0085393531895077,9.800847695599266,63.96960034614483,1.0076816798662884,13.515379203068651,65.46254735200444,1.026692859852195,9.136337707673722,63.70056153721224,1.0161796395150884,8.292683734761807,65.32901760645512
1434,50.02772176983547,39.060708520554726,0.8833326848484269,0,1.0244230909686236,9.2977817869017,65.35776622980376,0.997511991320418,11.153752150010096,64.77600449620326,0.9814965877358037,7.250650022300293,63.8363699395281,0.9990216103811471,8.521960686095294,62.67179056525632,1.00002495441715,6.774781975047263,64.31937026261988,0.972991904852495,12.41718892586156,62.94191830518427
1435,50.0551223563229,29.417316219903164,1.3534483019040373,0,0.9898108504041071,9.568273264229425,63.327889187872216,0.9915374889206379,10.028777453179318,67.49787157633514,1.0069150664540527,9.69522348268142,67.9598166827824,1.0028825322349726,10.397754290340258,65.8305494055211,0.9726897598067205,10.945452216884393,64.07863496733843,0.9925589215763594,7.3883510823370955,67.70666337257653
1436,50.05717063649873,33.17462895118977,0.913911227185664,0,0.999822549700763,12.441989963476065,62.81818912918371,0.9989401934642983,6.402584750564441,61.1558549691869,0.9906421653682752,12.00212107205769,62.11404492128783,0.993195564131252,11.337760739807026,63.56524188317677,0.9905302391043507,8.096382592897593,63.15067701493314,1.0158761168560062,9.959982935211178,66.37777756346796
1437,50.05388954629189,28.36680762421997,0.9478387261004291,0,0.9766132358130547,11.174376012808269,70.47240920445937,1.0133795650057977,11.173401504582307,62.912386953495854,0.9974322864568763,9.703421311326546,60.261820802848085,0.9742362555179718,5.528071690720013,65.78679557719242,1.012343897530991,6.531781611093436,64.4463194824162,1.0136307610764357,6.356188266359372,65.3069241150677
1438,50.007848780871754,23.96915030911321,1.1896374792235689,0,1.0224568589920415,10.498833696918691,60.95506003373635,0.9640977749710711,6.276991416455809,63.645225200580114,0.9855052186427288,11.078337836221031,63.860362050935144,1.0022284289814303,9.778668185829977,61.87582581205272,1.03789147825482,10.051059256587763,64.14358419345577,0.9877502746589527,11.189621309078715,62.501862036926525
1439,50.03299688963518,26.213308086159692,1.580845381359971,0,1.0010489776840097,12.917490942064404,65.99545927780197,1.0103408543174959,11.566537830099774,67.41601693428419,0.9648928215204794,11.794183263413727,63.953666644787965,0.9980461306375991,8.22291250789322,64.85519072856617,0.989900464770376,13.504304788657606,61.66157534526328,1.0191899592239453,10.337629430950262,65.0493144589533
1440,50.03816647938579,26.00836509934375,1.7338535351229323,0,0.9657834341118543,9.859566336419409,65.9432313547097,1.0133153296342656,14.391164908952987,60.93893817406155,0.9828106559894069,6.67625701062658,66.70464248313094,1.0057134965475585,10.751572118478379,62.38456425666005,1.0299720955116867,10.239526489317802,64.25373488696205,0.963580858313352,7.45120965710502,66.42821466268713
1441,50.05663732410682,23.77935342460018,0.24076947412513072,0,0.9781135047628429,10.634528011694693,62.36551840499846,0.9829762516032162,9.1312333430104,65.81567026846045,1.004280971971221,11.258100179700014,63.305954126339074,0.9943159680579077,7.442957721225241,63.661714638305966,0.9957172917567845,7.91663835191515,62.816866462559446,0.9813183205800473,9.330734827653043,64.49915832734806
1442,50.03217578010854,22.306184052076723,1.8873802999726834,0,0.9703213950059647,7.613855626952327,66.07414029872308,1.0235273725477558,10.902703008838518,60.9652308296976,0.9870858186954237,10.971113145039995,70.29168368024764,0.9946721546362463,7.437787807361594,62.197260652292336,0.9961837219799043,6.368769739413149,66.1538511306206,1.0284379245471573,7.792183947781286,64.39764501924817
1443,50.03245377518738,33.484929527805036,1.0820803929504326,0,0.988020005777703,13.530453418985966,65.68264420533097,0.9844565742966966,8.049312396461907,64.6393444509591,1.0115160272527337,11.71827989347808,67.436547667492,0.9574103202275455,8.156518998489696,63.440533306794805,1.008954950618412,10.230095489237085,65.81404790514094,1.017862668341161,9.123422956770629,63.987946502414346
1444,50.05724030568205,29.476338634859943,0.6781381681179652,0,0.996023247669534,8.402440672683152,63.42022990659222,1.0114425975377799,9.03670991845598,67.60895773499895,0.9829505471271698,8.919255099702763,62.97991024913536,0.970457415916106,10.507900949610423,68.50589580743488,0.994423419450814,9.995343783464715,66.03098729831603,1.0281972341705108,8.138768274452737,62.80872412819971
1445,50.073862586383676,25.734213631597207,1.4686011275796194,0,1.0447483163625007,9.998928094612966,64.30918280175928,1.0046295277271415,12.844158592992377,63.17884812497834,1.0314878929887317,9.908028165000296,62.78975996553961,1.02028489856728,12.894718115100666,66.9551557327783,0.9957187995834627,9.07282600803028,66.59340188868228,1.0164997157560471,10.711682755876222,64.36847756940335
1446,50.07184231065753,20.672431000846192,0.03591978441971211,0,1.015133849949938,10.746064572173275,63.2934484724968,1.0120972753623882,11.331970938012557,61.588061963767444,1.0048988836953143,9.220553678327219,66.15892314884447,1.025163974748392,7.311431642495532,63.825913342414545,0.9928005830985468,12.234932877454993,64.62270008631018,1.034006200291558,10.27370876890499,65.8215693358074
1447,50.01978441954329,29.0575917635362,1.6866539657391229,0,1.0148948119802157,12.206779837242411,67.31691287004246,0.9886181822055122,10.696454856772272,65.08096743192273,0.9832523811870533,12.347676978040136,62.74523941233557,1.0293181529054731,7.554778792766391,65.4711722572497,0.9909088249906556,6.372659021710315,63.981258753415936,0.990172382476765,9.742500339318054,65.31212556688627
1448,50.050163049251495,38.73885081836748,0.6515160767327217,0,0.9486089469560105,9.367190810379865,61.407979228001025,0.9967767803404372,13.633458609731763,64.32419962974402,0.972282470153353,7.893445125527504,60.792345239510865,1.0135945165107614,13.481346724002025,67.99342726563599,1.0493102209241576,7.591811529930643,64.64751965914779,0.9796656098236893,10.913532309860303,64.65850200903456
1449,50.03219529957485,38.9483850973295,1.8336364489258912,0,1.0078465585221235,11.822917881383626,66.60128073925026,1.0129419876172685,12.395166464568904,65.74477627079912,1.0574092644617528,9.936127138500767,63.97641588639554,0.9856412706349937,11.062388724876103,64.42240728086497,0.9927075564645195,11.44825310469853,65.75662934688943,0.9947531793904981,7.46708958376229,66.21917629193901
1450,50.042496357630405,31.971505167400373,0.845058087819039,0,1.005843559130579,12.304586266054741,62.84370957209047,1.0034738950683342,7.700262600178528,67.56797243036489,0.993462083055958,11.110402336057295,64.35207440201656,0.9948130150103404,7.722326452705902,63.4903435620749,0.9742458930236861,7.716323139820231,63.43196650764588,1.0022925519387933,9.713735636390199,61.126020250751566
1451,50.03199724829135,31.394814719535685,1.3556408635370385,0,0.9770504190624725,11.741745394468543,64.14155032969465,0.9867080870187848,15.023345517427433,64.02617912761306,1.0156032729164646,8.827840347559745,68.13602495705497,0.9856731904487409,12.274960715529051,66.52673505787237,0.9826256339767924,6.650359090379787,65.99428720897704,0.9989840924707445,12.150878553347217,65.0619457536785
1452,50.07504460809536,31.503510543594107,1.5926760459919658,0,0.9902702050085651,13.138768526458751,62.59226462843603,0.9675047406607001,10.153049256412217,62.15735504998176,1.0052013485969327,11.87275455462395,64.71874022784893,0.9963465361436514,9.588086987288072,66.29874197303258,0.9903004072192998,12.024373001127424,65.13557704111388,0.9983273978866994,6.579231539435188,63.19396076255184
1453,50.042063306511956,35.17349119154027,1.8020647212848269,0,0.9841211318224212,12.197762111979277,63.39360030251205,1.0051053537788086,10.050315609152205,63.11425574031888,1.0039043546771662,10.533164830759901,69.82077117279945,0.9882693858558997,11.33451813184023,63.987607880934426,0.9905108850020509,9.883288218696405,61.40883249837654,1.0013004814726068,11.064855023992916,64.81196231240821
1454,50.03539208804486,29.584288465799816,0.9594343351399475,0,0.9880202026043867,10.11316888791486,65.55487590111764,1.0071506296062873,7.66867656365396,62.933202408537845,0.9870970844574614,6.819453849723388,62.39330987898645,1.0028534130974276,7.315394158719535,64.25262622686425,1.0113476941537483,8.16217821533768,64.76561397180873,0.9868766512403988,8.85510173893887,63.47215084321169
1455,50.02010877268805,29.842882573339722,1.7796405538988185,0,1.0069743408661542,7.330728624190806,61.492945474205705,0.9966603673168716,8.350439640100827,67.99257167980156,0.9995112088540806,13.072058920537138,63.84776876085929,1.0042469426418728,7.087918678042167,64.91452412851612,0.9964529449467736,7.959590431694679,61.79552266063914,1.0000704302035213,12.831375829318528,66.67598655261125
1456,50.08071538026368,39.223141482612924,1.2724197792868677,0,1.0115342821235433,10.95486890073802,63.25986539591479,1.0186305393130253,13.484154515875254,64.0329625375743,1.0075248785917146,10.625534284578304,66.90276926993613,0.9954918538648061,6.820145466394367,63.16027105212774,1.016935516083332,9.176470247237084,65.82256664360054,0.9831787494213009,9.233494701170503,63.46445077801918
1457,50.038056303763334,36.969867029894736,1.5924032910350248,0,1.0024627133690531,10.371745636212268,61.44566895739718,0.9751925688737223,11.464034555557081,66.90138519842257,0.9758813779177756,9.661016419548291,65.21616623460979,0.986234065900878,9.71146618645181,65.68111324871016,1.0155072225295916,8.47259939207272,64.07198650131396,0.9847510030150943,10.281272427203293,61.837058740471
1458,50.01266671481931,31.860329553987555,1.5678157905192467,0,0.9829183173924654,8.177904657173853,62.93927782286124,1.008642801725686,11.916809842922817,65.13270342474937,0.9929202258487303,8.39475003033396,64.12856453789715,1.0014668789098273,9.672459619634644,60.66812982748823,0.9745509129680654,10.291428071493247,63.83389437608102,1.0261214303702013,7.502429937811801,65.41448166616244
1459,50.03772759523222,32.95076234502129,0.07899157914349142,0,0.9695498596342179,10.44962565193502,63.995321786459144,1.001337873387127,15.501250588552363,67.34972862642633,0.9902779841596974,10.342388098724797,63.107159040425316,0.9943384959416766,7.177721619810413,65.22822171796763,0.9608633277542313,11.610965311443803,65.65957119515514,0.9735538634918327,11.56431723570548,66.31929955329609
1460,50.028756644005824,20.184067293936966,0.3089124541934265,0,0.9971895005246351,7.89184721424596,66.15428092765085,1.0464782798041738,13.229004646099787,66.94530221695832,0.9806518662481576,8.997959058275832,64.87908128933265,1.0068320436905127,8.679913035442215,64.6070425505277,0.9888143700794549,7.620786597844456,65.5425686688383,1.0288170037381066,9.8416114377075,63.45333356963595
1461,50.05394254862058,20.891929007432328,0.1617783370587378,0,0.9637654034608025,8.395017156698314,63.96413396655934,1.0666500752575099,9.616238181925937,61.31052814140264,0.9937361213478572,9.824673127311662,66.49514945400101,0.9914542810476417,10.84046899689602,67.01768304155048,1.0258264561368984,13.241101023806157,61.63583502802813,1.0064117304326354,8.983308264453914,63.00698415923231
1462,50.025691201371764,35.26826067419105,0.4988112782199656,0,1.0302959201902078,8.981316368560075,67.36840601076898,0.9313280892261,9.360746575416217,62.80728259056016,0.9856761833120528,11.266022779408795,65.94725326415336,0.9771285478137649,9.099717287509872,66.39392051571944,0.9718797441310268,9.79349004008473,65.17563965742069,0.9846278052267787,7.977663623112403,65.26739300884564
1463,50.0707569599636,25.696917612366615,0.7967678191292289,0,0.975634844575687,12.349343687025279,66.8408152658057,1.0375094859262894,11.060164780446943,60.562137462760944,0.9912621297386564,10.224773544122906,63.63648890339655,1.0161420257299747,10.474951308752553,67.18199673538172,1.0561854173208194,8.956769877168183,66.49404701179733,0.9865215502899589,7.764835607128625,61.69844672305811
1464,49.998320046784976,22.70420153974197,1.8394550947492874,0,1.0060098363294665,13.167486466902101,63.014649232206104,0.9874304979259405,9.410887888036465,63.97324648950885,0.9841475694896694,8.35528116635526,64.73978873953737,0.9980958644777572,8.278209182136548,64.6637016890147,0.9893788724040152,14.99443029667208,66.37233673615243,0.998988492906444,11.695577231683906,64.67484224660409
1465,50.0470874352663,24.766821389483077,0.089338712851325,0,1.000512147546624,8.434576865492694,64.40441436188219,0.963090363616075,13.232261066187476,63.77032346432124,1.0053470508090314,9.235816314128144,63.89647251998391,1.023758564706066,10.641838680399534,64.38409181506637,0.9994293586981923,13.661747810966085,66.22323391426154,1.054870951289674,11.370234342965478,62.56847253649418
1466,50.061168893950054,28.9385304953775,1.7687083024311245,0,0.9896835390007918,8.467426206839724,64.18623830608222,1.0107603229781945,10.572130220039808,62.06419687140631,0.9907912579888554,12.681793817062252,67.97950997355171,1.006171591698444,10.21552758974238,60.90432329771687,0.9999592260243161,9.22267271318931,64.95330621871886,0.972290058388382,6.707355115025978,65.94864172344292
1467,50.048105039058875,22.71949332469452,1.9277784624955359,0,0.9916562390775867,8.41392663352947,61.86662809429438,0.9874406704836733,9.921067906448796,67.19912519876462,0.9871418141734825,12.407593393523326,67.06719094585159,1.0120576199552356,9.288171136497429,64.0776130445652,1.012003543355767,8.561861542386442,67.14102452868995,1.0028351868427028,9.116206875259076,65.12548316628546
1468,50.04116451018462,31.93799070077528,0.48914811018369164,0,1.016771084756915,7.981289753911527,62.0435122518192,0.9970068102567662,10.752476938207135,61.77966491795109,1.002498350649283,12.330127841579008,66.61261779625798,0.9984848559050797,8.961587936970176,63.85130160399656,0.9919165728092827,14.407437399432705,67.75574290552045,1.0164976427787846,10.762556794978718,64.62402331552875
1469,50.04769704809885,30.94707482791958,1.6718450504447777,0,0.9767887922790011,11.120719464750632,62.609403174425196,0.971485142288319,3.481569665892695,62.17579360239212,0.9961070059824427,8.515008728837227,68.04197422259989,0.9854546397509809,8.587067498205633,64.75436592431943,0.9883037066003505,10.002571657439189,64.07483503456879,1.0331603439462576,8.430156275196351,62.42058101783591
1470,50.05352424012006,37.792387877385266,1.6483437096459588,0,1.0492499070111407,13.711284203263505,62.909823108748625,0.9957366550560358,11.428410103549194,63.74003853356076,0.9707863281950994,11.403924000395698,69.40232800260387,1.0212843290501905,10.783941549290065,62.21351077983383,0.9960668651964872,9.291965507761606,61.85573847795595,0.9867185736963304,8.056797600105291,64.1945622196111
1471,50.04921373350741,33.089834502960095,1.9436716875133109,0,1.0303419009398662,11.68994985066538,65.74941531516316,0.9938426409144565,8.209785814324933,63.19611692707269,1.0500916234275464,7.10530548645662,65.71501110261588,1.0063829845724073,12.994789009526574,65.07855370496574,1.0087757732877132,7.016733571565056,65.69913570606923,1.0506942279274512,7.804073093961758,65.06985968908826
1472,50.05207469890995,34.853282416920365,0.7069119543556539,0,0.9661002322446255,7.341694123816136,66.73050391617492,1.0251741869592994,8.367449821174551,64.1899093318812,1.0276256600314804,8.105120558180301,66.64969483016998,1.0146499195420282,13.76072562561754,65.8749180964866,0.9763564396774063,9.17015776328516,61.554529231138794,1.0080847619987579,9.260744629297907,65.79205560497772
1473,50.08121382204284,36.22786145620925,0.2835611445064694,0,1.0108312180635963,9.03381054588149,66.03011156612499,0.9820064994914394,11.058940546784148,65.96616654614171,0.974335877960806,9.514393807420497,62.85640208018858,0.981737488458218,12.326343169864632,67.2504610247772,0.9876393583317725,12.99872588471035,63.60202186231143,0.9769611908948932,9.144439361703597,62.05652743080937
1474,50.05795858379534,31.57924510221706,0.6995555199054457,0,1.021631345222344,8.914307881130053,66.10553258385603,1.032552055675428,11.03112364413846,64.79280344542788,0.9897404716985356,8.231881346469576,63.03538354641808,0.9825710043687238,9.818499642240885,65.40905899216273,1.0280699593124345,8.262542578965505,65.54789131714855,1.0285437497985348,9.89193440635391,66.01233615221857
1475,50.07203863575284,36.94154115680335,0.475506798463011,0,1.0273449900978862,11.674162476981166,63.81696674790527,0.9874694060617764,10.035993765855753,66.95177268030221,1.0095664401158664,9.453747617955909,65.51095900714024,0.9911833679561451,5.9983305133563025,63.79828059155706,1.0090557927519788,11.486512140710088,64.56814564800948,1.0609935936312465,16.103716252380735,62.223641214582265
1476,50.035672791530565,26.759826017929214,0.19004049919494292,0,0.9837274514662254,8.539296207049436,66.70507990660845,0.9864408159059096,11.919185774313407,63.84839184401617,0.9462543996473805,10.095468511640439,65.00132565113356,0.994005992932473,8.50667395954687,62.21669680855771,1.0113102255770754,9.995759010629499,64.35612185183075,1.010261480556444,10.898279833154808,64.49986207417889
1477,50.03096178737826,29.305513137960144,1.1728722811047925,0,0.9896708286656232,11.80132266906281,65.63831837476462,0.9994351604040692,11.7856855984115,64.44908574182313,0.9910879405185712,10.496100032123442,63.343965768170776,0.9427054881036029,9.7250500367082,63.7389959672728,1.0066609388265213,11.048972866390846,67.11570326190775,1.0046836785469084,8.178790585668736,65.61024691833717
1478,50.03936706169033,39.99395491673468,1.4105586558550667,0,0.9758945382238469,9.809096317869754,64.89562378938409,0.9792538040863739,5.433466670221719,61.96053758174354,1.01565655281154,10.45005850971209,64.55495871691049,0.9881902619751567,11.910881125152047,62.478234837891385,1.0015103488887676,7.28366716082563,64.99737693291232,0.9871604877864898,7.882490785721705,68.20384827779917
1479,50.03258557171933,34.98152318633444,1.305368967817662,0,0.9985572533496454,7.020338608690526,65.9149920608691,0.9723345549695483,9.333480017440644,65.69024637054066,0.9825584765803641,10.319103579054172,65.14082797247214,1.021034294811166,10.413927635847822,66.1850308954867,1.01323775623669,9.111199970162815,65.71017516244662,1.018602612522729,10.320673852530758,62.274056137945614
1480,50.05287774395564,24.20506253560273,1.1156130578671577,0,1.0182109664075687,10.673166482454477,63.5070555320228,0.9871435309060398,8.151494423762179,66.78595788449283,1.0305762579280962,12.034101071236952,65.64696279210368,0.9976268190658675,11.811442342174427,64.88192399653909,0.9773960990166213,7.606151258361882,65.63768003817698,1.0046856143348202,12.772139552968019,64.90296592394536
1481,50.05384937971841,30.21509139092647,1.4894145448247482,0,1.006755192682633,9.675711184678613,64.40098109053986,1.0271238738832325,9.99750931966192,68.2152399930007,1.0190799394068555,10.700265432679501,62.05608267744136,0.9663631232724773,8.5947780231621,67.30172983401357,0.9907619611856199,7.57917175682519,65.7276855182237,1.0149982302855747,8.98391448666161,65.61266886205927
1482,50.01833052115489,24.448242125517794,0.15654418933412928,0,1.009007262089536,10.040293679520019,65.89435705281778,0.9830609447989114,9.734057199164834,64.3165798052599,0.9895790516912116,9.256000816563498,64.90477869626476,0.9827635599250141,7.664869714780455,64.37614950989092,0.9757346227816405,6.6310778730208915,64.60068620645995,1.0087727704253224,12.703886553471506,66.06899127564012
1483,50.05249747499017,33.21974887762552,0.7644950037103178,0,1.0051641672661566,8.0801394994038,66.12546772413732,1.0059722637309514,9.701161685438317,66.69626778437808,0.9996162618331675,10.344271214372437,61.977441317196984,0.9847113177150183,5.8413968956266435,64.91773807374275,1.0286412626247956,8.464769400304618,62.05772621380316,0.9887745921598216,13.786899723258076,66.164782636217
1484,50.03451053002967,35.0066811483166,0.18584922137386695,0,0.9552969521765345,11.053534646500575,64.57288790024957,0.9712753247183147,8.809772956388525,65.07469286253762,0.9794609109722886,10.528165768856518,65.28426659749057,0.9893803082855396,11.418291813480302,64.83852054574817,1.019659481403377,6.3642768195001285,66.91216126727414,1.0268212723176398,9.50792496004957,67.46910914003861
1485,50.04527076499463,24.438309404339243,1.0321341065384906,0,0.989946214343151,10.171821756585693,66.95615859291357,0.9642035577848775,13.822832341438719,62.478331398533754,1.0141525514405518,12.314373381846515,67.19981212094815,1.0120870682888752,6.487398959251863,65.67183446350153,1.0364060861497002,11.956005523221116,66.21051859726647,0.9702728446551158,11.845906486572018,65.5442499685272
1486,50.07200165174856,39.12731751496605,1.2360773325713732,0,1.004080050113253,8.20099040575534,62.687006845253485,0.9978072584538156,8.99696536640522,65.39397455695588,0.9819390860760396,11.279863138800886,62.99087420899611,1.006123722776632,11.774403962607872,66.38467791156441,1.0000113220910463,10.688417147706406,66.2039637565929,1.0449799794382433,12.802071543967834,64.6930126118419
1487,50.02687694806108,39.17634989003464,1.64799855372719,0,1.0131949708885306,10.200920553273624,68.7536505316191,1.0105374798251816,11.029850728224924,63.40009980794943,0.9925784821068552,10.282072531207499,63.44966906583028,0.9660940466256708,5.746981177502867,66.27519046192006,0.9673291058029271,9.355210082055393,65.53927632208163,1.014927769010463,13.013493705399222,65.480245142812
1488,50.042409271859235,23.112421753378488,0.37107836840249075,0,1.023628012331849,11.030209709812922,62.05169129914107,1.0235654937105079,8.857883255400742,65.96738279599803,1.00241158349346,14.285784988482021,63.551792882902035,1.0013010643491047,10.506896112999287,64.58410497345398,0.9769084488584943,10.196075029916887,67.38762733637529,1.0309291926880844,10.863762230243626,63.18574205365824
1489,50.06691718228246,23.51118926100873,0.5182543298172357,0,1.0129405247234573,10.784115464840623,66.42977761535455,1.0219006201607879,10.48980594270608,66.67755282931302,0.9840584148843547,15.322899389076134,64.4304761568818,1.0165640145440198,9.949335012929874,65.20164283812846,0.9767570246667181,10.212297160265486,63.90186571252479,1.0086108490021417,10.456145598043268,66.54474740155484
1490,50.017929523033864,29.153318917698122,0.27898075036808656,0,1.0063362523928687,9.770900956087356,68.54506889276588,0.9895403552683307,10.187262390265166,64.68372128693548,0.9868110471813928,11.575615704687417,64.62445810931906,1.0177153346388554,10.819764250742784,64.04107847341828,1.0180516413681906,9.858598279873899,61.26689002848879,0.992604531522433,11.932070766160926,62.44082282033989
1491,50.03938760275506,28.05445596136643,0.8848314250656315,0,1.0163283655581725,8.304294207763968,63.87714552718815,1.0085562690634402,10.61494914975533,61.445353678056264,1.0048288849987639,12.528079142440667,63.041597753797156,1.0309238104056413,11.972715581012828,66.06755340078355,0.9921576473628823,11.963767123643454,63.12670830828029,1.0186304960678314,9.383807366713727,65.51177723208757
1492,50.04485474445948,28.43430488285737,0.7067168083711648,0,1.0147265079770933,11.68343396360238,68.76480447069194,0.9940683257401696,6.548751090770983,65.06537552849223,1.0236919457818565,9.187933307036756,63.57807319396483,1.004778261560571,10.027515496689706,65.59680164239914,1.00587034684055,9.56603436165239,66.63761185522492,0.9753161105644274,8.820541709460574,64.79797078057933
1493,50.01921547888377,39.58746205149287,0.1547761466246773,0,0.9566687836563844,8.849871635261819,66.20206960656895,1.020912505858785,12.764545179547195,66.37878346389235,0.9961962781395276,9.807455925015024,62.43652519591443,1.0218655889566404,9.268184360367098,65.6479966734195,1.0213405849034218,6.979504721200973,64.87983710281799,1.0168000060038787,6.545438317123918,66.03919339965067
1494,50.05584763479652,24.772375280669408,1.0653612162534272,0,1.002225601658552,10.762869077516692,67.36317612560708,0.9870592452562468,11.817967963166456,63.49667609882863,1.0139700590091487,10.144911600300821,65.40930657109435,1.00262770259043,11.525987203925972,63.17505562481985,1.0045801389948232,9.320500291528672,65.24722544981647,1.027729755421983,11.224858353101492,62.467313844823146
1495,50.026306739312574,37.53843533897579,0.8875441328884888,0,1.0021854852124585,7.453962799207078,61.93393761246467,0.9994226612857183,11.176143774508741,69.1597194164027,1.0070809535832266,11.464817085943423,61.87408446905071,0.9814888187834767,7.881732772450457,66.43110043707085,0.9999467413554494,11.679193983434589,65.76406530004421,1.0111357420347358,7.065434921002456,65.062710020562
1496,50.01543586324647,38.5817704133688,1.396618609452294,0,1.01242058192924,10.220002811332364,62.20038393661457,0.9927903865163461,9.627397083177842,64.69380481636367,1.0094812747263913,8.423022245905877,59.58527541039824,0.9761579029730418,13.042186746663546,64.77487041268381,1.004691353607898,8.299129301588994,65.15737640897963,0.9700239529625193,9.542636710117957,63.124422898006195
1497,50.02012923897167,38.50105160811017,0.11526787569683905,0,1.0127782057663053,11.4091725362417,62.926620985425785,0.9698473659322613,13.510305996811521,66.02163846670119,1.0196522226267852,12.647020799471294,64.83353406579576,1.0432281106246006,8.982553156238241,67.4043570045943,0.9497393157298551,9.604568976055731,63.446798818594,0.9906075360994047,12.19721307047115,62.26773253827565
1498,50.0666530485256,39.736847794658615,0.5872956837371688,0,1.0092084585178471,11.107947461693518,65.15682093698027,1.0183630055112245,8.713209705392007,67.61769612718845,1.017242404722407,5.65546881407459,65.11565343789665,0.990204140595135,10.885580844580113,65.55152602637136,0.9867279223822917,7.056403607404418,64.17210257502653,0.9898150174508529,9.740693185600978,64.7330631183483
1499,50.01975527567676,22.544458125053552,0.45946393950966713,0,1.004885934685554,7.894979616180313,63.62587239803036,1.047675120166031,8.963782500341132,66.44175513971065,0.9842632895072629,12.580637403600145,62.76565318790222,1.0134968731648835,12.198118321257219,62.63689900921373,1.0423366365159916,11.016916046157137,62.918582832824534,0.9792240929375687,11.042694741573147,67.51654439261276
1500,50.03827996100727,21.01471602379367,1.4409391347682117,0,1.0307409428104004,11.35462137466382,65.80573154028016,0.9900658050306955,7.387608080447681,67.12702942263611,1.0428087745300445,8.259933844379034,65.40848616314995,1.0022906978277324,9.120830082727043,67.91317987082763,1.002023408833005,11.028650374671427,65.69432048042123,0.9702754560041157,11.42267877384813,62.61898659305638
1501,50.01820229481002,23.955008918984632,0.5779710705551828,0,0.9696565830849432,10.270036928129644,62.82483664934938,0.9902559713960736,13.738757460560182,66.10857514625886,1.00898835384048,7.246259890882107,64.35906875707911,0.9673036661534528,10.51868913663245,66.67158707308356,1.0355657015566642,8.88486146146034,63.77744077266521,0.9996873299398601,7.774304376822876,65.86459393262666
1502,50.01958857847358,33.03735466140519,0.4621122469383374,0,1.0062480183971552,6.948255558929495,65.097142236431,0.9651133024868145,9.85383890656776,66.34658520366737,1.023955733350213,7.9790444938437295,61.65963693230248,1.0079872964602652,7.68681901991311,64.90791453351957,1.0107989166719045,6.59211841478856,62.307193265890945,0.9950807419761079,6.187811482744294,64.77343947417428
1503,50.038279005340485,23.06349837598635,1.662920989530967,0,1.0146311800006567,8.41631555994842,63.14281424115683,1.0038118836413892,8.012519964256283,66.17319541341286,1.0229311661049063,9.029026581643064,63.13627012676767,0.9916614153338852,9.170183755187225,67.24710679468853,1.0476091545991104,8.301287187931644,66.07343524843286,0.9859397684861643,13.272840530027628,61.09287793014693
1504,50.05983848239675,39.71157613043187,0.4675667808162227,0,0.9814819834120443,9.51439945991249,65.1711220813349,1.0089163686535194,10.25456599048721,64.14314341326121,0.9858974857137284,9.544808211172617,61.66137694352051,1.0208171191921769,7.430368299698496,63.477661928531816,0.9854823583170461,7.856065276806316,66.35772970272419,1.014060273368906,9.545422376689725,65.16535779090758
1505,50.03765831222,37.5730615104858,1.7115264045235503,0,1.028920612386786,10.396451302715908,64.76024975549454,0.9642714608444976,14.28539674729116,66.67280037689213,1.0085733913153097,10.02434984975412,65.18834208622862,1.0331787208934802,8.612203247587383,64.97982897729689,1.0334814897890185,11.346054794281951,63.822486843381064,0.9923094359446125,11.860121772722406,63.28218058182289
1506,50.05248374991959,26.099183821173213,0.4484221979812919,0,1.011491533302509,7.8654062064288075,65.02497226769665,0.9967284060709595,11.79714618168489,65.26320274962676,0.9960875613201379,11.179706035240015,63.64102416370548,0.9315375685106138,7.51256185983002,62.35345077793473,0.9685315511490986,8.18431172331236,65.74755554683195,1.0037970986590867,9.199927768677695,68.31487954434239
1507,50.043511354172885,25.42168578905422,0.34284932504498333,0,1.0347120242918753,8.786260096298932,63.11329521992604,0.9780781346854218,13.861902230979002,66.61609138040646,1.017235711191088,9.48143818636823,64.61373442694556,0.9738709111539239,9.071727520733548,64.19520576486096,0.9836077198596873,9.445600349765993,64.47336940939475,0.9965625611489658,9.218441143228187,64.2632719151847
1508,50.03871702983259,31.115936638106877,1.3535656888299445,0,0.9895469338021454,7.94848098392481,66.1507253869132,0.9854878483084829,8.538001329169543,65.95417761936729,0.9815810245587674,13.723251839103984,64.43325831090978,0.9888352141535708,10.861208766064756,65.72591385413149,1.0394926825201039,6.10587905590876,64.16539206135297,1.0196423084016215,12.529193085112038,64.06028201546098
1509,50.03725608597446,34.891900295983675,0.3154389566935667,0,0.9845877006102379,10.518560849692136,64.63811813909598,0.9742404306443583,7.930368679264355,66.27889423832453,0.9585318109824968,9.109424300389453,65.07343281479093,1.035252538485141,9.174274996044996,65.8603350074746,0.9907552617071846,5.386763150284573,63.66596868404987,0.989557819345177,10.226241542361764,67.14450927669901
1510,50.0343290580852,26.1485531302603,1.6856470391990246,0,1.0131267406351148,13.818242920358145,65.88759916312114,0.964803306836891,8.306331486969025,64.28549562453091,0.9880292732798518,7.676332916271377,64.58920840710928,0.9705873554173006,10.086955737908823,66.58317273853851,0.9779354853967649,11.56524731917595,65.04123019222469,1.0322761144246342,10.200583704775779,66.05780109612459
1511,50.062813693563164,33.53894592626183,0.23552818688175114,0,0.9808289532950923,13.409362848685346,59.89195751310588,1.0130112935760487,8.035244878729742,65.89857080715464,0.980620389853875,9.20580514612325,65.26761839229023,0.9754998036084248,9.759031256890037,63.541768895258556,1.0030441717804164,8.050345517595968,66.43611887503195,0.9944399835756376,10.53557778607174,65.63186117080376
1512,50.047773354030575,38.73493813404764,0.6231911194534805,0,1.0079136868450354,2.954995778222293,63.902486279298735,0.9985478530489122,7.955318872928629,68.3161838317877,0.9907408376199696,11.473265076239496,67.59019549567081,1.0219278719980496,12.775676194072775,62.95384829969261,1.0223512300109305,8.257840960165122,64.44469693566462,0.9967436893156587,8.635376451907176,63.96651861659135
1513,50.040654650820734,25.715624096703216,0.6935303840563571,0,1.0079168154105655,9.947894096199633,64.12965018034393,0.979117974879579,10.838972150529562,62.6370967791157,0.9898097072327204,8.294416978390178,64.96305767208979,0.9631146149071592,9.28955820469753,62.72803356058321,1.0161436826951018,8.764272117988313,65.50666761362655,1.0106377477114405,10.658799805256342,66.31976897823992
1514,50.02455235607122,38.4261358033082,1.3082382505575,0,0.9818708042598343,7.215585241463261,65.08370291753862,1.0332355197983558,8.92509737359321,67.41076658304014,0.9788804495569486,11.019115898698772,64.70454698515049,0.971800999910387,9.584284716899388,63.64981942736535,0.9989391386268757,9.517423118324311,65.93051071894585,0.9957817858007798,12.587697609885122,64.77389105171324
1515,50.02673213961308,29.42151934687229,1.6139773536699427,0,0.9864234479272331,6.711102691081118,61.67575792618696,0.987073299165796,10.097638841433973,61.2257839843825,0.9728725670830406,9.946114327683096,66.62343957117903,1.001062450287461,7.439375838456574,63.59738683900308,1.0200107215282221,9.354998909562367,67.26997813748484,1.0046339702299079,8.169395701171696,64.50013801926285
1516,50.03350537484484,38.13363892413972,0.1595481046439351,0,1.000627247155884,9.312861645921256,61.54701403638261,1.0005608931073295,11.954422537251343,65.18406470609077,1.0423750778925087,12.752864196354988,69.86837939578166,1.0444451595223263,10.137549343374989,66.94158204197328,0.9821586564519272,8.998905505313873,65.90166850243448,0.9807946751080318,11.524884585995508,64.39361895119275
1517,50.07635503200097,20.999976344164303,1.4212224009534689,0,0.9490732487539545,7.195543973044085,60.71025010759505,0.9761878966632864,11.960538199899801,63.391533955881336,0.9838851991418829,9.121415519249071,68.16568909536466,1.0356730016138262,8.627818265007987,64.4589301969482,1.0048419219401694,10.231521857845582,61.87178057764646,1.0226956531587832,10.396428600388262,65.46216584626757
1518,50.025872751146025,30.653918750807186,0.2404160900284218,0,1.0312438975155962,11.425793790370514,62.474789449677836,1.0118731082302834,11.07312084362734,63.410930558513854,0.9937322496175439,9.243328526654926,64.54913789199084,1.023042685943053,6.55484455482539,65.76944348394241,1.0226783327230011,9.080632304307377,68.38681296946892,1.0036736478323716,12.124730411311385,65.92935955608043
1519,50.029283432001705,28.228595784184392,0.7347637214919518,0,1.0036448435136347,5.7270639809082065,65.65433335250263,0.9926577475457823,8.162529410640948,65.91529545603608,1.0138607491772396,11.88019294907031,64.05772992996003,0.9899296432970811,10.950851418390307,66.56047177053166,0.9955189245918286,11.202724171396913,66.09728929982695,0.9489334206448001,10.627454985461982,67.76334227179633
1520,50.03229004048426,34.91814801736295,1.0309181295557344,0,1.0328462028090357,9.091505496401256,65.51207339594116,0.9846743797330282,8.805284783821035,64.49540729028212,0.964367201569939,13.321700497441503,63.30634769177908,1.0235088650013306,8.861422716097124,68.38607400121475,1.0032524381293584,8.481779642899138,65.36184666408873,0.9683947166853056,9.569343592092515,65.9884183314785
1521,50.01884976997712,34.73429494201523,1.9669849546209244,0,0.9964494562935156,10.845756273419624,65.98949164167796,1.0090960041844685,11.08010499277842,64.20723237025192,0.990318088020587,7.304502700631716,65.42778962294402,1.0114913782522736,10.315214151940616,65.24838097835293,0.9796785681837147,9.649265085300957,64.04513373862663,0.9824452580950954,9.432539397732207,66.26347096637963
1522,50.02720619987405,24.966451345108208,1.067454896071524,0,0.981165550256688,8.592628723351869,63.99916457010538,1.0112377490766618,9.039373083811595,65.1706989388868,0.9704387561655331,7.986966892513577,63.564163366189185,1.014674321053967,8.93471683328378,64.40060533164362,1.0215475184026803,11.062083567447164,65.41539410324634,1.0049737547021207,10.490558790049597,64.49947043821736
1523,50.0587265274587,26.40752538748915,1.151252760488071,0,1.0283839767100187,9.602055629773364,64.05794618545035,0.9926748112988016,11.451525632901651,66.30887954163157,0.9971655594531463,10.263215373422616,68.44286084131456,1.004615116422512,9.96079321203106,65.42841053356048,1.0092960001876046,8.438779634656601,64.85807431280972,0.98895714869156,8.82039368681505,65.53078362826173
1524,50.00872426045426,39.183825780400184,0.6149219256712914,0,1.0375071286863886,9.87051017416963,65.78150001708198,0.9966053550002753,9.553319530196365,65.04325194196095,1.0016416877038368,6.497424733620035,68.14925395981045,0.9996082739840082,13.378312289578913,64.72080796056046,1.0037077561990906,7.67251512343668,65.07763085505553,0.9937436323438388,13.317545459857989,66.72881188579731
1525,50.025155621278095,21.717252452142155,0.06452584201521216,0,0.9993202104086265,7.460840440042017,63.20262406091619,1.001726068775765,10.766576771288356,64.26831119280406,0.9838763499746175,12.049835718855668,66.61259641517198,0.9875554528718578,9.732381087764582,68.26087207754473,0.9990412274041961,9.398254435075394,66.31824266813128,0.9719258380180813,11.539878212891145,64.43449600128295
1526,50.0245577574451,28.887109952360085,1.9682131796734594,0,0.992658307041773,8.14427467052074,66.05838043148673,1.0142379874891432,9.926929540521773,67.2289462782701,0.998670881142761,8.472270268950231,63.42458695067548,1.0225079334189464,11.60807175735942,67.519377580949,1.0003955886266467,7.75780595351662,63.37842060951037,0.978194979719278,11.827818267094507,63.88792995273122
1527,50.01620538721625,24.2787330165165,1.2825184407437267,0,0.9732866913096582,9.558592185134314,63.94085106538168,1.031753944096616,12.20014237807951,65.49006624733128,1.0111352755085419,11.659939337498825,65.0859943950647,1.000781810582017,11.370236865996345,67.29488302494259,0.9907071414871923,7.59105627798594,64.81968362392881,0.9981264836209313,10.4166659467435,67.0379981572075
1528,50.03927363649982,35.05762961733244,0.8309512498063281,0,1.0277501048066475,11.699872620666172,65.02032519138952,0.9803694665220498,4.672109750352018,64.25626687645864,0.9929434060431055,10.67236774108013,64.19838890641479,0.9910397655242251,10.597521338065905,66.71286357417226,1.0048683842419561,11.166821170325644,63.62546391320264,0.9952163323936987,7.433448091916974,67.0916117149963
1529,50.02949881169886,26.2087714626386,0.20677552437785374,0,1.0077822325193824,9.661364475057562,64.34175865439693,0.9774511525827587,12.663677975866294,66.28612832931043,1.0033827460461178,9.740144303293,63.957626567210696,0.9894211033864939,4.933736099266286,61.650495438389065,0.9813282385259323,9.441037875240708,64.3475991020908,0.9673112072357355,6.734807070375881,66.15682446038981
1530,50.04105904801295,21.114687983983263,0.414440365301985,0,1.0083354251395127,12.194008652243014,66.00324560089607,0.9836847058073421,4.126826149757039,68.37294219427277,0.9900743703105772,7.132850872061221,63.45400730482035,1.005664175707719,10.909726439837323,65.9006997807144,1.0053645992272409,10.186463794195513,64.46805835899269,0.97405418868599,9.740247749307882,66.7212058486309
1531,50.015799137079114,35.02231465418504,1.2438290186682266,0,0.9734993830737457,10.210493278982922,64.54356155917142,1.007817097276827,11.498965799400763,66.17408761038854,0.9882643603371624,12.343962980095455,64.09713670122838,1.0143351004983692,9.792715899426495,67.37785855170866,1.0270300016394478,13.637296428772462,65.30324219187915,1.0348894192430587,10.319676140921066,63.03089147028811
1532,50.012979064316895,30.087550806519555,1.735572889148179,0,0.9907535819556337,9.982777529919339,60.88497520814465,0.9990911732012123,7.260391534626841,66.69396786341774,1.0012558511912173,14.209042440702508,67.83561721514944,1.0242324133888736,11.530754919297612,64.82389592000928,1.0085523194592165,13.750678225811997,66.47692467943297,0.9660159758952781,11.713874190473243,62.80214187664475
1533,50.004146680566805,33.07634925567022,1.9057040561375262,0,0.9850112070239874,9.741637156383682,64.02755162231324,0.9999355162197604,9.654703653777366,65.77824904101071,0.9670028136480802,10.605361156587017,66.32128831416772,1.0138202263309193,8.20346655309371,63.23435993239463,1.0066276980707936,9.788849907535559,62.299522590655414,0.9890867774318827,10.535348315105779,67.38291395203163
1534,50.01452430329504,33.22078414182703,1.9056056067170122,0,1.007923014846864,10.037841705098472,66.14657730272823,0.9861805591615944,9.895335241258387,65.18948431390903,1.0456427952283125,9.295370229214592,67.20218981617194,1.0120101566431434,9.850647089163527,64.32398830019966,0.9480377227213226,8.208017300626963,65.61060960160094,0.9728263614198218,11.75697022673754,62.36784172017747
1535,49.98917267124133,39.946035680609526,0.4513566717614159,0,1.0390608534137944,7.6710322630771355,65.43420240590565,1.0270137768664869,11.143106748350622,69.177825444648,0.9958632355037179,13.829975610171811,66.19179442926605,1.0102161533719494,14.168686590310298,64.9663114664379,1.0034587337012095,8.840385558854882,64.76264769169298,0.9840652938322918,10.930200808219016,68.18916040079826
1536,50.024774861286396,22.84752775643384,1.3705002190754176,0,0.9859576187097103,8.845511362330752,67.54516402526579,1.0219864853116483,8.373060389120486,63.81208345373179,0.9988077032716682,9.919136262686889,63.590710309734796,0.9911799323452033,9.690549046220527,67.3552544999244,0.9673771917390548,9.329137605183725,67.7116384363242,1.0397517083233025,7.5734609739332175,63.238085035597976
1537,49.99804213556278,34.949925371303415,1.6923625260656383,0,0.9684038463994784,13.324982677223709,68.1352283731904,0.9940841646876128,11.376487617720349,65.05839857565205,0.977662285013229,10.110156781632302,62.12639245061569,1.0235890663526162,11.960603858229941,61.165451990593596,0.9903091039254849,8.037996580448226,61.60979389695232,0.9824574313529826,11.255353561691214,62.70589220653308
1538,50.003337783195676,24.466538328344093,1.6225076385818766,0,0.9839366622915142,10.3012534051929,63.24507668249842,0.9874395536320082,8.437150711929872,61.83818649720607,1.0231091986001557,11.772985977826334,65.7621589351991,0.9642069832796439,9.346609499526371,63.62088219788182,1.0113556200034652,10.290687951073593,69.23416218935387,0.9885809246336998,11.705617442990095,67.4790367989511
1539,50.04691620945677,33.955445065243694,1.832972395606913,0,1.044240897442062,8.081435275795343,66.52979435198073,1.0131281579940596,11.574549046123249,66.33778411455657,0.9971526944809103,7.177509757433314,63.26561846925107,0.9832277411563415,9.403982334363898,68.51767944665114,0.9693836424965941,9.989299569258497,65.87415651526133,1.006802563239195,11.519634751907615,64.27639451380503
1540,50.056078060421676,36.63692771161641,0.6218826900734686,0,0.990798039381555,5.87750426179124,64.50705583210893,0.9908315445091773,11.125737459783824,65.34830986759516,1.023424142688534,11.809859386969157,65.93292463826295,0.9938862792333877,11.177111562841354,66.48728371680049,1.0179653292390287,11.372772443235055,66.70848948614751,1.019746552298826,5.672499076023808,62.74240406435846
1541,50.010888940275635,32.439229077139785,0.533111894772266,0,0.9966299111445406,8.305871081886917,66.99084093002062,0.9931203017512318,9.778286267508856,64.70026290201305,1.0087722245367818,10.91693434471597,67.24260824174476,1.004473425442847,11.293877921360973,64.52615049349255,0.9964818689522883,10.552722546090264,62.55077421979918,0.962399343068727,7.732537317662927,64.16885044532974
1542,50.02093223221293,34.24177463827415,0.10467943307327832,0,0.9877029534166067,7.432572734724564,64.74415791812896,1.0011347030750755,11.749636243035933,63.61665729227605,1.0171178016268825,15.115148472265053,65.79371297238905,0.9914120849232052,12.408237353523045,66.13782758528578,0.9724798588558222,10.4764279578661,66.48162370381011,1.0047907914546106,6.043470198884979,65.0044223812368
1543,50.001719022720046,21.049605530641124,0.8948236398331539,0,0.9852035515757158,11.06678923386574,59.925009992276195,0.9634350546204551,9.005744220247156,66.08853700638218,1.013991354121153,10.770627478611868,64.46020341135487,1.0138559015152413,12.535441731482644,66.23013647597779,0.9804458408233706,11.23472288257224,66.72937865924631,0.9763388098957131,9.665260102476768,63.08023971807414
1544,50.003314997758324,38.46621797037767,1.1618600467258533,0,0.9907329034979852,9.355337441105428,66.9951231431749,1.0078765751437453,7.056208934032547,67.58877805852588,0.9721374412364564,6.369143362565488,63.83294997345816,1.0164900905191245,5.825117091356757,66.67110766572631,0.9476204778434606,9.399038113150127,64.33833264446972,0.9799964217125998,9.885623230069296,65.72948370750537
1545,49.98832618616599,36.46906164065325,1.0634390997543541,0,0.9892729291205268,10.47853190994745,65.48171430606828,1.005094817177318,11.14248085922763,65.3920457567207,1.027750235996714,8.476352977703517,67.11649945921897,1.0191500695328757,6.009717832211445,66.25253500884592,0.9998505543058331,13.636208861186324,62.62916491148369,1.0157201317364324,10.152562760462173,66.13165922802791
1546,49.9875232990151,24.90906175356301,0.9757861326707273,0,1.0263213992196911,10.987743965043267,64.10432536492158,0.9865053288906898,11.245438920115081,64.77188854527374,0.983438076586454,10.434995776174771,67.87510496598094,0.9985174418212254,10.694908348457957,66.90361123270996,0.9933595723792126,10.859191925410336,64.77852544134701,1.017807377891311,7.847212508935677,65.96049991063575
1547,50.028074051292705,34.67283135793175,0.908093404401733,0,1.0239867237253488,8.782772459495334,64.92067768897552,0.9741046307474577,10.271235585196363,71.7472524620173,1.013853920418676,8.765637393731362,66.2874968039731,1.0422794346114865,10.708011547684487,65.13201752268535,1.0005952687597552,11.548432470843393,65.0804744746646,0.9889796776225898,12.94330786745456,66.61573712062052
1548,49.99557774837834,38.674822067086225,1.2427861324712675,0,1.0009903661501578,9.876711169771296,64.31079056450874,0.9751784792850058,9.807041461260978,67.95263335655206,1.0330217645998168,10.245870887989161,67.55053587735269,1.0110188581392783,16.831746334554975,65.3156947575652,1.0167960326463132,11.97327099661111,66.83857581832845,1.0079157670292578,12.57713733365024,65.17572249111781
1549,50.01845830543884,34.90464251063391,1.0525958544205738,0,0.9877262903844276,12.51454268707976,64.75488614328964,0.994083370934483,7.305934716888727,65.51935567138503,1.028621015687556,11.126971937892844,65.88867503039651,1.0362569894026288,10.663402935591524,64.44778029219334,1.010919050378568,7.510303663723938,64.45854865703043,1.020359709648669,10.14139331218102,64.12242930434253
1550,50.01826689160075,34.414672054602995,0.5543468102059015,0,1.008106753126678,10.850435989991155,64.94145764083962,1.0022466327354775,8.799516651391535,64.86886629979436,0.952830916046721,6.715107569963063,65.56818753237525,1.0162938154232577,10.254006822997997,65.27118097179904,1.013215426749798,8.471363406056371,63.562647591063694,0.9608734904733687,5.5632720718064546,65.89730158109342
1551,50.014331139348236,20.022758476472585,0.6912135992526776,0,0.9808320465732442,11.8195863583751,67.00211210119899,0.9915208913130721,9.012856886524691,66.87918266808619,0.9914228090400548,9.60978000404727,68.53934770474456,1.0024340942846177,10.370572462380174,64.88243333266716,0.994421883976085,10.6143890247563,65.39755215343668,0.9995568583579176,12.362574224870055,63.24978554594421
1552,50.0332734156094,32.45911039478986,0.20940004013603075,0,0.9635106125095583,9.012563383794994,66.51932990633442,1.0233847880480949,10.452390634765035,65.46104830468119,1.0109724242196743,9.993772309361836,67.01971417197635,1.0267409774191492,12.59050660347405,66.27694849199577,0.9653348880872001,9.183993111857966,63.044647729160666,1.0104934093281295,13.864900140572999,62.84129095384396
1553,50.03762731988155,21.721477304901576,0.11044704016073004,0,0.9835079561237161,10.774060003968751,65.54849469663124,1.012726325576495,11.357045236732352,69.22404169689152,1.0113315034746382,8.107590690073106,64.32630716176065,0.9927289747467202,8.842594054818388,66.0218831976616,1.0036644849100014,11.39730146820999,67.22340585564045,0.9971202789323059,12.465119317705017,68.26125638995748
1554,50.05116025289482,35.8964594862604,1.8794716879426316,0,1.0204191103974363,10.205946203942002,66.71179760232978,0.9881910111361203,8.18164020305014,65.9909051139446,0.9935824638844469,10.736898324106422,66.93072942504979,0.999299620365846,10.472188104674904,63.97015653228071,0.9851095970714876,10.706265788223257,68.91610700695095,0.994127060793154,10.538427106469532,66.28522476196027
1555,50.02561403198061,29.278794333166328,0.0623347883058063,0,1.0114045073425022,9.421585658333234,63.757597225741414,1.0148881363409434,12.402825697655048,65.50076966172064,1.0158577385962309,11.550706975479946,61.06174078253522,0.9868925759595288,11.607788529095046,65.48516296446525,0.9850140134233604,10.106304770837895,64.3553056623854,0.976122630026907,12.808329596714364,65.69429611358113
1556,50.00099111889314,26.606560153592916,1.7397105704689007,0,1.034783780545266,7.873446117318216,66.46514497906828,0.9955512482826632,7.992450609444077,64.1496098655602,0.9839014315391368,9.263772222323215,67.12097776159227,1.0045646943282218,10.764901108066393,69.0925511311614,1.0015821724647371,10.091841290249853,64.48977364222844,0.9997603936765629,11.640806696283398,65.3731069948248
1557,49.973647878407256,38.411537670968244,1.5051044905715605,0,1.0025328525189139,11.41043792324216,67.20113496955955,0.9969251592559837,14.09981432861725,65.1900536390257,1.0348709772760964,4.959895074099876,66.71729827216443,1.0070245662413093,9.539120589164519,64.57942582264872,0.9788070584242945,7.875281442479352,64.08447681651178,1.0031234507892801,11.322155514450763,65.5440474351205
1558,50.004422752312756,21.445216828358436,1.9546236879842047,0,1.0006304942227158,9.861894103336807,64.11769235391549,1.004429713639323,9.666520978754933,66.81992195003286,1.0000485605685443,12.82263323069016,71.16837382581812,0.97819053040746,8.89311424490068,66.68434621550243,0.984131933949997,10.897634004282192,64.17709357814451,1.0163394767965526,12.22004207928191,69.45688213244426
1559,50.027492145831275,24.498617144205916,1.5250435144017231,0,1.0090173970634804,8.38271398623031,68.40823100202043,0.9609851185049619,11.441314619216366,64.55042874310217,1.0327365587903024,8.91793150680821,66.44357854470394,1.0013472834229646,12.777878823066278,66.0447152914682,1.0059543372383233,10.182780683068197,69.44577435182487,1.0005760500943628,12.14905263406945,68.09154895218802
1560,49.98792388690843,38.67503898670179,1.7204347984440074,0,0.982063357371986,9.979546716831926,65.19797220368241,1.0089331300989828,10.234455401765695,65.90518694940558,1.0187693682625363,11.341661061110212,66.00943002190874,0.9902517610058018,8.832097113778552,65.6574127106028,0.9853177041946862,8.45447010834742,62.148633391331416,0.9906242438529037,13.04082996922809,62.90489251771213
1561,50.0233718035335,23.595213657622107,1.6081455929893278,0,1.0052689833496324,11.926273099550581,68.61487732630324,1.0191505039028608,9.45195531537258,62.52569045755041,0.9938192950224244,7.408175933963477,66.87004530239807,0.987912203595975,7.774515440415929,65.5418118245498,0.9724597312231436,6.102216780484941,64.2615260182706,0.9984839400496806,8.722519410834137,66.79475920224662
1562,49.995718198436386,29.638584088980856,0.43016205462178214,0,1.0315608717754148,12.564625339212785,65.06409870061049,0.9916201157774027,5.855193914180297,65.14637028902516,0.988527968474399,10.948695355465642,66.29976360622891,1.0211767685795283,11.15708364496852,69.4591943675581,0.9868841901726985,5.970741634338198,62.033084286163685,0.9938069446655852,11.049954634801932,64.70843625582296
1563,50.02197454509511,34.577907441712476,0.20053757806963834,0,1.0307084501296906,11.218213910481353,67.24536806601468,0.9778197729588607,9.328772997171216,63.1473535498142,1.006770108733978,9.236773810148506,62.89598257729793,1.0151395022697596,4.718288779790639,67.5188558304696,1.0217800322759114,10.64698593905187,61.59978415596061,0.9968272922704464,10.807490425978136,66.00860485924659
1564,50.0037225739848,21.8995453773131,0.05691914982382307,0,0.9913415425072987,9.561616563408146,66.7450390917284,1.0196036323365356,11.848854088837307,65.43488575562398,0.9791656566826112,11.105096185316675,64.40255712658008,0.9836974204405177,7.957602324903672,66.87993912771122,1.0174622717789146,14.148975220206768,65.30334289120447,0.9957877180674407,11.313644611964708,61.62173748214813
1565,50.016062663303885,32.46698663580731,0.688706271592824,0,1.0192963412920129,11.058964009054515,67.43288933658013,1.0211531554097932,15.617298901949969,68.4683564817429,1.022149253504863,12.227991768390485,66.94452117797117,1.0176041069881054,12.816827565310538,64.23573837985863,1.0035953465692746,6.976307276303961,67.43952715213834,0.9962898890233275,8.535888798539656,67.43744682434905
1566,50.007888120207944,33.21356464885705,0.14353539543524918,0,1.0162815059330297,10.921571432623173,64.69686172648738,1.0044636296411373,12.36465427655379,68.25226213193355,1.004768026739232,7.919141729120604,65.81954039363325,1.0264479698650382,7.276065513996398,68.99140782005281,0.9658993031219331,12.636317101376148,65.02261857253146,1.0082698496748983,7.746915397784227,63.07752684632367
1567,50.011692445486624,27.469741084712965,1.397379417067951,0,0.9977568596729356,8.994148126938942,67.32080702959728,0.9773816117213091,13.097257080779,65.16892534763336,0.9996267667423019,11.90968171513776,69.28899532013635,0.9914436327692486,10.970230667549037,65.4474703622143,1.0166939914887696,10.498598666751562,63.11077167275397,0.9992038904544446,12.74785248966604,63.96524096052511
1568,50.010997240353966,25.17100703737262,0.713888814693387,0,1.0049116616476066,9.710299993750953,66.07617722542155,0.9842988751649306,11.277745285230116,68.43693087007021,0.9933199016592691,11.625375336757356,69.71453277504962,1.0254235276945762,9.13048212040832,65.95737499273258,1.0177161070690464,10.938464466783254,66.58309533854084,0.9725129629765172,13.377400704076358,66.76646872259222
1569,50.02160915915182,31.44997564935263,0.5847220210072623,0,0.9859127467872109,7.787697452541009,63.292396209655145,0.9956009226518074,9.966926382993533,64.88453513199518,0.9934546424009705,11.401072866891695,65.82487214219684,1.023805306113988,9.336996953478357,66.79463159766603,1.0200363120067075,10.057793391582011,63.98014447996418,0.95500887059976,10.561743567683887,67.53302564470837
1570,49.98545901328529,22.00879175659278,1.4777158236880437,0,0.9943247965833378,11.472848616676396,66.78300789901189,1.0020431708520556,11.59307366040001,64.11508772743534,0.9858837678555342,11.62074989350582,62.765801843961846,0.9688500545058623,15.613600910699098,64.03876321982742,1.0147334792115807,6.839150875804037,69.10894039229206,1.0136932356864252,11.616859006341471,68.26783731039315
1571,50.03270256218901,28.990855907424073,1.1276279791040007,0,0.97344792559317,10.220218231281418,65.47833181659213,0.9934382749957421,12.748867187317433,67.12615936286822,1.0043807565756822,9.453800622938227,64.62204194578374,0.9895718824839167,14.050821434076205,70.24328329976329,0.9786941435231952,9.105123969439058,63.52564450601399,0.9598366396150534,10.475060820710985,66.5345149027614
1572,50.008173850022075,22.87479420202611,1.897392932521801,0,1.012513648347608,10.78175065271053,65.51011149244889,1.0017748673217324,10.682645321973114,69.18247286476297,1.0126770963898453,6.035467455414341,61.29577610788761,0.9544732996583624,5.671966229874876,63.34788400066395,0.9754039305112078,12.194040385674084,65.88798062846712,0.9709872031649733,8.684089677516459,64.70874144174815
1573,50.002908588039574,33.26196831502955,1.6351863179213868,0,1.0052385038272453,11.657340389374184,66.28233205253856,0.9747422630451745,7.552100893145603,67.61942825133671,1.044221803942373,13.901488108008053,66.60023750127912,1.0102586612189672,13.207321746214916,64.79428817109645,0.9975499238011875,6.109834237343094,65.50570181354561,0.9973376593106179,10.311504595053762,66.24066718362535
1574,49.999716100547715,24.72054675509541,0.8960897755624331,0,1.0176086902761388,11.426880491726914,66.716342529953,0.9862841279252264,9.508758325808145,65.43202625205126,0.9770570641796233,10.307460007525785,67.59559445235196,1.0106310596780936,9.683863732995869,66.43732004610263,0.982318649565695,10.832889277144009,67.10794983685227,0.9870878948654016,13.827026291456887,68.45859287775097
1575,49.989172720481236,38.69078538377067,1.111219396554213,0,0.9437943241007699,10.66706047162465,68.57695562619578,1.027004765843751,7.331412699592274,66.19605530616451,1.0033267057719306,11.415800131873194,67.38274537126577,0.9888236726691385,9.551808418445257,62.99999618425448,1.0216272038457315,8.26683348613419,67.77548159156878,0.9882864919509571,7.596417616194683,66.71407930980882
1576,50.00027624633109,25.43605721394058,0.33653065177009456,0,0.9987010899583295,11.89509132622154,65.8112876845248,1.0321336012236788,11.558352106989503,64.7328295846451,0.9924188931902165,11.065856154069925,67.82566304747093,1.0093069796027287,10.93426267438489,62.35424947754889,0.9895264368589942,11.210424976581175,67.14841700518227,1.0154702899162174,11.666674311524066,64.11242106976717
1577,50.0049827588064,26.639148274393957,0.5777061459501784,0,1.0141704572618593,9.92870784660119,66.64031072033961,1.0157249626446396,8.270289176819432,64.85500209428265,1.0035692822700757,9.291211150332815,67.32655827432255,1.0455677502757788,11.683560465392675,63.43465064345391,1.0148473735912549,11.221255304058761,63.64703072469154,0.9757999882180729,7.688745995407426,63.80950243949615
1578,50.00811889669412,27.31147753368333,1.689311690310239,0,0.9646845544685013,10.85027883762486,66.78942121546952,1.0029970038206737,9.586020783376345,65.0833379513386,1.0066436816890398,6.573810156204436,65.74797928743135,0.9916528657956185,10.254812526617197,66.27794239080102,0.9903506074627012,9.77715904426321,61.80951260503458,1.0226929396750282,10.129079744884853,67.294967472893
1579,50.0009111040676,33.52214129552641,0.7148545946414653,0,1.0325101357119864,6.785998477866219,66.50288476879605,0.9748841504365007,11.706411478428064,62.79041479538166,0.9949849009608265,8.446969227552318,67.0290178551746,0.9890696342092583,10.31130589598722,69.49292576825093,1.0151302670976263,9.177301186881042,64.8030073344395,0.9889790450251489,12.649286701110661,71.28975179920882
1580,49.97903149611632,26.962268422269137,0.3634723573326255,0,1.0284460683068133,9.951337473512568,67.2771878967335,1.010121095985129,6.617600296993951,66.8223550885855,0.9645131167201684,10.509088350495318,64.08908570514241,0.9973660720534464,8.30359609919587,67.98549069206611,1.0050683828448577,11.87521920005544,63.90426692178784,1.0022937646130534,10.388499014234556,63.78349827015084
1581,50.00024072884346,35.512548729214416,1.0702033400605582,0,1.013363900012381,12.709342858439856,65.85742996813852,1.026908753050198,7.869901510723361,63.47218660285531,0.9855512265875832,9.012343916201154,64.65025312444953,1.0020618002826485,7.5841403572187485,69.44472736349917,1.0010071789702315,14.619627103765586,65.67628917768042,1.0049068138888233,8.363301393909671,62.284604962371205
1582,50.01820116608262,39.9661419795724,0.4837438986082432,0,1.05074202938115,8.616509742773449,63.858400891240656,0.9937132760905597,11.730448583257896,69.90294613317316,1.0290190461484385,9.776449378299999,70.34679322316998,0.9613346964656565,5.1601102411789554,66.39019516839817,0.9893765244698591,8.232188953511177,64.18984137228495,1.013470887170316,7.703794158557923,65.82557413852733
1583,49.97647251410207,32.72490166324229,0.5277964358670748,0,0.9877676124100484,5.216840663743906,71.02995750626597,0.9975772850892465,7.718595310259673,65.11830391690148,1.0542500520258051,11.111039534159932,68.46560004492112,0.952115253859101,11.599459794010489,68.75441599892422,1.0117755166714515,7.759858183925847,62.63371265413617,1.0121146516649882,11.190463676097995,64.76048176900284
1584,50.00446618306991,25.314675151454757,0.4989291746975817,0,0.9902143464373192,11.753153587428661,67.3282789151668,0.9943416146648147,6.695774529616003,63.923978800214215,1.0063451654095479,13.262670567039528,65.37562183020664,0.9617575352255667,12.715504767211561,68.88638397733173,1.0204564699278937,6.267278718112492,66.46467948543851,1.0107280584242384,11.620740170440529,61.76963408552335
1585,49.98855236794119,21.86098344814393,0.658624004227697,0,0.9918416694113333,10.32784588925918,65.40239621535507,1.0124277667963821,13.158562708778934,66.72775984639516,0.9932092230308068,11.219444722626,63.713742457020544,0.9919340589008379,10.130719069241394,62.559891696715326,1.02801628387146,12.036653155782554,67.1133950780371,0.9826880690938593,7.380143298035973,63.478130907607905
1586,50.006711532806285,22.43138272459692,0.7951242980044801,0,1.0031948162570872,8.741332773421219,64.84127146893961,1.009411347930638,11.74263016856914,63.865312491610624,1.0222163407481228,7.657923291265133,66.39680975427184,1.0174412022621049,6.903247304810304,66.59474798990112,1.002571623033861,6.525907656465907,66.07663829251254,0.9902459104717736,6.1443190135316605,61.63791445126293
1587,49.99169020072006,25.60106525840788,0.6632501904682528,0,0.9917109053386692,5.011029270952985,65.43974578581917,1.0222438240210092,12.64692802186718,66.78085085567,1.0063793460457726,13.089271884919022,66.06643594350572,0.9604457201682413,7.109295212650718,65.39962385398967,0.9999008308161157,11.48921861680973,66.3559185538629,1.012438427185095,11.739636118210758,67.4780821444989
1588,49.998874395793926,31.98580333817826,1.8879857626726875,0,0.9949329480722271,9.137346326434312,64.79944608812387,1.0056547313724862,13.2842204147335,66.6114846959157,0.9878121944884954,7.980025737342057,67.05651462603647,1.007246479018526,12.181966614441238,64.64129054010601,0.9965152158574588,10.512555490152192,65.16713897741381,0.9979293310236467,9.146348482065621,59.35850887300539
1589,50.0023876251946,28.798763252955233,1.5278395266012337,0,1.0013240955142106,9.775513332457953,69.2177720695647,0.9888426769141735,6.373233291327182,67.6728510954064,1.0155306923365253,8.532521059652149,66.14282960066086,1.0011169030113987,6.616439028764767,67.699015026325,1.0471474718551859,9.037009905181904,68.5482331496305,1.0097742010867503,8.054356302497073,66.6906531942724
1590,49.98777356257214,25.027731769812558,0.6474610169930162,0,1.0021693178945053,11.044544330940074,63.49883580638989,0.9994489113024972,8.862117802794282,66.25047584081562,0.9913708940967352,6.690239552833146,61.36538460838668,0.9876191422791905,9.050318992422826,62.63525125050294,0.9818307619907327,9.339497017773757,63.23215923660427,1.0392955632558756,9.902748059085036,62.72972925188307
1591,49.968726584850565,22.83874182287036,0.9528090493406538,0,1.0508228733001583,9.223919291329366,67.28907638863483,1.0049399478640055,8.333869437398203,66.46861383745251,1.0228363429226115,7.3604120791581416,67.2672199855169,0.9826814973936807,7.528724238733787,67.99863197722148,1.006374251270699,9.439534305342512,64.70163480381434,0.9896849253190334,12.113625720571065,67.85067766193023
1592,49.9661410662546,22.835240936081526,1.2127573448936884,0,1.0187474006290542,13.250810146671762,65.42947805070162,1.0309182620247783,9.720254726690298,67.82646743323026,1.0037812530429149,10.043815380154577,67.2819885114213,0.9933104446072814,12.60724945349352,64.97136646626699,0.9748228327162146,9.227573466200221,67.26716062716625,1.010003065322808,10.05254512492273,68.49396800755122
1593,49.96827784502158,32.8022488144623,0.5040334593079319,0,0.9939434596009035,8.065848954266578,66.9084548348968,0.9993691879313835,7.7635114472304085,64.43173639849589,0.9813543529902697,9.347575217617948,66.50067542484526,0.9847441314722194,12.067263732199429,62.78096415996238,1.0085156009016714,10.80112855969371,65.87558687363472,0.9897965234662568,11.94807962160747,69.81853582630569
1594,50.02347695068456,39.7772702778289,0.010573996182015266,0,0.9883375190772224,11.09686204107325,65.8605667342149,0.9589276895418007,8.197403149503739,68.08677480367116,1.0139506396844231,10.450690158149072,68.0258304895088,1.004611590869693,10.488872976864519,65.04436099908835,1.008753686494486,10.126029906849382,64.4665845710124,1.0204118628143153,7.910783547819965,62.34165497052105
1595,50.03304017199086,34.18219318692409,1.289694346594666,0,0.9881072272594204,6.795949387386337,67.39624687955975,1.0355764735433817,10.628014850022527,71.63595166043484,1.0003988964177122,9.050097970864387,67.30200568818809,1.0076439986263712,12.732607148534958,65.0758559507379,0.973668159733049,9.290629904986394,67.5317363209252,0.9677794197259597,9.863847426922543,65.34703315362982
1596,49.96608216986329,25.899786073618266,1.488771474139992,0,0.9906025049327478,10.878941699923228,69.21368008099155,1.0323933685605906,10.205148151245197,63.771732744019886,0.9901313306720126,12.003719951169582,65.56163342347718,1.001663500538122,13.311676897401782,64.61376383551408,0.9959765797794031,10.565142941924883,63.80688783987475,0.98599602140659,7.689959872400735,63.93731607684757
1597,49.96543823371552,28.525037553179025,1.7398380316496525,0,0.9736671968512208,8.047942477511338,66.90821109100611,1.0478623929923607,7.496749682539555,66.14379308989454,1.003556953540816,9.040997615740734,66.03457017813778,0.9999731778222748,9.823198642881282,65.561201557285,1.0035893050937312,11.888779324703231,66.92743374687555,0.9829074295102865,7.047253534477277,65.30808512880853
1598,50.004945893971076,23.045073894375896,1.600978630705779,0,0.9997890302097806,10.723049438975467,66.60791805255899,1.0171254582172808,8.76487240408095,66.2719339186948,0.9998460854712263,10.8126352601751,66.58571947966387,0.9914815253327017,6.812553210268538,63.82343075713368,0.9936616087037249,11.296542788064725,66.35668078680708,1.0000306160451229,6.351403481237873,66.8461696283163
1599,49.984092436543406,30.889024351590137,1.0113892128695308,0,0.9663757652155613,6.872315255060064,63.84764406754176,0.9842285627833348,6.624946021255137,66.97255920815319,0.9724967750020753,11.509150402895527,67.19775943916034,0.9794487437961039,9.433261100763822,63.47820499604626,1.0175964435766145,7.744784899952599,62.88281386153819,0.9710984663296921,10.632374334541797,66.12058898645297
1600,49.97144369536252,23.75327870527418,1.0098474397540773,3,1.022017561388031,9.895039210158323,64.05329863995037,0.9770929981482788,10.231026289162791,62.28607794477291,0.9901700650169766,8.902182488319069,66.60365900605261,0.9914340434136186,7.139854832576421,68.94488645580779,1.0416683298481983,7.728444715067026,64.06191561862313,1.0188586772447983,9.583887296189861,65.68072788177531
1601,49.97482881995479,33.27589981137589,1.8199940279480409,3,0.9927395184120911,11.718680592838561,64.10392939637556,0.9928338217788901,14.292744501766153,62.206503555266664,0.9887774546518746,10.655571174298993,67.24049970419827,0.989671960527437,12.83077223989218,64.3137021381277,1.0110488435624454,9.497555542368575,64.27539353251647,1.004968552848986,8.603928037326694,63.56058535699469
1602,49.93591387278064,24.03588404494063,1.5496138553530023,3,0.9997686261786618,8.833333001600106,63.53696549339293,0.9947342345941057,10.55497299755608,67.15726487119206,1.0154330562929652,11.598451856823827,67.33159300675318,1.0033899027240494,11.746172582096918,67.23886565481739,0.9983819506117849,9.799796015440364,65.8050727231999,1.0042963736754833,12.093035323209584,65.30862487418163
1603,49.95628454875494,32.36529022621217,1.9786439938551401,3,0.9716498224271328,8.290603972301554,64.56792909202065,0.9913117170709005,10.388078526565256,63.94244447455725,1.0046227536681391,10.35733581048111,69.41497986170832,1.0030401521685381,12.571757679046005,64.90557585954497,1.0074164291200536,9.564059453737801,68.1871291496264,1.0268858614321992,10.239452235241759,68.52578214206488
1604,49.977180441063005,31.00176205530373,0.937748347566576,3,0.950413383666768,11.494687781885734,66.44499061893755,1.007812787481198,3.7086550436265906,66.45382133323793,1.008801998677442,10.274027928722571,67.81949460002915,1.0265331460927458,7.837495538566692,68.43527006389435,0.9880343763458544,10.711597023069853,63.143565560724056,1.0039627950244325,12.23745505832208,64.79953602992093
1605,49.97218371893702,37.81012457206511,1.10030596898755,3,1.0185110600297749,13.383211593655194,66.9273320906387,0.9898039661226605,13.237135646891883,64.53931781384294,0.9711405994151838,8.241887262639967,63.8784430603891,0.9780462768955271,9.416274053765488,66.89356108884526,1.0144034991149518,7.818245180320841,66.15169243274906,0.9481175936174787,10.708258544361051,66.88258012280535
1606,49.94763958155681,24.795470084136095,1.1614097284352647,3,1.0033732809549158,11.566866699085935,68.1166222229565,1.016907277620956,10.43886650411008,67.94050905956634,0.9930952168998346,11.119193567003546,65.55160438923588,1.0154901127862905,8.592326731819119,62.0485346761452,1.0083277614682808,10.376220889775194,67.53998719060769,1.0060322156171404,12.225934626557311,63.41946691512228
1607,49.9721991061905,39.03870502251868,0.8872014970516642,3,0.9731615549215369,11.035370372099747,64.57186339248136,1.02326723238279,12.392833802224805,65.03279194454213,0.9999983461961248,10.834649233855687,64.01574896883639,1.0184670945854737,10.42628581256198,70.33633201617852,1.0208341782514958,10.080058954608948,67.0714878161606,0.9985153044307963,10.275212496670745,63.51536611408923
1608,49.98502439991078,30.481600053456717,0.7445791628434566,3,1.0279250608279344,14.195419933008854,64.67493244391045,1.0066580955357773,12.061226611472811,65.46265359978429,0.9856327859098314,8.953242599912112,65.9348650399596,0.9809848046620703,10.145420158798999,63.923433671198374,0.9764640697752669,8.861322457046258,68.25940536239378,0.9869586033016504,10.364493166037315,66.08118610076176
1609,49.97949345710111,36.15626045677622,1.6939389882137057,3,1.0100677405337761,10.946926066431331,64.88878706451743,0.9836413214423655,9.556910342205573,66.95832132431475,1.0140524824031254,11.42885520770615,65.19753024122026,1.0216667159746236,13.395844620205676,65.38087847925955,0.996909600731319,9.946843280962147,63.958779002629946,0.9895680157145896,11.53182783684546,69.95240508066586
1610,50.01262764372248,27.803420653983046,1.7552808413538576,3,0.9878364478509962,11.261036788848795,66.77267483934816,0.9679454940270802,5.316570718733578,65.82026543839503,1.015636959147353,9.736942923092814,64.26849717625903,0.9966613866769417,5.798573949011159,68.24011682719225,1.0138326142111824,7.385668684531865,67.23943921068664,0.9767869646665142,13.075207588242803,66.1066628553649
1611,50.00060856692938,35.24414469737749,1.5726332944092511,3,0.956769021846462,8.12189689548151,68.03015960098698,0.9937523626390906,9.349002013901714,65.36223865704711,0.9971782308282348,10.341317648354215,60.485111404409686,0.9983471231295439,10.664688299222098,65.32915918898222,1.0135088058665875,7.918158784047763,67.14353787917706,0.9915057620232469,10.453568324189035,63.72958086778278
1612,49.99903573548851,30.906779330173315,0.31218918942530083,3,0.9871254223312566,14.28938875901089,67.13821913422643,1.0233722750204473,10.623066692796474,66.98138094033182,1.02561153017194,9.439742179642256,66.44207382436937,1.0092190627115494,11.711612649623786,66.10932044528788,0.9776382409168529,9.818313962400945,70.80749907812844,0.975052360266738,7.5203650968693765,66.89900205902735
1613,50.00464064471505,32.18527639221613,1.3518516728930259,3,1.005002197267728,10.239741909738825,64.7562244473245,0.9922018879788833,7.664148929613527,66.07899430316405,1.0179946985291417,8.778690627279383,63.222130140002236,0.9940867108008302,9.238089375798086,64.39374853596185,0.9862492110343839,10.776759652503653,62.25018697059431,0.9901470884126772,14.38369918793888,63.03149189259606
1614,49.961949998616774,29.706295868714207,0.15812178699187274,3,0.9989888919914517,8.274449440542353,64.82345323944989,1.0058897135712503,6.860835776149699,64.89995405060213,0.9840325887754654,10.3614361546522,61.640969199858816,1.010864998928053,8.630629925934295,66.53921765779273,0.9814120485342113,7.867205084707749,66.46495856193188,0.9861335375542584,9.997822293190408,66.96043608999732
1615,50.02553949077057,34.896292544918175,1.9095596610823675,3,1.0428695149357148,11.092920584645482,66.50901394374688,1.031766185683457,9.973113597190046,67.86640544799525,0.9654250045208115,13.461322423271616,64.77377260900016,0.9965004882663222,10.033716153323049,63.16754470624268,1.0071892682608459,8.483390592621983,66.8863266896615,0.9763783402034915,13.438354759194084,66.24314599275993
1616,49.9865595021772,23.07229175443934,1.8861816382236796,3,0.9828036737604702,13.15264358547379,67.53488972955313,0.9896985695782727,8.050085406322044,67.59738915212854,0.992858626623187,8.749042449877475,63.775900247523964,0.9938487761045363,10.35238902169711,67.31970387484945,1.0260752870130962,11.147610395985861,64.18251858641997,1.0184781714079798,7.742896956096044,62.05303040234846
1617,49.968345876964754,28.159527965569122,1.7890823931187745,3,1.0324818911393547,9.48975646332604,64.12125064709463,0.9890193739580833,13.597303618792443,62.880106038094034,1.0046005630843502,14.67913535387719,67.63312238914743,0.9760963945061385,11.292734525693955,66.63249552003533,1.0226084449888377,9.581863287277223,66.39714743588706,1.007186987720061,10.949012847809346,67.73386830340095
1618,49.96180209204231,33.70788048894207,1.7981533948179893,3,0.9888878741513268,8.043653622300688,66.48453394355384,1.026917406061312,10.494420697288307,66.73186447910231,1.006226248384835,10.903972396272165,64.57727786693162,1.0163422204674852,10.686515373024491,67.42437355963061,1.0226902662404926,11.556136353586178,68.74766060836912,1.0191760372086038,11.048419983860674,65.04882774243575
1619,49.96334247652281,27.510165837314872,0.6968681086515081,3,1.006712550565696,11.366833844605226,65.70115183889442,1.001286932848441,10.884228304503045,67.72606476247462,0.984999843496492,11.816489923550417,63.312045797830756,0.996694021977336,12.858234493462746,70.22406327032888,1.0125012149231598,10.019709774600576,68.17607019214621,0.9912878163405285,9.992900070763419,66.59721530393008
1620,49.98901349539062,33.6438866219647,0.5077083792357167,3,1.0311845776062738,9.186001313889419,67.35959349472634,0.9831382667044318,9.451044253735516,69.72280397372239,0.9970793154845258,7.274635175316063,65.30530366926267,1.0190256010034375,17.38093711254205,64.65971770911571,1.008045647218641,8.789267663241269,68.17897834335547,0.9937593163142034,9.762542155910422,65.9325423580211
1621,49.97214754943988,24.81902443570157,0.5101878209123043,3,0.9930549231795435,9.442497955971525,65.40990064937326,1.0149863381540702,6.460989271282221,66.20867761940713,0.9999050137759818,11.376487878895169,67.79621037793022,1.02202137878124,10.904765359251156,64.81947482163936,0.9884244260679663,5.7659582476528515,67.27477617673648,1.006665146036786,10.553203013749775,65.64540107106508
1622,49.992977986804874,26.09435649644809,1.0067231526504665,3,0.9953761511681876,12.178706142176763,68.19072406811385,0.9831663182012516,10.786169620733984,65.81844910253751,1.0207227331674351,10.75960696147703,67.73489445046674,0.9826645673061649,9.723544181543597,65.66413424273364,0.9752215737434602,13.586450180001597,67.47279476874198,1.0283377918476515,10.290752467454244,68.09550768149225
1623,49.93848969807267,33.37772708386062,1.5394638522029351,3,1.038315226248069,12.691621632303958,67.18030102725396,0.983632469469084,11.897490574235608,67.87213248298893,0.9862589308420133,5.298219706047931,64.66091980133831,0.9828143033530878,11.428550426215116,69.93590477162516,0.9995254900044585,11.886118449508103,63.788638500974216,1.0025113794355802,10.572249980546871,65.93185647952579
1624,49.93710066884542,23.903094992934562,0.17749539901607947,3,1.006163549212864,10.14666533127021,67.41626116371921,1.0231870755340031,12.723607207354988,66.51693225175072,1.020903054633278,12.481562433036709,65.5283182490463,0.9756131970330516,13.186520262264974,62.31126898092438,0.9664320515399668,8.309557841748868,68.06323520684289,0.9682354514239577,10.449970461038587,68.781009768249
1625,49.98747073872251,29.775988611946882,0.24843177691766738,3,1.0415083656705466,11.520721951240702,64.44709175757379,0.9777674937774358,10.688600335305692,69.17509521938548,0.9900389529449273,8.547018144833384,64.4731136855998,1.014246026397563,9.00371208070484,65.94925659925471,1.0302651164131127,12.07070472226046,65.2381357102716,0.9885824170921427,11.622432936998536,65.76417686105064
1626,49.984935233445945,32.323972963754215,0.4623238791070008,3,1.0209948566994584,11.164755125182321,70.605040439437,0.9801105492434601,7.936499416264686,67.77353420118978,1.0118466723988007,10.279036961412187,65.4641249326386,1.0333911637288877,9.642510467817502,66.58384676925397,0.9841427357393155,10.576014422980618,65.85056568589239,1.0213920817210063,8.969401609735959,69.63510553629321
1627,49.967526466686365,38.30196545157064,0.6589101010153726,3,0.9991780634781027,11.087345536521543,66.10414411655421,1.0025688592133732,7.616166449887669,63.04340989348325,1.0195921888037978,8.545875295140446,66.04458495031481,0.9902522488614791,8.756720629138576,63.7899296956553,0.9829916199511295,8.91024154884087,69.6294283118523,1.0341178458468088,14.073271591429005,64.54718606788981
1628,49.99415285536473,20.185952361229063,0.10315363841155833,3,1.0206898517211445,9.553206781743018,64.32864165044847,1.0047115881928168,11.253952375141395,66.30231739529204,0.984770253686125,9.650412738911067,68.69702971625495,1.0120794704811482,11.64901319976724,63.85092754891187,1.0028636900508423,11.482780905065658,64.11911766260819,0.9969676822412045,9.735584923138063,66.1452608252574
1629,49.990937469076485,33.66039168591444,0.15300103855992253,3,0.9974946489735423,11.350606460480902,64.9139809254732,1.0174148140868942,7.601579660019351,66.81934823986131,0.9784235576504492,8.956802574513889,63.40232115160792,1.0027010902900708,9.338134513508543,66.61019965638246,1.0066358255361891,9.768686460021081,66.27964787437543,0.9743410992742646,12.886392949413201,62.639513860099555
1630,49.981572064226846,20.685269321203318,1.5788650521181178,3,1.02249536199118,9.488069891413415,64.2770549701324,1.0138330611540314,8.96776346144586,68.9159579805782,0.9888817213855735,9.696954516654166,63.82806863263022,0.9968919655969939,7.745230826073005,71.29364152070734,1.0250289918893394,9.65255320185114,69.53549781741654,1.0118430155575098,13.135630882522388,61.902021900121056
1631,49.97071943916297,32.10604765576608,1.163485605636536,3,1.0356294026635566,10.436560911608968,67.5610420510874,0.9970463391330339,9.443512792185548,66.96127643224825,1.0144870028750583,9.347945047958705,65.27582903509223,1.0258565943414135,8.065794365718176,65.93594871533884,1.009867957069102,11.071877644397748,66.99183930731188,1.0107646223668707,8.41444116567927,65.27942009139751
1632,49.97119624616907,26.071526481547014,0.43052396310612706,3,1.0390354292757213,9.182297321181013,67.17868081332833,0.9628968470011905,9.068944738594372,64.69602566620345,0.9948053080887679,10.311204017654399,64.44203581336933,0.9988725513791447,12.097363369969486,64.60152759002541,0.9855692967234738,13.326894978839816,65.33069213600307,1.0149885573167614,9.751167230326516,70.24513517660873
1633,49.93814252455865,24.899336201080963,1.4136281224170788,3,1.0291596302188528,9.152632924109176,70.3337888887568,0.9977864637643441,6.403638846078023,70.0791412630304,0.9901163524738996,10.185190910393983,68.00402579769263,1.0031224295862786,8.174357061962063,67.04036303312262,0.9896621640028683,8.235845376010971,65.19207955998475,0.9991946162463347,11.408569505978129,67.19668042547138
1634,49.93893027121675,22.50711549417652,0.33112506348391735,3,1.0217337204023043,10.15668819541476,66.43948101567509,0.9919048362900075,9.287368310582671,63.16812143011104,0.9759898109924465,10.91619564634918,67.88761441441974,0.9958053054096128,12.27991519861806,68.44300993926787,1.0063617089007395,12.357250418463021,65.07243466047744,1.0073566060944767,12.408383906517187,63.322701908214285
1635,49.97009021359848,37.93358892670453,0.14044614249542797,3,0.9824018568406948,9.01428594952882,66.1500433546502,1.0030848177354212,9.613362954490464,64.98856456699046,1.0023078304164008,8.810077915432458,68.52274969814465,1.0152759704513796,9.9610285787493,65.4258457706515,1.0232112781706446,10.456622747613405,64.60301457338517,1.0006052694266656,10.15589627413874,66.16154777590081
1636,49.94832229720056,35.283032431412465,1.5743115609548892,3,1.0253945761989773,12.65094428242215,67.26805938900645,0.996135292897577,10.458646159149461,66.51626365016382,1.0254447432142286,10.485976030804268,65.51981034815705,1.006702859227635,7.67052477374809,67.39546339383841,0.9697516918518342,9.51153768860592,65.95185256729086,0.985936129545198,12.146051105113226,68.5378106346463
1637,49.94966709675687,21.59139213244068,1.419869532531273,3,1.0033039437972135,9.277605471491661,64.94711386616639,1.0069894951592457,8.662207253592843,67.3948708517777,1.0018864351514511,12.926518831260136,66.35932131480392,0.9862980338741351,9.537147920075789,68.07120562772072,0.9694493401985605,9.958663019739245,67.3774751682499,1.010897562637139,7.710823819623952,67.8510779643301
1638,49.97804491995785,24.84532763361706,0.06743251206258183,3,0.9933915793247775,10.0009329044271,68.35904651503395,0.9925896211975515,13.500604609895493,64.71623134914661,0.9979388788820337,13.05638105533221,67.52522630912706,0.9701325328350939,11.263768492045223,65.22367686413439,0.9712683925976426,11.078871815209656,64.72681328867476,0.9843951082372894,10.266630513236043,67.27211028239351
1639,49.98463715917865,20.05577802121468,1.2480298695715515,3,1.0010801005986836,11.72362409125897,65.07084652409546,0.9716947054666797,7.2472222617497035,66.9089719420649,0.9966385797853509,12.849515650477272,62.32183578391599,0.992435517498969,11.015559524632181,63.87397434938626,1.0130897681598603,9.259703160744383,70.07473641930254,0.9868620058188311,8.448316215048258,67.02494655971864
1640,49.964146269535284,27.31611878894741,0.6085724919807725,3,0.9637503451282418,9.393894483070884,66.09095489406182,0.971464207099984,10.075086264232663,68.63224816880812,0.9864196250363357,10.126735449615849,62.266107219222015,1.035794213820441,11.23727991151044,64.93961790268419,1.019366392576323,7.051206283024567,65.79912037991167,0.9969988844926957,11.483788381553925,63.83796666418048
1641,50.010713703856666,34.77714027420416,1.2596550339299288,3,1.0076671802913244,9.766744001185883,61.33358114548139,1.0052047896791854,11.940491880836131,64.65213079493738,0.9935900758701408,11.621385203555898,66.00442170821864,0.9708007105112421,11.672497100228922,66.6312100674508,0.9839567974978694,11.964099252954059,65.66078085522767,0.9964217862457652,9.845555033517153,68.07611997049187
1642,49.961366635483735,28.237563208995383,1.6511619029559108,3,0.9753178950070237,14.122705208267107,62.81369471317876,0.9957192829422062,4.545611630658817,65.09299651513551,0.9914358943166133,8.279679952626498,65.33012630202882,0.9846636280931679,11.441658996841396,63.53741123144267,0.9879146973531293,8.560996998699146,67.28073658881533,0.9917559903713971,10.748517254759447,64.67323539132681
1643,49.97193359607439,29.615671449601855,0.9135496439350677,3,0.9949568929325548,11.458019209663105,66.65881651699205,1.014042493538244,12.20135357653866,66.8373888645213,1.0263790603749607,9.708725553101297,66.6576507329724,0.9720332836256002,10.064950733087109,66.34378552235955,0.975421755106212,11.022891159815087,69.12908630395957,0.9917194287819514,11.801329336829784,67.38012875720442
1644,49.9873052724782,31.741454221134724,1.0296970998925898,3,0.9965477191440058,6.754356782878333,65.74378743050671,1.005122073388749,11.652146951883907,66.95293364105684,0.9688584756623647,8.717026563075375,65.2247231136989,0.9574584312881981,7.62449030440939,64.67999460050721,1.025235817978203,12.914067988075416,65.91589622594276,0.9626757418796031,9.002886832692097,67.59021167195529
1645,49.99275968282308,30.627118461223198,0.028476432976122013,3,1.025041367376531,10.185560458369375,67.21202812998288,1.000737028207749,10.07042070130441,66.51128362543709,0.9744806336550567,9.42958413716119,64.79574867682484,0.9967611610041937,8.945150216522995,66.95105920977424,1.0077584364585581,11.882063625499148,67.70493180028046,0.994759941604842,11.705996749510863,68.81950555751642
1646,49.99743718475406,28.01720562733464,0.7739475596533927,3,0.9927599989068675,7.853797766988229,70.5048781295323,1.0178944261336946,11.634677264758189,67.19165328999372,1.0279044187631907,11.614218488175455,66.54258274342082,0.9953305367284876,8.404006654139868,63.06169743578314,0.9849266415278348,9.6499586632384,64.8108492310947,1.0000776550042663,10.28052809980453,68.71367890908265
1647,49.98020589738121,33.44539938290151,0.42333639139920276,3,1.0237095022378608,11.825179564593277,64.39918375849246,0.9816175493316748,9.701797712328334,64.79322955924216,0.9866994885075963,10.061961605777544,69.13881520490155,0.9472443725820858,9.85472704187346,68.87606931633101,1.0122875851227482,9.974257382167215,65.44713136768905,0.9626394780088678,12.142700978453686,64.48644526608689
1648,49.90892002702969,32.890972702145284,1.6400786138468193,3,0.9882471537810514,7.840303636432726,67.87102811260704,0.9825652611099057,13.022950120741449,66.69348343541783,0.9809623129710618,11.502155214256009,66.04543224499785,0.96161861957153,6.025293555289595,62.09486899217663,0.9869143795382138,11.56092204071696,67.5411928805368,1.0122531939042845,9.213203726839753,67.81115167836921
1649,49.92816610103399,23.558441843847664,1.6961395326643922,3,0.9909290587081083,9.991766621905757,68.25614186268325,0.9990755877197733,10.898724147194633,66.68389687892913,1.0071404358991698,7.990870709693697,66.7102734540257,1.0222431313915699,9.9142516811635,67.67872359091368,0.9910283387579442,9.314077076615767,68.32213183203497,0.9959057281104596,5.565775805380141,64.04515005358459
1650,49.960001991911966,21.071461768634364,1.283172033681275,3,1.0275854056517075,14.401528979457314,66.06143874185999,1.008102858042761,9.32153238236555,66.25096068975921,0.9726072339351376,9.946789939698773,65.78173794638818,1.0278468969919163,11.00629369267384,67.92916924739774,0.9936212411182497,9.341515120238821,66.90646284478412,1.0031965334748272,9.945133980202765,68.08568078851252
1651,49.955001060707275,36.60136472367704,0.5173290437807856,3,0.974204706612319,10.18215795771251,65.92270466454242,0.976706143160668,9.88972604797111,69.43160202334994,0.9902823850490566,10.732176882875088,69.32335151608967,1.0161743102871539,10.10388405942154,66.30423309128922,1.0098327840138273,8.042757635682726,67.75546716753252,1.0190859329249886,6.5195149851692005,69.28226901685868
1652,49.96489665676522,20.58450955896671,0.754479683791472,3,1.0090865940827032,10.856257406177011,66.82035135473856,0.9722566317729621,8.257706925631332,69.64215952539993,0.9903978506688321,12.753901970145167,67.85270543958009,0.9931292105034769,11.044685528868703,64.17247094390243,1.0135762622845343,14.385676589114166,64.9529438724872,0.9764445554952246,13.117950733917366,68.91545339296675
1653,50.001215780925705,32.0649879332149,0.27376647011235056,3,1.0086405108893894,8.316767282420049,63.69939849142064,0.9962275751719966,9.73598635415801,65.91550578823966,0.9735412382980788,7.5623336474281935,66.6851883140431,0.9891282797449651,9.952006187723908,66.58421655476762,0.9959358591702085,9.233364838634433,67.26733734987347,0.9900256850859823,8.919029942979849,68.46345177884936
1654,49.943672738916646,38.7391791088022,0.14580931026042565,3,1.0032153402632034,10.636755413961726,66.89078557589968,1.0362413514253683,7.380350730280696,66.96483469161824,0.9788178100683953,8.224883359170919,68.6190994693219,0.9969571810456803,6.832155117864245,68.09591253483836,1.005954072065113,5.437190092234892,66.09126499414778,0.9933988900770285,6.7149867790422775,69.32135453404409
1655,49.97023136040674,39.86553798351922,0.5352296235832832,3,1.0075740609188124,6.339971363217842,66.19897284957874,0.9951307324426778,9.808110696140917,67.14112664321954,0.9952239391152828,9.255332807269767,67.16847020929636,0.9989215544997772,7.841931007664639,65.76477960286579,0.9999138924059722,6.9721902776882345,65.83581839579364,1.0259452793264194,12.737003667899438,66.8842723871927
1656,49.97760711453001,35.2869772258426,0.1398429048401828,3,1.0350553315165527,9.565556874040617,67.22345474295913,0.9909622551113567,9.0851957711457,67.91900302449051,0.9942573762891703,8.704931770518638,64.12863259412322,0.9735141562984518,13.161877462163476,65.44079667645266,0.9818744995924572,7.795970656500689,66.96236609394953,1.0256805418840376,11.907023330735628,67.26722053694608
1657,49.941581409825936,25.54229995834693,0.9585252034216403,3,0.9984696575498401,9.021812137759314,70.37943582535276,1.0218359654146085,10.151868233861997,61.56495740305006,1.0046837167663962,9.756629680377253,67.12559490151538,0.9869512781770913,11.495499979150306,66.7138276892808,1.0161596465834422,12.145860994226531,64.5994124428401,1.0034580743266264,9.72566825917241,64.061120860602
1658,49.96129461830396,33.90226665890136,0.7854074452657676,3,0.9889968273550417,13.017006297746859,66.93226755455903,1.0384117376499187,8.069902121793824,68.1720527213767,0.9992645678735724,9.085581397520897,66.26247016576266,0.9860091864702782,9.246682563813886,69.43240131128687,0.9837998096959178,11.54796516707082,64.46851806068503,0.9892793071156513,6.00429409548741,66.12297018309467
1659,49.93423995533086,21.51753541696386,1.2698160580875364,3,1.0305315408337088,7.766958684494031,64.9913818876464,1.0003214021819002,14.664450444449923,64.8436832294637,0.9801795435106093,8.356691815698436,68.43059500247917,1.015354904209143,10.919989504586619,65.2768163453248,0.9877281621602557,7.969662838922989,69.08665937788297,0.9808674000676195,9.827076974801821,63.59314685925642
1660,49.94290569907414,32.434561804825435,0.6272578534261575,3,1.0003648972605816,9.644949680738538,66.1987345351482,1.0086078944905086,11.92204093734425,66.70070562508889,1.0145440907527423,8.856180672692908,65.55492703782637,0.9781147754771238,12.251350054272327,65.09198563982865,1.0267473448171893,8.73214244023834,65.97132004354698,1.0031275939540243,8.252765164445119,68.2164051594706
1661,49.97002465701514,33.35974994293675,1.4419985545057838,3,0.9958480324779004,9.83261585549323,67.15095588770072,0.9832117095387854,9.552530967531125,70.53139374317954,1.0171209513808137,7.167016245025426,65.69311660705884,0.9577145783512957,10.71306733269933,64.8160823387183,1.0012117201034154,7.798630694890267,65.20817404509125,1.0154534909978372,10.01065764175028,66.08977022460464
1662,49.979357558255685,27.223297904738146,0.8048474139822395,3,1.0243838147628253,9.33209281024325,64.83994670123657,1.0035691928993955,12.78350028035093,66.60171764569556,0.9912337539814751,8.832577544257633,66.48626874880807,1.0060785538352461,9.692404821897226,67.77457421650807,1.0113103904750282,9.179498223282394,63.99144226339164,1.0063248958514626,11.034033939122942,69.44459135577189
1663,49.96130295229404,30.30878183818496,0.3293848173357614,3,0.9743538529909543,8.476137602490612,66.05881319565775,1.021015880953533,11.57691384642606,66.7668337881406,1.0258098077501838,7.890200972427368,64.65867823797981,0.9885295393896742,10.703869906859033,68.36511690894649,1.0160758895261026,6.675646900231927,68.46103195030808,1.0018076423078401,7.217786737098309,62.81479513756973
1664,49.975349111396255,28.435764280400218,0.8496852061272886,3,1.0225872955796607,8.23987651704531,65.14464921031013,1.0039410982205117,9.493966640378037,68.44978160625195,1.0269540007587588,10.017303337644488,66.80927146535771,0.9923306381540298,10.363163758521914,68.68298353378341,1.028271133270438,10.259246399587827,66.28920937219232,0.9944696340683673,11.330919291296869,67.56444089317463
1665,49.98296106894505,24.68461242258368,1.863391610487207,3,1.0130434553288235,9.12646647627796,65.33786259717782,0.9988845718785229,9.947389829433638,67.37075799458609,0.9972138328895662,13.054782007392715,69.06394383585005,0.9967203611704749,8.213166907247231,62.26869354873622,0.9991931005586149,9.974559625108386,67.4532574002625,1.0267962586087114,10.251051383629147,63.44377436319641
1666,49.97744200877501,38.75637768536343,0.8053014843431008,3,0.9972468556132104,10.348587737559452,65.74822290561383,1.0150581293186303,8.747873836864823,66.90507684052386,0.9972812689395727,7.530429259531283,65.40905584166528,0.9809137029030198,8.835588660089266,69.27787758053152,1.0230333800536513,10.999775592852934,66.80504159237148,0.9835079622826858,9.561083381953912,64.67165640537036
1667,49.96087567660492,25.299907872900256,1.2681721532552843,3,1.0276530528995582,9.579159070042287,67.9669035718348,1.006913890259554,9.645330244756416,65.8681313931318,1.0143783155249675,10.313968995113877,62.65490592821029,0.976352805649341,11.768959888874605,67.18218329656543,0.9973308555977257,9.219438117847677,68.4670829339279,0.9758658397570146,10.901464324850307,69.26793436294557
1668,49.940153411719415,31.318463636013707,0.244247477814574,3,1.0022462481428662,7.129720170372783,62.865354167784496,0.9567782508647477,8.661659246111263,68.7674558344628,0.9836885608456113,6.596061139238796,69.35685889034966,1.0281761873549953,7.892578461613132,67.0494110963416,1.032435298784106,11.095112514737268,65.23591473819519,1.0050551444165239,11.267721986611317,69.0604905242259
1669,49.92447584367497,37.06861057085342,0.736286421424204,3,1.0395313060552254,9.812464148711808,69.83570623762115,1.0095895757874362,12.501222248179213,67.12746324810394,0.98235265245339,9.062544650014031,67.88562636179452,1.042463147430596,7.951359239832292,68.3820415971493,0.9945688628106173,9.247460634563176,62.514693498192,1.0027207247426104,7.842055040790957,63.15550155365136
1670,49.95762816763064,22.037062682097858,0.68093342916917,3,1.016742472612333,8.89514266753666,66.8590182042135,1.0136001443858895,10.71647864833145,67.16550304405519,1.0014037576059742,11.084289203682635,66.63133959027057,1.018296808822939,11.908948919435792,69.03234087330611,1.0080872830041518,7.134586173885014,67.55779009282325,1.0023056651206268,8.16382158920622,65.98669415626058
1671,49.980853603882615,25.570397112224036,1.5650560282682573,3,0.9687135388337179,13.204207030128423,66.02607669950257,1.025796125848499,9.143789904338421,67.335184407709,1.0063067000226114,8.099123130658475,64.25943050708855,0.9926443514822394,12.078871522179757,70.7536719316341,0.9813081959823233,9.013871111425152,67.08646860168116,1.021159863743301,9.723972779267921,64.02995066414479
1672,49.96452137200532,23.3901912570335,0.274712440394425,3,1.0016386967317803,11.078796032412097,68.7068799723665,0.9617265866117621,11.48514078329765,66.15495472063283,0.9725664492961734,9.403050567623984,69.73458546639831,0.9846305346990182,11.00491058271331,67.3958731713691,1.0061651511233947,9.218883585653197,67.62521456806213,1.006083199020579,10.14868991645653,65.93066685237959
1673,49.95458421546233,27.545968076121028,0.2317827379690074,3,1.020325650655482,6.715354268737629,65.1892572372362,1.0187273567357007,12.448018168721791,68.95836912575105,1.0049928959281034,11.855147005968721,67.1764158719489,0.9862169122961039,12.518065404584677,67.54237013880136,1.0166749495377632,8.276888726920157,65.93777860859427,1.0281460412905596,11.07782012940548,64.99391059244206
1674,49.95896813527857,35.711824143515955,1.2536543547790813,3,0.9875200157775372,9.215461450386856,66.05965958245896,1.0370128639169278,8.047890796535645,68.50765098901735,1.0014406864668586,11.956940385185371,69.45481234859326,1.0168474547324589,10.450576451385036,64.45097772803273,0.986887109208288,8.683754816100134,64.2823996405661,1.0138544321831249,7.323775973826501,68.9766417889594
1675,49.95831362527027,29.62260035813837,0.3341290307663467,3,1.051551936619242,10.502813584183908,67.7195278924341,0.9939068455039737,12.727270586561678,67.03703831542863,0.9955492943093732,6.277134564553127,66.00259411097527,1.019563023542071,9.97987444625684,65.00835003017097,1.005518211540198,14.084813801909672,64.59286336126435,0.9997986947284948,6.847019639771279,67.96511427456765
1676,49.97064062943306,26.610681616544273,1.1146029533302282,3,0.9917468857808158,10.33831485802599,69.26960292604045,1.0393666979099978,11.949463593752741,67.67679400463378,1.0169173264895972,11.908900168276961,68.07214235759436,0.9985883195001796,6.352817053490077,66.59272404338927,1.0071801181707003,7.187613010418355,69.17322943977577,1.0106453089162382,9.613571256786326,66.19150214001851
1677,49.99117675988923,32.90356249667112,1.1809070245851438,3,1.007362490632953,5.736917381231509,66.61131412780432,1.0019677324369245,8.36516745072916,69.45654495048608,0.9693444410546459,6.987066681487554,65.79228811519575,0.9996983607367904,11.024392833657537,68.91340458751317,1.026210240895606,14.149745237545968,65.85547371656337,1.0137970050124534,9.331621753068527,67.23039915893219
1678,49.941675150242396,34.47958304960041,1.446323764421989,3,1.0076030263199998,9.048481539050332,64.61396361604982,0.9752741364998684,9.337471913263537,66.73229410296966,1.0096925516282056,6.766229401193064,68.14139180731189,1.028349696006764,10.069959740903188,69.36051196610306,0.9682996381262999,12.517221903003703,66.63560143010959,0.9909624762905421,11.09497946844893,69.32596254778814
1679,49.94972610062437,35.515686369127,1.2350936989903105,3,0.9699425158292918,9.29207880741403,68.5900310656542,1.035201849935012,9.552841368701946,70.24334900744566,1.0007756124344698,9.79153756395786,66.84522532543573,1.0028195041720676,10.624403584577399,68.82367745202862,1.0098443203328178,10.589951937951108,68.49193303751261,1.028655892816121,9.10175040136803,65.70097348185759
1680,49.95426528369328,31.628376387886462,0.639410810292866,3,0.9540706547622146,8.17580370749495,66.90417273731666,0.9785247295109628,10.323239963921049,66.72804114058943,1.027785115577529,11.278344416948716,66.90099484286922,0.9879324927438173,11.147337725576147,64.36698222249674,1.0020007038667924,11.144432903976947,64.72279132201366,1.034013148543396,10.569819866841803,67.3011537214714
1681,49.975340478566935,20.841124584352425,1.0275669660116948,3,0.9866561388912326,10.849462252455107,64.41285284602773,0.9697708776993278,10.413456294471729,63.82133952383122,0.979122122020096,11.815415094581173,67.92568300180349,1.0100480163497054,9.092840594643492,68.06579531356103,1.003174698631851,10.412438295148554,66.42195265522174,1.0314387186830463,11.083043116001397,69.88647023895012
1682,49.97410381853637,20.132053323617217,1.3465125413673833,3,1.044211358928435,10.115960737825946,68.74836819338964,1.0016758490993258,11.913862220773574,68.17887290068967,1.0253896267755176,9.128475211777598,66.86526890511323,0.9837931256336693,11.86165986287281,72.93946213489417,0.9683537472534449,9.935071723164475,69.74824645312755,0.992232750785267,8.652965691555663,65.32043374310935
1683,49.995670128405465,20.82345236242539,1.7810311438330797,3,0.9856553290464559,11.959413515016283,67.95802219375871,0.9857013254644172,11.322695542432646,65.93279743022421,1.0013955741826994,11.231575102265756,69.21561429211381,1.0136150633011427,10.22748270492979,69.23914600876684,1.0155762328155373,11.434938340060022,68.81032335876256,0.986439267386741,10.767935740484301,70.14093147748423
1684,49.92786021186232,37.935185896062144,1.8604080077389271,3,1.007503633425187,10.570055757857276,64.09087488302707,1.0150545275250578,8.721231368658508,68.4158302570875,0.9996648684337108,11.439768171895768,64.26646670001321,0.979829313474237,7.070598285658844,63.489020138371835,1.0223646985648227,10.739067658253694,67.99716710039588,0.9950698929415353,9.786643656893173,65.05312263791764
1685,49.95954351032104,26.845212218215345,1.2539742650981438,3,1.0397420658934988,12.283458788327694,66.30096306042684,1.0233705612174668,8.63966087972191,68.41383967459375,1.0261806147810895,9.275881946465852,69.72073850196395,0.9873685580026152,14.704885971496946,66.59260899948372,1.0135438191060866,14.846715241403222,68.01267202768189,0.9984105604545053,8.541707369839843,67.87769657685615
1686,49.99182009318175,25.85460614072996,1.163703142034012,3,1.02321070102071,10.323691728527194,65.17797958506624,1.0219036319016426,6.913840731414062,64.18606986929589,0.9925968635663693,11.767017035476233,64.66866969348186,0.9722158722562894,10.84661335430842,71.79851632483852,1.011921462000757,6.775365807699655,67.41094421724753,0.9861946043380131,8.882100701720994,66.50454333291187
1687,49.96731829271386,27.15061328939761,0.435473056246775,3,1.022964563120998,11.531577694676619,69.01401845801979,1.0229616003004163,11.405242255185264,68.67645316468963,0.9935400124270767,14.362817005976755,66.3289133521369,0.9938570359497676,12.626802365352804,68.20029010811106,0.9846645670016435,10.742862292330678,67.48150314471907,0.9736788095612537,9.532283817442291,68.15949806712686
1688,49.96327520172078,29.593966343419865,1.2198937989328573,3,0.9648571265246985,7.363039078879319,71.03163760065611,0.9945972016019572,10.405452572046098,69.09970471788476,1.03338169179716,9.930012993088537,65.80727399825511,0.9791002972802708,6.131014415072047,66.92181406702096,1.011692161924163,8.843575696711206,64.98375905592663,1.0349892767733277,12.905112588694406,68.12110105105965
1689,49.96309026535298,37.86517161573394,1.8341147033128913,3,0.9754513257012081,3.5555538656409427,63.30660867966047,0.9734453887084521,11.376898481546547,65.87821275807622,1.0019461494581468,8.60056123058789,66.84417312955533,0.9893568129070353,8.397506071307204,67.29871820107839,1.0032434306381337,8.316969918006617,65.61756669071887,1.0223576929298601,10.985118560679744,72.60710038581227
1690,49.94884348028562,35.5736520041508,0.28750117780841844,3,1.013136878241383,10.59045779679064,62.72490104676437,0.9780606094472407,11.717566947039863,65.58438862588467,1.0109684644714583,11.523693299905535,69.02162306525985,0.9891350003567562,8.449187084669392,66.03701661684755,0.9949785958012585,9.75396693964514,67.15594809376783,0.9826870833691328,10.846300202483127,64.23743818120361
1691,49.98186319040751,22.201336131900927,1.0550456533474255,3,0.9953318077884225,10.995303732968658,69.90474509564692,1.0365459299388344,9.531058832612802,64.62838633992486,0.9863602833063531,9.87791055763478,68.20342861988475,0.9774476237478606,8.823450296506321,67.91939025694298,0.9795225497289602,12.143638677286305,67.2763412636738,0.9657599910912544,7.7462146162632735,68.3920797647058
1692,49.974212671693486,39.76495304419758,1.7901913289056943,3,0.9900875619284408,6.765682747685624,65.97756832365421,1.0064324967617426,7.502760066556704,73.01180745127827,0.9865482752195026,12.100551820614193,67.1758147237211,0.9820036774192871,11.49852238413422,66.17763222577221,0.9749865738888098,11.551635245067745,67.25136568163718,1.0043737841857854,10.501217648008094,68.17652864146798
1693,49.946478054501625,31.427306738328475,1.900096053958162,3,0.9981351438692162,13.798317960109816,65.28402611589952,0.9883253951967369,13.530706899256726,70.12648339248457,0.9876624108545831,8.700213485263374,65.49134956724848,0.9751844501415678,10.709342483825536,67.7781770355186,0.9769470647775449,9.798258672072874,68.41609095846025,0.993128345805879,9.966907859964534,66.49977173900676
1694,49.960919442482606,33.33596741122616,1.12686536355723,3,1.0172656528964643,11.789494929362881,66.57929050250482,1.0117702008019507,8.889213776157023,66.45523841842258,0.9846840894061301,12.583294941422418,66.2410183203722,1.0047003062443234,9.859627880050482,68.27381697172568,1.0454771650369665,7.618212460620089,64.58127205360353,1.024843758107433,11.605978426989262,67.701568814059
1695,49.969633203078594,25.970470965499963,1.114495101014303,3,1.0030209557975922,9.183529426628303,67.46085683333703,0.98305632690139,8.561028493954112,64.96496722559101,0.9701069783620808,14.709396387664947,67.8806079944272,0.9914635120331936,8.504098481228459,66.69516443186816,1.0020521281537347,10.486474742037878,69.25359215937569,1.0133986341165846,11.986830288879428,69.4625670477535
1696,49.961674040894316,27.519951968479415,0.493616600728253,3,0.9940738534554326,11.692234948393791,65.43306773420242,1.003580546769931,9.311780215814911,68.39661749087624,1.0107962736821752,10.558412722112319,65.57293054262068,0.9897092550087707,8.646357831879637,65.94501377062683,0.9755006665167683,10.27028595719449,64.30807171871106,1.0059370724874581,8.331972965536611,67.96218301633192
1697,49.948292913590265,21.72772967641199,1.2616469344080419,3,0.9973239974981467,11.307378896010922,68.92673801477416,0.9749666678764927,10.997208557163903,70.64542979445311,0.985763415326507,9.847419584653517,66.23040573577792,0.9879954045966948,14.718817276984726,67.49123767921607,1.0040952955454387,9.85014242420515,64.60369409785207,0.9890064467403199,11.553084542892778,67.53330444535632
1698,49.93865965771208,39.314392771564485,1.5641917793272944,3,0.9764723609887965,7.842794709163385,68.86177907216805,0.9793632950291293,13.398884583122463,68.13274598857201,0.9588868183742421,9.3206595813873,67.08439674400431,1.0029867099392555,8.221014356832995,68.0085553540269,0.9800875129681352,11.311801151774352,63.788876081490436,1.0353960151530417,10.710412783709266,65.77325666475677
1699,49.991502542392,24.659116236198678,0.8988121640864948,3,0.9848995624369973,12.295835137185337,66.23480546317145,0.9970608694268432,7.363931518160518,65.05460147825592,0.9868012932938673,10.827911124606418,68.20559246366861,0.9966008331328854,10.096986244560549,65.30535487257501,1.0071071113111445,9.000820131373002,66.90286645778787,0.9821465476598875,9.969167458021142,66.46226129367312
1700,49.92303198698392,24.598095240535013,1.697718103783062,3,0.99815308350486,11.967326951488205,66.30507026171165,0.9972662894971822,8.216509844139505,68.42272014903428,1.0292699875427878,9.691412611925063,66.92712930898641,1.0080742001107876,8.198734867880432,66.3472513998755,0.9692197337286316,9.864416408432474,69.88727893566733,1.0400808965893509,10.882252386176711,69.00835181562239
1701,49.926840162604044,23.00177221900946,0.371064681888722,3,0.952949282067318,12.709013990975487,67.02113138275283,1.0184992302018505,8.137173939859228,66.56930790697952,0.9974011031634439,10.9256643199066,66.12998177539664,1.0131702659548587,10.985467147758742,63.72834972352691,0.9984400484717368,8.426392817460204,63.621458658206265,0.9991982591141928,11.995955088274235,65.67377752916907
1702,49.986752867691436,30.59069906488733,1.7118412612008282,3,1.0223095005448968,5.173573069947061,67.82797047942552,0.9755399147077479,8.479268322431261,68.67989722506216,1.006593500036312,10.148330453541693,66.99840664292483,0.983167902844044,11.233966897924782,66.2686942172005,1.0176184982111736,10.143880326464965,66.93810333845862,0.9908802921416109,7.539038871202768,69.93132224815027
1703,49.97747211611403,37.65188843286563,0.8995425869612848,3,0.9957848117370501,12.38513056435458,67.26754951224738,0.9938426977548922,10.987308293524922,63.712626559323105,1.0358595497501724,10.740138299715209,68.3369373821145,1.0139257881701853,8.980939346490151,67.3065082625076,0.976767223199943,10.90406227671868,66.79276637154342,1.0151251450453889,12.734192158747852,64.13425714362766
1704,49.971677864620546,28.449751589543496,1.2022913116299014,3,0.9774728078266008,7.527825373960333,67.34792319866187,1.0118989321482956,13.459117872379089,67.41832678848724,1.0006942195605055,7.777114153833282,65.15806475795628,0.9837238931411754,11.312586944524021,64.04986609668266,1.0170051395907347,11.382067321178717,69.98134209294273,1.0259363369558376,11.11920116239058,64.52425665882191
1705,49.93924712545853,35.025875033658494,0.8920247846257265,3,1.0195725272686007,10.807953511575592,66.92255054690771,1.032555111934335,13.233551284498944,61.50273875061684,0.9738605779394052,8.312596775126393,64.59242713379665,1.0100462223657787,8.83338468072944,64.88620565412572,1.0029170845396858,11.83956838054398,68.20379059890105,1.024572115109635,12.21699766054764,65.6056601349189
1706,49.94349740896761,35.826016865069796,0.40182067274955924,3,1.0279648616876138,8.501791324442175,68.91594582971268,0.9948684870244047,13.436738892077761,64.87791702549272,0.9829708958184242,9.588649254195023,66.28864636661098,1.0274977029985055,10.402262847275406,66.6521282852787,0.9906448821037209,10.774911659210154,68.47862744102886,1.0222093818838973,10.682792791941218,67.71381445721012
1707,49.990951206678034,26.802706906902905,1.664328177676145,3,0.9817804542299654,6.881801388617069,66.69924636504797,0.9812392483247638,11.064133870559335,70.18230816773632,0.9787753053863786,7.868981246288443,66.97381357002587,1.0132726786316208,10.896131879332675,66.68848407712898,0.9968434045464731,8.944143560463703,69.87588482264923,1.0341629444572311,8.953238001895754,72.04040522761224
1708,49.98210145176073,33.47832968112108,1.9202899387112373,3,1.0400177752619337,10.882618830274343,64.78197232458598,0.968146491122198,7.987682007457025,65.65173398136604,0.9638267937556124,12.217940502559255,69.57940495459457,1.0176250848600288,9.578844447176788,64.2250605147181,0.9934140927305702,12.853333169528266,66.69027724087519,0.9704509457664348,7.650684814873335,68.92974901988148
1709,49.952013229392676,31.80723894654596,1.4174923308003404,3,1.0093042113038992,11.063781248317712,66.2963078023335,0.9962173292960711,10.781429903726279,68.33695512228552,0.9891117940145423,10.182004700861945,63.79089098900525,0.9991367908981756,11.535080667594979,65.11802298910472,0.9560861091817191,11.865385095474911,68.22046752690655,1.0219672155637718,7.99839780807185,66.33150036900403
1710,49.97602975936084,39.14611833589565,1.8651395306491845,3,1.0256059213713156,9.978991747519498,66.56301843863956,1.0199442279677409,7.1766775263222335,69.01347091792064,1.0209536087914777,11.676609895016394,65.47561916172155,1.0370590689268546,9.965679668595843,67.30527261820288,0.9991731175014932,10.358034707259552,66.72503496738298,0.9877970286408649,10.100909226244564,65.33800290041057
1711,49.948074547243515,39.93233000562145,1.4861689934294302,3,0.9955150426333976,9.645899432735504,65.72907868176942,1.0000360152446006,11.122152250516054,67.63147968623525,0.974812546014427,10.338754092356226,66.33098113275256,1.024856205790964,8.360459904717228,68.63330816189276,1.0044584238710677,10.619333374414396,73.00129679103648,0.9873922849289004,10.261827632718228,68.70381215511199
1712,49.9303652438897,39.82129180298184,1.2185557503829947,3,1.0051235936904261,11.428001181447762,64.5851000666059,1.0187206016762744,12.383173783181672,67.05615571359526,1.003675082836944,9.719111296394166,67.61164672760093,1.007274936147539,11.6093570730189,64.42414453734844,1.0024319803671853,8.91148452187316,68.57993835017076,1.0062542037655802,12.387646446800716,68.3725625548992
1713,49.928407948541214,20.436359005827885,0.34063631794538485,3,1.0261916200668297,10.97640084944176,63.86312432304859,1.007597847050747,7.605266097940167,67.1900212222872,1.017527152647599,7.839329514672425,66.17855340208202,1.0188698773487983,6.202920567879813,63.56525967704084,1.000880000245117,11.763446709904258,66.60224315805341,1.0102999434564364,8.846479199912798,66.71412986378205
1714,49.98991620900436,28.233190411691155,1.8367944024252083,3,0.9886539273336772,9.40322303915304,65.4267880221227,0.9648915146969476,9.645273186933146,64.20084019492474,1.0230591208691817,8.451675957965271,66.3368118005141,0.9614942253174106,9.628495063829732,68.74634789927788,1.0072041065166994,8.774178553771502,65.85604666157103,1.0123783609561445,9.691757132688101,68.2647499561306
1715,49.94851892291072,31.17500640949738,1.4437449158693978,3,1.010061744096474,13.538428590548278,67.56449098197488,1.0071823969399836,10.522303347019907,71.99703181395508,0.9945103025036494,12.893910741937495,64.5788139345652,1.0146747978993347,10.372676677371574,66.31756134341029,0.9926806467486649,10.706905355118998,66.9100709059689,0.9957922585115766,8.329914161359522,67.61805525531851
1716,49.933444201711474,20.575818183334,1.6394972191683446,3,0.9924262402537839,8.386840445420395,66.98729790021463,0.9943216803718214,7.088292182768841,64.47009614333085,0.9710399595402145,9.421172578572893,68.62901672419393,1.0562131211413315,13.308444766922085,67.58740747923616,1.0166388971194051,8.53822486594988,67.36942158202272,0.9845016874658289,7.90618404084351,67.00689342614025
1717,49.93233505861101,33.349528400263864,1.5430588913705738,3,0.9923878600473451,7.836131496427102,65.41090879320357,1.0009582723413624,8.877474131785625,71.96082439775293,1.0337175462221806,9.00555649088127,67.04990169659737,1.0303222040284383,10.903153194116275,67.11328645974821,0.9699322264974708,11.391832932126885,63.313797053722084,1.040540251680721,9.414165375183858,66.07136453555222
1718,49.989554972859395,20.96139913045292,1.435192072859914,3,1.022644127314796,8.697781490437544,69.41484793634541,0.9551130691731169,10.444008167194951,64.26009882985343,0.975833184268656,9.77392470406465,64.82186110222922,1.0088821061309878,8.333600352464678,67.691072292545,1.0255221598461963,10.396071110203383,67.32328656802868,0.9928908118167895,7.9939746733232475,71.60693673160803
1719,49.948591804824126,35.61903932260489,1.1631481694320878,3,1.011246717059431,10.2518836033362,66.37867884232264,0.9961298612331214,10.780822367176519,65.6478554807178,1.0260091045561428,11.498995028960527,65.48897705609069,1.041203192963716,8.901355379468477,69.50709990026137,1.0150710758160966,11.015167866259768,67.07644190051839,1.0355766714615158,12.061967933312776,67.32381040501498
1720,49.963218966338246,23.965355798975455,0.8511403597785345,3,0.9754049029484904,11.747407670546266,68.08536501774216,1.0109554523742796,5.794007967999024,65.58659671870463,1.0080411284959665,9.127696464922895,70.5897138645335,0.9731874387497648,12.29135538982138,67.07026654093596,0.9613784214910758,9.20178541982543,67.2136935458819,0.986464398205448,11.775470188193726,65.02367690260891
1721,49.9507719279202,35.1921439908911,0.5976700240297177,3,1.0128060923037163,8.523782088797883,69.15947515719701,1.0160303948006466,8.500699754695404,68.48705511110549,0.9691832430475805,8.871801236013479,68.28032095432285,0.9979408860145341,9.252343020369176,67.63322706295156,0.9851889746990867,10.394873101867056,66.70477795596821,0.9922248282076841,9.933350293460293,66.55781829180242
1722,49.94902016430362,34.680976216750196,1.6346232681966266,3,1.0029652520185868,9.083326934474108,66.30609971823901,1.0126439858998046,10.106397268629486,65.6236618545409,1.0045032873730275,11.565949101992853,69.03528401010593,1.0088177199420494,9.712426866079674,67.23047603936251,1.0092261184142421,10.027064996924238,67.47553341156514,0.9949968927299383,11.198981813256367,66.89329526339864
1723,49.97100327608743,28.457182728340626,0.5349033431593411,3,1.0127298769769704,9.631994965692567,64.02647161728743,1.0105516583953216,8.474454837571407,68.92924347609174,1.0186769472234845,7.040124031848871,64.04557486411595,1.0442975762633833,9.330312063826572,69.58316031885965,1.0032528520730002,7.797773097849774,68.10420131667254,1.0001509028653703,12.3301722567403,66.96528228389018
1724,49.97477736299868,23.941895087505948,1.797818614381675,3,0.9763301438600376,13.385814519994707,64.71283638594362,0.9862612961674331,9.713042902786459,66.34716256593424,1.0164257862286281,9.175442533526,66.50224982419654,1.0140425146262264,7.7304894472216334,69.30855126839036,0.9798445819325085,10.241438306278535,68.01405521957203,1.0310393757656275,10.112696855428306,63.716651469115924
1725,49.91454988154495,32.115640428669685,1.4182812684499306,3,1.0150517769595742,11.09563576649182,69.34292313362201,0.9720348579156982,12.729706546603557,66.43379360987618,1.0154693688645988,8.570315990126218,65.89386854526254,0.9753646286539085,10.343137520976432,66.71333094430032,1.037548548693618,15.589979324078357,65.72336070421468,1.0005279777422922,8.919043562485282,66.48222230488318
1726,49.95860236142263,27.026183892152474,1.0331289360815865,3,1.0130429293986365,7.706443287225133,68.53491158503107,0.9944636005789727,12.630624630259469,69.45013165500885,0.9832497756958146,6.8816666051045505,69.07050986953065,0.9939076715027456,12.718466350390567,68.70532270518154,0.9913602259198104,10.261787782784763,65.05743222117007,0.9943884212627893,13.295803831170911,66.25091581531332
1727,49.97265471002867,37.35001162625289,1.2635443085975862,3,1.0210245327260825,10.108107837938197,64.30745744779897,0.9814551766135371,11.004069484946038,66.39738546713494,1.002812997191051,11.942088425388107,65.50765216627438,1.0078278895468127,11.942925920938338,65.17360513816496,0.9841014450245212,8.896078961406875,66.43750421482041,1.0041199568828227,9.256741438037704,67.04528891004239
1728,49.92705886879033,29.297914595028132,0.4453392982055391,3,0.9916206696954262,12.631098484986257,65.05468439697195,0.9869478759962532,12.361078174717147,70.22650565211302,0.983117780596126,10.673640431880656,65.78596458880058,0.9549343524007644,8.729724629147382,68.06210874508282,1.0182052821839527,12.101830260718993,68.31560122050715,1.014310690803711,11.625213834406663,65.74226240876425
1729,49.95225502043555,32.321018046114744,0.8183808246126791,3,0.9794120006306094,12.543274328390062,66.341974876501,0.9912692705068634,11.075161642028505,67.20889455720902,1.0223479205361246,8.346792509770873,69.87110712605687,0.9961338045918482,11.330606668822009,66.67195879114185,0.9824128423573638,9.309101887296745,67.76269037173472,1.0162541218415753,7.608339559577482,67.64740648568592
1730,49.94046334576884,20.87449245135885,0.19621693310773836,3,0.9741284286253978,8.080901225147302,66.64986255050994,0.9997331520817707,9.094007295084996,66.38320160644189,0.9639542455181466,9.059269948700381,67.64643533662188,1.00219183340333,11.002036653925154,66.75156007413993,1.0003010510400048,11.399698401603569,66.61461413812319,0.9847110300257114,10.438326719768032,63.89981037998605
1731,49.93988190793757,24.66050970701744,0.18188227371509225,3,1.0024532085308542,9.725792007920534,69.16903888245966,1.0059358330828752,12.28020140004849,67.99448977536541,0.9879567082505518,7.834111104172331,64.99873828705157,1.0191940083953668,10.58520918324932,66.91880229641257,1.0216939492711608,10.19636555999849,65.51828560576973,0.9882095135788141,12.5541218469115,72.4672024354517
1732,49.954758958145106,22.917431572037952,0.5221726956141928,3,0.9818243170057352,7.923255183521682,68.11524763518577,0.9529168451755697,9.778056543502531,71.27531436739308,0.9694697349695994,8.836823237449899,66.39505431679765,1.0089088017631802,9.195678792464076,65.5655560324999,0.9885317632324352,13.47658461040561,67.50287614080128,1.0065863467571468,10.37783723619106,65.70407958456526
1733,49.94309639078363,26.210237813888348,1.740815629797937,3,1.00227558473888,6.508025064821423,67.39621215523486,1.0026929052380376,8.123710894663462,69.59050198978171,0.9594248465488622,7.536876570911061,69.80361015021276,0.9888945078365214,5.0805716841293505,66.24265886579042,0.9972010296091044,13.334828502324417,71.8420247701169,0.9760819297901919,10.693455496826068,66.63093048695025
1734,49.97360013326403,21.18832438140162,0.6940375533694296,3,1.0143928983671058,13.611481943045822,66.9040278166538,1.0015744886107032,12.730401009725611,68.20501139187621,1.0023707894444764,10.211090268233757,68.18001411561349,1.0351959678888438,3.4375553062247857,64.61193870716428,0.9826687319362395,10.616394501874417,64.19474674393906,1.0083275587534606,10.55487473148905,68.19313082948209
1735,49.94490612381027,38.22304057686354,1.9945666460226699,3,0.9892323110994549,9.023562409065006,66.25798847951681,1.0106160397362762,7.664703361928083,68.00339045763073,0.9902658055194276,12.404513980023127,67.6819724034816,1.025364786592103,9.620700278469673,69.66588950780736,0.985046439899189,11.082160842198208,68.00157885994649,0.9526492339898707,8.667313269357667,66.8500404982073
1736,49.93446294724557,27.38977573212055,0.5791811591738794,3,0.9799148622664589,10.717394117316065,65.91137455687377,1.011589357115931,11.672412288556933,68.68578227438573,0.9944944594247266,12.071057554529293,68.27549560335778,0.9845357858703407,7.692620091139171,68.48185184720424,1.0137373367308617,11.33588621862112,68.5022407489129,1.0241170371526418,8.728755225512598,73.50018633641967
1737,49.95584224993571,24.70676310373076,0.5883356143536087,3,1.0180537706219448,10.308874423247032,64.4948182964242,0.9963840432246386,10.031618307108037,67.34832289791431,0.9739400497809663,9.179756536528657,65.74889933190461,1.0106579451054756,6.8865406524369055,70.5862070630683,0.9975399327893701,12.836093767136859,67.83541688320592,1.002201285887276,10.976947125714878,69.69091307407042
1738,49.94846993068202,27.4505303355948,0.5566090024219426,3,1.033593937413286,8.81072301955867,67.71682793217202,1.0160203935881662,8.713791650640218,69.55048696187282,1.0102988801386878,13.194902281536361,68.28048395918573,1.0221331681698826,10.083736681155727,69.2167369672068,0.9691791926551555,11.0886523746861,69.19277148846001,0.9939056523940285,10.114803691386092,70.26834650434718
1739,49.979564412289434,39.36902608361241,1.149740237447919,3,0.9610530237194835,11.249982721937975,67.00989477908782,0.9848531738752664,9.057202360856719,63.3309234566799,0.9931742730850637,10.195945003478181,69.1354438121864,0.9698486205831839,10.832113027965606,67.97398494218987,1.003802758246301,11.465851143145319,63.033743079048186,0.9733505694685689,9.39801058155615,65.23933867784868
1740,49.93413687409356,37.8400214702124,1.6053929050067473,3,0.9561135897516709,11.799213429429743,68.4767921518004,0.9916649320217188,8.168023241033568,70.57842453996889,1.0234683890705834,8.582582732715796,68.87393817527682,0.9948047562424599,11.62789966330117,67.57097497312203,0.9813162915747106,11.56833715596517,67.86671253534112,0.9665914950898967,12.081367790739119,69.61030589335725
1741,49.91568074453528,31.748953100649207,1.3675392868634122,3,1.001753334248636,11.408962552889873,67.14600245761211,1.0082588774962118,7.288220378216876,65.60431508499087,0.9988724075700285,9.321783607342446,67.28301420555039,1.0157451337887482,6.338968527862972,67.17581245955573,0.9653701334629984,10.731077622489448,69.86961884233318,0.9788468171363975,11.777393546000512,67.3575920442336
1742,49.9378836851139,22.17942540126186,0.8924329986829214,3,1.031279276038394,7.218835113181491,68.37480317057451,0.99523322227976,10.430288254257963,69.62098062347408,1.0049171393666514,10.38304580728829,69.14879891811992,1.0159125157943263,10.14160090880618,68.58788646086354,0.9924849608593324,5.964639323172469,65.7822446995743,0.9853565229233151,11.615353683201429,71.69454577776614
1743,49.9497911688926,39.68977434933837,0.1850995260921391,3,0.9722321404866936,10.534149212408238,67.79496013720923,0.9898372022397239,11.829509392450412,63.98819179077994,1.0091336290328592,12.845662635022181,71.3302193121144,1.002443925349172,11.386680498923985,67.52656164626008,0.9807231635301334,10.51412905563616,68.11271981937996,0.9742023706111528,7.380801356187594,64.66157818104762
1744,49.92466874320602,21.712445337589664,0.9230455775927349,3,1.0140018493211196,9.397187592627631,64.81964984642627,0.969470781565696,4.792541918174728,67.07696938906317,0.9718509614843522,9.148335325611166,66.5614107879577,1.0128401497093356,14.318804945338002,69.94077455838712,0.9567485390284909,11.847913943758607,68.36881748035711,1.0195011547367732,9.961439475665962,68.02297058879688
1745,49.94706860719356,20.031553450199368,1.036409866544418,3,0.9912171526564112,11.795534285403352,66.68678974234491,1.0209763762942194,8.955012414814673,69.35887345624785,0.9766692777554696,10.365826494280398,66.26543312641452,0.980026199141881,13.017178212673121,67.55106172070536,0.9644752137104455,11.20383053221346,67.33986347736872,0.9881720188055889,8.61800830956444,65.48015986364332
1746,50.01203630439774,21.290058773079434,0.5163084751179878,3,1.0176119709453186,11.601129800142939,66.77886792824104,0.9820623454453571,8.296552359180946,69.9594296329619,1.0288859494138651,6.385903525406888,69.55608150804635,0.9970565567397455,10.334799231505361,67.00099664280411,1.0007425906975393,9.926728876137267,66.85255046648373,0.9811127990787679,10.534191017360099,67.6582005140844
1747,49.95556498246039,24.86519355590257,1.0109032168559302,3,1.0158356615741941,11.03694287829305,69.40385674602744,0.9916546558756996,9.289292297982783,67.55654441146376,1.0167774562731104,10.224945651669643,69.8869027239391,0.9808265995783597,10.77527401054698,66.92459603627158,1.003568972550847,14.038264598010217,65.90692523897663,0.979582693924723,10.780525242590636,69.3886989616872
1748,49.96013940220848,27.347093668556845,0.39405108878050443,3,1.0136870532839886,9.069727450400338,68.67716230156512,0.9801800052705729,7.739459243258847,66.61584587340435,1.0037294774942171,7.43127862355208,66.41340730503724,0.9836394913954267,13.282287094803667,63.66794885323211,1.0175095392488775,11.953469889969574,68.08532164326394,0.9879781240498958,8.86199249810502,70.61683223901312
1749,49.914508915728156,21.47067255452282,0.7790022293849972,3,0.9561385147333247,12.649129490589992,66.16752915758248,1.0037298056037083,7.355495390432056,66.95684947520681,1.0108549037249848,13.337751587950287,67.12143446839914,0.9729409976820977,13.241597571078294,68.40354802795014,1.0147899772938787,12.37993228380985,66.6327036491039,1.001602799551546,9.057480394678985,67.33927160215823
1750,49.93647869706968,28.12884379651235,0.9808887716601977,0,1.0362044981279035,9.182712009848801,67.98584970776012,1.010069416488418,11.933099514683311,67.18040294286908,1.0023741344476202,10.696011313821668,66.26694919410552,0.9922833990616052,7.9144163878065275,70.45010744784918,1.009836492909446,7.3008692510439905,65.99278242563523,1.0102661697677007,10.0065795602498,68.95035959562935
1751,49.93190933175615,30.028284177851237,1.0488918495131572,0,0.9864770613745266,11.500001691806041,68.09259810528245,1.0059752058487055,10.420723529086246,68.8239911088958,1.0412296909744427,12.23800586145207,67.7679064333772,1.0156087634012954,12.503003354019945,70.28292202339313,1.0007523531982596,7.724077328783553,65.38879097948868,1.0043460135276168,11.632821326737746,68.87570586586213
1752,49.942585074593175,26.32840151773851,1.6346603353133204,0,0.9913624054975843,12.406781119567452,63.8119362095362,0.9921750878367637,8.86577568087026,64.94519911756674,0.9986560581980851,9.525684924069283,71.62189526175257,0.9937477485373596,11.88236553603701,69.34144722449338,1.0035448896688866,9.153737550928847,66.6822598315768,1.0009472097237841,11.094325779417748,67.74164237657989
1753,49.969928127779575,38.587857550342,0.8388395133229363,0,1.005727753127621,10.546568887508403,68.23388458635925,1.0313715291273844,11.899540787277589,70.57570126057247,0.9854222950087291,11.593170238165296,69.17552830251964,1.0215700663641494,9.628086859556678,66.64832339200241,1.0280732144595508,9.806399723933366,67.49480613037339,1.0159890612038092,10.643857119251676,66.5274451829669
1754,49.95140279715724,27.355531343820267,1.3443293866108743,0,1.0172772760166162,12.396962257771575,70.20451114374026,0.9957779141147558,11.736265780507624,65.79125837307737,0.9994347270703381,6.81442962711332,68.08057470734941,0.9662333675201963,10.186227532047221,67.43337666659278,0.985660392235946,9.99434314102818,65.24910251129057,1.0021112760503026,9.66800294442086,68.53270826715219
1755,49.94163022480875,32.40306445708999,1.3592921867568502,0,0.9851284126606634,10.536679776145576,67.95435295923808,1.0040442376713923,10.65159732713486,65.30824880216707,1.000923641694375,5.241535113043736,70.17099651200851,1.0161317031809025,8.008402963830331,64.70846812161702,0.9784285595196828,12.235210504721495,64.56899873084572,1.006701194398488,10.044292006849663,67.16287211286517
1756,49.92253491179853,23.752253085033352,1.2429755485461005,0,0.9937901796509487,9.593603247652252,68.39201376955333,0.9967048183180689,9.920876630422502,69.19839320891822,1.003911580274435,11.541847445393767,72.03878102595682,0.9981762027019497,11.022668676956497,66.9571952034844,0.9865719095089264,12.383922058139692,66.62821565996626,1.0053491544071373,11.959687253228912,67.16619699221944
1757,49.95577435073139,39.47203896025306,1.3361218533202128,0,1.0203528253783836,11.442487955285168,66.57067849099816,1.0034427273564783,4.261376449565297,65.0671576846095,1.0219045199771715,14.183826502742429,67.3468629586656,1.0269611401124403,9.583945891109192,70.91979764023374,0.9809227124527882,9.928767499927579,66.80858243090712,0.9678854352900134,10.791367406502495,70.04233123624837
1758,49.967199666712766,28.968248301459443,1.8965476898359972,0,1.0126643936966568,11.254846687513373,67.91988174802034,1.001206491954138,9.93318416526046,66.45019613811647,0.9876320629786364,8.770435751300854,64.87896850186667,0.9980287864652369,8.305968488911365,65.28463652100422,0.9886085282174512,8.25851047358524,69.7603469194732,1.0100954836411988,8.038677984398024,66.9139382412218
1759,49.944370570010776,23.228344508398614,1.86865010891392,0,0.9827494788423932,10.451594185595466,66.94523342676648,0.9823188673165448,10.033711014897946,65.1497784118343,0.9892848467624009,15.088437425113884,66.01815587220621,1.01447730723176,12.118054654675817,65.23498355933523,0.9825105761796249,12.968013158998426,64.69478505629132,0.9787774722646431,11.704302667260698,67.21532285829556
1760,49.951500915051085,30.4692238356197,1.3961762481744329,0,0.9938327732282438,10.350249538099337,67.96620734836134,1.0228604436220912,7.226576836932191,68.59907994788955,1.0333931931414198,11.562221619030074,65.06796431579987,1.0038937701015613,8.115586703915177,67.74492713646148,0.9948081408232499,5.782315409016628,69.89630207285367,1.0168747108570202,8.750351616119122,68.30209405809154
1761,49.97018978896224,34.372560766648775,1.1287377262355207,0,1.0041560656718829,6.729375834879501,66.81420381958786,1.0116583676282458,9.579223678236831,70.22868958124322,1.0374462783022362,9.977222340711977,66.29194111035352,1.0204707210617043,11.919669791326472,65.03763862492993,1.0130853742503456,9.691069110785376,68.46565004292644,0.9938270401543502,10.902028072078185,67.01727699829856
1762,49.94937978145831,38.826573922032665,1.5382140222809257,0,0.9873422684245257,10.521071218528487,66.93525288072783,0.9997916994965388,12.227184305685821,67.4344132891257,1.0093955342007537,9.666020121701289,67.73203376620525,1.0044982587898683,8.63275972284335,65.28080585432765,0.9642468621428005,11.724440941658104,67.93114465143614,0.9913522285490564,8.457695604905783,69.07600366760593
1763,49.92780384165229,21.838833445748907,1.1695425467075584,0,0.9891413187043547,8.845137167344408,67.45699110724087,1.016742649754878,6.674767480705552,70.08757193271106,0.9772345671249144,13.826598659348853,69.5468948287747,1.0029237477634498,13.245907227759876,65.79612247422725,0.9623333048958846,8.25016725996366,66.10737866403757,0.9922520453274879,11.393462949129448,69.03719192521277
1764,49.934442907143676,28.764108952417757,0.9583512566399379,0,1.0060140121486738,9.890329884466754,65.3788979271533,0.9864824480267994,10.328263685681435,68.892503371859,1.0126393832981329,10.161298706086574,67.95662069042754,1.0011871249915008,13.100289988006146,70.00929801510594,1.0035365665257505,11.27324112592206,69.43108696310277,0.9644123708591762,9.242291914223854,66.85652797627962
1765,49.951235389128385,31.33596468636617,0.09350105037486767,0,0.9653142189019487,8.406713695447264,64.91567026613104,1.0173270408260289,9.42286602816945,69.22531665102294,0.9855132104302972,10.860560713851187,67.20000260171685,1.0079569399723898,6.576795136705213,65.40323004459825,1.0003918565673002,6.881343873300938,69.9857921215831,1.0188184742789514,10.86196011235666,67.22307421864312
1766,49.92383112381213,35.90779977285508,1.1171123180962892,0,1.0395053472653706,8.10262667651515,66.76047791587132,0.9989370749403764,11.096373545193991,63.63103900474004,1.027017074110461,12.381604481670905,65.66395185915468,0.9938642025581025,13.215907916410119,69.3113127226098,0.9694787774253627,7.122939222295184,64.3555189047153,1.0095398502697939,10.105149141844194,67.96358493382553
1767,49.93063396360175,37.54142724564312,0.8386851897470695,0,0.9887767596865338,7.672602595028985,69.57961536799823,0.9897554854908726,8.923683033199213,66.92228231624293,0.9896994767264629,11.832864761925848,68.11910174251479,1.0577797439514536,13.395904863630392,65.4499556547183,0.9971887545503555,11.83827574793542,66.7184245879523,1.0065340810933903,8.178934472603292,65.10377051339472
1768,49.94708054587405,33.84309172498853,1.7822480884686536,0,0.9929215994394361,8.520809807426764,65.68404240965943,1.001728598837164,8.332401535106595,69.13962308558048,1.0068623524301215,11.254119552645529,68.08716438613942,0.9771904957534334,7.824417684781543,69.27132814932774,0.9783662731814271,10.080695076662595,68.92061910747013,0.997111975141713,12.533152518388057,67.84533365635797
1769,49.928972515265315,24.055554903003255,0.15125103015261243,0,1.0323199155479854,12.018541205772147,67.45704021198554,1.011281292707105,7.912078972921179,67.43612162558848,1.00549891411209,6.657220696594946,70.66930966576602,1.0348160634295474,7.882470542855925,66.29497140202476,0.999313821839848,9.504055242924982,69.49714583777597,0.9857188163945632,11.099801633536,68.44061779739818
1770,49.94912935362782,30.829299611166256,1.1636251821479418,0,1.01139894422562,8.56692841109469,72.78738716347685,0.9987977163307753,13.974168910450885,67.12764659404507,0.9740213369739813,9.731502728260908,67.4632471852571,0.9743043910586378,9.589325902736594,67.55697112511731,1.0085088948452883,10.170058729476755,63.99438245260325,0.9713349105351543,8.582968526102324,67.86848406469308
1771,49.9493210548831,34.03955722594749,1.927485674192672,0,1.012702668930006,10.80685423131082,69.12819975146392,0.993009620691282,7.171451860976836,68.01031347785097,1.002277461624165,11.070845203125488,67.67225320918068,1.0211955616402066,13.054795153491229,68.8352479542337,0.9761238053434077,11.929496002447921,69.52038550247354,1.0005886701825455,6.671112187120621,67.49798688866737
1772,49.93244072366842,35.81133375343859,1.1116159202113556,0,1.0246363002023626,8.876426367436755,65.45688240671736,1.018132443050053,8.617626023699119,69.81427708053499,1.0290890962674575,12.871139106118378,68.30752046420886,1.0101364978311134,15.432312896485033,66.44707430015204,1.003641083430443,10.006447431182995,68.68139702133318,1.018917719053124,9.933222394766254,67.40454270208694
1773,49.96988648858268,32.15422606954124,0.41443976894310186,0,1.0115489811278648,11.306217836783219,67.40705046755775,0.9873263098732421,11.194086239118281,67.67253595688919,1.0394256365749701,10.152438558021482,69.09361489481834,0.9900927395378898,12.586373463452189,69.52103651600537,1.0388831907234706,7.718522873405898,64.76301145806318,1.0201074982511393,12.204103854446398,68.7814437946186
1774,49.96281359841039,26.883990025232475,1.8258827806014553,0,1.0051804910981708,15.182015628326678,71.22574176629628,1.0133390394686694,8.572140324267988,69.65255478732688,0.9930150982497098,9.681124105592275,66.40541915234414,1.0358420457608188,7.808355744562946,65.09585375507127,0.9682911023464427,14.403295112155696,67.31625873615623,0.9866216227231398,5.361163863184814,66.2195999158494
1775,49.9587319873703,31.48918058530218,0.06602375879785138,0,0.9938049066311955,10.736970089970207,70.62505564581667,0.9989694281532445,10.689624235767745,64.69824351923572,0.9892579746247158,12.408565403355967,67.87353034973248,1.040705268434707,9.810013984227643,67.44979462022718,1.0047249950877464,11.268354569440909,65.89943926977796,0.9768041150955598,11.263640186392553,68.78644014447421
1776,49.967069536323315,23.9094739203097,1.2447203818127581,0,1.01087048429198,9.270509004157745,67.95033570347071,1.0364274866755225,8.794873377677117,68.26065431326387,0.9958182040477784,8.635638075578267,67.85546300160875,1.0124280932799326,11.80966464568542,67.14159140951247,1.0172076442534619,13.910427039568624,66.02341290149549,1.0146263614835067,13.53130139238227,67.71077477517122
1777,49.97455362597694,38.23704072899217,0.48994748303945324,0,0.9818627092494074,10.424326971005177,64.45527365589686,1.0225311897914475,11.787382158825249,69.68937388601009,1.025876714848506,9.418876836292624,71.59728815130336,1.0155901510238188,9.61279484949343,68.49004468811997,1.0268220153507386,7.249173350868597,67.754926341594,0.9964358158524024,6.690105205355886,63.83146367736614
1778,49.90824580657988,26.745558802467475,1.013446243566908,0,1.0322054154553488,8.868336227598775,69.95555157427424,1.0077935626428758,9.765780241230656,70.4187930879632,1.0014786862346148,11.745378046070265,69.11157568716897,1.030733010585429,9.71088372782279,70.34136535737348,1.011047022701578,10.58870692918343,67.16754070795483,1.0195466177525716,12.037702133827713,67.76515867198944
1779,49.9375816989337,33.257116160464726,0.1507115651220805,0,0.971723127268071,13.893649847909375,67.31148744463208,1.0175769613112835,9.638944942196645,66.15327554924436,0.986599866786704,10.584819420405234,71.35306754191478,1.0241941260958725,8.111156630210296,64.95398538352889,1.0087506106520006,10.736885949779492,65.59243297482595,0.9866561416826004,9.555182406838318,65.48068714359648
1780,49.93574104798524,34.816471228521614,1.6119466109152172,0,0.9977082992577245,13.369160851130786,66.75991918350208,0.9884714914029016,13.943004436568168,67.29663138401945,1.0204439146403528,4.398962774275326,68.32051607339572,0.9967421773304395,12.185661626785954,65.39103107483143,0.9979768320352779,7.750259442467592,68.66276479631277,1.0121929033109607,9.800348869115355,64.25410903231862
1781,49.94938372671682,32.35740283109778,0.12551999066940822,0,0.9983654957791359,9.485557572856115,70.62786792513721,1.0125646251626068,10.287119707057009,68.74625641894394,1.0144888802613723,10.806314133693698,68.2273956141064,0.9979594562985488,11.117355886103656,65.42791473437907,1.0164733607532759,7.281254165363087,67.01647187010053,1.024699792413066,7.89245026215683,64.7991563239096
1782,49.97522313095748,26.042871370434604,0.2981178730049088,0,0.9988144161629695,6.807817414652783,67.19009792235325,1.0475556760487932,8.915182872982207,67.19365101103297,1.008610256770439,9.15073044368163,68.83578518740872,1.0078012082503143,15.482763961263782,66.37808199624676,0.951547040728391,10.599567301526804,66.63974907272268,1.0031434619099124,12.809074827574936,70.71166729654423
1783,50.00839958230307,32.05308742704074,0.9280446569119718,0,1.0198705512465613,9.42161124820572,69.09859276394018,1.0130989497187244,9.363830830079118,65.2895638780468,0.9929449566363443,8.886377974797014,67.60957883010347,0.9778650347346164,9.766556369627574,69.6204834913298,1.014412503942468,9.244420949231912,69.79820039132898,0.9847525919359147,11.465305749416842,64.32370019956333
1784,49.94144957792708,29.934559440168552,0.5849916757158915,0,1.0003063093343385,10.886835651382478,72.74485650665332,1.018854575540507,15.73935899032249,70.07352814776783,0.9911938979713908,7.358270905730234,69.99656066652133,0.9837598382874597,10.276731577296005,70.74629375630018,0.9940935586709194,7.226732822535517,72.86657400496205,0.9935613767635805,10.239160721430563,69.47505094371331
1785,49.973108731487706,35.11791456401173,1.0375205300629673,0,0.9967636916789375,10.701897094853194,66.51422850298528,1.03976795498008,9.940460483829774,65.49765108696651,1.0229369619905972,9.969984574440897,72.92476917662754,1.001873232439284,10.657884625051059,66.13930748880831,1.0261136078057,12.07363528715885,69.09112241094843,1.0088906633763317,8.682187708554132,68.18286997161458
1786,49.97618071138355,21.68613690060573,0.2881508941520301,0,1.0302470494166518,8.207244638680306,72.1213832493889,1.0072682400252915,9.328023564559395,67.2938574250887,0.9672146783932413,9.361729172469925,66.4332390760898,0.9905877350317147,11.024571942320286,67.27909046470523,0.9986185920794679,7.996016848662351,68.54567310426187,0.9852721629376743,10.461643220994919,66.55080736957866
1787,49.95258228519506,27.29301047048948,1.1004146768308576,0,1.024037932757801,7.31246025749588,62.46911556603534,1.0324904113132733,14.60217709585351,66.6451801768985,0.9934171950616985,11.689032687705117,65.90814032854473,0.9710983716325665,9.291478024964844,69.53532656868633,0.9833257515679354,9.603694817030549,63.072127990997856,1.016306843417614,11.44644967597592,66.83233038924287
1788,49.95909913949232,34.73165036256155,1.9393887901924454,0,1.0181569019750538,12.366372684659584,67.53677212728715,0.9871345178297459,9.649017819811487,69.49692463949891,0.9754363505187467,10.199008033281293,68.7869615259145,0.9386229931099352,8.3707155147183,68.96401559419074,1.000368911611091,10.439376456011777,67.44894990773119,1.0195436817897006,12.55157073380523,68.319194922345
1789,49.95420560331266,24.05586077194321,0.4802690151566127,0,0.9761268770297182,8.902032375752452,66.71744975150932,1.0110850675517085,10.780272263532154,70.16739912028389,0.985432642161325,12.444018370701153,68.83926499723658,1.0026194074961783,9.869981417862034,68.88888374907802,0.991262007782147,7.093341823808252,69.04684050932833,1.0044524337695202,8.258550034110721,65.7349530859312
1790,49.985802274086495,23.596386339391472,1.824674557262303,0,1.002359682008088,10.515327923694413,70.9424388559915,1.0293217948752618,10.470274142144667,68.89013301740829,0.9809384410406782,11.083314962758138,71.53285390854062,1.0026804712073052,7.5190595602360375,70.96780112639891,1.0030241251098762,7.7712573957079165,67.61117803137851,0.9687496566730952,10.972804824328605,66.3624076410191
1791,49.98992353821225,20.95218750473502,0.8509410081241031,0,0.9847949429559263,10.066241409177758,69.18106074048545,0.994844113605996,9.191271856629335,66.85253090741513,1.0188283908362472,11.416801042408775,69.54789769757383,1.0187682858584957,10.088005947846952,66.37656671134418,0.9892595996301002,8.295509457493232,67.19871412716878,1.0280931174679506,7.94733061162261,71.00614131225377
1792,49.94755028257088,22.17945498530994,0.7756352733460123,0,1.0278938855620972,8.828707140993055,66.84845307710617,0.9920760855810481,10.138121312246334,67.62734581644018,0.9885628697111604,11.370375138549422,69.46302110428968,0.9797328732238262,8.305301199129536,68.15547777071612,0.999245821578531,9.107047362591304,65.99220830272819,0.9903604145231254,14.404811301120901,69.19487001142845
1793,49.9359433445642,28.582509643975943,1.4557352541667363,0,1.0061018868124012,6.858790719281138,68.0300240864513,1.0246702915913568,9.084149801528023,67.80489810223222,1.0188538525206743,8.571150616714059,69.04071134296356,1.0189620079915005,11.765737775270878,67.1591009780551,0.9956610668215954,7.838017220739947,69.95648425434888,0.9967871443722925,8.21878529074102,67.71449426944841
1794,49.96742403714405,35.39640070827029,1.7383258815330418,0,0.960315576625089,8.193185548136823,69.70834387961779,0.9479222179930418,9.570497728845034,69.84071622170991,1.0049952713042682,11.690080391646374,68.69480486360136,0.9897140357785235,13.831887014118891,66.91321628133385,1.0242774298779564,9.167120594243794,64.0241811002621,0.9889440911590519,8.684384876381618,68.4991043489086
1795,49.99344188142831,24.808774500650657,0.6126728410401956,0,0.981843708961028,5.95461285487357,70.31440036886275,0.999290094916717,11.59176463542043,67.77757012060677,1.0281976765386989,9.127149118507859,66.23677964730844,0.9948012269140855,11.751789046995121,65.18931165083441,1.0152961963585487,9.514667771596065,66.9467960341355,1.0181509624812006,10.821124181377286,67.73541753917874
1796,49.949337423195004,37.85428559266913,1.2931259408574518,0,0.9665226943229874,11.201638404340963,69.2307901492495,0.9986129073926377,8.614606882467498,67.23923593433632,0.9959982398292939,8.513923244688101,65.3275955771138,0.9759746975545727,12.327816607932332,67.76697734666634,1.0473252041855616,9.756057034622417,65.33049937441577,1.0135513582147122,13.378280953350059,68.50982485470391
1797,49.93196215419611,32.38635858568007,0.7907620774057358,0,1.0094330139773295,11.784020254986538,68.19186398505084,1.0227430517732192,8.26521911522576,68.50919374181436,1.0259728019368528,6.891787309545689,61.6784755331941,0.9734262434448228,10.150048520145962,68.4583293010274,0.9992531344821454,11.663565977771798,67.1275522245944,1.0292924433735469,12.768706459915167,65.93878019082891
1798,49.99412781061654,26.563754246707774,1.7598617192332697,0,1.0084933929368065,10.298442867862065,69.65875155581809,1.0348706473376594,10.689246314094706,69.72398280487826,0.9918799241581053,9.143203139329595,68.04931135349487,0.9615611512476253,11.017457713734608,67.00192290929999,1.0035420059886573,10.755763083118781,69.42484342852387,0.9808398286473576,11.034845742612607,66.5245396386522
1799,49.94599043633045,38.91279089364472,1.5083029596007134,0,0.9823732765258442,9.280050355609216,66.42591942361138,0.9945748031241751,6.474055570059541,66.36626493692832,0.9979073325831922,9.47962828164554,70.05793966335418,0.9934070233214444,9.597043312500523,70.32614055282689,0.9999865078932263,9.775149634844743,67.19387208030173,0.9827237428258188,8.605681407699864,72.7033641098748
1800,49.99492885583949,29.56128131216104,1.444377320569039,0,0.9901667569992932,11.851506502125977,71.99707209209934,0.9873485654138787,9.578009685631322,68.10035617874885,0.9881940432956121,9.396248916113153,66.86219107625026,0.9832419757351334,7.2386895203764166,65.93895501077117,0.9716388112402896,7.513676342990742,69.64572932367454,1.0235956550961267,7.995103500527564,69.6893705071011
1801,49.93955175935124,21.1969742708583,0.37288961709000756,0,0.9938952795316104,8.940228355435732,68.15799685052315,1.0108407787877114,12.014260450178039,71.71411148156234,0.9763261113183909,8.332767158713612,67.38527574005491,0.9956226647779881,11.848073428855256,65.72053674005434,0.994447847876154,10.242243985283823,67.89414753934919,0.9810206034732117,12.173860361506568,66.5725743903686
1802,49.95726366151111,28.505159442654136,1.1093249994012224,0,0.9971736126547012,11.633366187095845,68.55494424462027,1.0091511552968346,14.807900901118348,66.27626521049275,0.9866676518797973,11.187191331265362,69.97789973066622,0.994850948514579,11.96957909689991,67.16375821146535,0.9863152829462044,11.492694743122236,70.02339915080128,0.9292436669313787,9.57500690462691,69.34491667292717
1803,49.96038097847491,39.61479906664414,1.560235962907025,0,1.0171009799393753,11.599036962856069,72.46683288918366,1.0115870673043084,11.499702273336739,68.35782141136963,1.0416018788814785,6.1504656496599175,68.06501484840007,1.0030306432810059,7.015764604483633,64.59125519396312,1.0145375193495425,8.228152292775967,67.46857708908378,0.9621104141489398,11.641592643932333,66.40551611801894
1804,49.98540214607719,20.124583051079583,1.135064069498513,0,1.0387444655116798,10.405337820459346,67.66112323137422,0.9850465739700845,10.362606712703776,70.61156347942143,0.9753877437746414,11.580693637894194,66.96902261515211,0.9842036298190635,7.862157495600721,65.93257588588344,0.9941554176250642,11.456921536707455,68.95329462640892,1.0173459968439855,8.461719028941646,64.51018399650373
1805,49.92414917505361,26.322826127788172,0.48427603924992324,0,0.9895101287722504,10.460385028125875,66.80679370232541,1.02319612772082,11.672261334163034,70.59134594824899,0.9825637851124203,8.440600143161038,66.74288717229327,0.9665872874933661,9.066238129592751,66.54000042126337,1.0151572223254477,9.778002087099498,66.98710985325381,0.9854484163226938,11.208204601865862,66.14863832242449
1806,49.97415439016165,33.228156656478525,1.200595233755907,0,0.9939462995703661,9.595863088591457,67.0651362825345,1.0013478816135275,10.03354576963295,66.80431784027607,1.0249000539953603,12.436789895019354,68.1913128817086,0.9789788696425609,8.530043576912565,70.76710743910797,1.0152096510302768,16.27082117269417,68.65890509534682,0.9743902865714611,11.370307639794522,67.96662624751986
1807,49.9883944127883,32.0268328153373,0.35128801456453584,0,0.9573732244744594,13.014261356965338,66.8815554538329,0.9846415226409961,7.348706779100388,68.53335950165837,0.9785472229900196,10.277137766600315,66.08822200863712,1.032392574558704,5.55869947197197,65.97211979713806,0.9592429290088017,11.051410310053901,70.88177871998067,1.035761384048668,12.8677492246219,66.86904800378831
1808,49.955224662288174,21.237796570639066,0.3094452476319438,0,0.9798106080671285,10.947975011858341,70.01159950368944,0.994034440970903,12.618850079129471,67.69271607223195,0.9690216496916568,8.270539419588761,66.78295632088881,1.0007304182922674,9.573706308617759,68.38617579642244,0.9920143294198821,8.078259188386175,68.49856872048677,0.97713538099327,8.4404243864033,68.42755616416999
1809,49.994417770086336,37.42698162651612,0.3091159551099798,0,1.0040159349324693,6.673172566462069,69.01380911188794,0.9924074244456931,10.464501281171142,70.51697013996738,0.9869549244232391,13.300331942227666,67.29980843154883,1.0009079296717323,9.730862495797455,66.03816857944979,1.005255064590745,9.495316680587408,70.01386199323444,1.0082025134319974,8.20165804733123,67.44442259808824
1810,49.966584052560435,31.66181399602339,1.5360456792547128,0,0.9789630511514285,9.683230314933372,65.39195272645621,0.9955712133515966,7.106539190466952,68.74073710949736,1.014894664296487,10.078227137863855,65.90397073561799,1.019905843087161,11.313456277386862,69.64294507318436,1.0158814372611527,9.02728906714193,66.97647533419472,0.9997009886158541,10.056386878929816,66.87262725969924
1811,49.965253276961334,29.354340536007744,1.306668411258324,0,1.0046328131863638,6.0825240281101625,67.71065473660364,1.0313311282879027,7.731175709030582,68.45083875009149,0.9853115553777502,7.345034155421759,68.24706444325726,0.9617407234482105,12.916537193192562,66.62790745622922,0.9655129029793158,9.902726208277487,70.31760983249546,1.030471299419251,9.090621298056845,67.00584344804093
1812,49.97823533274589,34.164547079152406,0.40920360418228796,0,1.0114676483030696,11.74932421522221,68.63563737817051,0.9759177745209128,9.571126418487287,70.75158277006396,0.9833152545508824,11.335284792896415,67.65398819526982,1.0316459368987652,10.0943059123983,67.64685196781795,0.976102078870463,12.183784528839203,69.9098334825999,1.0193707599231414,7.250215476862612,67.61278201220286
1813,49.95940112076261,23.47950073471853,1.5823243960574136,0,0.9870907166971973,6.847881176059477,63.61058050535005,1.0050533897580132,9.9846052543073,67.52683501252972,0.9701449806472009,9.315765855530055,70.02785055795094,1.0271947061065796,6.912093689284129,64.95048357349921,0.9918803154435686,11.779193979862082,71.9363148553161,1.0190818818895155,9.153079197981345,68.21644998016114
1814,49.9822612846182,39.129431914129086,0.7747759749299468,0,0.9790557021452727,12.62290436059366,68.42952288273835,0.9959201004255239,10.954509548293188,62.21576779380705,0.9621109279595328,10.793850997936708,68.74510373166915,0.9682820348418958,7.046838237466943,67.39181100168368,0.9610379224955964,7.800211059640699,66.68552976868261,1.0068261382421004,11.882074307293127,68.70408670800552
1815,49.95363849686365,21.987677434655094,0.41077985687598173,0,1.0201752029662825,11.449134436648475,67.31975392774606,1.0470171817005667,10.20390632665509,67.29710719003192,0.9923975009322809,9.827472251312956,68.80419011523358,1.0425949099983018,10.762271307615421,66.56478280158427,0.9880793654211795,8.978591139167015,65.65009272656376,0.978405556809391,11.250172317276423,69.64723552897853
1816,49.97365609130265,36.84948532058535,0.22785977870999385,0,0.9779527876015459,10.368929129924561,67.59811832190766,0.9936731292909505,9.441292659796234,69.23679623917789,0.9904845431679765,9.666582171607764,65.994723085359,0.954465055489899,11.048559571479093,67.97642035683185,1.017359302260375,8.524347780387528,69.72551619564445,1.0123658212179065,5.248480284769621,68.70958812784095
1817,49.95783137387873,35.16479550536022,1.2457390090364016,0,0.990450884735826,7.173868635797978,67.9050695278067,0.9972327483497994,11.187150246532187,67.78778934497879,0.9821040783300231,9.369678656792356,68.60292224162252,1.0167841791909231,10.46858963812046,70.57534663655753,0.9710162638217198,9.927824973617415,68.97382101259406,1.0216031052673438,9.142329503145412,67.36681387987319
1818,49.95071317844479,31.077239886585623,0.47519069370648825,0,0.9944403329660563,9.246645179891365,69.76464898002706,0.9889419988739016,9.396297658490859,70.07844114246716,1.0004936290610735,15.025312254736342,67.24377051260316,1.003390755242474,10.519874771836317,66.82130474434362,0.9853536856115009,10.429710715861576,65.9831776117318,1.0002408561459784,9.66507874737237,66.93865385571007
1819,49.939759961093294,29.888737926830487,1.9933430909586614,0,0.9802126036445458,11.145118969037046,62.748792782575194,1.017289472064912,7.748816292214771,61.907533465910305,0.9718842638403646,6.955413799478848,66.99650776035776,0.9650013861846527,13.381261344909152,68.44460673428212,0.9564539073484927,9.106224647242088,66.90154721244578,1.0012264598637906,7.882754873517111,67.41468916555182
1820,49.965853206123874,39.76421259872022,0.48760446523873924,0,1.0024808550910629,10.791019773547728,68.51959488061837,0.980779742579157,9.163713868586683,68.44529518194202,1.0206344272334347,10.470090821134935,68.17208087706969,1.0175509104805418,10.97770928412033,71.26749332610649,0.9984041664769502,12.859250807825958,68.24496818452184,0.9920496072751184,9.335362790665256,70.69427734459957
1821,49.98209350008817,37.836837580583236,0.9714043018511409,0,0.9894902360396505,8.071364989837292,67.43889320205624,0.9902263649135226,10.966560016855869,64.80716135300334,1.0051679001283946,8.784976285077558,66.91968314860262,1.0142812686918752,10.620835285262281,68.73810069681609,1.0011794477438976,11.587422294769393,69.72268261333376,1.0470404005493168,11.523112515613962,70.7888423817848
1822,49.98529991274737,30.61847378078447,0.6960276689500333,0,0.9926483107794546,9.78089801699183,66.82759075705631,1.0050118901236058,9.103418239641769,71.75551933242055,0.9842907521009016,7.563985673618031,66.91923277383202,0.9927077079182743,11.146456320602077,70.7765680596728,0.9831490981116962,8.948903655788175,71.65205383552947,0.9846255640467956,10.3150440860649,72.85546409470022
1823,49.997029831866726,37.02069658072473,0.0385110142589804,0,0.9927711606527762,11.039070078507569,68.66599271624334,0.9847636802284074,8.408156562436291,67.27694800355003,1.0103305857983462,13.213428169607072,69.06916305419257,0.9976236319463477,15.024584702090424,65.37678367844303,1.006305643097347,8.03964184230341,68.82460692497237,0.994483191964626,10.259564696662778,68.73075983179463
1824,49.94014520000723,25.213987853945433,0.42083809033575537,0,0.9810621709556604,4.972398770033613,65.51676949368073,1.0109266473369447,12.916227319159548,71.96596875702001,1.003573280754556,7.9142484377869575,67.7740734178271,1.0262896845169167,10.696007181824426,67.84409705380769,0.9666153759085876,6.977646352515409,70.03094467955947,1.0331190029711,11.104002781618178,68.62799330045907
1825,49.97373031892022,29.288178528980296,1.4801548977121146,0,0.9779739635264005,13.404161124568084,69.31210391374245,0.9805883421691399,9.951532442010164,66.50591271632769,0.9840629513317645,8.087982691567209,70.19912036567158,1.0273474133369895,10.20063227834557,72.46946310007475,1.0209418364257152,8.895887262828216,67.46833595781027,1.0111018352015755,8.29146114193771,65.29855604017449
1826,49.976815371700724,30.65643903712171,1.7656035913600223,0,1.0399449053980763,8.701860369553456,71.59839819498453,1.0261784026629046,9.98070183872986,69.97200587769903,1.0270053717787941,9.825411902442246,68.10822335737952,1.0128708250655563,9.940908278267493,69.87637162220219,1.0103641489693633,5.987566164398907,69.4069473845944,0.9800423751327225,11.046965267940022,69.93006573035832
1827,49.96864950842898,22.504769918649266,1.6470019966423637,0,0.9830868677458252,10.299637649955987,67.01169298939084,1.0330379271084071,8.92116735636285,65.1527324165779,0.9778126105719346,9.459107108138776,66.31222083564816,0.9660445781795344,9.012493364323488,65.62601650757914,1.031370068961699,11.579728444200276,67.82418519094371,1.0221526692280998,9.726857162657263,70.9041181984593
1828,49.99106941009376,30.68258025838244,1.775845603852555,0,1.0140813662171673,9.104307419258252,66.59585993147799,1.0233657944568604,7.261204929970852,67.01810269050944,1.0146512661326303,9.21823510835857,67.78952897473738,1.0554019953215172,9.66616684580629,70.750087763979,0.9864934596781323,7.017484466291915,68.43151908850903,0.999333382795658,9.111913127016047,69.20514641156734
1829,49.965461614683164,24.856368089662507,0.47713594004483295,0,1.0032065444955465,10.481876956210641,69.19404417730792,1.0228995385821,10.2208078528727,69.2341783863808,1.0118644719815186,12.559490954639667,63.017466246927064,1.0435397624663745,11.130781280105548,67.7242107035871,1.0365261241414705,8.642147327478659,69.64474408222644,1.0039819929727338,10.891503225153393,70.15913172164964
1830,49.97035804582659,23.266556200051202,0.4853302805995192,0,0.9753094540927058,8.89875156398876,69.5986795826544,1.0096536704714507,11.604529030686832,65.69720753833911,1.024537757631411,8.860834781717822,71.88495118547456,1.007055347191649,7.69269274456461,66.48670001770672,1.0082667606437,11.141170502217772,69.77678188035426,1.003550374380864,8.006310629155779,67.30534921216295
1831,49.97325907810506,25.57010175840437,0.8203809705146212,0,1.0108270560033292,7.840555228687979,65.05828690738738,1.0037472344224951,9.416088165173617,68.0694677858666,1.0279540715111437,11.721058760680918,68.1020822257873,1.01367090085569,9.976589528421755,69.17905810289814,0.9892008546911943,11.942012991993376,66.94790219607476,0.9771091102033003,13.195090371556457,68.64628594340873
1832,49.973632564531776,35.83830716896841,0.3246981678138776,0,1.0085832778589434,9.779941293568207,69.52235533194194,0.9841851553731431,11.330984896394797,67.28640815175442,0.9825233871694211,9.898016490886942,70.28667509195188,1.012009512052484,11.819003026390801,70.34020038589128,0.9902075676861192,9.439449338593693,71.58169689042354,0.9808021616066683,10.613194533964073,66.11504190735435
1833,49.97379764644337,30.339697672578936,1.6443575418825296,0,1.0136794172506656,12.318119760260071,67.00215058342603,1.0166633765003577,9.568243641691394,70.61400868456953,1.0128799279537728,7.393494949473004,69.5529666304312,0.9986375775142813,10.495574180737034,64.17002310257797,1.0175955353159927,6.526124986838027,69.36454125817478,1.0239736528616084,8.156774561152051,69.01182549619503
1834,49.934770269488716,23.91861509046544,1.3457240340968832,0,1.0292690741892652,8.834790002507656,67.1365217996524,1.0073304743767726,9.773734097058604,68.6445595806881,0.9698053811351197,7.901669987215881,67.17687417128558,1.0296070855393835,7.757548564055636,70.55836999886372,1.0269161695261908,12.917005938792059,66.51612400010463,0.9880073583604023,5.739792708799001,70.731384698197
1835,49.977211821335416,29.27698959482198,1.5153093009205192,0,1.0262707124477597,12.595388795006782,67.81899664452898,1.0081065312662916,9.241076413301709,69.83117072244723,1.0227224224110876,9.470283823429684,68.90787467073194,0.9784410254945274,10.94538952031729,70.2670541418535,1.02837112012865,10.55063347148399,70.06864321779724,0.9894167114596728,9.492941566981353,71.85417157662775
1836,49.945537834215024,23.321301028049607,1.206106643408648,0,1.0048848775345276,10.680926674412039,68.15970575282516,1.0177761009770054,10.658860436951013,65.63617802920251,1.0287849466908692,7.72115513490272,66.99702492977715,0.9810826690883457,11.292205252011977,68.06365539550852,0.9678176476141448,8.04334940236387,70.79884546905282,1.0056771238160944,9.262017713868062,66.68175212761982
1837,49.990339157407945,32.05503993178466,0.2710785143952248,0,0.9745769601017,7.793765973349302,68.67700103158982,1.0051705572953737,10.469690975583394,63.11625149870724,0.9949216974241357,8.978021112227125,67.2793947770186,0.994932173916591,10.954902027893564,67.79183870906184,1.0111894762937867,11.735154983209005,70.14562612555774,1.0175822446864409,12.681387782737474,68.08394280548124
1838,50.016768659857156,28.451096235303115,1.7808790094066596,0,1.002686523956009,11.402278319554812,69.14732826257273,0.9919685811276768,9.43093100516583,66.15295493523777,1.0119514211989622,11.279246912294154,69.61127211220644,1.0245255411173426,9.18786854058489,70.93270927325254,1.0407835467576871,9.998744779454247,67.10942704452907,0.9548480163440888,6.645968247016459,72.41549556567723
1839,49.98144893940897,24.802753967088226,0.029204338339689828,0,0.978640958403315,11.33103022366869,64.94635581966853,1.0055757304849755,10.776942660058259,68.19331172470254,0.9977030218489185,10.81799785845788,65.35355077103209,1.0434850432651925,10.406440815721073,67.9031056784329,1.0137900227109737,12.006003579535081,68.31623951582336,1.0293445625758382,11.582588232563337,68.5909559450263
1840,49.97563626366425,22.47094166569824,1.4988172210218724,0,0.9986366358633243,11.08812295431267,67.13223753303609,0.9949334773810161,9.285807778320121,70.02989982739645,1.0058060084221663,11.197371295515618,68.8207357825327,1.0151213950481157,9.253710110491538,68.37531993159237,1.0037835407698377,10.952618094021743,66.38926051997268,1.0310230242362002,12.259029917089764,68.50619183437774
1841,49.966020760935734,36.51174663370672,0.8578865592075733,0,0.9682972096143924,8.280301950205118,69.71728745767192,1.0227794448806014,8.479875312099749,68.49558925460921,1.000802955747321,10.227335797866278,69.00770639109493,0.9937637838117781,10.933650990015746,67.786241700863,1.0304961238474173,8.289435549053739,69.37920247114437,1.019570080796845,9.61921364176282,72.02313145986666
1842,49.96030753466134,23.835244850017663,1.2169400453485382,0,0.9870591912238033,10.664398169173193,68.43634388096248,0.9843584851915292,7.045307498167139,69.65458479184376,0.982622408694312,13.865620304485462,67.63675575070057,0.9966907212627224,7.513115733687822,68.58473508541775,1.0046568282995403,11.556135817992113,69.61758603116294,0.9962667582659495,10.02475519274473,69.29136266445288
1843,50.002606507161445,34.371703681615216,0.3210161669338276,0,0.9891649494290893,7.410972675744596,68.35759926096225,1.0055741532978208,12.025121841022298,69.44232754576045,1.0007334249645434,8.777220608526363,65.99344500119956,0.9950595497321294,7.1217427715424115,67.3543540342004,0.9881381538279641,11.148712652628962,69.51120876087867,0.9773188100444702,8.036367153883216,70.33724898032865
1844,49.98260774766468,20.570390942877268,1.118477990868266,0,0.9926732986496376,10.71734301668706,67.38374136328852,0.9577921322074343,12.841502364031566,68.81704373855504,0.9948911044262718,13.271670091151762,68.99999551711271,0.9761627921525904,9.303397934429999,67.3303200464355,1.0005857503504283,12.794578438640775,72.60897604131547,1.003179775446752,5.842990679379037,67.66900482657933
1845,49.99203780347267,38.61827212171319,0.11484325412176988,0,0.9707663984606336,9.526515908569785,67.2816560949377,0.989762100671257,8.688491067617665,68.65431564379679,1.000768636434016,9.730877180171664,68.04131976297589,0.971799630778907,11.001186365953881,67.42212299566059,0.9859456101956452,10.483269350869534,67.61388002505744,0.9961446682411339,13.041927381952089,69.63982373520122
1846,49.97995035188485,28.03301916450883,0.6100342958755358,0,1.0110011224876256,14.272202544449357,69.35146047651689,0.9594891864575564,9.52879103457768,68.75163068618151,1.0158533384076445,11.196710393619426,71.41915177980545,1.0076742496825426,12.060235376235893,66.10435264968564,1.0049149527038355,10.929529877713627,70.61802340508856,1.0234113168167769,12.175372861431587,70.66875479353043
1847,49.983859285681106,35.00905447971428,1.801653460394006,0,0.9926217220722544,10.05815740277741,66.7065955231027,1.0044686228519975,11.919658357484922,70.49162275595666,0.977099227659644,5.309808058230243,71.34562839110109,1.0209744026879293,7.68394759439544,67.47876056507977,0.9718284059310222,9.004162498342723,65.7569405002124,0.9979554039664383,8.426387127695962,70.59362780879351
1848,50.00433587583585,37.80515350598278,1.9614408756595192,0,0.983795331089706,11.064990814336685,69.78576485667367,0.9828209685986274,12.084140396755235,66.85778761746595,0.9913045374277777,12.248529951300556,65.91775992468487,1.0364787632936936,9.160921665905994,65.45639412836623,0.9919180456162329,9.953095495002808,72.52024798352973,0.9791506805560373,11.308173189027404,67.74006804457366
1849,49.93454822786728,29.987537426212945,0.9134724082627532,0,0.9786474206789917,8.468936298825376,67.31323763688835,1.0086525941267726,9.275125415424856,71.12235382454526,0.9603015758849935,12.657651356041999,73.60966517016254,1.0210238642297562,10.720796272505519,67.29260306983672,1.012027438502246,10.667348532393973,70.44458197203917,1.0036618532169017,13.115592643455054,69.96187905877942
1850,49.96048889436079,37.3297658106963,0.592350399638885,0,0.990199051376743,5.925824118852667,67.33089803943571,1.0066833127859278,12.217177551723516,68.78951612850189,0.9824999366933629,12.244497689704588,65.77507439941982,0.9892464488596244,10.358087628562453,66.99019955467543,0.9936579396257257,12.607861424998866,66.59394140837138,1.0054265530135205,12.473802682727259,69.03426192086489
1851,49.99593143358778,25.9096262813812,0.5621988182959898,0,0.9966151485275628,11.351913987523144,67.65915261439153,1.0090386597867902,9.34776258011779,69.77846286788368,0.9750315279876807,8.352855514188828,68.62568459141296,0.9588005116428376,9.624907441864782,65.81227615104422,0.9657038157907507,11.151755042508109,69.55985593377731,1.0041488147016975,10.409956889912685,69.31407301930072
1852,49.98605358885019,32.16722051326371,1.6010545972284678,0,0.9726922605945145,11.922466895017434,67.7347341626319,0.9753845902194321,9.639917368877436,66.1470477750751,1.0360989616663885,10.816862674375793,68.79129303153717,1.0302535174514464,7.554672756555676,64.2796834563033,0.9939317762001071,12.154826321429281,69.2238977319857,1.0051396272592361,10.81296979059583,67.64592994797016
1853,49.98165757820735,32.945909242566685,1.862889104622139,0,1.0059459449062245,10.265672635838374,69.00577368229973,0.9799777215863382,7.616451979434455,66.2447446923646,0.9713072257142024,10.700140504158586,67.68293877160184,0.9895839677856715,12.476502682608086,68.71410050011103,0.9880173176370752,11.38543921316105,67.90800302694566,0.9869212711742285,8.35819006607506,67.88559814917065
1854,50.00717731061966,28.93397955248024,1.6410078470916352,0,1.0331311644700503,10.237485085482106,66.5354091394198,1.0153940346021633,11.0317891531542,69.47281820482905,1.0027297631069059,10.524155052323325,67.23036332037748,0.9709261854030437,8.194303948043833,65.63188108919545,1.0185707095959722,9.078488755474742,70.65844194592431,1.0109834291997966,9.749667071769462,69.64223507858551
1855,49.949367116836854,26.642519325302544,0.6327787108064977,0,1.0310365043747063,7.099344025557821,70.00124749784854,0.9962976640684816,10.413290725474965,68.66592275936348,0.9779694198876037,10.292994166173333,71.09097741727686,0.9771867301819516,11.214470763608826,69.54972206581385,1.0191083844967377,11.757358604504951,69.48251130248347,1.0338910855162498,5.147541335293491,69.71926964698184
1856,50.038231452759675,24.533890179407855,1.75841460776648,0,0.9740907428036435,11.684925478596075,70.99266892149991,0.9912793912395408,10.604104190992075,68.64255471500587,0.9858564049256361,7.195522301581015,67.06556012039837,0.963222904953235,10.38116881030529,68.72648932227247,0.9730295915806145,10.945102390588872,69.08861190674178,0.9870466087075107,14.286490519192736,68.36104540218258
1857,49.99646793389339,21.013755834368897,0.5789502025670268,0,1.0280065861998375,7.415183779633283,72.42509202701933,0.9875560573806078,12.03427763324711,68.09909982012445,0.9771708995045478,11.585875100545795,71.08639685616248,0.9964321326759231,11.79597167715375,67.5256323792401,0.9928346035258953,11.774618267386806,71.499275651676,1.0256545631217198,13.326094556496312,67.31727334014774
1858,49.99337875506536,27.560181901239396,0.7866194889108566,0,1.0264537378156893,10.252807822263259,68.50401635636592,1.0159637698833732,11.73132104229261,68.41300170710122,1.015493151446274,10.777066650290168,67.41180256011259,0.9820629103286168,11.967764023410522,69.74460260692328,0.9779814389020064,13.732672025994667,71.83604201741537,0.9973197627910092,8.374434467157231,65.1427335009221
1859,49.975509909494974,24.40782321938314,1.6731847182760018,0,0.9800799136487441,11.934269191499352,70.01328975154946,1.0244432506913792,8.529037081242391,66.7846368869539,0.989172558838996,10.455245864572907,69.01866693189096,0.9974819633521853,11.071613656976579,68.44334992606503,1.0283677692900857,6.553416335148509,68.23189409956154,1.0055338842838994,8.76566779459016,70.748919372097
1860,50.01844009770406,38.50083135037052,1.0104575694457114,0,1.0324531403944244,12.7834143797035,69.05961690592203,1.027534594799797,7.064869311649762,68.37725522722084,1.0158988289765676,9.434781863134063,69.29722441677488,1.0133327020203053,8.464160325690116,68.91175123718952,0.9903203211432011,11.244569913477175,67.55241169326128,0.9860395673524229,9.643750965324893,67.54937346799173
1861,49.990237917304604,38.36219966251385,1.0280655376583647,0,1.0073736049700226,6.107159094329395,68.03962110358968,0.9825303899170953,11.498534752648514,67.31038586501067,0.9982981968842736,9.6079161924881,68.67593927814609,1.0502616596904715,9.244686171903306,64.8984770031744,0.9753485818551347,10.969590085136595,68.93019383223476,1.0097915107404847,8.366853545824235,70.15511236184366
1862,49.996782703292894,27.557349257699286,0.29782592748277614,0,1.032546791363809,14.644141886074554,70.31055737365146,0.9663571410774693,9.015695550932728,70.32068477093667,1.022628713159324,6.826522300067285,67.30698966673721,1.0171987288386928,9.142686114052063,66.86138128228362,1.0044324469996786,4.40157517249229,69.60474537569368,0.9825631091483736,13.61526749123645,69.21594828521751
1863,49.97932788502634,23.157469097806523,0.6705021384431795,0,0.981674717223489,11.990937383816236,71.44152757523112,0.9878779819640654,8.800081815112245,70.52134462639607,1.0057348881320443,9.983966390813931,67.19827147161628,0.9689175608582474,12.49703011358352,67.81516812563436,0.9950560639536192,12.867433691851396,72.82047084867068,1.034932265141405,12.174033719619963,69.05631497211071
1864,49.98894627423679,22.41118961549529,1.4812126508977856,0,1.0232190301565964,11.659571026950877,65.91371806995063,0.9850105806265989,10.035791554658733,69.96446170553203,0.9687105810623917,10.257864520322293,66.3609147783672,0.9894624831665491,9.456926914205358,68.00002301733274,1.0273910137742492,11.939085319402393,66.72850775425309,1.003925569903865,10.45160641200758,67.94638509816059
1865,49.99181261235011,27.026007196118584,0.8032976275593438,0,0.9904010249679899,10.099565040444329,67.25789611048815,1.0005066526700925,8.04650382404485,68.39682277064631,1.0390731853984312,9.67271987223271,71.93035509965952,0.9951097253069586,11.530542803113873,70.45477122039308,1.0075173389937895,7.286049608376851,68.0151450219662,1.0028194566140354,13.091230763100658,67.54790525936765
1866,49.99906113127794,22.97027058824286,0.5191964656258354,0,1.022360036104585,9.738065751082017,66.47229376754147,1.0129736924569068,8.167976047166434,67.32575793572589,1.0128003979239326,7.914049098226702,66.24805989699585,1.0029422561470953,7.273787303736747,64.89167134059548,0.9974003869006571,14.56083202867708,69.08861778862719,0.9824940341327981,12.933324809558476,69.62306268213334
1867,49.99174409212049,25.01042355229397,1.467888663500564,0,0.9881401968237873,7.7806165827699765,71.51604613968755,0.9819367043281257,6.834481164398415,67.27993174636123,0.9938069829779664,10.027182266627419,67.65490217252399,0.9933662231907158,8.158433544100282,70.58206222356172,0.9924266162568988,13.126578736864706,65.48945485201763,0.9798187112931148,9.027291532456623,71.08768675114129
1868,50.01237194748588,27.972668557932952,0.9373946134200484,0,1.0244254298015623,12.672482727955108,69.11082823706363,0.954923781643401,10.422809923543443,69.83006967598917,0.9944956746595528,10.814573668492224,70.81138802550063,1.0130719996291613,10.47165473415756,72.16136778455586,0.9897551478995165,10.693930007633679,69.26717282465383,1.0092254693744516,11.1320678315022,69.92889891131604
1869,49.986723978786166,37.896417791825485,0.5578011872876794,0,1.0136881287507822,8.960133065421733,71.18739491324196,0.9798761255454076,9.204495750277967,66.39432095403176,0.9712043249339317,10.702915564859827,68.74217481070312,0.9482473581304196,8.213518642575472,69.98433062500749,1.007929638014215,8.969096568732143,71.28885245723497,1.006623380342351,8.912798303312716,69.31435831739962
1870,49.98819742794417,34.847539048821496,0.1449716849375493,0,0.9927671974579644,10.549869806179132,66.97579260811398,1.0275122919437925,9.183133726658223,72.5990230114066,1.0199180726332575,10.054060946968551,70.7156184964236,0.9763790506870674,6.235857427468791,72.57918464174875,0.9788739214538643,10.24878256222675,70.05014466765132,0.9804668326886192,9.93165017128829,70.650410304658
1871,49.99217326606509,24.915862773174183,1.530221922372767,0,1.018014269969081,10.573402640719326,68.6884965145453,0.9757455785679074,10.024200609363925,66.87564837943178,1.0081045517360916,8.612559127314816,68.97846965188333,1.0021521013211259,7.270272794966658,66.69529353096011,0.9972519762776484,9.736830730122701,70.53181024524912,0.977408199879706,13.12260589532731,70.22563229790981
1872,50.02664611625565,24.430054179772988,0.5194690921390179,0,0.9852023816394981,8.956543366880371,71.64524222472943,0.9818641825107158,7.841907756115034,67.11276143458053,1.0171395607501612,10.641576179627744,69.32877326386283,1.012752309160102,5.739617799625792,69.69631145734066,0.9723314030588183,8.978096658535462,69.03613754331496,0.9726332950930979,9.724952528452217,69.65823558041662
1873,50.00210748832108,26.26903112170183,1.521309648281968,0,1.0410928639030657,8.187878018704403,68.85239452207207,0.9958682836158607,9.295667395958903,66.80626458575983,0.9822147703674795,8.999152218568511,66.7650488430054,1.0134703910986267,10.680259357392083,67.79909590376893,1.0098961946502754,12.842071342897668,69.80804972408045,1.0270380969169912,10.555762831329877,70.55378241673547
1874,49.98217634248201,32.83550552513999,0.6610914100838863,0,1.0296526819788492,9.753275247287744,67.73856562356886,1.02253968293583,10.86472533916031,65.96245086939619,0.984089977558685,13.34127976227132,69.22911810989207,1.020336196008887,10.523307580032904,68.68598480076425,1.018669820604336,11.15997918121049,68.15060716367235,0.9989710994679336,12.201806509871261,66.92760720690688
1875,49.98893545227839,34.333028415426185,0.6473602752934844,0,0.9639114922974852,7.0161331132803255,67.70410935613347,1.0169265187378171,11.530938359796721,66.76515809218668,0.989392857084092,8.172621143984115,68.90611232271945,1.0201341998775524,9.858182802469994,67.83009445201841,0.9992929241750055,9.291781014276571,66.58443149512246,1.0296470443528942,9.553277892668403,65.80284375222226
1876,49.994301279703215,21.72141537848621,0.5880712658926579,0,0.9786666938330258,9.780153681869725,68.03456604523527,1.0054561863594644,10.563869176255052,66.40963885088414,0.9923728502005664,10.413289363293675,67.52738376389071,0.9822753787520855,11.550983448194364,72.65630223711388,1.0151799154506085,10.380174524150183,69.165165641346,0.9894921067926294,9.948195609520793,69.456692204773
1877,49.98987453926465,37.004868949380665,1.448452333306664,0,1.0007631839906495,10.968800686602027,68.45481735845789,0.9415098701313126,14.185462727584445,73.05868331486745,0.9998165036003064,9.295942387613803,72.43328552763238,0.9930757500954764,8.585200155083234,68.89660106869664,1.0125676807641073,12.369155619829039,71.9918865727936,1.0208328961949682,13.285817398453387,73.0002181944265
1878,50.00843185828958,21.490565533302636,0.8376421824028732,0,1.012526970261077,7.074448265331557,71.14223982149606,1.0067817787967455,7.392646980220581,69.27786774459102,1.0162911940446944,11.520364034544397,70.049696961494,1.004157720949149,11.36893377070381,66.8344073437646,1.042413643560119,9.46830376699959,65.99620005294135,0.9872913901186293,8.936904626561192,72.44407537683531
1879,49.99540037278811,30.442381470724992,1.633280898901443,0,0.9989784435881295,10.905909497469754,70.3544035105399,1.014105909588214,10.059576894748155,72.44022670562266,0.9955267361786858,12.367954769328142,68.36294452583591,0.9876815872118402,11.016150912151517,66.32163749243539,0.9989272571863582,12.645676848508305,69.1521408994312,0.9999933475306161,12.871186794754678,67.26053164526212
1880,49.9856775884538,31.82271943795387,1.2829253938822542,0,1.041200572651243,8.693730234820517,70.23747871284942,1.0029912977282052,12.852788335066696,71.10036984506512,0.9936719371068986,11.842208328601375,67.1193417736785,0.9848727830474143,7.803235748491517,68.78006427444109,1.0305870694689119,9.547995060238362,68.85051118419692,1.0226802015177658,9.73088049284599,67.35562654746217
1881,49.98179571179867,35.314024317656134,0.17636014393837174,0,0.9770103433032218,9.928629946297216,67.32413250037874,0.9823745599173583,9.474356209174397,66.65863695465173,0.9703338688303794,12.59179862246037,68.63155448572918,1.0147586436796254,12.797290200769856,68.93256811355022,0.9910500719545217,13.010882805557609,69.69331210794924,1.0443389259239826,7.682231691138755,70.982778371804
1882,49.98123803433472,34.37908414164733,1.6624891403034165,0,0.9996413722326422,8.215102852974,68.69496471768933,0.9654804206735439,6.671012908867174,66.60074248829375,1.0301882725349085,9.240045757352124,69.91098848466403,0.9941589258672404,11.958074351649673,71.89866860409033,0.9774155514623486,11.3152524720557,71.58058775096474,1.0369255433391646,8.857569951634197,67.61713664855354
1883,50.039850349102835,36.01497324632885,1.602731167828766,0,1.0042246452391799,10.390946159033748,68.02696720985362,0.9794107192496423,6.976078056034588,65.51382060296235,0.9940144947518986,10.550410964915216,65.46346449935518,1.0072501644413505,12.039659764158715,66.13166290356257,1.0176458839730713,12.829231408204489,72.08168232712993,0.9975375296571649,8.926227265383627,69.24681235126191
1884,49.99803447223378,22.67200834212675,0.09315547302831906,0,0.9965302768527654,6.768239507372077,68.91736778206825,0.988900905301791,8.742441265329827,68.91909969207009,1.0161758786107211,7.644558469332855,66.26756398380996,0.9780640024898606,11.33040718284721,67.87908570403941,1.0280493438962743,14.484489266783012,66.78756955323522,1.0385664769383944,9.525144241440747,71.80988567086021
1885,49.96997827719754,25.93694728068293,0.6282748379320386,0,1.0123100755297767,10.564447708436322,68.47621012311106,0.9824147589478471,10.96241551685044,67.94728213747179,0.9462398173370874,8.423655294306988,69.60305630198175,1.0083508819417042,10.91482264582734,71.70160525328257,0.9821151418962893,10.271181333333672,67.71679026900836,0.9747677198644913,9.411222202585833,68.73414314822665
1886,50.00317767202827,30.15240041947026,0.022900668241973454,0,1.0089342848657639,9.178485799991481,66.89303149157183,1.044070245575374,9.345887376873165,64.04043582027352,0.9930980254210527,11.925656194281775,71.49014849854426,0.9898612167647978,9.709975337674955,69.26684807462371,1.0106080026094422,11.541153136948713,70.3636107147132,1.0218549343393237,11.357207217677587,69.80902605200008
1887,50.00615095491751,28.7197986145863,1.7379012973211485,0,0.9863570364249035,7.7508023782492685,72.47552577193302,1.02068807900557,10.212706371065062,68.04688457152234,0.9972014596206585,13.564457321500823,70.47850762667912,1.0413516744051514,8.697730910436556,69.99802599941577,0.9890320780908344,12.058922147337949,71.08753532638687,0.9868405492507664,6.734738384623531,69.1195169260876
1888,50.00363037474453,31.325878333006525,0.032391586734244804,0,1.009473837243477,10.028678779715907,67.82205656196378,1.0020283637905838,7.6196954160261345,69.45443732021157,0.9845037700002434,13.935097765139933,69.26288246379816,1.0209419587108282,7.278053539785045,70.55756661642408,0.9808086108817383,10.056460481625983,68.17674543920171,1.0211230208269648,11.034609135993877,68.30696415618208
1889,50.02820491958151,38.594167230734016,1.5109243075085557,0,1.001784416616442,10.61382330650424,68.13985169845562,1.008943025897003,8.83904404950477,69.01503409848802,0.9913272438706189,7.31168041550809,68.92110791352945,0.9892772134219295,7.901316613190616,67.36357178859846,0.9624371054635777,9.087421144298629,70.30375737113023,1.0073659021927108,12.708678513590868,69.04560360812422
1890,49.989721717569985,22.6600268105977,1.1103769097382084,0,0.9883611952754877,10.087578727703736,69.73849310526903,0.98836167851139,7.9930199886600235,64.13565493788464,0.9896222741783371,9.460963242503912,66.58897285164524,1.0011551550181397,10.34575625154875,66.26127303748117,0.9817558412593256,6.236089521806784,72.71014615473898,1.024270044482792,9.386985271055913,68.95685794030356
1891,49.99457943661872,35.63211369016503,0.5680797386802368,0,1.0162573310844458,10.9698272463197,70.59332696918374,0.9907749996898645,12.265697915380596,68.63670323841059,1.0185484167077339,12.89418175326188,70.13216050387955,0.972955565055942,11.192510225492464,65.92064174224463,0.9940867095247432,12.87460000671522,69.59850321601894,0.9993424362446897,11.063150365209918,72.07271744256816
1892,49.999047330329674,21.35685278741417,0.8849003366421295,0,0.978990603892669,6.750293414168283,66.64785422345707,1.011296804737077,9.024205304388698,68.16493680922297,1.0125923894935234,13.327937511860783,73.02460007205488,1.006836377145131,12.072583139647408,70.96996385191821,0.9750133366396592,10.323257400440683,69.00662533694721,0.99885891760178,6.6695636039587765,69.2540535896791
1893,50.0282994129825,21.46721302978661,1.6588946954634558,0,0.9865614061395789,10.358843267704367,70.1659038798332,0.9891081729602128,9.965817207987522,67.85011298616945,1.0051073109905384,12.214801883608125,68.43219840550778,1.0067380664798946,10.752739503103442,66.54274262325201,1.0520368700210363,10.033812091483851,73.65216442511694,1.0025672511459722,10.716890302217214,69.1362382147371
1894,50.027331219987346,22.540783917683555,1.2743650848010053,0,1.0017531898239478,8.69615415563063,68.22374888187063,0.9995651388830027,13.835095355347931,67.30414597114208,1.0248698760679427,8.722739311204744,71.244527962134,0.9785224597800111,8.956781517530658,67.18313471457759,1.0164702017524523,10.84964206861003,64.20809576140526,0.9836414876669203,9.102719489767116,67.15772952449312
1895,50.004786426007264,31.552602338179682,1.1566682697896882,0,1.0005692411874922,12.888632452445517,68.53101755681979,1.0147204771783949,8.078836964201153,66.72672651851109,1.0418259951498898,6.812018269680554,72.8875400697882,1.007653638221903,8.903598049472537,69.535198639232,0.9666228769551194,11.928302266153853,68.07259830507634,0.9752922522659094,7.903721029452794,71.3179847849798
1896,49.97445882034648,26.436427418418173,0.7251458479698627,0,0.994548842433108,10.975131132650803,65.97203397115807,0.9934266713885118,7.483504794463384,71.81676589855365,0.9967085215886498,12.160743917002492,71.48445198097335,0.9745528443882766,9.128199655915978,68.53283634576536,0.9768236455907398,10.797735280520572,68.49626667689482,1.0268554434784967,7.757618589338927,66.75929757417998
1897,50.023497001278145,35.572585881249715,1.4312745896677692,0,0.9923259365161623,9.047213085987305,65.80373084243716,0.9605682312268158,8.917737104593638,65.72361048718406,0.9816598930916993,12.558201908787893,70.69520992315645,1.0108015335470641,10.11378608269159,69.44185662450016,0.9948671425244483,8.264313843089614,68.69685784949246,1.002392576193985,8.984399012226099,64.97010595210335
1898,50.00695987029434,24.542527175699426,0.7672110720222363,0,1.0364768839330456,11.79647306413134,64.9279225580711,1.0192758724995872,11.75776303099841,70.48456603271725,1.0024262059447888,13.091027181365899,71.3613853351657,1.0031990781428195,9.989881560623502,65.26990569804451,0.9925758130621093,8.592895872983577,68.31713928620375,0.9934952578024773,7.670434037097109,68.49500740803175
1899,50.00449844502296,28.300764620724717,0.3545712893106221,0,1.0053634685897632,6.775466096455256,67.89740025996942,0.9856106487846286,8.050082515240893,70.16019364572321,0.9871738736719933,7.956694573727049,66.76401523657182,1.011122770155625,9.591015435449702,67.48508149421176,0.9794890359589776,11.274206579983693,68.16784090765562,1.019739410240116,8.556703929602357,70.99145261168665
1900,50.037442628847224,34.46835394993113,0.12029220433155619,0,0.9826187641658273,12.735906122425858,69.68481083464988,1.00268981033832,10.60541977753141,68.71448391903928,1.0123603417643179,9.973470037213428,68.85622904466139,0.9752969988013123,6.990332859582377,67.13979446866499,1.0033142829692403,8.33029318396709,66.65251960189019,0.9847598992694264,10.458579732817366,69.14607518732606
1901,49.95896086062649,29.973977211485163,0.04252010603453171,0,1.006130606930855,11.392858663369323,68.77836805682237,1.018533548722233,9.116774147768783,66.46001645462177,0.9773997909339238,10.97380423749963,69.83621323974849,1.0343556411893173,9.570928422708501,69.68279430948942,1.0076789018005097,9.247665895878713,71.5789769376804,0.9814762131501924,6.3341526973233915,67.79067955562526
1902,50.00712140614172,32.392789250821195,1.4685616179214718,0,0.9953504546290945,5.938047635771727,71.58794584104358,1.008185555302181,11.234046894943853,70.13383156949145,0.9664530789468692,13.132630238100491,69.62152933776436,1.0181564280763753,9.476112205761698,67.55294967674311,1.0043893375996091,12.286726502762914,69.59639863677528,0.980293404482904,7.014540570785282,73.11621922156947
1903,50.01762650840315,21.872948144594602,1.9587101115143222,0,1.0231476556284684,11.42636886592228,71.12792290343589,0.9810709506053729,10.570654281387283,65.68663417725911,0.9769304801766784,8.606927532920281,67.96764790821449,0.9810316127292609,10.803664761669445,68.92409471405156,0.9849159379456359,11.36636572992856,68.41350290458288,1.0037100853551844,10.300803804036136,69.37995646930193
1904,49.95640472838009,38.06262417511105,1.6232089717931935,0,0.9999918610628877,8.06964323404193,67.2526851452593,1.00131571654373,10.307259901794975,66.83480170369786,0.9975676974458285,12.006686280491703,72.63237930858303,1.0118622126171364,7.2649975021974145,68.23423940548483,1.0133774808558444,9.640180781903723,71.16943824942294,0.9925111901374918,7.92896704975072,71.65899100567421
1905,50.02260654657959,22.97619732566105,1.5834176983736883,0,0.9810836499926322,7.288236844822162,68.97122591532674,1.0037478341217734,13.370146185282834,68.93736528294916,1.0216480466281577,11.018887927042554,68.47512493440404,0.9920781529447023,10.578952060138032,67.24673101187466,1.0016661383771681,11.39626369268081,72.20690302463392,0.9767779848238106,7.394172825385512,66.80764843133949
1906,49.997554201332804,23.46681399350956,0.6843611851305316,0,0.9982625486599023,13.674664869881973,71.39402989190984,0.9958341712148967,14.568921542566908,69.30873686768193,1.0124948226293506,11.056479027741615,68.71153827861404,0.9976067397170733,9.303712469102289,67.72632331226153,0.9926879900017577,13.208984223229763,67.44203840197468,1.0247186055323223,10.129561379046757,69.91303405870704
1907,49.979225154920876,33.28726164323688,0.5507751076051766,0,0.9990214763846373,8.877228799779985,72.66778714998793,0.9981354070078098,12.590162046709795,67.94769778218024,1.026050385418504,9.92725015992786,69.51633842484672,0.9683276798207777,13.22801679910446,68.62359818375005,1.0025231957672045,12.511073539805361,68.66050188432523,1.0121763859093034,12.039557651281699,71.95505487507621
1908,49.98651082754448,34.396567051590374,0.8488218072217417,0,0.9639896564135695,9.631583581228528,70.17961470644435,0.9630703719081123,6.950117250333968,71.17918179914142,0.9938479689419816,8.344535034954271,71.54537592049347,1.039433590528452,9.215053713703938,67.31573558457575,0.991722745937539,10.839448988897388,69.47331766337417,0.982802201636775,10.163130508140123,69.46621632064497
1909,49.98414307522036,27.15038691560511,0.22667399658738252,0,0.9938797603165486,5.649634347718329,67.3509832481731,0.9805065838770137,8.962983416973664,69.22153858887364,0.999791437891922,10.104959395393946,71.9496975835306,1.0105300203596774,5.903983957213106,73.00156652355854,1.0062259934291047,7.0038039325754315,66.92216011208349,0.9892013048510833,7.835724718024377,68.46528449872537
1910,50.01101153126077,20.65190510890327,1.8384054981698872,0,0.9883918812583044,12.016333835424435,67.9455968256105,0.9828058978143449,14.206681418602876,71.52421300452353,0.9669902827629373,11.335850255492286,73.82586162118507,1.0282961902438894,9.768279233525103,68.2145728127826,0.9822197763334124,15.609998514716693,67.24791139005308,0.9891728084088236,9.254459964563127,69.85607219678022
1911,49.98955961887985,38.260584407192795,0.06775959529051168,0,1.0080578412486305,8.042544109273033,69.15937372346754,1.01485425862057,9.682587404934234,72.86640970696418,1.0027994689623614,14.002198249813176,67.05621421756993,0.9904365530745219,10.448692683463474,66.47288530081187,0.9548557412245487,8.448155402864257,71.49024970307862,0.9993793481565355,9.066870096721296,72.14580952467853
1912,50.0357645147481,20.99571003511975,1.6417824461388746,0,1.0268623109780266,8.324136867569171,69.09812307182486,1.0280830591324435,10.330389353245371,72.02207858421384,0.9898759410568962,8.56130419425005,68.42120003425306,0.9782040137287117,10.565812802231854,71.5618578509157,1.0113261944712852,5.490168494488231,71.70315384335989,0.9566404265550127,6.498054207490604,69.70350323727119
1913,50.03280310243252,30.67756439897316,1.538268087679504,0,0.9969964999203276,10.083586435814984,69.79082117784905,1.0346695628061755,13.108158328301696,69.31446592858354,1.010698197142274,7.675553725579568,66.89437203669378,0.962122517923813,8.310424606280645,70.00961467785825,1.0136681556806728,9.663778800680598,70.19693543312715,0.99186556010577,11.117906805702917,72.55485532376463
1914,50.005592522272195,23.021299429631775,0.5309943624012152,0,1.0070311421239553,6.373754676258283,65.35440098380866,0.994712048902981,8.443491003710628,66.33162208142913,1.026155803796992,9.535845552514777,69.7606271637845,0.988536334094261,10.83907257323152,71.26876046006147,0.9699873648109907,10.34162143883864,68.81266727506359,0.9683217679530665,8.222525219569116,67.41184350354202
1915,50.01669748502445,30.705546671162267,0.31278416003164944,0,1.0095160121568731,10.430656988091963,71.9682827806539,1.015144992569357,11.70433867916659,70.51572504634107,1.0146764071488585,9.548435436591578,69.06706435405266,1.0087191956943908,8.722096367389536,68.64290948471155,0.9871057363028116,12.328225737259155,70.07256733627926,0.96213559701939,11.989754769307396,70.85396950894221
1916,50.02440493978829,28.687388534920927,0.7238544336699777,0,1.012846042919876,12.145302422962052,70.99114790391491,0.994692116633993,11.382395608798438,70.73629155717225,0.9949939710094815,10.190990544289479,70.62993710780383,0.9749277824293978,6.883351392219717,73.60096337430056,0.973727191090495,11.914409226024922,69.87478362552042,0.9820079627389489,13.55069770057602,69.91012078669674
1917,50.01930850467821,26.839022706051495,0.7002800826855735,0,1.0185479180211179,10.962734785202782,71.98381512062812,0.987591495196966,9.632815075630596,70.63929228231889,1.0217333387728071,9.212290249294199,66.91954777532355,1.0217267295896415,11.210639699084561,69.93186483855656,1.0014898573662163,11.42430272817337,67.02897180016707,0.9639973023150419,8.531597212160056,73.63283559046093
1918,50.04134035804834,36.71099531363151,1.5764928523534072,0,0.9794879657575463,11.13753938884204,70.88764771630152,0.99431762663956,7.985298151432577,67.91326058902618,0.9950953958193143,10.787346307658057,72.7206584635681,0.978149901159857,11.514223661795828,68.34041255131254,1.0040262362149022,10.239352467588525,68.54059757376227,0.9580281688434356,14.779859125832933,68.68922243480031
1919,50.014022669413635,22.565158306954793,1.530545139428887,0,1.0202608723524962,8.387637835389816,70.58148809723649,0.9915031142775835,11.05575965121627,71.84339777394102,1.0446465073248825,7.99221502499625,72.65640888119987,1.0073125920557149,7.771206985364438,68.75578469170593,1.0055494376415997,7.477056203582391,66.50325606708913,0.9781688974158987,10.034042800841268,66.47426835006473
1920,50.01192898612499,32.932941235482986,0.38436759678742316,0,0.9822232285069358,10.341299347030391,70.06697207884179,1.0037357764884487,8.13458220751035,69.76262037150991,1.0031488874790842,9.703029724241725,70.68625358733658,0.9922283768138159,13.918941823148717,69.47037945419608,0.9995678637137233,8.045532060110387,72.59516805817073,1.0321766370633139,7.9301630456026295,66.57110189994317
1921,50.00127189058908,30.69572412059022,0.696095939692605,0,0.9914270092859298,11.648904898494925,68.54310806395365,1.0050417408782955,9.983416028364314,68.93679805174234,1.032740371418791,14.37507202094608,69.06230455320863,1.032583221360875,15.617890335758561,70.92586404717376,0.9783853002778601,10.213941191628523,67.80792851647452,1.0280238538482844,12.837676965878327,69.00623536859156
1922,50.053868703253386,32.21075903240268,0.6490215373041994,0,1.0075495664421659,8.499870251972654,71.40352301236064,1.0496752026269875,9.92086767185257,66.56104686987985,1.0011470442972432,9.254341569851332,68.09361567743694,0.9948198893116658,7.582873654233597,70.04864169469299,1.0251005453569983,13.091525169849058,67.23360587211685,0.998855452262222,8.389799231875047,64.22064652817919
1923,50.035740126222066,27.23623560745331,0.30112643891099067,0,0.9796836522321687,11.26445918776908,71.88931211819231,0.9982029397148056,10.639433386489857,70.52795862350422,0.9875185196820334,10.735602072645452,65.7064862886726,0.997084492949944,10.422052648376365,71.50067996998747,0.9821430454275444,9.943570516303161,70.16828110321389,0.9892811810591795,8.706642517425049,66.91528147887054
1924,50.01455992194018,21.42314897847398,1.38298099033759,0,0.9774357072577836,10.932647766687193,69.28228033619366,1.0025579970558505,10.421536357855109,68.44668230370407,1.0175232204896705,7.706303603853945,68.58361315941309,1.0152905222119701,10.492183002137589,69.00860448119218,1.0081399022675153,12.40797177888425,69.61556875651527,0.9861144089003194,7.306515176732689,66.3133354238881
1925,50.02527156504291,34.36429765841831,1.1444285886104097,0,1.0138902116661082,8.983405015891773,74.09069045796858,0.991790562601837,8.831669744487264,68.24346709674687,1.011821338093158,9.344772213701463,69.52127713382525,0.9990993940512138,8.07961245473134,68.75837555299213,0.962979881656322,8.611104805092639,69.20415737583362,1.0076366116997617,10.84686628042802,70.08679061762392
1926,50.01013269597473,20.90034328755889,0.18749653562059931,0,0.9834135415829787,9.478532576205202,70.62242300744587,0.9818695671340576,10.456902659229891,68.88251251126385,0.9858808011225367,7.8718796404217795,68.73827077281565,1.0225433812009366,11.290895418016952,68.86437331626033,0.9865405016056041,11.45285446867543,68.2010775921309,0.994537654370322,12.352189619346737,66.7439614645161
1927,50.0341115489064,38.97958029373764,1.2782308625928387,0,0.9877727814899304,10.695673005485412,68.38252518954438,0.9698795299787537,8.975704045337414,66.90509466192854,0.9772274666980756,9.955025208797121,66.59223771523489,0.9597180874045587,14.064643272329999,69.02996379964708,1.0139716809338062,8.288582494102409,69.96177383638259,0.9947133953742678,8.53919847607822,68.26126927002947
1928,50.01715805138858,23.24973446113612,1.6034818657961667,0,0.9934113959740489,6.955253480698094,69.04905159812368,1.0095279904504741,8.882242473513111,69.75835227646192,0.9773823418260954,13.493072635551243,69.05618190456346,0.9760868838079317,13.876215476493137,71.95539642614798,1.0170575536046151,8.323036557480123,67.41383821831309,0.9682862689952735,13.156024004567046,67.60079501511656
1929,50.02921691613152,31.37639544245843,1.800188868732314,0,0.9834373679529472,2.878290637795181,71.94510021156007,1.0084211800840548,11.156844515316816,65.51738715593348,1.010594735369087,8.420808126877132,70.2760375268115,1.0101338494204892,9.420049958617648,71.61265300941399,0.989000586521599,7.463078892472149,71.40932480991488,0.9771202772035114,6.566723739346331,70.58944021203042
1930,49.987129517939636,21.866520579328526,0.3495314973137067,0,1.0243567933248912,9.353346185847593,68.29475019974535,1.0177170130997908,13.911892254959673,68.33207796937286,0.9731915956307559,6.406174262080903,69.30508310619703,1.0408984276707505,10.2366831987329,72.62583719451126,0.9618020663442819,6.207703321428064,70.4991026411399,1.0110859811690414,7.586392866447548,69.70387359887451
1931,50.00578032412285,23.155387232872904,1.6800671503432676,0,1.0124036058611068,9.758059054820468,68.90667136623297,0.9504272318762511,9.520864754780321,72.59463789241457,1.012264884631699,6.951109742964018,69.58994290570745,0.9982712548006006,8.292675700617789,69.21980328798132,0.9827558647308443,10.298449981643014,67.8079878529132,0.9723842536541655,6.763908535205757,68.60262227320347
1932,50.037262930499786,32.851436580584874,1.3005584865633564,0,0.9940639102179882,4.952671690385066,67.78957625988043,1.004489447519872,7.833990782731482,70.1180434856672,0.9994493056896692,8.53063877624325,67.53215568246978,0.9651260078998115,13.100436191082187,65.4705722643901,0.9993877178693558,8.339647664186348,69.77210250939073,1.019628863377952,10.921565314755089,71.32428304273135
1933,50.04826141398652,33.98078733492002,0.9520572169241572,0,1.0261998326606323,10.514067499619461,67.71908482240914,0.9573926588012931,10.817269353753135,69.62328803868127,1.0061836847005434,10.296440865811824,71.07093346924299,1.028053481404278,8.270052772599763,66.34501796514174,0.9770949970167987,10.06332164495914,70.6444024093419,0.9962867963846778,14.791497447827894,70.88242937867116
1934,50.016032548925985,25.760116460032087,0.1596578819580483,0,0.9703568775345774,9.972005416050916,68.7790329151856,1.0003979531043437,11.727678631475444,70.92422370028717,1.039530759200711,12.07953003734161,69.77784434649473,0.9902860274651715,12.713870553522828,68.13002841186638,1.0179726925328643,8.648275985706693,71.22970029923422,0.9848928167062678,8.641263245361577,72.03512825575729
1935,50.013360561462356,22.499768418713792,0.8052161262731865,0,0.996310958498195,4.4313904763765555,70.1141389466372,1.0174010336805792,11.515258065192809,70.03878702217955,1.0219407131409532,9.715870616264827,73.97569955829802,1.0359777870412925,12.749623609383235,69.82798959250309,1.013093693940196,8.907293059286724,69.9625866932453,1.0279782100840205,9.49237402900862,72.88825734154476
1936,50.01761384727,34.82745421847845,1.5326906557682278,0,1.0509830646858438,9.914336121243501,68.5383251698105,1.0129949643862015,8.50201651574143,65.00006749620512,1.0317621281695744,12.421943557966435,70.53460263415751,0.9858273185542713,12.58294102195135,70.06553852674934,0.9945476062398754,8.393799843454321,65.97671585322745,0.9831702152972301,9.36199949840218,71.46430024700629
1937,49.99366535347648,21.64905375118064,1.8967640572734634,0,0.9652814483279006,9.640634318443274,69.33392507759669,1.0319264011632865,9.84600041363681,70.32816929866937,0.9976528217717308,9.604223531526758,68.9706650696484,0.9835927847663407,14.996651115269982,68.50088349800274,0.9944882093031534,10.19202532327801,69.70337282993358,0.9704048246105638,11.1553007054895,71.20657617174611
1938,50.00086196751096,34.709242660819584,0.5291638598697754,0,1.0173491641375783,11.39158610613579,69.05039469130877,0.9581474018555337,9.358041700215631,71.57990389996189,1.0124551022852661,10.026084237972492,66.39028330313374,0.9863046479047696,7.938304648788818,69.04651285970951,1.007835374797208,9.379941961039764,72.80080871438034,1.0281311664851844,6.892382761026832,68.19133757763669
1939,49.98916796128896,32.38524900471624,1.5966988923554837,0,0.9750028735520856,11.284748494066143,68.88749257565263,1.0402485465357747,14.261855731574926,71.48448300584577,1.0015679230383498,11.957599685256142,67.68933441923343,1.0131008171249174,12.024407114285147,67.45508905622594,0.9928756514782436,10.696079558603053,71.2135932989418,0.9786591029165229,9.862841759733891,66.20559527347038
1940,50.00890604024621,37.35130587013467,0.6782386496596635,0,0.9976856584398708,7.927780011953949,71.2582003260838,0.9847656810190109,5.88855848826966,69.71413372273685,1.0290345196163715,10.124675268206891,70.56978324468915,1.0238450338350777,8.831833659345355,69.03814701252638,0.9644052356258559,9.552421733534388,71.16326101709436,1.0107077110882159,11.56492916038389,71.63195086175685
1941,50.01403591947509,27.20635384812008,0.3384731715320721,0,0.9715983894725823,10.99999329221864,69.54619547474692,0.9799556248337481,11.113185778479885,68.76320407767726,0.9784107705000186,7.5550840852438235,68.05685961024186,0.9840541744899026,14.59940274242939,65.7270150701146,0.989922022823059,11.133445972418967,68.72881029441882,1.0119669830450588,14.081353237071955,70.59641510346268
1942,50.03637294384726,27.03602282088944,1.2302880824441311,0,1.0172751956117378,11.344046464765066,69.89932759649966,1.0055410518698011,9.04999809811297,67.07454348599187,1.042034880719488,10.120186817593341,70.42035098518265,0.997122820686481,13.601495768835079,71.20091916924983,0.9517497708567414,9.582856626575127,70.35487467853413,1.0299973547101027,8.521973033450834,67.37153791244566
1943,50.04675515814323,24.282053015727797,1.906580063019938,0,0.9750838529555882,12.674955303735087,72.3004134886027,0.9887380360747762,11.726578062920156,72.22296382604883,1.006635877086464,12.769639288873236,68.9720053840008,0.9729439048818885,13.382647368795048,67.2805310112435,1.007123528152072,9.612335577683762,69.13941295708439,1.006928674755889,12.252788168614918,72.18246466762677
1944,50.04361366294918,38.31534359511309,1.4243137928592002,0,1.0125457410392191,9.48864425192755,67.93238185044902,1.0032212712355075,11.033370999987794,67.74745531696242,1.0152974790650227,9.70684141687047,69.22927607109952,0.9725543276791051,8.730386448276946,67.7940253280216,1.0110332298751077,7.579370053685743,69.83330561216678,1.0323290745780527,9.942391246475358,71.03132276133746
1945,50.01793759023579,32.4950565881483,1.7855301366419936,0,0.9905284190783537,9.72369779919886,69.32481302368019,1.0054161817921803,9.681832997688426,68.50054941039443,0.9882150337564851,9.921670994034635,67.03323714336506,1.0180734149355841,8.11872919181636,70.41592976827515,0.9677864889891336,11.808316215078138,68.58605978542842,1.0082280574019615,12.026561976864397,69.29037818773126
1946,50.03621269849983,39.00758112271848,1.4100964147787174,0,1.0001084861917742,11.868054550794094,69.66785988848488,0.9807056529861176,6.3554061891676845,71.96727562584213,0.974531470732713,11.965891030717863,70.45102607120506,0.9885120587201021,11.029080495058153,67.5415986442978,1.039019817703511,12.46335116308109,69.20986728708321,0.9753918665000529,9.744104787142408,68.2411498268907
1947,50.02502830343332,34.24127702046279,1.6413852251976306,0,1.0545115332552515,9.009601926500178,68.31516518582903,1.0338713162306752,9.615849650233187,69.50835521528813,0.9895160714778615,8.209002825083292,72.3857664387268,0.9888733178513444,10.435594329232893,70.2434383498732,1.0215777655849028,11.145938540399053,67.61237822114559,1.0104196800097491,8.309239795505023,71.70629531042266
1948,50.01338778405242,38.510364250817254,1.9682608031035245,0,1.0168696874379495,14.139538219074982,68.41604952991919,1.0034937355321099,13.891835796452707,69.25276914998587,1.0149917800087256,10.472219040939315,67.56667442213458,1.0090632320076665,7.976347675522863,69.09105270586146,0.9945488791995384,12.112347111846903,65.02444478913323,0.9917700161754279,9.046739286741014,69.71845980922919
1949,50.02266424408071,27.406082619376534,1.9195798067809566,0,1.0281422150099604,9.285839164126868,69.05591724544573,1.0289374264442692,9.775888369799638,71.13323037632482,1.0114517328345585,7.484473158380897,67.37581551666983,1.0327558718582477,7.157635929106789,71.38964745919814,1.026728644203782,6.015561145338858,71.96792356090029,1.0264744921792603,15.535736811884272,71.59734828734696
1950,50.028687674271694,33.37334129058016,1.4241299567729133,0,0.9940521156999,12.357399082578599,67.13199475490931,0.9967474229955333,7.019915145890698,72.26119359976724,1.0147687122104856,8.773190775254847,69.14665182715203,1.0006828126116376,13.097401780957957,69.25637136411288,0.9725044254794522,9.279661831325411,71.00005075628144,0.9708917958783666,11.150685722862388,69.95656413089192
1951,50.04651119557757,29.379170146068596,0.8667149995871337,0,0.9960127552147421,11.934823499089772,71.16844845746903,1.015041741892855,7.834225959278226,70.89773741303065,0.9592555685685581,8.40125714861357,66.73234295773739,0.9566668344334027,7.100138904062172,65.83129385244813,0.9873872487443841,12.186087789459197,67.33000349320484,1.0064123119226147,7.39064758396356,66.65269438269006
1952,50.02207150702265,37.34827063784548,0.545103598642728,0,1.0267396458039997,5.198641367832288,72.17076016618975,0.9536674168912022,10.61558100876152,73.36312599750518,0.9917298677768621,8.01467147423196,69.13021155623652,1.0183164524771073,11.705677539066485,65.60817625928479,0.9838737661457877,8.850075327289476,68.22740333816331,0.9967393226354482,10.684723884812893,65.07978232445929
1953,50.03487392439093,37.52754472303276,1.0904031094098612,0,0.9775010703714724,12.145005318418473,69.66245349950259,0.9809985675423007,5.728597150872741,66.78119385790295,0.9701218337285732,10.860755978604132,70.91400217081865,0.9724556728619462,13.344508856144326,71.80746892107516,1.0003015302128384,9.839845457178074,70.11305335942694,0.9787400128466573,11.432462520833772,70.3516858536426
1954,50.00672562425553,35.925867263969735,0.6563851657027993,0,0.9907665181866236,10.276059703279321,70.14373463317743,1.017515139198614,8.291627535602668,72.84107833835628,1.0029679931758517,10.05180503460148,71.55006673362864,0.9982906872044282,12.775195062477987,70.24069824605851,1.0370664308716449,9.58801639747283,71.75637807786018,1.0242383534014583,10.19994529524092,67.58609710088844
1955,50.06437437048351,31.307242326705776,1.8711634306967657,0,1.0121369411983878,7.965104198691073,68.81682530914772,1.0050664913364926,14.276249814739856,70.21001261255917,1.036200380496133,12.401301441155237,70.76695743731432,1.0307207523848971,11.476940941264264,71.05005145801086,0.9615836089003983,9.401594210805996,67.463185159585,0.9877830440677889,9.210504649621654,70.9524307269689
1956,50.04436425693785,32.26222011888421,1.4217538829744152,0,0.9661231108832153,9.114406640136849,72.55086964076507,0.9990889167923207,5.916254126935673,66.50472632597267,0.9832981738265795,10.96526694609334,69.88132708068584,1.0101435909876,9.06104295614023,67.61334546057755,1.0156551288878253,7.351962334298931,73.39353710083604,1.005345123044266,10.412762105254435,69.53605875247064
1957,50.01671384646083,29.074678294085217,0.9314003588715285,0,1.0195681162321495,8.21842652221257,69.9009758070665,1.0169380140270705,10.54629108530978,69.22133850595574,0.9831463210416617,10.282215649222248,66.30245762637142,1.0121187418410373,8.990482997361394,67.21997955543236,1.0046744711419662,10.742094689579137,69.5741465124242,0.9955935153880802,8.841665667341836,67.29632613402478
1958,50.00984725937149,28.564230423501318,1.509388639105099,0,1.0269028611528097,12.472990036256455,68.94705124388506,0.9797833315049458,10.828451911036728,71.43425417249082,0.9558652679816649,11.885193957761865,68.90221886656917,1.0127619648245525,11.074403240084916,70.47229496871539,0.9976650296578604,6.194591678608545,69.45229261477438,1.0200676515987024,9.463003316357282,64.93156484317487
1959,50.03923537482689,35.760325663805354,0.3382204901161583,0,1.013351432663318,11.120992945437827,68.40103258385626,0.9857904864201004,12.05253145295825,70.19836044388813,0.9874668860771816,12.538853063289388,68.83992346487771,0.959656388207727,10.084832668126882,71.02027595519588,0.9855521506297381,7.620565665100296,69.17024830345186,1.0078442308275015,9.46628654000363,67.62088933384337
1960,50.05392762640336,24.378852840173938,1.8664963583807204,0,0.9839310459357776,10.375353551604862,67.63529532352707,0.9714643488818753,7.719059337092103,68.02854209685407,1.008827447622621,8.76221713697542,66.64649271120037,1.0202870508996615,8.189535935562164,71.4833072371098,1.0034652379868878,9.785118748483196,73.66626538827519,0.9797401582928329,9.379569303874886,72.05938695999788
1961,50.05881486994625,23.721846642455017,0.13110048281378828,0,0.9879231674119549,12.735417701190634,68.51126318993035,0.9904784343237845,9.893637242392897,70.02976540143092,0.9995771487314643,11.378038142191462,71.89987016912322,1.0321235749506195,6.373372019284048,68.85349687954505,0.9868084527545294,9.575136185298357,69.04468174044204,1.0216651741007428,10.517591533847172,72.78668901387088
1962,50.04518799187986,36.6944438993166,0.4748667291591,0,1.006878326779222,10.565570952602503,70.80924194160951,0.9657957729336781,7.540730734348763,69.11894124534332,0.9961884791375728,9.314671498869336,69.07570312692306,1.008194191692736,14.86703716138695,69.40253112475854,0.9980047123356098,9.429524214063804,69.63020624281371,0.9887087760916635,10.708423682829133,66.68835314854397
1963,49.96302899086241,24.995401673811052,1.4121901636907312,0,0.982816251826081,11.356753307315918,68.4245625697841,1.020933736587605,10.384809842072142,70.9994030312829,1.0240181499430945,7.697358489734654,69.85958697974215,1.0319554322166549,12.092602032062945,67.82907856240736,0.9869100908181816,10.236143304720104,72.9032078559068,0.9775022909359297,8.092213937457757,67.79380721515567
1964,50.03096053610235,34.117330402128566,0.47047310417564203,0,1.0071313624829963,12.738084171320882,67.96222636099206,1.0286391333363853,10.180622250709927,71.77595068928746,0.9749181641448736,9.424447982377028,67.48663459971142,0.9894683295840578,7.562691376484679,69.67858279026778,1.0238146767031948,10.479668439996505,68.25129933231281,0.9709301222116686,11.741171761754691,70.75884116659755
1965,50.04856440437936,31.63435396937231,1.2709668663549212,0,1.000642303966378,6.6928487075792455,70.55179739576545,0.9821954318581079,8.181955300580048,71.63753812828665,0.9717246236288271,12.965259040255827,70.17985567359783,1.017051418405264,9.602967156665038,69.17269449094425,0.9992466990700222,13.066137062399143,71.45822651337926,1.0260753540681598,11.43311141148374,66.00643508425023
1966,50.04459305229997,31.04276090329771,0.38597787931557126,0,0.9950259369769637,8.666383190913342,66.79504480757156,1.024917271042491,8.13758466028901,66.55547267431612,1.0116413163809694,7.388931979255913,71.33390524555699,0.9936273482526875,9.911812726211929,67.70850860642919,1.0055982513094361,9.283058402817101,71.54188490280802,0.9861931397495356,7.540034526108162,67.48496144257449
1967,50.00514811723805,20.325551530696572,1.0393957012516066,0,0.999356681285542,8.599709189278906,70.57244647354182,0.9976767839523021,4.678381991135901,68.65393957973193,1.0076471550032624,11.250616999789564,70.7426908023221,0.9770439512823302,7.730826047935647,68.49098379855013,1.0293953064422965,13.442173518481091,70.13875714890298,0.9997382467679312,10.258532101254776,64.6445896093708
1968,50.034035280351986,36.43338500392022,1.7953576426594737,0,1.0180309479795564,10.34562284950159,72.09472427890843,1.0222835747282597,12.700047640560076,69.5609493323624,1.0170180100935282,9.055714971902013,65.22951401694169,0.9803497070016308,8.917847213221863,67.67605011862253,0.9778814768332972,6.9707038374088865,70.81916273565834,0.9540116560743375,9.219389494747402,70.03396233469712
1969,49.99340547242626,36.70373782364298,0.7715502400870753,0,0.964042007144888,8.776239284677976,69.28379717773002,0.9827350839352721,7.022707719731219,69.06818960164226,0.998900355492836,5.548970569104459,71.55297650443222,0.9973994604584878,12.03577762904551,68.20892116485521,1.032636071394448,11.11054528637613,72.36968660085941,1.0142969987366404,11.630072343312298,68.03604983576773
1970,50.0393414916575,34.453880915199406,0.26957979123064546,0,0.9958644204615941,10.99322965572699,69.25976107601423,0.9904432099344237,15.188818471911052,69.99540237302033,0.9706961084099809,6.992518453506167,67.89161899374645,1.0030493872235902,10.644019568453105,70.05764317434202,1.0431566277256403,12.015995909869961,68.02932680000436,1.0077348096039234,8.125767495584356,66.45331002542513
1971,50.042096195702015,30.41642172878356,0.4305457625144047,0,0.9823785073273802,10.719767161473058,68.46040500603218,0.9946740304003876,9.226373958103283,68.12974413280666,1.0495072216541035,9.380380574646315,73.09562987399198,0.984473850327421,6.71916963285134,69.95788192413357,1.0043230751205618,9.782506918158665,67.35852978187292,1.0209714325321486,7.6279376437314745,72.11453959553549
1972,50.05312453537224,32.79957915012166,1.4457639409851388,0,1.0123550251512257,9.720520787757962,69.70692900866916,0.9681683401033215,12.952472402988615,71.78438027023495,1.0252670549578278,9.786295506684473,70.26372893625681,1.020795381041931,12.236001957409645,71.97431362019519,0.9737614732252429,11.862011285143627,70.45731761275492,1.0053016563474109,10.63582767310149,69.63156238560668
1973,50.037564795186896,31.20736292570855,1.0971057354005957,0,0.9980080236551585,9.89186764293114,67.55475556090704,1.019783675449505,7.31611974091304,69.65681467752081,0.9943332655538711,8.696147528234498,69.20684719701671,1.001554273411095,12.654500072736425,68.41683306223638,0.9858115804418963,11.245767498914482,69.11763604031434,1.0141604703494147,10.025112475380167,70.22608598581432
1974,50.034452085537936,23.569894191518248,1.484985267217601,0,0.998617906612494,5.842268097638265,69.25322891287676,1.0166297266753535,8.780364584504452,71.84935376692664,1.021466547146898,9.969942050973678,71.04125373429157,1.0049462549765387,8.817902811679446,71.11092814391299,1.0057990896726678,13.331124190686964,69.135874774556,1.0121802005896852,5.976777951172795,68.46169265554568
1975,50.03505416482915,26.93872758072851,0.11051559442222825,0,0.9980541474997338,7.615274761406969,72.3394073322781,0.999332102655249,10.395114755436209,69.83071071598286,1.012404081224436,8.90856450450509,69.65983327372875,0.9985899225471832,8.835371060851173,71.33776754841037,0.9874720465828632,9.44862885526598,68.25774079397753,1.0036297305327946,9.076826172989264,72.91474953096215
1976,50.03109808458549,25.449908419642032,1.2892844140441764,0,1.0235316799999477,10.751769739132257,71.09494798532143,1.020306260665999,12.992965188143064,70.07076198910597,1.0037838840808924,8.732594506792667,67.43030068956963,1.0287815257074557,7.5951800749853575,66.4440098589853,0.9715755820807294,11.92384249148293,68.08925856048737,1.0040679349529857,7.102497953955766,68.12505740213977
1977,50.040368576091296,28.915631814500074,1.1499244461706195,0,1.0153590770218417,6.962571024749271,68.1434192121217,1.025113675460499,5.5585622966189705,71.28186483233203,1.0161337447243282,7.283642691014716,68.07135972893252,1.0408638015159946,9.508348252577361,67.39234271789928,0.9989870693520042,10.612484753271431,69.59823560183618,0.9884743059482558,8.753453405606397,67.58067246651866
1978,50.05288838864461,39.12560141114808,1.8121034538349903,0,1.0125887697808011,8.225623388624692,68.37642585300331,1.0042210407622558,8.256901608730626,70.19517787571786,0.9783578674070207,12.753521781566706,73.35680378222426,1.0017677247912196,5.194829528852282,69.07663617588591,1.0006316415151988,7.029505935533634,67.37853787125415,0.9967826944412359,6.6724131015372325,64.793318693731
1979,50.03750854178451,23.19016426102154,0.37454528872568904,0,1.0038474990712316,11.577910418753,67.37548025509771,1.009533983234104,7.519761912939376,72.13463145433367,1.01552950893784,9.985320533285892,70.81148509247168,0.9689677004126979,5.671691955694403,73.21577127068566,0.9999878562255549,9.706613026832349,70.15981026033259,1.0006758115801822,13.662496724423434,70.9654526770209
1980,50.049997797554795,35.85740342192411,1.7238568206225302,0,0.9781674061566082,8.09728689829899,68.66241291569436,0.9858380727248448,13.7071991353818,73.08975310083481,1.0263592714501872,9.704860754227065,71.47484203507611,1.0035160023479777,8.946122706606927,68.02134990730133,1.010268033630121,10.444037655267811,73.28981675406486,1.0070502601585525,10.20336153459319,69.19496691401764
1981,50.027557414734204,37.925294895517865,1.4714354092324882,0,0.9852697047383667,7.290585127183405,70.18909261487036,0.9909850894296178,9.58711759171776,70.72904037932008,0.9966688017244574,7.85496860000793,70.08234388846319,1.030049881036978,12.017792341913324,70.50377755049806,0.9919760107719044,11.617099395736732,70.93561146393141,0.9991786221056992,12.67393632874027,69.44515444103043
1982,50.09655355386105,27.435910007117055,1.805802515068627,0,1.0071353738437503,12.115010708574559,73.62013387859326,1.0045366195829104,7.93372589114769,65.07892702176004,0.98507082375821,9.731693372236075,68.07748794383217,0.98827623467863,15.932890372681532,67.97506043246207,1.0150962948241005,14.27438058405453,68.09227270413913,0.992792586233893,9.17085345537499,70.64366980826492
1983,50.04361863432867,22.367501098704487,0.775845573704061,0,1.0136933805616177,6.726866907088661,71.35752455705342,1.0165138499154385,7.418716348236926,67.95583698280964,1.0144494937120456,9.903973457340888,68.8813788760818,1.0152186601476323,8.209698830793918,74.07870895305629,0.9674840129747404,12.069969201349243,68.38054434140186,0.9586665740405624,11.6730086857267,67.75477921887885
1984,50.01176580376222,30.973662861063232,0.4015109422010805,0,1.058450970085397,9.097934859905246,70.375785670117,0.9951532295565266,11.462330888901601,68.8738030539427,1.0052062611930017,12.424341860915854,70.29245426158006,0.9797850885227265,7.5804951442557,69.96853936996226,0.9944320569094316,8.55589915556006,70.27897552937614,1.0074322690589221,6.266555503153754,69.39306982455895
1985,50.02883823940332,20.44734529529347,1.4294139540492747,0,1.0129714094415727,12.096809701675971,69.06163356669454,1.0072531749914138,8.694254054939604,70.2807302213255,1.0271972350544354,10.462680387022719,69.33334738577403,1.0009895284523074,7.913275439805841,68.71138947945886,0.9785954231276826,11.100834817074688,70.38286876896683,0.9982658250292494,7.227673192087771,74.3601125449011
1986,50.012598693920545,30.737026875169647,0.1053512067334399,0,0.9993987235373593,9.180220771967914,71.23690449186208,0.9791056378856147,8.720751790822577,67.33304338724099,1.0339302734340865,11.262281253677289,68.69038715951186,0.9982092049867837,8.308398498037944,69.18872869000985,0.9739124280030855,8.45153111612138,68.22466995443368,0.9904859702479225,13.304325369562319,69.62689512817335
1987,50.04270993168769,38.15517388419849,0.09179095687455607,0,0.9562975654778813,7.429425901821313,74.67892220745331,0.9866485980253081,6.038320705514161,72.45838402914053,1.000466968489436,7.718027839989414,69.10633471592419,0.9925755933746583,7.50780982265565,71.39384668105376,0.9911114215999357,8.543658236780018,69.58008054588015,1.004475163154965,9.937810468062791,72.64450866839293
1988,50.01953202235008,35.12292892148278,1.0332622425116804,0,1.0006935081787733,12.698457268163024,68.32250860729575,1.0168105834440622,8.036935751455289,71.33029642141685,0.9741311756232813,11.088509565957782,69.59776560497401,0.9867461829640541,11.702771681692143,69.60671346854933,1.023208392643374,12.400645121690482,68.75961977138797,1.0057179533146723,11.107618911290972,68.68080969517644
1989,50.038289174823014,30.594324174112174,0.6895488202442697,0,1.0056885538895606,11.727648406622066,74.98928683050092,0.9826502265674666,8.851378907383058,72.48134926723507,1.0074537473157952,10.344073056848426,71.26915693608295,1.0043644214335605,4.280846584107584,68.83690255909728,1.0248161087444727,15.20324282862286,70.39760331567753,0.9762569438928838,10.135473388788533,71.54702639756613
1990,50.027578793079456,35.4046793978579,0.6748259167274564,0,0.9991041847459398,11.544971712550325,66.57918100465662,0.987130566474415,11.088887746528947,68.7395791405725,1.0127109311916833,10.513996366936805,69.41860512701068,0.9798313118188974,11.697126607409071,70.89633567405353,0.9649273091469743,9.257205208035648,70.55110095510187,1.0140550923475704,13.712526996353304,70.34460827038849
1991,50.04089071332948,34.94143421355918,1.95741376668774,0,1.0184247739899728,5.646183411631881,67.42519015191297,1.0028405746612994,10.684067327216061,68.14520698852421,1.005721273198176,9.348157648864582,66.9684384809226,1.0059101438325146,8.763122849932097,70.88718656047544,0.9751584229710643,12.445708388247066,69.9790046274874,0.9707712526533634,9.535646109350202,69.64204351592426
1992,50.02822625208944,34.87943496117689,0.47897165823016685,0,1.002136092298034,5.826727877820214,73.20560232920856,1.0127021572005646,7.975952659494096,71.0077412149469,1.014763465243649,11.367120810885131,70.23102697956331,0.9862943464175064,9.816011232601728,71.05352292236479,0.9936568908549516,7.5602422072026565,70.22155888871426,1.0092215645016718,7.297560275583605,71.6435832872727
1993,50.06463712978718,26.59117260957604,1.293981098416985,0,1.008556185830399,7.24313532890532,70.90663326248087,1.0299758361051445,10.267059819113475,68.09193954774109,0.966633741696909,8.04774164845494,74.7419422951966,1.0061876224696593,8.774093685441802,65.57783731972975,0.9912222249835718,7.236551870590385,71.62648314225287,1.0249604143807043,10.645792086824814,68.57749242771395
1994,50.061540730036796,30.91128323345511,1.9139277977361546,0,1.0069996043866596,9.074900731248919,67.20185535480542,0.9854833123569049,12.104449572062723,70.40110463206935,0.9897078557401113,10.410523550140619,71.08405854156162,0.9864623892318829,8.550786511948843,73.0933824284126,1.0089540854532582,8.918810799636727,69.32280648867831,1.0073455142770578,9.80740516271262,71.77573349484027
1995,49.99738509522077,24.693803436289514,1.2819820923927103,0,1.011822160963847,9.44712640158271,67.24910869445796,1.017404469019694,11.113709618150532,69.29035052251139,1.0237912657124026,5.6429051003226505,71.62212286942516,0.9877138309958203,9.226386443750307,70.7849381081802,0.9669418593612508,5.9729286158487,68.48272800483431,1.0061806764887342,14.37901920014184,73.67701331752262
1996,50.03631585090737,27.36888524086759,1.9823628956802832,0,1.0167636450464117,10.684498318674972,69.59283160777485,1.006996248194854,11.352321450872704,70.82150446919714,0.9970966016300352,9.381092881451409,68.78452626447967,0.9906028061280947,12.144920734703994,70.54738776754083,0.9840873421468388,9.60258687130604,67.82685830591991,1.0246627609521066,9.100972724226317,72.41734358987259
1997,50.05831954352482,21.042977928341003,0.5970599560167651,0,0.9867349411000265,10.88725907184157,68.11114669855968,0.9868074563351282,8.728121628433627,66.13138161364466,0.9635555744130144,8.60562026658042,67.65193279821669,0.972482174175607,4.943352860015277,67.3943643618563,0.9886538831343316,10.892127316663766,68.64844890370023,1.001204198463469,9.618528653998887,68.41579338972187
1998,50.02123619618678,35.35891591461029,0.35928835228217815,0,0.9841897298365866,7.983693975383938,71.46475673310955,0.9928245669149042,12.474765766446136,66.6731544259511,0.9960323464120627,9.93262951549466,67.86035265796603,0.9918300373804592,12.616611055353518,67.57937226498181,1.0413710656292559,8.302846816515347,71.53468626746943,0.9809340234592954,11.177778343138415,69.16326984170293
1999,50.0537558165587,23.738332396224877,1.7187639901013594,0,0.9823054859191788,7.112288771713486,69.04150366801713,1.0103286161654694,9.791932939941727,71.38167406142806,1.006767859882745,10.034848069756716,69.73232637845676,1.0123638063369222,10.339771697947857,66.5864748708912,0.9761532454121588,6.887905606971682,69.14213661860809,1.05884560960421,10.269079219435861,68.89265183805877
