Bus1_Vmag,Bus1_Vang,Bus1_P,Bus1_Q,Bus1_f,Bus1_Imag,Bus2_Vmag,Bus2_Vang,Bus2_P,Bus2_Q,Bus2_f,Bus2_Imag,Bus3_Vmag,Bus3_Vang,Bus3_P,Bus3_Q,Bus3_f,Bus3_Imag,Bus4_Vmag,Bus4_Vang,Bus4_P,Bus4_Q,Bus4_f,Bus4_Imag,Bus5_Vmag,Bus5_Vang,Bus5_P,Bus5_Q,Bus5_f,Bus5_Imag,Bus6_Vmag,Bus6_Vang,Bus6_P,Bus6_Q,Bus6_f,Bus6_Imag,Bus7_Vmag,Bus7_Vang,Bus7_P,Bus7_Q,Bus7_f,Bus7_Imag,Bus8_Vmag,Bus8_Vang,Bus8_P,Bus8_Q,Bus8_f,Bus8_Imag,Bus9_Vmag,Bus9_Vang,Bus9_P,Bus9_Q,Bus9_f,Bus9_Imag
228.98320072208028,-1.7855872062204736,57.81644971369213,7.326104945225827,49.98522948545522,101.22375967978058,230.85304044301526,0.9401701673510243,56.329819738984334,8.302029219231592,49.91802764568344,107.86595046020656,234.3254032350319,1.7740676999564537,45.219854870247346,12.090994318028878,50.01464024025311,99.41432211987009,233.16432921097345,-2.9207323576792685,42.20541909971585,9.675627103272022,50.06477156171559,96.56661137033689,233.9612409824901,1.083214946673057,39.90476102302755,11.229910440378685,50.01856455420118,99.97020452466954,231.49881235486316,-2.8006393792562667,47.99601590472658,13.692376594614029,50.04710256188409,102.31995918705056,229.5280273077115,-8.596198492688218,42.75776842446572,11.314276928055579,49.93530530387361,99.30797033699751,230.87977215036838,-1.4215612524948442,52.222036059105875,10.986462867071321,49.990704154523094,98.85761051851941,231.02699580584596,-5.858064576607979,52.59004191997822,11.684778680407174,50.06222890669125,98.85744490492887
225.97653877466234,1.0821114086998227,38.01555451210233,10.440006435773565,50.07867459950445,98.05746992070902,232.72234510171484,2.587694665035494,50.899997286950985,10.363867604698182,50.019748941363886,96.80202132706361,228.21000042979645,4.963058547558688,48.793818376314405,9.34234923834159,49.96308864773571,98.39205130201111,230.78713306065674,-11.793055528267939,40.537220132838456,6.052329871196257,50.01736105088661,98.20931075219316,230.98625891681982,-0.674613284596804,52.457455411690184,10.137791788969784,50.06418589642405,94.66843623552606,231.94412256728629,2.7021259036078367,46.61459265511326,9.642737274240945,49.96285640737774,95.13350989121864,228.34020925143454,0.050890259148116894,46.37130702754799,12.249998070516103,49.935372633113765,112.20690609902368,229.74274713900843,0.2667174476089837,47.191828881644284,12.331295507471784,49.95507796210495,103.46084515606422,231.3294247672656,10.099520189124778,50.86611141487642,9.294512916935687,49.97538640572948,100.64614564911928
228.897685315734,-5.446010545290566,50.94945446399071,10.48185592424994,50.020774565824595,103.04760692590436,229.0202655172647,4.440532463416426,55.513417964913955,9.970133213166681,50.05783553316943,93.15433995918795,231.81010692429732,-5.05150058754693,49.20574606021547,8.6447737331711,50.04872373556911,98.38947238790367,231.44067387925145,-3.4112498111827465,49.32037141175791,10.961446840873762,50.0544576199161,98.36281607689656,229.84884886036198,-5.402185070093112,45.4710776793562,11.162340717607877,50.01527876821457,94.61239156426721,227.3841074527303,9.882427111491586,44.43727206156036,9.847969637411078,50.00460733491443,92.59352860734386,229.23691362127215,-3.4161746913618467,49.56262855453139,8.234620753908935,49.97961645559892,109.01259136339851,232.5605251781423,9.673511315257002,57.75374567766568,9.85618390949877,49.96308176119791,109.14263167541898,225.30806392935997,-4.372414954450036,51.80874219549057,7.828591188278913,49.95969247726968,106.67884803637938
230.1902119943126,-1.5627759782538488,46.17288493719504,5.857838738369399,49.9980963341945,92.75565923489745,227.007547735691,-6.07719990139867,50.60666864161769,8.727074643936236,49.91639039115572,106.23801706988506,229.85150242195763,2.7993587346336617,48.421331725837526,9.248803992235118,50.00362265642539,100.58372206238762,231.07785050305642,7.246058872668067,46.16447261662471,11.367604381148048,50.02642871721776,93.67446006762356,227.71295797426575,-4.533654953228793,50.846883070264,7.810712112734917,49.98377524617987,104.37818526367013,229.79335947922937,-0.7202452666808628,53.70634018872921,10.29883655907775,49.95651313541673,99.6246061344476,227.7748252248821,-1.4528534203707517,47.796238127434826,13.259932484942828,50.07692875433617,103.9634327113011,229.43531367983985,2.0491187185376596,53.62313347830522,9.122997499036277,50.02596415366324,107.27027462330138,229.97381932261342,7.762471233001079,49.393550258950036,11.598597581630893,50.017801463159856,99.36687943107901
222.53964095027118,-2.726453551074042,43.371802234660414,10.897730674639373,49.928714871688996,98.47852627157653,228.54732787681243,-0.7414568746167965,57.73223139178393,8.037266959158254,49.97281310072048,93.79651639920375,228.98387851073437,-0.037572219820961025,50.82184700245004,12.3967157813275,49.92439976984469,100.91122771337496,231.5249408214258,1.9643690088373253,46.35292227982846,9.565665252549017,49.97756891816675,98.12443791339827,231.16385358436787,0.18475875214338602,37.976261962323264,5.286771697770141,50.00246092596661,105.08911475429092,228.34447200611515,5.775333607370115,50.35079426542113,5.633548011430215,50.04217279893974,99.66628008968775,230.0024203503538,10.151694606704071,45.89507517559735,13.718147170737922,49.880105659522,106.66140803938305,232.57036990442626,4.02926994576501,48.15752112069924,9.122975830647874,49.94382324284253,93.03417710451518,231.380864113468,-0.14680749471651974,45.54971109629305,7.924771757858222,50.033753247435484,101.4208180054851
231.80796340316314,4.5423290770237585,45.81680418532502,11.968429350339774,50.03206524631653,101.8105607398855,229.4069102881421,5.646559640841086,59.269755367705095,7.80118342950256,49.892423064527485,92.03324858808215,230.2101721431501,-0.6360376052081456,47.83547246627363,7.715266987370691,49.98867396274537,103.32729420833653,230.46113808257456,10.010176934008237,59.292240214796124,6.831369653931552,49.990854721740256,102.3797302295646,230.27892766928042,1.5790082474752185,49.853644706311385,6.675814800267213,49.99062010400479,96.07913123786783,230.46004730041489,6.135011306691074,47.844090845927084,11.507072605143218,49.94929687768575,102.9407188557657,229.82490913541977,-2.156948866662019,49.14110975369239,14.04283145327866,50.017064014032385,105.36994604791023,230.46211856897585,5.75509236580843,53.84544574379298,9.18588537823578,50.03404766722623,93.89964481877581,225.99789285941762,6.182297734074757,47.2253623455228,6.489073688296395,50.12196687608883,98.48239606847329
228.48849486043753,-2.3252329320859393,49.252156498078214,10.121231639000285,50.08027649316417,101.61192391182074,234.55485614019224,0.30447519714966775,46.586017201960274,10.38990140414537,49.979382987019584,109.75753974408408,228.8610240403966,-6.137368403352378,48.98653750526326,10.38473190087788,49.98699383590918,102.57009947956888,230.62305432758345,3.263346880218912,46.64763743872489,12.757835696954057,49.99716757675477,107.44239745354442,226.88402379346908,0.30300100205109326,59.57785335679277,6.545283898752841,49.97280799642708,93.6029419930034,230.1498208491455,-0.562125826919435,49.861716504165514,4.993710377327417,50.05844747972396,98.45683152792064,228.10218561921576,1.639623869241345,51.05021846304407,8.012776246323048,49.982916056187065,97.04918468770657,230.77431864025348,0.642677242349526,45.08731453138602,11.876024556182816,50.092055559538245,103.77584623493364,230.15174863380926,4.429138708089945,48.35671440511387,9.003847685134343,49.960983107673876,92.37533340333331
230.92880019802473,-6.743130240524321,48.05299742085415,14.20536150058075,50.07624756118909,102.57486587029794,229.92733931945645,-0.850053553863398,64.26909285438975,9.53212959910738,49.93381717980027,98.89245630064411,227.27439876797465,5.357533332530723,43.553675003837384,7.726031858751596,50.065257221943725,100.54643348110748,231.8688004652801,5.581772879572689,50.353433107316654,9.326054647715168,49.97881016190869,91.02758265446036,232.05678154379908,6.792825902117555,47.18238230860355,8.204971481172386,50.05057395774085,96.7609600008836,229.2936960478403,-0.21910397318463756,47.47088250570584,9.94209622030765,50.018259867750245,102.37280123298504,229.29942045069296,-2.9087502906132934,46.43765889672929,11.992157883275215,49.99151715386513,100.97494410767669,229.72788202285682,-9.450881448074757,56.811670520527805,8.657019078620914,49.948523087900796,97.54299668445144,230.7444446860721,3.203172201086672,47.53842813273175,7.395949975322756,50.00957329682013,100.34593533355584
228.81770887148198,1.7543076440476126,41.83287485538269,11.072162701528509,50.048027658376355,100.69741066293136,228.00898078222554,-0.5912617337280984,57.069112063559174,8.3777908622217,49.971121339010146,99.76207418816263,232.09210167874448,0.5863826283568778,53.8883204209822,8.579731011754511,50.03472313881632,97.35524097975579,226.20293878305776,-0.968809420819511,45.603929882618274,9.79783651538079,49.94915650334453,99.6703496422266,232.09515714662953,1.6901914033910128,45.45476376687541,12.770120641774442,50.0474302520887,96.36227505355589,230.46417873978257,-3.889381114459158,49.99313897396392,6.744170522051402,49.902747009297,102.22626011159346,229.29769856572696,9.46245501644796,41.97492950856027,5.9540457573839936,49.9836145037602,99.16601050005922,230.17473942322425,7.112194978416868,50.494196370779136,8.914197733418652,49.982081477647576,101.15843274364389,230.05107274815046,3.6155279925115975,52.018240643320276,10.82547515215496,49.96168842766064,97.63761997169398
226.7455061346739,4.528853736149634,52.47293125170981,9.557419578952688,50.077980425728335,103.61628824101948,230.03142926632603,12.748341939992724,51.742250190503206,10.696099410298594,49.960171168726376,96.28094251720692,229.5960966497297,1.373881537058028,49.665842859061954,9.837276062216844,49.99666633106785,96.74165535776007,233.87893473302762,-0.1325647257915079,48.140472953813536,11.329994545779643,49.99139094512821,95.87406557893824,230.07843623963475,0.42831012432630533,38.969015402340965,11.504410101291779,50.02780728094216,94.41086241711164,234.56551724635878,-3.0030638666640423,62.923240977354894,12.7002794078775,50.073679040686805,98.25489391963922,228.057889288159,-2.4684787078167103,54.22406508359507,10.208452512105405,50.05150135910433,96.89657229087075,231.09901878955384,-3.8565206456106402,48.39753540314644,10.776062342778438,50.005073626885206,93.24628249930852,228.27943893625798,-0.6938985218551847,44.539152083058674,9.267725032256498,50.091520088179294,102.89957849067406
229.05146608104732,-3.7792182847315203,51.30661298888627,13.297919387046386,50.023844328290544,101.74106771312387,229.99744435344758,-2.760358360964708,44.849191931323375,12.897313701234715,50.0252277358265,98.54802500779061,230.83132340837412,4.043176470382547,52.63711788021124,10.160609174960541,50.000205951162,102.54937454927115,230.76948442782498,-4.9343078184388265,54.49890741622212,12.574714157490412,50.106457289388345,96.70330082829868,231.3860077864287,-4.551873665226967,44.30199745358118,9.731855454156454,49.98453787083157,102.1217165087266,232.1958990300186,-9.830419672755049,56.94962544138797,9.571243155538031,49.893209911204835,100.33467048931904,230.35870315983152,-4.559080022171444,52.34117132926113,9.447024182547786,50.00900350755849,99.00209992617135,229.0708553657213,-12.073320056998025,55.31321369419914,10.82936290978224,49.922621996878824,100.65103761409004,232.75335516726167,2.0955867750068764,51.25489494485973,13.915027869608837,49.965619623697854,101.1290975123091
232.07413018469524,0.8873811885007375,53.266900030571726,7.996008200029164,49.929640655145626,96.2273725907398,226.46581479212114,7.759517560515867,43.64335461615848,14.252136996475265,49.989185402503985,112.1174146512297,229.22839639675595,-2.2033918941348567,53.89878216889736,10.723725756655321,49.97113010921868,101.28200251016402,228.8436768537716,-1.3656381369188462,48.19828612556173,9.565535164075628,49.993750564658214,105.8017654901338,229.35484275781812,12.695101069903345,51.74382865830107,9.587784437906144,50.03894313541614,103.83321516262416,230.2239591398174,0.36717213555963907,55.9750639153883,11.7957701763673,49.904222730068255,103.01392005090949,232.1163989644445,4.116513588239556,50.34687005343563,13.137346264302556,49.96662162017344,105.46339762864858,231.09100316189696,-9.986607940521896,50.80335291718677,5.926009666026626,50.01014371657057,87.68392068982129,230.76147867384157,1.9511145564724708,47.129837805627275,8.250741361821415,49.89041289376667,105.08978114575356
225.246325184643,-1.826671551843872,50.51569997270705,7.5105660840859425,49.970303447425984,90.9992053642987,225.7418364005894,6.203277894598745,48.3677742418461,9.650484713937256,50.023857644357086,104.65147353002249,233.4155085765821,7.290444339681813,55.527999901295445,13.377090214276437,50.0526477953082,92.26682048871163,230.1491021554146,-1.6889880905796466,51.78007148915581,10.803242208058009,49.977170839553374,109.23323522795343,227.30386807256122,-3.2855024251458453,59.654962592570755,11.588323640062761,49.913784923680396,111.13847092853723,231.50558943174036,13.020757007595641,46.37742200525581,10.435893045448372,50.04449522009122,91.53915803323005,230.35041892441325,7.038952166553604,43.24222497221864,9.477441546475294,50.00104869170034,97.9302525609207,225.6399626359753,-3.0693432397931253,52.66179826118591,9.555630488272143,49.97932712259849,103.19201124147263,231.72456442539524,-4.347410380361159,44.788932508474744,10.64662393219331,50.00239502440271,98.32280139554969
227.88466337313272,7.4621147838800415,38.787712801833116,8.02862693839734,49.99838915650706,107.16219993943592,226.99057988862506,1.0809234975857394,45.207545324880485,9.878300091103792,49.96666095215065,99.94386655866153,227.70520167644204,0.15132125651734443,56.96085758673764,10.462179633583014,50.050321165869654,104.0523701819259,228.00903364944196,-4.385565203251118,48.869423127755326,11.060704952015277,49.956767518966096,102.75213232595767,231.41430663409082,5.185973459328144,50.05863511160557,8.439024968490228,49.91816507554683,98.28820268314807,227.52731917811556,-6.199055863651074,33.71127239844293,7.650324548232655,49.985921582463135,98.71478737180065,229.8906495135794,-2.0753207973830707,40.29534077412457,10.540326674406073,49.974394016258344,103.22498924828442,228.34409773808054,-0.9094897596943158,51.02454348685417,11.235002123002944,50.00905805311301,91.21417279211462,228.54680678848823,-0.171329719022225,50.5415133243853,9.110275513409544,50.00726309810913,105.73791584546589
229.93120709169168,-4.935461606332198,50.13069070571454,12.905082325051676,49.94312657966483,109.68812479709906,226.64782225532775,-1.278569058213375,40.016058314681494,11.790961119528992,50.02758925230485,95.9388165056091,230.4027989292358,-4.5118986042908595,45.572271269568134,10.636277867422159,50.09536538450448,102.04648116173124,232.25314459256865,-2.807122117090719,37.142081595015156,11.63476260822116,49.94870193369443,98.70565348677547,228.82292587452153,-4.4854689708150515,50.824798394992854,7.725067596278047,49.93523426450885,97.18208336236586,231.93479508607945,-7.555796223244546,48.808476864976186,13.075681970194623,49.93583326489901,97.71517722844222,231.34290070994123,-4.612284570231282,45.85869282822594,9.2838121506609,49.899941372816556,89.27723165012551,229.50527319103824,-7.768412259640555,53.62210835563768,9.024756237708026,49.95909318342079,101.79123360115838,230.52270227382428,5.583916888610859,46.233891836572155,12.940464041881418,50.02862878260266,101.33730926111899
229.51262664525592,-5.614931735692394,53.95064568621511,12.606993224680584,50.04927523658246,94.6813152352174,235.28523353394655,-0.36738175747695023,44.2357798996662,11.184075357137166,49.98251271048605,97.52943007430892,229.24543968586028,-2.1631683522536487,56.55069470753627,11.692572215769399,50.01533585150074,94.35134114561728,230.01157523272803,-6.095015464886558,53.17257973412741,9.991245478190198,49.92308023411038,103.43916985047753,229.74427096628577,-1.5784852830782272,59.85537177871894,11.71527620993465,50.01291612362171,104.49788023994861,231.61304354245954,-2.6229152606803696,47.15272096835263,7.234187274124069,49.94399382721793,98.86863001091845,230.6540552316551,4.428799896167337,52.40428045770422,13.379357669194604,49.994043245920615,97.19543501634476,233.2295657708464,4.767742571337072,57.91951900817043,13.974291741035799,49.92446331224456,87.33184412162213,230.9217338025579,-1.5182681283502624,54.92624267498937,9.56783321429053,49.953854491075056,103.31601899044001
229.2964249479149,7.988075227705819,40.779194792778114,10.526356781575261,50.05367074696577,96.85084441699708,229.32867230844104,-10.759052701567697,45.159517547168186,10.510233650312193,49.973010904761885,105.53836145908363,228.2657303005432,-2.988809089716638,50.97116871930688,11.272041116167518,49.974173984054815,97.05950529670977,229.64924259906064,-1.9147127734942453,43.99373689756841,8.843878160434217,49.995138909473944,94.55503663764735,232.82754831205898,5.236093893565643,43.80167185208079,10.927493379824513,49.960546329365634,103.45924376437956,227.1505793138277,0.16965769290291982,50.28751117268156,10.706408439288383,50.048762297670685,98.32517450279907,228.24909655265364,-3.534840889444974,53.082500322167334,11.097543950535492,50.108114621096256,95.22179883888923,231.412520487369,-3.621169569265538,40.97760191274683,6.956476157251878,50.05021403719855,103.34921090007528,230.57020610394162,-8.829425386808422,51.89266359472199,9.536901455810199,50.01400412352658,99.94681685237536
231.0328780663849,5.9468203509658295,56.68434658182868,11.108005626347966,49.988854636602085,108.07652888586837,230.35157931960626,5.499208282658218,49.291210600276656,9.01604942888833,49.97749146777064,101.21208403764585,232.29027832786738,4.073432332715538,44.021124314592115,13.461414540333802,50.048207409016285,113.30566440660853,229.87710592982725,-0.9724961302595986,55.50998264398679,9.950571071638741,49.9851545600028,99.76607003894888,227.3067749698482,-7.048545469198631,47.45108146539291,10.349312272096945,50.00084363151563,103.07187785020238,232.04297158023914,5.649098703661133,57.27872953578419,8.041487284175677,49.98178506829979,103.37613235385996,231.72219327012476,6.680226595469576,51.19790865882943,9.154886696702768,50.00126062668485,99.10516444682821,232.36064335283933,-13.102716793002752,52.026735520733695,10.186624848228373,50.00756468843164,96.73129774521925,228.7385174681045,8.781291681663348,53.596873795181814,6.696072975596227,49.98664433844521,104.90742180380808
226.5393326136475,-0.0728496966550711,46.330761769898125,8.947086511290518,49.98427135915931,100.82422196130155,231.3215814031019,1.0551253797421098,52.19635624291895,6.940063873026098,50.03253577937403,99.33829493149325,231.73590729149643,-5.487892456663415,50.715903659380515,9.19733075330156,49.98130536530526,99.67265395849307,228.3545762359058,-2.2788971495687327,50.99991682835993,11.857982058391412,50.04071345355794,114.5431418915036,227.12343052040436,-3.938763094399351,49.957394362956926,6.968584218061178,49.99579928068236,100.96767894280153,228.98739009516856,-7.636072726946331,55.14958611359839,5.350054601654953,49.95159863585071,97.98299668737774,228.2827297165348,-1.7980021542568192,55.24225048976154,8.6494424767795,50.057014924020834,99.50471105827911,231.7188362552871,6.2254097252541705,54.98830074332528,13.260099387008104,50.06629132234064,99.83292587175787,230.4063593496204,2.3234153327300087,49.06482949579603,10.497870101257096,50.02604473234874,103.23604105230113
229.68468391422076,2.282943980376325,49.36308651985488,9.19409315425155,49.91329532693489,101.04035767202505,230.5800934062796,-9.335718074243214,46.939684096963596,11.900816960297293,50.00551661718224,102.42419358953043,229.0598691522308,12.048464367888567,53.4843965818203,7.701438475259811,50.04508760096426,94.41682072592575,232.5062074399445,9.479836172468772,40.15139329865542,10.252546481224037,49.98840234757435,102.13520467899151,231.72261124842726,2.672434741010405,55.596292196908564,7.9041701829955855,49.97323578063365,103.90392387469696,228.8266156833647,-6.861796784197116,42.590590277792174,12.93682999397381,49.98337427179041,99.50901690730826,231.57695489932732,1.4169879793014708,49.55006213097415,9.548416962644295,50.060548654638524,101.83265327709819,226.64538905822695,0.41882573475813695,53.920924761752204,8.417706501387112,50.078079661112426,102.88317303477781,229.59468830820492,-2.819698226826599,50.99755113270972,10.367720902664466,49.972313224288065,110.2626993618164
228.41381278148344,3.4347311178911335,56.27526543630106,6.097574449427308,49.967395641618005,105.7085590003628,229.41111148054415,-6.884692553124031,41.42569800004592,8.439576445715506,50.00854221623789,99.23410061553383,230.97893143718844,0.5688603240128691,45.808510452465384,8.77577898531881,49.936685617081,93.99836980803254,229.25069759450372,3.276750394471606,55.363880350939326,11.356404324612242,50.04437070884868,101.19238477861632,232.20708233948048,-4.406001327698821,48.75595570309378,10.019831226219024,50.059529414229,90.51172892479488,232.36541499189624,-5.404896102846509,48.54379359894558,12.812364408391868,50.10792723844986,103.70381389434502,230.68061868093415,2.127770469144528,42.7728484694939,9.751096268032507,50.00541475590532,90.45500634152319,227.33157153009103,-2.095836815861297,40.525757184047926,12.673120501527738,50.05427617627788,98.13502860332177,231.44576671166448,-2.688667255292576,46.99802340103504,9.085910951293808,50.05996090270164,102.07975547943573
231.68714500897693,-2.145765581096845,52.98213336496634,6.33342132570037,50.02447054596336,93.2598396744265,227.59336454873377,0.08118309448533792,47.61318880654469,7.616101732486001,49.985041319227186,101.72474907675486,230.13156003409247,3.9071377583188087,53.01403976058989,10.309305434098658,49.96000699225728,109.38884678748673,228.2472027211567,-1.6996440526217325,52.25627157317484,13.430356547844447,49.941049336738814,101.18533092558908,233.09123121820627,3.3345405009540037,46.89599180612732,7.34506736063223,49.98755665395075,97.89921970398379,227.22314418332627,0.4593895412078148,51.39735213948289,10.907361267417103,49.970339170925726,97.72337632132462,229.9974821631386,-2.105534293348792,45.73522767163061,9.324431379749779,50.03760682044329,98.08251758454371,228.82882679019474,-4.644121441412969,51.83298834641102,14.141466168068359,49.91345959365418,96.95890939839406,228.19943456231425,-2.419159369124416,48.5970254867254,10.669351787305663,49.93055509656983,105.75107182690577
232.9106666612813,-2.4902063859690897,56.121683488774025,11.299355589369448,50.06673218135497,98.1071643007286,230.87725057743745,4.486471384086332,53.26057724563474,5.140450883147648,49.969209810471945,101.96782450143112,228.76519288622666,6.6258570543307505,47.09450915343682,10.430933481311953,50.06544267858329,101.55945119553233,225.24258230833337,-0.947506817191578,47.017752367617504,8.942762049453801,50.01662559397726,106.02170360204138,227.0487452643853,7.65897843014399,57.63561379161022,13.908481531047915,49.97592131448623,99.84683993005832,235.05998236753203,-2.2605534415470343,51.40748097135166,10.437203383045174,49.99890610142165,104.66795110373796,230.74578636463127,-3.8647586307672355,41.30243508641911,10.793583966845576,50.01455855178573,103.87102918825398,229.08048706397204,-4.612931362983394,48.69732198915346,9.635393315961537,49.95756319868597,106.17188455595482,228.8481002915346,5.576642345108933,44.92174880389401,7.506051874761583,50.00040878632852,101.1236944999639
229.48855340403398,-0.4337357621612114,49.12440627744609,11.76837849522773,50.03657615741726,101.9923682979918,230.57736943916876,-4.434389971628533,51.3671153688556,11.934767894789978,50.008518950639996,103.8066807976612,233.4759133313778,1.0052531358370125,51.819682926309625,8.517687855696792,49.999678414702224,104.88458416234934,230.47596312667957,-3.28759448834423,55.10647147362426,9.572599110229406,49.99500189697299,97.48219596163028,227.29496924687044,-3.293076061639544,53.488871997794,13.42928785534026,50.10041278347707,103.82527579890495,227.8519258062972,-2.274131643159218,45.0857431996223,7.54658983860004,50.07399957840475,97.15882643678117,232.562591351405,-7.639191014938963,51.136299165026706,10.629556264545691,49.99525294920167,96.12558536966172,231.89660336052887,-4.213093425078856,38.98080751340746,7.811140505450058,50.02786859853701,94.86153318802363,235.3339272390431,2.2308133228152434,45.136258077813295,12.667807889585527,50.006246714308084,94.60616129488284
228.54582973235682,7.2380406483085675,49.29307101601485,8.957255357659811,49.93149111397935,97.88000210519002,228.87718802523534,-0.83907521457315,45.740107982074775,9.258543557050917,50.03693758317334,101.34683318467486,229.11533697359792,0.10521475251879434,51.81296154151049,9.07205003308432,49.90709500665668,105.4914312924463,230.13099504749476,-6.053602465152835,52.13176769924305,9.116395320130044,49.96967486219986,101.81427393477479,226.7006080730839,-1.031796100835869,49.68032665740714,12.733164558453758,50.04328582408054,96.71595941078242,226.5277689227512,5.11426337604755,56.52361349653506,8.613644354933887,49.952693149856486,98.67022953570115,231.99279016777868,-1.1312152515340494,57.88386354694901,13.833674663940691,50.04104965650863,98.43024572913268,230.06559384192602,-4.503995779631934,46.76892483309435,12.321147752230402,49.965973114438015,91.3071167656608,227.1062308563735,1.0140776141576515,48.558470405257054,10.189206790517199,49.91580666139651,98.81022137508766
227.04756187607742,10.60848150845253,44.916317058427765,10.037466482107106,50.06737788496098,96.43205230734914,231.9447568848279,-2.310889738649265,52.82977939805147,9.384033495952183,50.03099705432774,96.4459945075964,231.586264374195,1.9061800843660468,48.53616743808319,9.011311271756153,50.02327140650742,100.55237062077606,229.92426238354966,4.298601021237234,49.18467165957356,12.751309241507819,49.959805744281084,101.76710881170767,230.18853684464645,1.2558184539875263,45.68482846163676,9.44281601934831,50.00375062269128,87.1130953116078,231.04894268996372,5.605984793223854,51.60790906901991,10.782483765928763,49.96793031591455,99.56716236603431,226.6541348079715,9.167336616331616,45.581235118811165,11.533728818521531,49.997191114087855,97.76160789714157,230.41835505685955,-4.025630459211927,50.960439705447364,10.139135706435493,50.05873936708112,105.1835825823372,231.7003168981662,1.9036230540236454,45.103055025901895,13.469625694036946,50.01168849425677,107.60452517479521
230.70955122024884,-5.236512530791389,50.20256333745613,8.755681820241119,50.050294507599304,102.73098578109084,229.4386652782333,1.6157439826208366,51.602909746671344,9.773179853047177,50.050422268671625,97.17222241878201,229.69720659432815,2.380648665216497,47.987697074962824,9.246250703922886,50.05292581555322,103.25490364672125,231.44078715709944,-0.5567085783942964,44.34274813264892,9.569277137627282,50.019901199390084,99.24713098779627,234.6698064551666,-3.9510170095587167,44.08410467376735,9.203712199673994,49.936433634811415,107.49867087101057,229.68920531523958,0.38648785045681944,54.914632965810675,11.69483719213506,49.9340543971726,108.24392904308257,227.41675700557283,-4.0605602992818275,52.74820193416336,9.79856566438343,50.0089856036286,98.88364975710891,231.624616686918,6.512573143900724,55.43147042402664,10.31578699038461,49.965595768164675,106.939691003782,229.41400386568324,-1.403040756817974,52.80647994640451,6.551573820594356,50.011727103139556,90.37716895700407
229.48886124473205,4.833135866718665,47.38674550172164,9.49393606700622,49.966455874287085,95.89789894543608,229.50463023415676,-8.127636388120514,55.919329788570735,5.635269717875954,49.97978240219154,96.36839377927394,229.0451608887432,-3.521936869497586,40.73505913839281,12.441270751013763,49.99236104068114,101.64885398889558,229.67790718426596,-0.7983247341757466,51.93116753918398,8.913600251199178,50.04529188504195,109.39817604683745,229.1029294395625,4.085751444209304,63.46333698831498,6.7327232714645735,50.02598101294564,98.39347203536045,231.00233805858298,11.908757939229789,55.224893890281194,9.556497229804394,50.01824081887139,104.34569545724489,230.481541298566,-7.528870758711017,53.00442950248396,12.2769727999114,49.99255184560226,95.3339211976137,228.9259131501371,-1.8166716072384048,51.86507654219919,10.99559107875135,49.98746958779829,110.56037264229573,229.29568907258695,-2.3092726939744197,49.755843191372264,9.413167161717169,50.04528783340717,103.23390684982436
232.32632014488092,2.82183586005126,56.10474400807227,10.028310454231883,49.94679418524771,97.24727783433775,233.712204119919,-4.423440412861433,50.25765198976103,12.485580106323265,49.9553392859,103.56123895489492,230.33036233146905,1.4389340320476798,54.01537588135917,8.441158602214367,50.011026098892806,103.17731155874189,225.78951087314235,-0.8007235894560699,52.09512902311861,11.036931454710647,50.023472382106505,96.00121950904801,229.07081512372554,1.625401077087893,50.42983821070632,4.202339086997467,49.96308544592931,98.58983843196397,233.8647629086163,-1.779749928056524,49.743684653492174,11.893489688482255,50.10037558598466,100.1296276677495,228.40007881266735,-0.5627525808127072,40.628266189021964,8.27084186954917,49.90603331902231,107.44689370147812,228.2414861953929,6.858043823837353,39.12896306373278,11.306948537076927,49.943334084216225,108.71330517310138,230.07269492242173,0.18770558694261769,50.234698404434354,13.095734159588385,49.98623940243849,102.93832831346961
230.66568061405374,-6.763946391634821,57.052803277063575,8.845021461665969,49.978829190097215,99.91476071092623,233.10690315108616,0.7517932576223908,45.05183710276671,9.390853146490189,49.93931580640021,100.42113554505967,229.9556427757611,4.670631346231343,45.592655874393465,7.282749060254334,50.09128560163225,104.41136156740035,229.3919916855511,-0.8272741149532437,42.41336059151137,10.493114431788676,49.953863663600245,105.69710190678451,226.63389104158685,-1.1189587660502975,36.27237037141391,13.062407891938285,49.90591454171032,101.72176383850928,228.8780616703615,-4.403583421839301,50.22016310624219,8.368916631565407,50.021854394984175,96.29216718520664,225.56629433155047,-1.7451294011972276,49.77568755888488,9.64182371203205,50.01421352865979,100.04043076143485,231.12127774471173,-1.8347760367919195,52.80149169551629,12.440188727381669,49.978595887058084,93.96098357712776,230.3411059694402,0.7833157748929473,48.46906928234102,10.262194165444892,50.038301211704365,94.67014669480831
229.11972306556845,-1.61386046334142,41.5387276720589,7.997314992342963,50.05593077225573,108.05794220859927,230.99940248111395,0.4412935244018215,49.81160120468251,10.579442447569258,50.04909037850809,89.70068936653254,227.69049103979145,1.7490740377013594,50.07310396529813,9.28728483187997,50.00213425250146,101.59580683508672,232.01220419600898,-1.9260118227867429,49.446278743962665,10.486505632718915,49.99376189039919,97.31061879727626,225.5447754696827,5.105251587334058,37.8849881441417,11.086339925599622,50.04953344247161,109.83358173912913,226.5549830735376,-2.469276292805192,53.930826930133854,9.778428102550096,49.98188822136475,107.86608655832187,229.6266476150165,-1.4177158283790874,46.98795759298165,9.707830570001232,50.061794962430795,100.15212646834233,229.23261949960457,4.311383229887823,52.5916288710682,9.024837490710823,50.00276466774589,99.4969641309468,231.39573826892357,3.867890791801167,47.561695082365986,10.190726294270789,50.07691556850525,102.07332755741618
235.66466335874748,1.104400981954115,48.643274025353236,7.816210674541365,49.99019874000794,95.48884334454365,227.77724288039698,-1.554721857149881,49.145522591960784,10.544142801826615,50.045402721958396,94.88574714807763,229.70884850247748,1.4577818476874704,49.92437021055615,11.167712096183283,49.92446961774378,99.50438760908324,230.7940150511943,-0.28100504310025876,50.79472877545148,7.156994231002376,49.939273919162815,95.26464678255459,231.98565883746318,3.1686190285574605,49.380865440063076,9.363649427797606,50.05849056822237,110.43564854062625,228.24367822362285,-0.7351884653431988,42.73787904376786,11.171043097752468,49.97280354648132,94.10199862212671,229.44033752766674,-0.8618771693313461,48.41935578077877,11.270932768450628,50.1026159889052,102.65185915615581,228.8595113101135,-0.9113898076542795,50.41742992720556,9.349441226493381,50.08153239574443,95.49777984806329,233.15812845803399,5.0027599389363,55.8439846329652,7.939560302676816,50.01285840962769,109.38521396840791
228.69220641131346,7.079741532534998,50.03151469134361,12.032408407417309,50.035098353760745,92.0921043056531,229.84527059541034,-4.116361519059729,47.706211056825616,11.76524550665853,50.00708141794901,104.55118891095492,230.36917171749892,0.6419878410615549,61.28890345395549,11.649615921825191,50.018411039539075,97.16731285291122,232.29128125245037,-0.2737280056256541,50.70621371121401,10.706512841632962,49.997444671904965,102.63051589365107,229.3112174901659,6.511014429325974,51.586526429864236,9.468261636381703,50.04509401027133,107.77220838845923,229.9503340849597,3.603623018632579,48.9273893004884,9.197122975446854,49.91286115975014,104.7520148255417,228.36628464050787,-7.750904670831336,57.153442533020055,9.365559212359374,50.075026469101424,98.10300417205063,231.39070801298988,5.071802708524052,43.08198527193428,8.68254477275137,50.077757887981655,95.60641833239119,232.27806043980894,1.2353902574355442,52.565162367615066,7.665501516268055,49.973221189041425,104.7948875061617
231.33073777953092,3.544720206231124,53.953954109424856,11.800854706898704,49.92789617245882,113.61418838997447,232.81321849189095,2.7828751454446166,50.59830066017613,12.480679768138545,50.02742946922408,104.16431534049033,230.02069124357055,0.4593974439951898,50.10146698466344,10.11294917189657,49.9929554711287,101.96850770957502,230.00238809505035,5.896457245608299,60.24411075903271,8.165302624178953,49.99875880467398,93.31855911171289,231.7968231789212,-1.6918624606999602,54.1701708087397,12.326664073987853,49.99708889121098,105.38300614817427,230.48979626375757,-8.517630955232994,62.92070637871494,12.752417767485793,49.93927818902262,101.5742373989717,232.03633139850382,2.0562313260025284,54.7667167017025,10.953112205063153,49.98465100874443,101.22746399843791,227.3275335526035,1.7773313335462084,45.93038403362835,5.664268315421785,50.045658277370634,104.16555956766261,227.36440140256488,4.7058964283180575,52.33973060984812,7.22615547894968,49.93663511862529,101.6796487589561
229.1615430656938,6.342021055686869,38.0685591471331,10.402849661533219,50.06769047914521,96.85648682623847,228.50148171911502,1.0252657531620106,49.691814438620774,8.269037283310496,50.00341595879975,102.80289535258439,229.98031817815902,-1.2660410208286295,46.63475104575962,11.959176775369055,49.94177231201374,98.5657540811969,228.46403857500715,-5.030782727427424,46.0598211362704,10.055570815937589,49.91565498605355,99.3636463828968,232.37000841001523,1.3807243777344147,49.10904045935232,12.415936058613166,50.091968793330906,108.41950555539242,230.7830575032032,4.591687323741326,43.34698992693933,11.321094868616328,50.01673400129722,106.13246624603377,227.65763439730338,10.39640704875098,53.87655328040484,8.341581444942655,50.009522231423524,108.39489343923012,226.6739482836829,1.5404376810559657,42.5011131719508,13.081293579117846,49.926044036565386,106.5503743895087,230.77836631489748,4.129092026524268,53.03424315421812,11.376738201687221,49.9283819707237,105.60698530921273
227.2676666572098,-0.7296929964608839,50.950422785559205,10.627489408524818,49.99425803562145,85.22036194789789,231.89599240757798,4.736979801279062,44.479110198786486,9.964559871726516,50.05437192466102,103.14904600603538,230.34033479570454,11.164892167598213,49.34452753193752,11.777885017240557,50.01378473229588,98.31814966420444,231.0453937708804,0.2694057018726083,45.82171873495419,11.1516447533006,49.98837596940555,102.39900831515952,232.33293349125057,-4.598786491328276,53.39732979200781,9.508401215296935,49.989807029346984,98.52058645992183,226.8587325598298,4.207331405954195,51.29924333009484,8.771094148130878,50.01382596280048,101.34804933277016,232.56378344585863,8.828183990737358,46.214520797786555,12.048094575477174,49.974324424975386,99.50181050422097,233.03063159555592,-2.378668167144382,44.803505043354605,8.609538260058574,50.09634670129177,96.66837579808598,232.23496497529771,1.2414572175343508,54.82145641461615,11.623286007909392,50.066539599674456,105.59583204047995
230.7941662142148,-5.129736709318777,44.53144446226592,11.988051155092718,50.0921996526443,99.42907559711793,234.5365142606331,8.319873767677008,54.03241953799596,8.409697623370207,49.95893151954592,94.16873491067793,228.03519731650437,-2.360413548652193,53.94624012306786,13.693481995745126,50.05377205009392,101.18720847073035,227.87290408330247,-4.45644857229332,50.753226131699236,5.659207927673749,49.90779802463177,100.57019978476904,229.55937721192115,0.9191934660943714,47.00214201868914,7.259841340156031,49.97486129199903,101.43741333212988,230.96637176591062,-0.6434550800788762,53.01822225026732,5.393365404851157,50.0899404622382,94.1604440761671,229.45577143407786,0.28048709037387276,49.80776949573541,11.586117844846925,50.026683001789216,100.36696116519748,228.01562909875202,-9.241996824016658,46.662862342719585,11.745315030139743,50.046094513732434,100.5988540664761,228.3532735973524,3.522078674443259,40.359806408803436,12.82438349892524,49.972506229299434,95.52875318440009
231.45299185027886,1.9415850519963334,55.92275116819698,11.13686948958586,50.026269983409755,98.36838963161365,234.7169084223854,-3.0851473196863575,53.94481804781947,7.946153527713736,49.98473600745709,95.209204747413,228.77310566442122,-9.150518754789177,50.103671353255656,7.196701851827922,50.00494768676833,99.1866908564634,229.60728416959532,9.442867916158322,55.40121731476309,9.09871573719672,50.08133870428428,93.818394769172,230.8249964288611,-5.9203987377526595,59.40394379111466,12.39034410979436,49.9952435423804,97.1717398090793,230.53152068939866,-0.053192914928859775,42.40619837492126,7.769154533166711,49.99022818207187,101.80780191189686,231.898376994553,1.7011691861458238,51.087272234126324,8.384144703055112,49.95990282050433,96.95696305125958,227.87685082465572,1.6038388894933586,45.04175298292288,13.99551826918041,50.06588695569459,99.02361729279991,232.6179954035255,-2.1032172680645274,51.69873323176802,6.887050563343757,50.05131617767747,93.91458835993157
228.34030554338042,-2.322429241587615,39.51336987086954,10.882776852954185,50.013968231610676,105.04931302554975,229.48812140355,-0.8012517617376824,47.19030108135347,7.851775431020938,49.97748073980398,100.6288464202299,226.12979746605527,-12.470992171723784,49.11746451231792,7.556707458894687,50.00079094287953,106.14388496164698,232.2173727065067,7.759958754841907,48.08715630508322,8.96575955350851,50.08942403668667,99.29017791969527,226.2314609912231,-3.5525487329070584,56.944956940170556,9.646243362160087,49.95424715563598,101.56923789146188,229.85194287352942,7.281684931990479,55.675189449597255,8.960589792714709,49.98537066000254,101.75670527262832,230.29356204187008,-0.6939880475866054,48.10485662770675,9.816150230342924,50.034938234840354,85.30027461205928,230.11226855110732,-4.02471529188418,48.05255183422597,14.21973047446384,50.01373493466696,99.94873803182493,230.71652362421432,-6.520905932047897,59.45954208469648,12.653825403198187,49.93465267293399,104.59312866919882
230.6240769790374,-8.937115182038365,41.92822997380601,11.100389508116628,50.04001982904679,99.52928154836641,234.62769313574313,2.9890215345796407,48.5290494569108,13.125465005503177,49.94744569629921,101.85148433842272,227.77243278927958,4.958777094218093,55.01597079052984,11.930532118450767,49.941112138518484,93.88106958464918,230.9258625077642,-2.2019903969646686,43.279798412409235,10.459897391582212,49.955587366029,102.69202190852783,229.20995365711428,-10.663451617737804,61.706816709928916,9.283090403221577,49.979971842143456,96.73164268223154,227.4282844292061,-9.093223612742278,45.38506826891645,10.560764070167727,50.02707413995693,92.88078180082069,231.12789207941748,5.60185247524012,55.14504339165854,12.514130195976035,50.025891409539135,103.5297823964391,227.40286889435563,-3.674830053451104,50.49952077303317,8.398452617635071,50.024774610789954,93.76182658112988,233.08192371945535,-9.043733482221876,49.811147456624795,11.074813120171555,50.002460606261664,98.58539875881443
228.61176071429438,4.711651507044692,53.796621089950214,9.476557328699688,50.063563371633464,95.73988828748172,228.55000294122578,4.124558854257663,48.4231916757817,12.96227747105136,49.95644293654109,100.55793031951795,232.779000481248,1.5490393104633917,51.741804003681,10.264111345600874,49.95005820536565,95.57482894319648,229.43625860163488,-2.8565971263660654,56.41133852177701,7.946233213827236,50.014225555280156,102.7959190022219,227.89666881808415,1.980846499258114,47.506183713187326,11.252178045927709,50.00749252488428,97.26488171093763,226.34580677245273,4.675360061007455,47.19678695755755,11.863718862059983,49.930636044035694,93.64125572548228,230.637384080413,5.036097631727596,46.2497491722227,7.22873206556725,49.94906523872545,101.94059136111942,232.17447625880337,-9.885840007431664,40.84546087312167,9.349140164403972,50.030914835638335,101.31777459660567,227.7648139539882,4.221034676929472,43.52646067026586,7.173929035165806,49.938440917454216,104.42702965544211
231.6856517737983,10.87726111941149,59.772927879934485,9.652896139867067,49.97415230262844,99.13260239982282,231.95567667177465,-6.281607277683553,53.27785784894676,8.872005453006118,50.01187052050572,109.8204521067003,230.8377599160667,0.7721152505065422,52.185239558178935,13.11293093459727,50.01049173278227,100.88199302785517,226.38990538289383,-2.2129284260442312,56.35052877988599,11.600886585866514,50.019483454128725,101.14066194727997,232.47257577032835,-2.5773189082252292,42.31091893878967,9.01765971081031,50.0452874104247,101.56785644634154,230.8831176912053,-2.9035912179439176,62.21601332684516,10.142252493481394,50.02983770066914,102.99301337919275,228.79269895295653,-1.5467231789649616,57.095536908448096,11.807471096458668,49.949804578755874,95.97464611720913,232.9301410545169,2.41645463652146,49.67775858544229,6.966573269987764,49.90916102472926,111.02472018063133,230.9760562526278,-2.386558908107867,48.97465244825861,9.209485402408914,49.98777495818222,100.40744525856738
229.23968295779264,2.020450091189647,47.44242737235562,9.654733933953286,49.9875247807525,105.60485634850315,234.99151617783647,-0.7829288138391766,47.466053770332046,10.300136433606232,49.95801857000944,95.818977035301,230.97417457464485,-5.701883169445491,43.112361097013235,8.654795667458158,50.0661266039884,94.03458630102976,229.35279757024423,-3.339162160960192,55.627325030206386,7.697946878183814,49.95538894088816,111.33262273035383,230.09395883121954,3.42178861108634,41.13061381393724,9.600183047848192,49.97177955353605,95.38318814028489,233.52716592750886,2.2282266839973537,53.281983512546276,7.3078096056968915,50.06235746226223,96.45623913999303,233.38842588252825,1.2302654375727367,48.65093522644494,11.239137756519295,49.979643661161504,101.6513149155477,230.66320816164333,-6.824550384144066,46.83647548520302,7.500080743040078,50.005068641678484,92.35670701376151,229.02107467874515,-5.7836047882138395,49.17700106138344,11.758643276803957,50.00595169079656,96.56188277628924
227.08852133154244,8.52423678684626,49.848210110057906,6.889999552486492,50.00837610454338,104.225971099549,230.32355240116829,-0.22838691029959463,47.83782847911025,12.4028821241589,50.08088812029125,108.58785266788098,233.18845882435627,0.9488264166364467,49.85510767425538,11.369365746781584,49.97252378839254,96.42747832584718,233.55668170591196,-3.1025709497186975,59.13411771778459,8.970294115786944,49.94305088626272,93.18991142599835,227.030982615938,2.5340375614279886,50.197692147691484,8.09893743691864,49.96949251459866,99.52426649415415,230.86748261942805,-6.191619322363295,55.76855492681723,9.228029167212277,49.98253323130704,100.45780349482881,230.54338872646213,-3.235632384569866,46.44845830977667,8.62797288430311,50.04201948540191,96.57734528327427,231.55037117248108,-1.697412788793944,43.800153925639876,11.921116544137373,50.052937504810984,94.19932283336857,226.27447022279264,-1.9783865252080624,42.47898652186649,8.37499464632427,50.0237936356856,105.49131000210708
227.83236618214985,-3.007431644272605,48.60395872151227,11.359773741253315,50.07971938261192,104.96369735091923,230.0555628020279,-6.012971017478548,53.49360970205366,9.049350531168534,49.975961890104024,98.88113355635956,230.19381332857665,2.725142376518008,48.76878471535218,6.244864185491451,49.89592868336379,102.15905817368535,232.8883422311229,2.8242695813215635,49.28499694854134,10.050534879855496,50.0194150625331,106.33566259996564,226.6283690985356,-4.4177858260797835,48.88544977701266,8.907385117562054,50.060328224091684,100.00962536509064,229.46077105928515,6.050260602391246,38.87232962728808,7.870362544816776,50.001975165230604,104.6571128550838,232.3601821072511,2.651891130305233,54.33625029867254,10.000600635221106,49.965661560840815,101.09910140573025,233.43739406044844,6.34527210024923,57.65365989315685,11.012641252551195,50.08928995529438,95.05422091229602,229.82167091532477,-1.072601872714214,55.26104887688962,8.235778346654216,49.93376231380605,94.16428888111352
229.07307561327264,-1.4229001990310663,56.98014568725467,12.917981992896902,49.92996082146531,103.09475647672946,234.90579007270105,4.321411603526802,56.1146183602052,9.386345878365896,49.92152438980122,105.73900769704103,230.26817080083924,4.159901420828813,53.103450364668014,7.691035514048834,50.03070606711714,105.56686772755216,226.71029898874392,8.763269061564259,39.39698834837307,13.77354383161932,50.006060000231486,99.27441783790098,231.81566203573098,-3.4105695384044834,54.51267341006911,14.238633336172306,50.04807468868234,96.88601605357539,231.69851111139204,-3.248547939214242,55.60700035370413,10.363901535506054,49.96537131877988,97.00394166807686,231.70561656660968,4.561898950371218,41.68409066330409,12.558554497672027,49.97290680572602,98.66772769211683,228.92449105489038,-4.7702275332522435,51.910492036742795,10.511838797195402,50.00537049980176,96.70269681401697,231.4504674241852,-0.9201257625764264,48.45157063811558,11.861762136828828,50.01892682119134,101.39496813415303
231.25142914316285,1.9858784115530383,49.67302412409988,7.405455319038432,49.97241262193511,99.01260033896648,228.95117436646873,5.527362994920352,53.07764836396136,14.6105606455447,50.01788513761389,99.23422219111085,231.1599281080019,3.5183396803940195,51.600731266665136,9.877435716110703,49.85216017665362,98.89318253872382,230.3133783014795,2.1956784860072265,46.04404368480483,10.722768180868593,49.99822755648881,99.44723495494605,230.12880644346944,3.277061603756599,44.16759047491574,10.124346874729609,49.981446766837074,105.34962706455714,227.25919318384786,-3.631529054730771,46.344992585349374,5.8132667816833985,49.992594891056896,93.35351513615602,232.96592300262094,2.800715199470628,47.35543343582244,7.76010930443471,50.009792636348394,100.40289182930069,229.00312061503473,-7.242062166348546,54.99884208916892,6.723921258294668,50.033754714523724,97.23974798433304,228.66993023570794,-0.7425649455369608,49.26189312171577,13.315786630759478,50.098440388499455,101.93580203857638
229.04222663171043,0.14185779838173923,45.51360401166277,7.01906345129988,50.06115423232251,102.56813819898325,227.763430384627,-7.541638025396171,57.54085722586001,9.824971254127457,49.98559922260382,95.05805820774346,229.43602933130578,-3.7078418323301325,61.67617603988611,6.749646548735795,49.93491287735486,105.66548028760972,226.8206778981967,3.8188372639090566,56.16820644596445,10.678237728799951,49.999424523648685,95.83190235955637,232.09554437799724,3.0110840911000554,49.235339475542595,8.69652070077841,49.96725697574517,94.93590422420948,225.5545336518203,-17.263819591468323,43.360101431058546,12.1542099022511,49.975634585483675,96.43061950923968,228.03910009692274,-5.037822279844204,59.32952068883884,11.738799161544568,50.10754765967559,105.8094088147976,231.0615158172286,-6.606855854087602,50.75077566109102,8.795945817966233,50.01281944636077,90.37975601507857,229.08035371736938,-11.473246281253173,58.62246881625727,13.187052680415835,49.94252507197602,100.00151991201083
229.26996832793944,-2.350771406865185,43.119111936392734,8.490099506798906,50.02826406800478,95.03138349434334,231.9884107053338,1.8516465202002443,49.4585684242845,10.476807609284918,49.98384615469416,102.42298268003317,228.70615463187423,3.8325150332051754,50.016897850019944,12.895220208597195,49.93312118691797,89.64678833347423,231.56867142568697,1.7274764130065385,50.022613445734976,7.818082473769712,50.078059909815416,105.01735783041829,230.25114042219087,10.681582724546953,53.192193541317394,8.878783938312411,49.959268648504406,97.41142262456438,228.5593150055081,-0.44079090725808184,47.42675728830376,11.5967625013922,50.0295741025106,88.57429320162629,227.39258250539302,-6.149735534278849,61.088643941187556,11.249439924642056,50.01765028108717,94.62749237331084,228.81648293719087,-3.999248202614329,44.19355829883922,9.570142019845965,50.06507441736238,103.47326030382153,231.67469161713237,7.763263232867366,52.719126456855946,11.51902872907875,50.054497633348255,99.69015208412918
228.50352061314854,6.9886556190042,42.25070044446634,9.75668854307641,50.03367245094649,96.83310564171153,228.83248453132893,-4.482297926633513,49.18831619148527,12.259412435362472,49.98665880297953,105.9608620020524,232.60390381623188,-1.9557719228271488,40.46593027309509,10.85997495669709,50.03197921041616,92.32288116263331,229.15055206604987,-2.4516527250784743,47.80152543582573,8.254528363863292,49.97832550416844,101.9620182361154,228.1080116089783,1.2793603878587456,55.97587490528311,10.074867906372834,49.99442120806477,103.4263768409908,230.81942619626366,-3.2532262280765654,55.286213121193626,5.745158528789075,50.02422285403594,105.81337750770327,228.87637635251957,2.9379008927135244,46.014400557536725,9.353683579049594,50.005573777012195,101.90100965540431,231.30373626463887,2.3451360700349264,53.65068429138829,7.1708612927950615,49.98759938798908,101.31950300839053,230.12113620190541,3.366350556828234,55.6382951901402,7.576604908923851,49.99273123249124,101.71600803029636
229.57091535152608,1.2749191306762913,52.81815410673812,6.85942387204254,49.99660059097623,101.01226972915951,229.57773634650314,-1.5523068436795673,49.27415049905767,8.812285794571666,50.00092929477338,101.82334924033391,231.25018486734248,-2.256739778272205,48.02781836027905,8.646593712027729,49.88368625956744,99.44169199583953,229.45443764565044,-3.5156089021202135,52.971453870161824,7.902972816568403,50.015079617505215,97.12945319739906,230.1004263023778,-2.8029236911912787,47.372705716062,6.7240240875022135,49.97475758841705,103.84050451276187,232.95899376370474,-2.6065470373331037,59.78730836350504,7.39993340593223,49.97680564785759,99.46376147248634,231.2160412495075,0.0533885825042527,52.56610922467135,10.547159315460735,50.012178277852634,98.32645025723963,228.79198964700214,5.413747619534296,53.21458776574135,12.372430736444308,49.94801930408374,105.73116664503478,227.1290925254765,6.764931464329825,59.31218113588798,11.303115639434274,49.951234070265315,101.4481097882782
232.20819352546098,-8.111794841009589,44.160441325232505,10.44736826737729,49.96786344691766,98.47422518353933,226.9105641192771,-4.070034863258359,41.071475452938685,9.18026101918966,50.113242014696844,95.19020276841633,230.70127864194237,-1.1397286530734987,56.984756046013906,11.583546295374187,50.111244022781435,97.77131318766382,230.83929258520894,-1.217022366139879,46.67584054371234,12.140302779195514,49.96962883592487,92.23084248907837,230.10644067085778,7.186084853415441,51.72632630197162,6.479983953590974,49.981400555243646,101.02010508361492,227.31240061447232,1.3742822750367703,47.667027785973914,6.600009669917766,50.01208859715328,101.44285615519523,228.09619781078067,6.591191159269943,48.14615564365791,7.642842407572619,50.047986755194394,101.73135445591052,228.84278204159918,-6.037398193534335,50.66319302957663,12.56987918818961,49.97591875378078,96.01046957981069,230.77221409687309,-5.379264254361594,54.868794350612625,10.170845701186542,49.98444272239418,92.4429081957825
233.2098099286864,-9.45171696304283,56.436387023095776,10.641459503717797,50.019822106745266,97.39086017795876,230.1948604884692,-0.05538744652380575,50.70803635760942,4.387984144078105,49.993522936411885,99.29912245885659,232.16821951192404,-0.9155659797990392,48.81087677776477,5.2261043683398904,50.06136078837329,98.6841131328615,228.3394442535334,-9.050995453666857,52.56271615684863,8.766045643246636,49.95726362151124,100.40451484945199,232.31517883521605,0.20039022862482894,50.61506274617392,8.127152417329029,49.975002817008985,103.09204853570768,230.85706349176854,2.3347085838099235,41.17103719187011,9.862351500364714,49.950577466338196,88.96184128674219,229.4795111063958,-0.8249144732769986,60.36585922180885,11.017315333187398,50.007127198782726,95.18265255917814,228.61746296521278,-1.2913704117012461,54.050659096042075,6.995584874015174,50.03080604752473,97.44658272472611,228.12546972995978,-6.3458561435968255,49.85675006538928,7.52385555187942,49.91389116628092,109.32073243443863
229.6425452064393,-0.7964413884463301,43.99817803342757,10.03010070050616,50.000565588008364,99.75418019733517,230.52465143247176,-1.4122208532618243,46.27617305708513,8.519386930061767,49.94702388871406,106.03277151036744,231.2099028103215,1.9245844581316836,57.22453127897745,10.247641202596606,49.94068602045905,105.19659407160988,232.28486087209671,4.9836938446771555,51.14646354972486,8.174347499927709,49.98009282356515,100.41070528711923,231.96811358609895,-1.6428008935545004,60.31161470565159,10.23067018912508,49.94409796788925,100.01716020369797,229.26224952551482,2.961155475038149,49.07533561246567,9.66578814468422,50.046107591804954,96.0633024707151,230.30704393259228,4.3282310839204445,47.749025851827824,7.866725243633711,50.05561096417603,108.55805043282486,230.03209012229595,4.973717815922977,40.80348979582773,10.550610463109589,50.00711802501019,91.05776342387172,227.75864314897086,-0.1364756957163269,44.97487989726807,10.417564710176501,49.97458611365696,102.81202056007436
225.3867706934093,-2.883058115591054,50.45823069421958,10.911698858702401,49.96444159284111,96.17294039830523,228.5772860471933,-0.7645747821873151,53.62769175857756,13.724129129196733,50.04301073425296,100.53947151896953,229.64285699017032,2.0959705451277095,43.363065121049765,12.960567204945816,49.98867807610422,98.93014655545545,228.89219977411702,0.9310865430600948,46.31225969768697,10.98938620638852,50.049243427672,96.6073170551706,230.52683377599087,2.4762674971852534,45.41817531183074,9.873572790686675,49.94699256841865,102.32394243666486,230.98918492669588,8.617687639496959,39.18643419897972,7.660478671457819,50.0606994789175,101.51551418083714,230.2619648385655,5.441704050253662,38.60695881074072,8.692569226434708,50.061403680162805,93.160648437543,230.80894461751305,3.285382591773227,43.004099092809795,7.027878393921213,49.955722541161,99.74814289041538,228.88500312206003,2.289425957374524,48.55087845227188,11.814506208477827,50.01152500732006,101.17778809245871
228.93471712761195,1.5508143434238173,49.534797334205436,13.681732320237323,49.91536567943939,97.65026974808507,227.92689724673372,-4.171770695806598,52.42186638972356,11.134231886693442,49.95149371290084,96.68969779446867,228.02794723937924,-0.8164971857116919,55.36128589120408,10.578029151001592,50.00463178799561,96.66875367564774,232.03401822237055,-2.7519460309182837,52.17094018356676,3.614898435516788,49.97843337309093,98.81750404569081,228.73262859750702,5.300509788674446,55.73869973185789,10.000720626008363,50.05836467534156,98.66419035206467,229.5701675841468,-0.2408567143374218,43.15968321445796,9.658085112525834,49.971939195767504,96.39919100129624,229.87675442569082,-8.587932838899357,59.3180581099414,12.588741046845094,50.02142685943816,94.33665652949705,230.59989994876418,2.858004756933407,46.674051369550924,11.67962616024399,49.97517233129086,100.94442589306699,228.93701248527117,-4.479316946070659,49.44164590173502,11.87228194723307,49.92277681104779,102.1568780084796
229.27595736904385,-0.9484018866523727,47.460020908054155,7.014957156704895,50.034378530978884,108.4642903084461,231.15703662916874,0.9738479826251418,48.68371914984199,9.172988938363062,50.04712441336232,101.43057809772728,226.22583176511793,5.119905847360768,42.4810450240331,12.545377523127968,49.956427540950315,97.70197184793666,232.23876336905994,-4.536460146374368,48.27158332579586,10.199547479759712,49.966017305420976,101.15098240790353,228.1235259601745,2.266391233528544,52.866765362127346,8.772586341113096,49.91886876072888,98.83468342042404,227.79047109807203,3.5616830968849182,50.706459967579256,13.514813273699927,49.945503121633536,95.46883619692748,230.41580002347766,5.460433812624855,42.74947075716464,9.898295629556046,49.96162065594342,104.28521802724234,228.11188199699325,6.210671846608523,51.8557726191753,9.027683248698835,49.97656608172439,100.67701767587268,229.24033442957005,5.815052055996772,64.17253716972243,8.643058789684776,49.9614401954944,108.98524118405294
228.826849257578,-2.2753537685862186,51.1050931175782,9.106281643518173,49.93645903340256,98.41875666866703,227.33178517425,1.6470847915119258,51.683990478784565,12.263634271027218,50.015701581991856,100.08587413301267,229.8915727954284,-0.4595219574271692,49.79594534563754,8.19804100027219,49.951775624179724,102.61926019188407,230.4111543204082,2.5524299379311035,55.5106201943311,10.689089416525754,50.030361911315,95.31396327767615,230.67747058782356,-2.7768339875430694,49.13200294061401,9.27347680114066,50.02897545685561,91.89133853879248,229.81249086229658,-5.583386098156129,43.67513655564212,12.609825233078283,50.05782241560622,101.38928521487013,231.01387098789004,3.011383234931337,56.134113432884945,11.997758596360836,49.97171776386535,104.71105391158078,228.58361108279743,-1.4288606942221036,46.66640167721996,9.785107597998508,50.00139954068404,102.33422119375969,229.76921892875555,-9.506882972212042,42.373053608403524,10.477821884169064,49.97905874913231,98.957396986458
234.80948516270837,-2.3717391885838386,49.506891135279496,14.46210691611515,49.967321936703804,100.61655539964205,229.7859997663999,6.608688020885913,41.127100421287636,10.715467102015921,49.91946065371468,93.90699011078897,228.65098505946747,-11.011368517632086,57.17501429016852,12.155433049608895,50.095182393759714,101.3382200987222,234.67982047108126,-3.8726171431944545,45.898915883270334,8.516976780244862,50.03706695629828,89.89255455645602,231.9576873395383,0.1433335914404445,46.56762346341424,9.718641752469038,49.98651790370982,98.99089591186582,230.99890566917293,0.06319739043312918,49.87943415662243,10.47077062517332,49.91710361055241,104.61775786151674,229.37238074307098,-6.769916052592379,49.495749304012,9.588063283000295,50.07916687351299,96.63884546668746,230.4030374231417,1.9811622874516734,44.4622589397275,11.302956771089772,50.06291968932219,107.40837831912079,227.3601182907335,0.18159679781285054,49.56741678626712,8.909241834684048,50.095345898899765,100.27875778806592
228.4449634321689,2.1158280068191653,55.51982524519228,9.379763674369858,49.953014976185386,100.01668732353063,230.29302279391948,1.32726175469603,42.361752354197904,14.900610186304913,49.95547146350272,98.88191200219264,230.64938495697712,0.19116289356361224,56.24144627631528,6.806304655195571,50.06465275340595,101.01763531760645,227.87360579652056,1.7437788217720547,39.29095791416526,6.999477583614118,50.03023786476816,98.9150819217245,230.7736314584938,-2.0514906592142026,40.89839024497314,8.21548383555608,49.966873551641214,93.66232627659411,229.50921602722931,-6.962400048016534,48.44797176617487,8.311342017326494,50.041186198910864,99.97854239360313,226.8892460329189,-3.490670098456426,59.569920772677804,6.37911433340671,50.043876787798276,103.15195367003669,231.33521877963034,-1.679330311457468,53.17733380304954,10.885623452199093,50.0034494109997,102.69566058384252,234.11997063114103,-2.6422193010779624,45.660000326109106,10.618214302834515,50.02026631684024,104.07932452663567
227.1916016933227,-3.3845965477128166,50.35537596976272,5.009823277448413,49.96750776453706,98.32879430216916,230.1969913374713,-4.071713284961026,51.32088310313357,12.118238636145971,49.98421270334809,99.35041867184992,228.71866503236302,-4.596748166117605,44.20831098613558,7.573301232731646,49.960902921072226,100.78614223553247,231.83720756708055,-13.889448432597952,45.37594431850189,10.633427796310794,50.017435202223254,97.75822020861399,230.66275595252912,0.026354045043765376,49.24298279474926,13.837914349666859,50.04297723900814,106.47470872913871,228.2345378768229,-1.8143668211645323,43.04408984323621,14.719569367241801,50.05952092632749,99.39216480989347,231.35225358848984,2.0096925145810736,53.44926786843843,8.773326860949181,49.98271242885433,99.19208215137577,226.08285496422127,5.419721806513352,48.065244503494185,13.785473395770808,50.04702851368777,104.0154754327468,230.97705377895258,4.624659082706886,57.197134343515465,9.513104926389506,49.924566547400644,95.16399837266482
228.49012110605042,2.970925797676129,59.78419559256647,10.894247332672242,49.94830862653036,100.68502886630264,229.32591595837883,-6.992237692505835,46.16053122658248,10.75818005163397,50.01347583986006,104.81301297988412,230.5107618038026,-6.419995690525627,51.34668409754284,9.358342178741102,49.989766204008724,101.13301615527766,228.39316780537425,-0.6138169631488113,54.005194008419366,8.84877790168817,49.9624548008014,98.38271098975945,227.541198646467,-3.3019173238745307,50.689174202660205,10.301680676950465,50.055453803391536,107.95583809365517,229.18460231337366,-5.684713763514457,46.32925896417897,9.727520995874837,49.958160012020286,102.89651479224248,227.95105890046003,0.14444507691188402,43.31649976771989,11.948898007181441,50.03347917659434,107.51202917651484,227.72317546933553,-2.1953314422177024,51.379663845876706,11.681422865360057,49.93262433514356,101.84530611816348,232.34047715021129,-9.390474471048927,47.17811986028017,11.683481774638238,50.035788320135225,98.7547582799385
229.68197432040915,-1.794237384268282,60.97768351228443,10.473846694500315,50.082135495330434,100.24196047718056,231.86247198108475,5.5496342431200665,43.74693676262885,10.945302173408153,50.00390515260796,109.01896408559783,227.76758224263605,8.884604621548517,45.03159942470776,10.148841274080832,50.01112811621275,96.60781663414545,232.42401164750706,5.878028782840467,54.9708198437808,6.200201492883913,49.98308097772413,101.47125028187796,228.66260194095838,2.592797943374144,42.3548521461792,7.647458216567481,49.962682351928024,99.80288726882223,229.9437227150498,-4.2175687038745755,49.38727618864507,8.850446914754128,49.943850828553984,101.30374642286876,227.8735564015459,1.4583789501386868,47.776947617215505,7.890172950086344,49.943769649992426,102.32807891687222,227.245667464367,-0.6705288626658544,43.77005570589199,8.998498455194863,49.97071768911956,97.45587406186934,229.56223803280554,1.770364596945577,56.000597485796646,9.747421371755332,50.06183881712231,103.90669258204106
230.32550439713995,-1.9672653835322063,47.08255046026824,7.9256618033503,50.05730936889594,105.38779632339573,227.35471361944087,-12.293469082413694,54.38713809337595,9.022514326573258,49.99197659342615,102.5436611608189,227.85552758041197,-6.791036076311697,38.630001305118,14.524280526927772,50.08447358326053,99.04474336107079,231.23795581972246,2.7879820521029997,56.411747479778064,7.721259642680357,50.03308706753172,107.58131434242462,228.73681384366924,1.2799480276302744,50.39199692807381,12.476361234280128,50.001156821964614,92.12526974936448,230.41783515357852,6.618457362824528,47.831880294254745,9.253258936534335,50.017276631401245,101.76742499090872,230.29307699641598,-8.703746012388786,49.72045589582799,10.690648980355009,50.01805297149921,98.77402554328582,228.23931412962634,-3.6687334662734736,51.76097590765153,7.44939559116273,50.019393450807556,92.93364791049262,229.76752201861703,-5.363584733489484,51.50340753038678,9.637635827168651,50.05247164117158,112.52111553522562
234.0676318189268,0.24373845521455473,54.089593375448025,15.137884318882207,49.97860625607563,103.68953117675231,229.24073710806812,9.95532294358069,54.38484589393519,8.678743005316269,50.034791364155055,95.43569923993836,232.49682563059415,-2.59581535147582,53.39855407598398,9.646097307903439,49.990198825343704,93.59980356689444,230.2071013527439,7.697927887476013,46.65765179388715,7.53507874738734,50.05000888413358,99.90984658551587,231.00637528150324,8.494421976395346,45.08166550009102,9.42228530667607,49.92152058781196,105.21080359932006,229.4720311264428,-1.3684518701530672,41.299371003279965,9.480200307464246,50.02245126146072,101.92553870167937,226.38041187730917,-10.458957701253375,53.438560169833295,12.195350358843632,50.004635950994654,94.87080503882196,228.40034842775393,-5.149037268304214,50.13890714911485,11.657315229182933,49.96230054402204,93.0832990674674,230.56041380338698,6.393299661734416,50.178861588176254,10.303039096031277,50.021062979684224,103.43281134449194
230.05030498218537,5.455775438967655,48.788266448341226,6.334369182397302,49.943510316324456,91.26076492215596,232.30285752451957,-1.8086060667367623,42.9003977027154,11.4471979914606,50.06674500117391,106.47932085232387,233.27343260194485,2.868401850420212,43.00260839645015,11.39991779129792,49.96903253011454,88.3427829843717,230.15727814279123,-16.374589846469043,52.77918621940889,8.296374378463428,49.97437725985914,112.51170028749112,227.7171423070745,4.182217641501942,52.361006772998195,13.0322820492574,49.94929300658123,96.41582371970954,231.04870209281071,4.996740403480145,47.584536248573855,11.853995621867497,50.017669541645624,99.07116853627447,228.48020897819612,-1.0102866136803492,46.07263474712048,8.51650638465418,50.080434627497645,90.75104032042972,232.50221604445952,13.421682388143694,59.72646076196696,10.888287511800975,50.000407930147176,99.8969551173148,227.74618139793088,-4.6405779804094225,51.83740254130448,9.940638077058372,49.9848694330137,92.17942575772926
230.03701152600283,-0.5521775254118954,57.80314826706112,6.7979866739042265,49.94106042338985,103.69726179347148,228.67387761276146,4.330212287593228,49.65945002903721,8.531813194429079,50.014286657756685,97.6823104499687,234.40217413718952,-2.5622365230825155,47.85185674494322,9.293016824898988,50.037640646521574,102.27877758198342,230.48865455542588,-6.57239283030565,48.41706972343294,8.891137072209172,50.018537308430645,99.24398611408056,235.29041604284845,-3.1592858108823902,54.09543012548069,12.127564206453206,49.95599365904307,95.96124011786925,231.3117025451139,1.2989678687352388,52.11573722827674,14.204386685931075,50.069435603366614,99.75945841038315,229.09665425176027,-3.850009665632111,45.17640928300847,11.424668173171838,49.92414785974085,96.98961525452167,228.12505613615548,-12.992531931960706,61.34639977912058,8.972879673728828,49.96445966879226,100.01218806250252,228.25206096615798,-4.1995621431979115,54.55214131805645,11.129323419180476,50.04363963334654,92.14550253435114
232.35159402545548,-11.231631353003701,48.685265941538944,10.753664577351868,50.010660989219076,95.0199945162631,227.43073375713277,-0.900998364825198,56.89064469393635,8.182973200788423,50.08698880268887,99.68756958598823,229.51516700533327,-2.435974657134077,51.62413771157362,10.119122555765037,50.05237270678109,97.51663070621575,230.2079663041144,-8.143247046097057,44.860825809010365,10.653381294776116,49.977411250640984,104.88662477053471,232.7650949482803,7.6223669301210215,61.154193943727414,9.903861818498404,49.97255561193974,95.43578567807657,226.90088090592818,1.632991433311215,46.70120175369965,9.968163717875377,50.094723136201864,101.12712050465542,229.1066980505268,8.343542529402526,42.461066984794435,8.534958990674564,50.046109901247576,103.84537851088507,231.3763431497193,-0.9192497887358919,44.68798736698708,8.711110771629714,49.999700808463395,96.06751176541313,229.32469043142197,4.4357080682044945,60.518180780512694,12.519879180667548,50.11156320039673,100.89470323238325
230.48955469901728,-4.095988180781866,48.74175012686176,9.859452862781595,49.9985198763557,98.09907250226773,229.8377626592643,-3.7583475764297747,47.999488761947454,9.279790751149626,50.11106918788503,91.87475602253933,228.81533246190546,-2.1446172466531106,55.05143820295042,10.993145737524417,50.057805855930525,97.47987783955797,228.07220802240892,4.024333326990962,55.40909031757766,6.197492476338535,50.09806498947658,92.97574461615805,232.47366915551302,-2.1621861211785243,42.22178904264986,11.882420772949693,50.04140517175286,99.47600460111252,229.155750963723,-3.74388191316707,58.331857073208845,9.124535716996357,49.952210762183206,94.87318190876323,230.80736366279606,0.5245431671748313,55.448189652468045,15.08146564293528,49.961028560826755,100.53715155201438,229.73774567378499,-0.45442227847870686,56.69079368806694,10.767903210056737,49.99004537925623,97.70453646895254,228.11072760395538,1.3161231032918987,53.135185434547054,9.39293985201289,49.9226775846663,96.67857384990285
228.525621672165,-6.533572479565194,53.481706232120445,10.104715877495877,50.056699906920755,94.34665249284218,231.55559795340372,-1.193145597576554,43.77490485944037,9.340765879176228,50.02482678784624,95.31440212396333,229.27511227261536,-0.8123788609413758,48.43597786734159,9.307224504387122,50.09729988594702,93.39583002724979,230.49674178502374,-7.666377012613323,49.511148623447085,7.0330180249661645,50.01089375275116,108.70937532775918,230.9214175918518,9.510551073771861,47.45300582272117,11.828110147183027,50.01499850547949,101.1564853252596,228.35004503354494,3.4865398550639886,47.568780414291695,11.003232684297574,50.02367443315383,95.8633945948575,232.1185323612439,-1.8588832257198262,51.64380416110171,8.344052595025158,49.980259852958795,95.36248357732254,229.71011491444366,2.577754617235772,53.49199259829371,8.702166498424816,50.008042719832346,104.90120388461801,228.52000569105098,3.1546720981303977,53.79773217204586,11.110863518379913,50.01470655640886,105.07072713613064
234.49536349186639,4.541330934317721,50.24778912847911,10.856828762415919,50.045702402042785,98.34161283512049,229.74478974139808,-2.767107242924744,58.898245161946335,8.164701406119079,49.98335108135757,91.33510886205454,229.9170896652663,6.317082299650276,48.1393452778378,12.810679119033772,50.006253848615344,98.99235045054276,228.6860304403072,6.166521183175666,53.46712828083136,9.854299749665746,49.964961640763406,95.5245162868843,230.27954008596333,2.735601630798093,55.37146115691384,10.434281260732021,50.01917189068766,101.38301277678266,230.40873256818233,-1.714379297308226,44.74445918962521,9.060586271463368,50.0045322352923,88.85817237655974,229.64091524786565,-8.124710116022282,47.92728853679726,10.420849511425429,50.01450449543613,97.62610502807227,229.52879031082423,0.09200399053291436,50.86145892602948,9.643700356775517,50.058818191064795,101.71329915268679,231.46328845663783,5.367323759228089,61.27530126143483,6.681848821647479,49.999116069846444,93.85486821081355
231.79358794431178,4.929305539530459,41.506749982669675,11.1193003432424,50.05092556746097,107.70526018607913,230.53703647083285,0.5841663185469819,53.68718810304104,9.035641962304041,49.942862231361275,96.42080473497695,233.5435126907289,-3.2454900001260856,51.495370875154,10.598912088034211,50.01923239816831,107.9783087602895,233.963364131691,7.378702153104664,51.92121561717832,10.797674346741058,50.009570998033915,95.87378992989952,227.80563083601214,-4.8700693043216,57.0580089807273,13.760389051253028,49.97663805448309,98.31173378212252,229.42595053620937,-6.762878930139527,61.50013858451632,7.383213384239506,50.00544338280664,102.23188104118019,232.1717424618845,-6.063323661509279,52.55487346630808,14.094742532134864,50.06737509133339,96.5032321342226,230.07884296567093,-8.727756800295875,47.49131297821486,9.572213163921823,50.020802566630394,104.10995807518215,228.99439489228936,1.3919925199773286,48.83582456819856,7.979485394549354,50.0452191130428,99.20800507655322
230.44489097903232,-3.726634593364504,55.26044558034976,12.494719314073567,49.962137414743324,101.8722378070229,231.53785801595205,1.3975540891744287,50.3021087009298,9.385169431528405,50.09554271529616,108.84110014630109,232.08119033797303,1.8797159643234749,40.720825494274465,13.157166105691601,49.99600069522622,99.9651336832761,231.66800616667655,2.9201686508270406,53.965779657748904,9.582647194425254,49.98016992507173,94.42855043873661,226.3315371790708,-0.1834622386207196,51.54363516867251,9.594650800857137,49.98285272964689,102.4115766530661,231.9846295336325,3.928556662233518,42.07168199821257,8.712102889293424,49.9575572731865,94.74450868355572,231.55745082784057,4.021808124712835,41.186758081321926,12.527248260366008,49.971166222897324,99.76495050799065,227.22181659409551,6.7304766284820925,55.77116932161105,9.140790093290432,50.04059908705237,111.40766454892214,232.83269655444465,0.06547685736215955,41.07497758801705,9.998719563457795,50.01853709333542,100.55757311193987
230.68293786704263,0.8918327107603932,57.33747486956629,10.409423686957053,49.96606166867717,96.18690049991507,228.4893232712414,5.706313651092941,49.78531641273367,10.490629118306318,49.9694905323166,111.40457187396561,233.3042135139851,-9.286316001593601,49.39598355772913,8.2855403011924,49.96856115233367,97.9975861845692,227.6959395316569,-2.886401932924679,50.824206807583685,8.432886577300366,50.01474675015774,89.36486984364626,231.5192626368673,0.1809568734416833,49.758026644828234,13.961480153169594,49.988385516515486,104.33905612921855,228.78676414580102,-1.7736464727255554,51.069368341554906,13.596849692345621,49.93743778845729,108.38235427941403,227.811242055469,-4.983923011664707,57.71874370885508,6.712140084813999,50.053328758001996,92.79048749078784,226.14331517921383,-4.144025294204444,51.49644614517422,12.151214717406239,49.96652312665393,106.15951122933154,228.96070918125835,-4.00248178090643,41.94955240535216,11.717530997996041,49.91052630864509,100.70974524986751
229.01662622960725,-0.9052285934205802,57.17462399559197,8.165334871631156,50.02972639732638,100.76281440175346,230.63080332448945,-2.60863475059128,47.615825939102706,5.8713946842434686,49.98327288480471,110.90999772848201,230.06233577576955,5.47761612447668,59.551152449061064,9.242203550615207,50.017608799917014,97.3640796007686,227.02305399841148,-3.898851373658729,52.229984787316944,11.142983547644038,49.98465623487174,91.53932657144618,229.60239883555477,3.241808411595764,49.753270980174925,9.418064146628879,50.029919610826,110.1250340346703,230.57512738651073,3.5823644706360662,43.26152730062258,9.412573718091503,49.97299066506333,108.31339772587621,231.9940187251242,-0.6718408088104232,44.44733652227511,8.876972191100213,49.91692418577137,109.77885202508384,230.13794496074993,0.48154188136762005,51.07878329591957,9.741688451629567,49.94338296564407,95.92649791342917,231.01456109939184,-5.405714495546249,43.08335232733249,9.585494886998134,49.984851520876504,97.72109233653669
225.80087889915865,-4.447393279359174,50.8567667753761,11.193339388050797,50.000753998108884,100.16958427834749,228.37077405020094,-1.0459548790248534,53.229181714168874,9.667957030199286,49.95191072685847,110.70411927268339,229.97990819944692,-0.8387526446916215,43.82104795691254,11.036371100047822,49.982241773659254,95.04472713034072,229.04569419270834,-1.0711018216028219,45.0046530078305,10.914160241804545,49.98301876334625,96.85641131572368,228.07072408925782,-6.303840083358852,48.76283154916224,11.116060729662657,50.057624704660334,103.5407017783048,233.56956894558695,-3.498478264163698,50.2108274263451,10.39643834049648,49.982915946952865,106.73850269025385,230.33312127624163,7.220791088770556,57.101435776557025,9.792814357371332,49.913351329952015,98.24687330797184,228.15135364744967,-1.7170478467039028,59.75504732326063,10.775791406389677,50.09863031660254,103.2970159665523,230.04888317982144,-3.7775760386104933,49.10997546343135,9.47354159355958,50.05008244163031,105.21979016198753
233.75038340392626,-2.546166445235057,46.36954749580758,8.846189266338769,49.994383126466595,87.32079052154374,232.2123689403896,-0.3525840519131665,54.272473849948426,9.464834134659661,50.01317381284779,92.15662493148702,232.1886622110369,-7.198328773107724,47.87657073874974,11.054838715197887,49.93579341974783,101.57210243536342,231.83973639799586,-16.685304565948357,50.82883571827266,11.62408221130205,50.019718017199956,88.23707635645118,231.95805145899914,9.825313487768362,52.728196414436326,7.704146113632657,50.019401208945716,106.9846913257282,229.45407107884716,-8.749356231792616,50.90488605481681,7.094371970594626,49.96884188959138,102.072319559196,230.21256656155035,-0.2038249893981362,52.95555588616502,9.236902872726985,50.08027177179671,99.83023059415778,226.20934457138443,7.1839919595332855,45.74276689481988,14.891464616029307,50.02038701548572,104.0333140001788,233.21810943652366,5.000558267633202,54.37465966980679,9.348611468066895,50.017739049444955,106.38743619242969
229.2532000477502,-3.858260449761726,53.476126121416556,13.46761382143681,49.94765158486106,99.97006440417802,229.96995856035392,0.5285660731969823,54.74666006845955,12.113953453437848,49.97380800712481,99.26826113266584,229.36533034415802,5.564348288225833,60.405254877134695,12.881906175117269,49.926783604868696,92.471078994203,224.1639340145547,5.3448248240430685,52.8529355393378,8.515766116747495,49.954218585815944,105.61920114021233,229.93799560653022,-2.729104177138078,52.67362886787697,9.865424704554167,49.98017071835539,93.33200984714475,231.81583120598123,-0.35791600692812653,54.11190019924194,10.72651814531406,50.08323314478399,94.79376005165938,230.1715123552101,6.554583632649239,51.62923939250887,12.084982979534955,50.06134651628075,99.88014048392999,230.58611435421358,-4.620201450366733,51.78204270427607,10.017797903662348,49.948336483221084,102.27059497374835,231.21268520231263,-4.738836554754448,52.07074802490853,7.2634252635240095,49.99977011251661,101.1355749898884
229.35998948149128,-4.975416741673096,50.459090734433936,11.98230940312719,50.01668519668608,103.55776885984834,230.16020651961517,1.8210603283346818,49.550783419913,6.686533295617188,50.022639834278145,106.33730341943257,230.93411395303994,1.4103197545717068,45.97821070053291,13.319266483413642,50.01818914389679,100.96316408806861,232.58392077446527,0.6756812799201943,55.502050219717496,9.437924305771437,50.01602127319452,105.9687974107742,229.50251267396322,-3.6366292267322686,45.171104436508394,10.723085865516328,49.97121013495923,94.8034293695276,231.8010425764836,-6.7441582000505935,47.41467208708614,11.909018306857645,49.919600633129214,102.39978317770029,232.3130413089192,-1.1743181367917763,51.44478581733366,9.786515305186317,50.04503021269518,100.31952544297124,229.16843272215038,3.0858056115219417,50.71520735143759,13.443796936633605,49.9546092438108,96.66088455334979,227.4168450556384,1.606033310519806,48.7504349785058,10.113649420892399,50.04038299804663,99.06880388592816
230.2703538268342,6.591831366973348,48.6327261982866,11.464811406873025,49.9526890397263,97.73025561757625,233.92546273927667,9.039099305556903,50.90182225828061,7.616061244728293,49.95912177563786,99.61089457011971,232.03519159841574,6.352558636178369,52.81042939630726,8.29456336347141,50.016806845921046,101.22512956678192,232.00820710062348,-1.0379550665072315,51.222769507076,10.211283605717373,49.92846244971026,103.13706569341683,229.9731027276794,-0.20407137892690974,53.962207447827446,14.972369583627676,50.01673850774068,100.93060959043606,231.07130808208572,-0.37082353558325115,47.123999049924535,7.852091659045927,49.963044019943645,95.96030937561594,227.49704375692326,-5.536230159892605,38.988666137368654,8.471040631175004,49.92610469677868,102.10319965848582,227.1485762050139,2.079531445418907,51.07542694931389,10.888868040668793,49.99841840947215,97.21096427355141,236.12609052688668,-0.9657755506569319,42.02780073632847,8.441800227411148,49.97227848477651,100.44466071384835
226.4568968118583,2.134056692673899,51.811288928643734,8.073831208704483,50.04735648476692,98.57516964505244,231.40569716911054,-2.6025830026953978,50.53527743325846,9.326095231805331,50.03456364744958,106.32095210794303,228.22192708122773,-3.2668547651193207,57.06729629600766,9.101885478146832,49.98043671583263,107.20936230025644,229.69709517066045,4.817166225906423,46.89203387119567,14.093609883296905,49.995013103489065,100.98724878998685,226.87097032662064,5.296612026222377,44.51848685987937,9.755369488197475,49.9824355578155,102.45536644867497,227.96591743993883,9.328915154363383,47.100273672900414,9.967933364428454,50.040224201917916,96.91136464929939,231.70304508219476,-0.5511532248524912,54.334155941586644,10.647977461462135,49.96139003192924,104.21942519477547,234.98267780584894,0.24448357660120962,41.520275214368546,11.474661460009191,50.06491533904732,103.38178526254205,231.7248621619174,-9.202340539803803,52.96096558911051,12.063160862381828,49.97818115423515,88.53462020342698
232.39417490314148,-2.95543376067314,58.55482336866147,8.34612722044957,49.97021568932833,101.75300946461856,230.31386801850545,-1.1603013570219987,46.32029508254187,10.702726390724742,50.00063125059808,99.33168481341984,230.2644286936956,1.5914949319923468,50.480541078777186,13.691447043137158,49.95916618718084,97.66875503192239,233.50281215959166,-5.1839714837437985,47.31752600706394,10.218878659440199,50.00730283828362,101.2944678749513,230.66998859913633,-0.14582979119089376,49.39237514126115,7.787040172311709,49.96750414533729,100.26117641231052,229.86011203016375,-5.177646906699206,47.69679651457326,10.518315223857831,50.067034431559456,100.72271919606848,228.03008757263288,-0.6078297345612169,52.13684380372025,9.724425841148477,49.95957859691488,93.09082465015193,233.48753264313538,0.8225857370379169,51.96556357409129,7.136714679882978,50.028252806548515,102.11572816000827,230.5327328965573,-3.7598742827216776,49.66146934435507,10.294262617407592,49.99761884673143,99.7630784709784
227.58834228782976,5.688723457534138,44.51245100467668,8.227722099703593,50.01130541783209,93.69655165556199,230.0639696217776,5.605098003848887,54.998138987741314,9.702290522353717,50.0040724226275,105.12525511291993,230.44687060511114,-10.334203314968121,54.82467846413893,9.780178593387399,49.97010397618384,97.88396614460098,230.02127883390432,-8.082287867952303,54.760235422512864,12.000709891069068,49.94271912902124,102.57415280265396,229.58262345090583,6.22333172473891,45.37538598731318,5.023058708879729,50.0353565603909,101.93385457440375,228.08631560130632,2.7459019477211504,43.006811424718684,9.138114622847757,50.0297910235503,100.64286462304244,231.4892362970645,-4.173002729502897,51.29441512142641,13.75133352616104,50.02756070202301,104.12297253348864,228.43320309700172,1.8436303448948663,46.401716614256955,9.064871791294077,50.01068318290422,100.06076178704461,228.32874558877123,-0.27970140793410614,51.60829017842407,7.8236107618401025,49.95492335416804,91.12445654712985
227.4537237513094,-7.285835219143712,51.95592462980346,10.903946662573357,50.011493547848836,102.71456447321671,230.40224553148087,2.20743672094557,45.524454993857596,14.016743205674187,50.01865698732416,96.62976817610624,228.9914013201719,-3.6471853790835294,47.344742424962,10.347941129626747,49.98465466978406,104.76814689098846,229.85197367369415,11.441967310612778,47.73492837090463,13.56812857124973,50.06999461992818,99.60650760372896,230.78134211405563,-2.3294229787320013,47.41637955321545,10.119875850650253,49.907713244573465,102.9725014420039,230.76002530180907,6.04876405063184,46.70492777409122,5.61975881541827,50.0014388167752,102.09646211377205,227.00306113080697,5.813299057481192,50.760599012160526,9.098886724359868,49.993126634029544,102.0239041277539,229.04733669659524,0.09634951714621515,57.08266701308564,9.200604350659969,49.9906753400361,103.99355728818833,228.630467053167,6.827082410887552,54.793832856464405,7.693912350185387,50.06976736258647,91.91378735643991
232.61557593555037,-8.22531964789158,46.790557260204196,6.919338380433468,50.05701301397028,85.6431288556787,229.53924433744803,-1.3876506894116714,50.89301205723531,9.755867314941463,49.91991654311578,93.28052824752547,230.5452648502346,-6.453875493391522,45.110289513945084,9.168084194304088,50.009928867111135,104.18492336294928,227.9958070648458,0.8797788311979464,46.58286992533723,8.76551597448124,50.024163308032655,103.04597069791977,231.9867615482204,1.1119566482161916,58.25465376050194,8.450461912753642,50.06528319211523,109.32193813927063,227.36236557593742,1.5335674791076117,46.39370700911647,11.468387684390963,50.01719617911672,99.10147536247621,233.80849785035915,0.6568985221077066,44.25458215342848,12.998077796797801,49.94247175823525,98.81410115130062,230.73905866161482,-5.18106374116044,47.189602425716274,11.20598250714854,49.99582193838129,98.21382654359185,231.85771544875925,-0.5110036052099438,54.410460227039074,13.363594569176614,49.91582229756587,98.16600494533657
228.47970655414872,6.719527736503471,53.22357278973216,9.06544931337582,50.040936852314594,94.31182330852255,234.01309337911374,-12.428696220505573,49.57813270762988,9.916634118643113,50.07513394327476,99.80549071866332,229.35384833929643,-5.1381685586446,56.79756610119769,13.258935910239323,50.00726647855792,102.26695635998362,230.28618439305978,-1.3644894919967983,48.936133256941886,9.285515025639418,50.07353506532138,106.30022278289515,230.69394806060814,-2.399198175476939,61.965528524377866,8.84351271651973,49.96371117900543,105.44557083562775,230.7988427001133,3.32453871009918,43.71985623182952,11.189587199582455,50.02069135857219,93.10861420065272,228.71681021324238,5.571538172235267,42.81053381318748,10.795384635285874,50.07185964059937,107.00370407816699,228.14299026074565,-2.689811788911637,49.632456450509906,8.247411152558577,50.03539429283089,103.12013862978249,232.98847920522456,4.356658296185161,43.501906867230176,10.194382715535948,50.10252429833295,104.86607336575662
226.5543347227211,-3.145611972332196,47.836481323805444,9.787532732843943,50.00653527894274,99.56655843036282,230.03461522362585,3.911031074680102,49.6649449233664,9.390052607632635,50.03357704034039,96.14313924018393,231.37841687482856,-5.01714384306392,48.64080120624964,12.039460246669709,50.05588014116874,92.24233686435659,230.30385845853775,-7.534827817050892,49.872294680112255,10.091252829139902,50.001272004312554,97.67760695205345,230.81631184897674,3.1282965095455455,52.84707875565147,10.20073271902117,50.032952426775914,101.27312010382211,229.0247915297444,0.5961861827938532,43.42817830226555,8.705171640167704,49.92479369760444,93.84855429876227,230.867923903608,-0.2101266424314169,46.86798960654081,13.423227450957066,49.99837778124533,109.87538219269415,228.32432532694455,2.1893624603626174,61.935913769658455,11.664612764440681,50.0347823384601,106.39485430753477,227.58585345091586,3.0910368592628314,40.754995740972575,10.550193640939735,50.04158973106731,102.76683121706593
229.88530747593177,-1.7364072075427253,52.3044510978959,9.874387085887504,49.85668169111535,95.54823014878616,231.30453703586517,5.905546668308769,43.881366192447146,7.802573598089665,50.09295194617783,102.22171139775949,225.63146480477698,-3.5675562454385505,49.61049511091293,8.81607560414273,49.99916470442279,107.28071602786773,231.33954860992645,1.487470434997491,52.30400452237787,8.188481464606415,50.03719598773334,104.96926283298937,229.84404212844032,-0.2943330233155715,47.57599052025735,10.844040774339271,49.997734742287754,102.03507687757369,231.7396574940354,9.170968307946875,54.079246611291794,8.72616870327077,49.94049581860838,107.40810488300801,234.26578740587937,4.519348025217054,48.53330448092004,6.554659159632703,50.05870643756066,94.19139846467971,230.52012437751375,4.451881093457652,50.20753171022822,8.60052279651675,49.91860936584873,104.23388524595063,230.5859221013342,-4.777060096106123,56.89460468733285,9.048272423225374,49.96296331919083,91.00303314467953
229.92811088395118,-0.4309045534820594,50.21726719481066,7.732975124455911,50.06243238928362,95.51831765580484,229.28626918308908,-3.3948228182368263,52.378934542166846,8.760768944854274,49.98471559962447,99.06155647726072,229.4669188739506,-1.6268744686383347,46.42116040172527,11.766359605734419,49.96855030504682,96.80579337262516,228.3309029147566,-6.593059661885322,54.6350815613,10.775070194717625,50.09007835637827,108.23074094170124,231.2803663758233,3.6129596444095364,53.58296772231962,13.076492711094327,50.045496655365994,97.55645324717658,229.82954474824575,-9.568041120997476,45.79530996389704,7.712969326465441,50.002850213517796,102.89572706617916,230.35328833313883,-5.089369577840036,47.13456700360518,10.338442778856253,50.00502862165644,96.43663160371898,230.6012765240322,-3.334487718612144,47.19812726962872,8.612033287408808,50.00466755374905,100.75928459854121,231.2353161457197,-5.126495290202486,42.367830656926934,8.904056169640517,50.048352716549395,102.89190395604729
229.18223254495612,3.1297026567895054,53.1590565842695,10.573301611192049,50.05427539990096,99.31077415035209,229.8374900440473,1.3609120097837613,43.22680385582593,9.32118183783276,49.981714883538025,88.13106536333723,230.66840224304406,2.3711820322326354,52.629800067768144,9.066649828221236,49.985887442397285,97.66508121657051,227.551760774061,1.04110790371014,61.07216005771116,12.623021038586545,50.00223692886965,101.19919099715918,229.50801679086246,1.4370179532055138,43.964024865590595,9.036958300671616,49.906566349109596,110.65148134365887,228.1387856579477,-3.351535133938966,41.97248738853948,12.029863655162035,49.986875678891415,104.0736681372638,226.5868835464718,1.0412229787480756,47.117434744410126,9.255876452033759,50.06814817953863,97.84894375936096,229.08511726263063,2.881659545557536,49.35243763912393,10.059850978297373,50.05529070718627,84.01371747181707,228.98557948083322,6.067469320601297,44.358044099315705,8.888491107941396,49.965132304655654,102.6326392147852
228.4276130722858,-0.16991823900679243,46.70303419391328,12.036336120352221,50.097596924379204,94.80615076536749,229.00024850586215,13.365317947985968,54.126908448951376,9.776124402473716,50.02765197350134,99.12125522186182,229.69538000787105,3.4710186322268513,52.257260676004755,11.115059973864856,50.02079911319376,98.92833307371598,233.24576054488836,-0.1656581150843885,57.072686600864266,9.75233298030695,50.070491956879295,94.42029573771354,232.84203358357846,11.07562671168802,43.961450947592986,5.551064839673824,49.99352917239117,92.0578960972613,227.71003557855246,-4.832062357069548,46.53996096435194,10.385826906339222,50.013860128074136,109.16242176320107,228.03169128484433,-2.8254917292284674,48.05446012469462,8.391595859040173,49.99251737927026,108.01886532729681,228.51520135481036,-6.814988554524248,47.6133366788178,12.057251788788307,50.03536266556728,100.10625070050166,228.06364478282921,-11.749590698432808,50.123086140501854,14.186088682966723,49.944878536773125,100.58698221741528
230.12100357038685,-5.005044604687568,59.58482611923783,10.59701144384016,49.93065367008555,94.20344859180398,228.51197448748724,0.15758435471125437,47.039715468075954,13.062689917436144,50.007716740905,101.64629298471985,227.61904056524455,5.060912535839428,54.93836249551511,9.53711002326751,50.0282661499905,92.89285345707141,227.4070052253878,-1.2878801566732256,57.4423637259723,11.372651701785925,49.98762053136201,100.17064864511603,228.44037239028856,-3.426267838453671,44.682834117368905,9.3950544549367,50.049626278282524,95.71971512516987,230.21133670862787,1.7924618168767017,58.85270167244643,11.194937656179762,50.03010298738622,103.22073935526785,228.2325604733585,-7.718768806850699,39.34734384099856,8.987633272196952,50.05238643877599,98.6537758787158,233.2666511117633,-3.183654231012476,57.998115409954856,7.277567939363545,49.88842939718728,105.5226534278752,232.92057173588967,7.2985308558775985,56.01176958184842,7.740990469903359,49.98741573702592,87.71525812241312
229.86484659701281,0.991461577977632,53.21475619029414,11.952486856602322,49.996086537074376,88.8293802843735,228.5773281293147,-1.0382643437523813,58.137259957592676,9.395667211231848,50.07667873098581,109.43687634722775,230.7043059892171,-5.243404704192195,39.990182663735695,11.265254351388553,50.05837875473739,97.30314754989705,228.8606784370746,5.423573720138192,42.00301840860092,10.024093312927368,50.055067779629276,99.62194505677897,232.59605584913842,-0.18341895767431587,56.76638291788024,10.569700817080678,49.92376091601606,95.84765063631748,231.1979619226403,3.6245150549933784,54.467115533218376,7.4059439744648445,50.03097150207134,96.6899397719259,229.88070735747456,-12.008536302874955,47.55666231286827,11.298768930522403,50.03189404889965,95.44137826931455,230.97430111812412,-4.857243701179149,51.95094804198468,10.493083835013012,49.99820985058432,99.3486877610039,229.2974337705816,3.3308824946144977,62.653209627084216,8.796114756202766,50.01147804027589,95.4879018271152
228.7617674040042,8.754514954652402,41.63054102568324,9.306369700269931,50.064305967265824,100.84315170847974,230.78001406928243,0.4000176648186959,46.389844158305806,11.085774984698624,50.07201561136248,96.58601205731992,229.86022687532946,3.2867645366233584,49.74719421647125,7.955773246293319,49.96033073724347,102.21249446436613,230.70185577267898,3.7272704038729754,44.87857409912429,7.810082393084697,49.94297877535163,91.46550174504043,227.49118373414822,7.001053745254069,43.91332834085668,10.293331749480139,50.04413260784829,99.50153110180617,231.43881447452645,-1.0095744584640645,43.08869610287,9.26496330188511,50.0533249637918,96.02454345535804,230.2879760588386,5.1122552293661405,55.11634639944806,8.20241719474744,49.9801635305578,102.84361316614174,231.10810167818502,2.1093838285741455,45.286418852684825,9.000920682273838,49.953586768592274,95.42380553279033,230.65951378335163,1.4402138295902087,46.13242955986055,10.608318120735774,50.00683688535801,101.11132440269165
230.3207775408796,-1.7200289939363635,49.72460824424281,10.065707853376075,49.996317140075185,99.93183921464387,229.75535847418254,-6.248413144287608,52.59277550234248,10.993073002635736,50.09009543050377,97.87270718073468,232.95368737127535,5.466839370402171,52.44772153709923,9.431018131207079,49.965913662076154,97.49385801647192,231.1153226029306,-9.858716640127628,50.63438577716162,13.930700161426504,49.99615377075589,108.2631555523362,229.57128114570148,-0.17251702254919513,44.520996257990525,10.673286662124621,50.004959887244624,104.64622011197172,228.74881772457044,4.755166980431524,45.96524650021945,11.450883154051366,50.046121295603164,98.42658772653873,235.32039391480782,-1.021994111590586,52.51459602024824,9.505356274277585,50.04572773622484,101.80124448651567,229.94796508835577,5.975264623307792,48.526837800054714,7.0611314983525695,50.02842639266738,90.60389453111992,231.9139314928679,3.649184675582033,50.752169366143974,11.88828874255146,49.98177886914691,94.50807437173103
229.4004644702361,2.452968246458526,42.50412025944798,8.62872617992227,49.99752104638808,96.26211945234616,231.58867456369344,2.371247948493767,42.914969067634885,7.314858383407872,50.00419048746903,101.37120610255204,229.39498166093105,-3.279448829778681,48.15690667572977,10.019016541593281,49.967015690460315,96.74765554137097,233.05526707705158,0.9739796533487199,53.55949380624908,8.990298700143022,50.011088270089765,98.46327922151603,229.596754037678,6.646501095365441,46.54243093081712,9.812891443673633,50.088568164934436,103.94932535053955,232.3094892987896,0.9101529991027958,49.16934280492059,11.919878600122384,50.10302502252378,101.7935584699061,229.10922571448955,-9.940136158161742,43.83131774645398,8.42332446254586,49.97199926438724,98.24334803627761,232.97453191325596,8.446714609091948,52.49036182065834,8.649050145171106,49.99076437333669,94.31711326523092,228.5943486723304,11.262668622403798,53.52832155660131,9.70710253033478,50.03785577326812,112.66546000043283
228.36708329266966,-2.587990411330307,51.66654097354727,11.602386807622576,50.03205791035385,97.4691911486462,228.97740828615343,-2.639739155866598,52.702646532955924,9.942136909224473,50.020401387693084,94.3752946418808,225.74443235690498,-6.191810434319115,59.35518751550478,10.862381270388994,50.000386415708725,96.67878870590891,228.54216253153325,-2.3313068297042454,54.19106125866432,11.305645020390703,49.8948423275818,100.20564026111559,233.8851797834586,-7.877369598200311,48.377359748101014,6.882127109732768,49.94559255247486,93.58616943454146,226.97168453160273,-2.878974157610722,52.50304601472408,13.517200509012254,49.963937121384234,104.55541705596308,229.02774838540577,-2.8737203086150513,48.60973126709471,13.23542346144684,50.03347535340827,98.58060788308312,231.1509900915788,9.327367600629877,53.81781370997913,12.884409386648837,49.96302420491612,91.27198701172874,229.70506887892023,-3.7419791954129895,47.459665648149226,8.522230231212847,49.99908762692642,108.61510427468421
229.2965078763514,-1.8563329146417975,56.46641966929494,8.153553887034423,49.95329806559476,107.87427691411717,226.53132638786792,-6.7114857573294415,48.68297727187747,11.097384660952907,49.9896946499225,104.11968416861734,228.62803991399431,10.792231630920988,65.55318314280652,9.60025754323797,49.90894765986437,97.04045858697128,228.71968021934225,3.4918086439511145,43.82999323250935,8.434366139824672,50.06125146940572,90.8369522669951,232.82988425117549,-5.994182239547031,48.82978229758157,11.996320522571722,50.02794203469955,104.31020990933027,229.66519038067406,6.129578592129831,45.92066664825001,8.107423257036803,50.01199370933696,104.6334932080329,228.79665908843737,-4.378237240553301,49.40047911343295,9.022064657186085,50.01613033397778,96.70160241488873,228.42208396942527,0.9872241239027811,51.08350037807795,8.117304575872119,49.98433341093782,103.91876155186182,229.41068700662646,1.494671917321997,54.34841784926863,8.08889011628811,50.01922149402535,99.63654229438215
229.1803804345826,-2.0088045627443005,54.481213344941445,10.017357905141397,50.02749227440305,99.13501713602868,229.19744788859236,-0.25689304623704634,54.08776666712269,8.92638599970836,49.96937907594163,88.64476841235653,232.64223054294735,-0.7658971137338212,51.00018303984727,9.39224394764525,50.01228454222317,98.16424872236736,227.7272146780964,5.679385429921653,45.21957132193591,8.904263768312488,50.00675263565046,93.64551680508694,230.78858473316106,-0.9768007480776147,58.330572175467644,10.708905457638147,50.03069886162364,101.43524088453525,232.23699575340092,8.050855806415404,46.79704276644379,13.490748394358368,50.03433061237618,96.2059320934107,231.6796435076618,-5.441354794789287,44.65726538640098,9.791922454769136,50.027757800050544,101.20891610681922,231.18688940633677,-3.1091522399869143,50.389109489048415,9.007829893513321,50.069226700512836,100.9865891150272,230.7571821277923,-3.516101142690996,57.04041382543365,6.771098677693045,50.088556453466374,84.46962897132002
229.80182422237974,3.8498690582291895,56.89961764937583,9.53648709572782,49.95462603140629,98.24378358859967,229.44285554094566,5.251480557678584,55.897835796857436,7.939929818806402,49.9888193355792,89.5811207026133,230.6102447714958,-6.43362140645732,52.68859683717405,7.285382807243446,49.97726660769762,97.15451134794354,229.021318406633,7.246779755340674,44.179616629740494,9.560708363185794,50.007650322462375,102.68933613093526,232.26926766969342,6.919304883139484,54.17345727089272,6.201812996667073,50.0873680155487,92.65686171619367,229.32353321964968,-2.049188883263057,50.859018736392876,12.398904206414429,49.87640901792292,102.30679573321292,228.63411278512936,0.08086815061066828,56.19032348342039,9.642519232030594,50.007984912650066,105.43994571555345,230.36676690110428,-5.4754779501625155,56.531611727811146,10.424447805912882,50.095724495526724,101.38907989409786,232.15394340025938,5.70265727229931,55.409170372718805,9.271799129196927,49.95551297551161,99.57139588136359
231.26633588983157,3.1016966015357097,58.49193150494969,13.184120559879625,50.03498863314176,99.14345333935634,229.43076690313637,1.1744119370935844,57.42475050066911,7.142183391667053,50.00496942649802,103.7723169429436,231.59623083850764,6.176315565352459,45.39536046216511,8.696603584001451,50.0352334970703,93.61486464967086,232.01563599989885,2.347777843980011,47.60664191324014,13.136710199167748,49.91893879694951,109.69766451596007,230.89729134687607,0.6606760199002265,53.33960835730212,11.335222526852371,49.99699012275502,106.57868216961799,231.19827459216756,-0.9909727439372172,42.43783022706687,9.053610846624338,49.97058351123509,91.44462824183606,231.4879756099546,1.2431940455241544,55.64978714936596,9.231650304667694,50.05107350681269,99.23205067857653,231.27021515768385,-8.881910183205306,46.894297727114285,9.641038565365275,50.00569536831742,100.0464326338773,232.4177771018726,2.0752028622857135,57.00387640775705,13.420037530877648,49.96454457144882,98.77577306896721
232.39995413637413,4.7111744627477705,51.450347850743164,7.629038778471974,49.99400315660809,99.58846368693595,233.46264916895697,-3.1853315412679484,50.985797840879286,9.168732215081608,49.94521783185539,103.44001610592179,230.6357601556411,6.235091190091859,58.9362439464192,8.798880630042254,50.05074551158922,91.63380653560074,233.81666730278096,-6.056225186097829,46.89534237757356,10.015502108251086,50.04257966545072,94.21051000501183,227.82890640079893,7.497484739015597,50.08025339928988,8.95741363088,49.91974729549345,98.94399510096592,229.06196317463454,3.9636950638318824,47.086633167961594,11.656942559296363,50.02263270077715,92.15514491858242,229.26609462846386,-9.774024157566227,48.06549643040732,9.650780251286815,50.00014721229947,98.87855577123746,230.71331492481872,1.516286607109453,55.12579831785538,10.81214503966431,49.97402766235866,95.77502920602915,232.21231478950884,-4.321285896186496,54.975110351794676,8.55682650530641,50.014833265068816,100.3900593358165
225.7508269859528,4.063503942427097,47.315219081294714,10.905667073841842,49.97263597110905,99.01495084232873,230.64761093542427,2.6930743109752004,43.479989191755976,6.233339054793211,49.93749497236598,100.96624418829879,228.66414643768672,2.159781025851573,52.35940752709075,8.815470215867883,50.005594352080784,95.90380908725962,228.593490202415,-3.8877061576001477,56.92439348782083,6.96740990329621,49.97778884561999,93.34196025238744,229.9292699315289,-2.3646421944761515,52.92726385264438,8.596146493243204,49.9121716233798,95.26474994166122,229.12530827886494,9.871560036445558,41.01228850099616,8.029676950543637,50.05162691270476,103.2119273027571,230.36191595787284,-6.648537357371961,52.53928365596501,10.409588977126049,50.0512621513489,91.59401885467419,230.07061611072552,1.7600409455935697,42.52132330838663,7.4963256330583805,50.055352842722925,96.88153964992584,231.2526358461089,3.3808587651972433,47.29034227938775,6.961365879395185,50.067835684835956,101.72478898653019
232.35134570227942,4.647477381994093,38.43648875519482,9.82501275381153,49.97588964266287,100.54277961110206,228.7345374477433,5.125866796089932,52.31740562864465,12.081367890090473,49.99118052127209,100.72795334160082,229.52182494048182,-6.029215089685498,53.56539697641147,10.61645745757079,49.949677378867506,102.56362544227838,227.18995131983814,-1.547589898910473,44.86573200852749,9.943826057213514,50.058850924406535,99.84771724967993,230.64691461060454,-2.5966883733882486,46.26901715154482,8.111303272516878,50.08073101040538,96.35162091074874,226.8472867750347,1.2550613597711147,54.047936251132704,11.55163590867533,50.020110695719644,102.23924970162659,231.29369438096617,-5.38621091806522,51.153417382460326,11.206703195628997,49.9068324096389,97.45191526444404,226.9664850175705,-2.4461836512698416,47.94682362363979,10.967720963923108,49.9634493370827,87.44507782886524,229.74589830400294,5.609551477644312,53.82718523164791,11.16946400240591,49.975589833428344,101.59969607623981
227.34194898634317,-6.415431921838728,47.67034841760676,5.928334089235528,49.91648179668568,92.65177667322774,230.6214183621623,-7.044641230716836,51.010424968892124,8.281051005514502,49.96679555366221,104.7282892045412,229.41344838496792,-9.628789256893679,61.52050816143266,6.347923096634869,49.96894101483951,102.3688329525514,226.7956159813171,-7.075332363147041,56.29750421648214,9.3237564562469,50.05208799716681,104.9887934320358,230.17908528333288,-3.917112362849975,55.9358824650693,11.862496696104106,50.044211834812025,104.20103875369821,230.8176272482982,16.842678745209966,52.487554695231324,9.35359992935906,49.93799819366261,102.48647222778033,229.8832017614269,2.9628986251770772,61.288489563690945,12.830580559966982,50.00791633930851,103.87591523962892,228.08980270776107,-0.6983784238071166,50.810150750949475,11.317313715323325,50.0477088096527,98.27896026845406,229.26329749114717,2.3987051211113575,48.260213004489394,8.746614379707822,50.03389685086435,95.00731248321493
227.35270269059544,-3.6162136778460523,56.5132730555715,5.052750273453798,50.064993127180415,98.20793347036978,230.47601078529632,0.5862798554453119,54.20779704992946,9.930320451722965,50.00587022414708,96.32142459088844,230.37326863515452,2.9578710891364186,47.50762462358199,13.024685691371158,50.03126957345068,105.01430234754726,228.19388652766662,-1.618468753212139,53.43971696135162,10.495705988510544,50.007075029200855,98.71553778425205,234.29284878231542,-7.207238550742047,50.43163127150971,7.2718149315072775,50.018045338658496,101.99334375463697,230.80279330490828,6.750144692720555,55.1674374758567,11.714260979679429,49.95489986238072,95.25145654453638,231.16041032957557,0.8540343123951564,51.93457105852834,8.573099811772202,49.97456411173506,89.5723311336864,228.99418752276722,-2.6664765177958816,47.635445998579044,12.760918790362595,49.95472072704818,104.9105367852626,230.89983148068663,1.9009495865915347,42.41322596536462,9.251386138413807,49.956813574609605,89.36781802185547
231.28083291527227,12.432245005371014,48.926537307759375,9.775706477831783,50.05946570113104,103.12053567105053,228.0909913324432,-2.9835580201323326,55.124410171580315,15.932579375602236,50.0271305699828,110.8866774953272,233.72339069349363,1.7068476106729302,46.992742116328145,9.82801027430573,50.08830134512786,106.72491906299112,232.77458300812978,0.5410655751477003,55.35616784152117,8.398123105947187,50.00737568348418,96.12810360797687,228.37824925688165,1.4527091290448353,49.04930425709787,9.488255862844186,50.024721102312434,97.29146191631365,229.89953098708372,-7.309496877648436,44.33024992824645,7.980074949278425,50.01721342091361,96.46642636167752,232.5355616615533,-0.6044583800744447,45.44225699500417,14.14675290704009,49.9534292992161,111.64469846958538,229.84521123759004,-1.6894992362635812,44.84963434709058,9.079651041767601,50.00824400967544,98.28147337746012,228.7156358908545,-1.8326510425245301,50.04401084550727,7.930353613000793,50.043605933119785,93.55963800471048
227.07140862416054,-1.1386724179335925,42.97478877380851,11.455181031348037,50.03876979796092,102.90715181282367,234.13937842812302,-2.2976184532338033,47.6073487948856,11.548016171202605,50.064475525983376,95.2866182128289,229.28107281802554,-1.3894268068613271,57.16986767914097,5.9325657069698465,50.05097219215769,102.19206190872315,232.87408721307736,-0.4978293466289322,44.68999311397611,11.034100025386625,49.99748789090585,97.0188798326815,231.65049346405775,-2.8702271607945247,48.30391981124033,11.0565629691481,50.081468602964044,99.71079576037562,230.63806428845646,4.6874900750805555,51.29589275246777,7.319170445008005,49.981925384844764,95.91453514423449,230.45441524017593,-11.53765970854848,49.923625914224274,8.130218460821677,50.00128912634829,96.14362316361243,229.64238605308145,2.260136878314317,48.181699706926025,17.194520131485422,50.03446435120322,98.9635648556103,230.09376897454672,-2.6347149012591613,52.12533271743698,10.33852796708128,50.00387931985783,94.07059569541282
229.39651657665033,-1.4530309935935726,37.73427328261042,9.944716604274905,50.07276813487612,107.65086268927786,231.68428235539187,1.0224849995016827,46.424651495213915,5.919267531820221,50.062387452254654,97.00344688291199,232.74203924875553,4.747221843832121,53.55474102004716,13.514070329645822,50.06550237043595,97.0617067208024,229.20712552941174,7.767472098152897,56.44620300026847,10.52635173942077,49.93121073328408,100.45682191784465,229.09045974261048,3.2199787227944103,59.970408231413955,8.32136274490732,50.06719309501837,99.8571286575536,228.34457177961787,-2.0652966677820808,50.473754587440155,10.024090203076256,49.89773992279213,96.52308615210787,226.66430944789536,-1.1019906936635864,57.09366591560961,9.365437082236227,50.05121589968719,95.08352289774692,233.27847280159338,5.078839913904049,42.209149459553636,9.326916890457085,49.995484373428695,91.45277753638287,229.19452233463159,2.8354359732871366,55.22125847714103,10.843898387406318,49.990709605226314,107.0419125546576
230.30671872484047,-5.305900796819843,50.0216095374653,12.54476659373573,50.042431082248164,110.47207550065801,228.78842237228776,-6.35787333570351,48.7847516178273,6.9952569220888545,49.972596373475504,102.66104929041292,230.47388007000964,-4.564058075176577,50.460901891810394,10.467559628115408,50.04791626239516,94.08972368880866,228.40755608701116,2.6890707354658154,44.37609879243736,9.218903953180567,50.04472249688125,96.63265714752654,231.62813559082497,-0.3620554959540773,46.972678933349734,13.462169785902157,50.004475576691455,104.70379642632132,231.4246316918345,-3.6684710795704967,54.49835736947341,9.354431193256303,49.96959119825519,104.36588459028329,232.76157127062268,-4.591453605113179,57.93147176033836,13.163691483548362,50.06033328510769,98.3829067266413,230.8205074717566,1.104877899406297,52.994254186850476,9.246909221234596,50.056861902310395,93.47676776133456,228.7707238990297,2.594005864839576,48.07448615324289,7.597732927012457,50.01329748793988,99.26327610148499
229.52764600181905,4.700148285736864,54.669560363870964,7.73425859382739,50.067096377221105,98.48608956243876,229.52907177422497,4.537885993275865,50.17109678981461,8.126274323179771,49.98724852702999,100.98120060652577,228.34156171568713,-3.611218911636068,52.023798297360756,10.353245228117288,50.0513908667309,105.08451517947317,228.44660670161625,1.5818788771213632,52.4614454599197,10.350200518319525,50.080900973068275,101.4240786307803,231.26305295799727,-0.5774033117022427,51.3183972970975,10.800661836006965,50.051385348081546,103.67443110092432,227.45265904165691,3.393974090455866,43.40332562642344,7.7268053128984615,49.955580032656954,93.20400810962634,227.05666536595143,0.5526933859419748,44.95740261353352,14.003487263550621,50.128131366736305,105.05464408417207,227.1801614300186,-8.919748056895196,50.83249280789847,8.146916717491553,49.957432328401865,100.64430263544112,230.0796630022446,-5.881749813739045,45.494396112517286,13.000301760711894,49.919700553868175,97.85246451063297
230.64893684456513,-2.637021782821798,55.17926247471281,11.095670428310747,49.954317681767925,97.63716981801022,226.59473511247967,-1.9680442484086318,45.831250546445474,10.42399543155427,49.974236348762666,98.96184476951592,232.10186437808875,0.5326013749145141,46.76455289430529,11.487325748428747,49.996892766832346,98.66981907638169,233.5174479085441,1.2926947421366566,47.900436688802706,11.074401441549924,49.990885259263166,102.62982081023361,230.28634882157985,3.5253916993955414,45.36708312117583,12.360368715450825,50.00988507379032,95.8306665247549,234.08410877737492,-6.09828923488378,43.90170713550861,10.38969620781327,49.973877257121586,95.94603873433864,227.13205562741405,-1.082257736244004,45.03596410756113,9.503218781243715,49.993521505380734,99.99249600664045,232.6391393331611,-6.643218409766996,50.69938107771947,8.790437395838413,49.97883358155737,95.36742237481056,229.3970883906036,1.4001735552819095,50.53911171089005,9.671327702336628,50.02726347424679,91.5159847010361
229.14419641457565,-0.42693747252723446,51.18495617896527,4.3763895553703085,49.97606955993571,92.36616027935989,228.95714660819408,1.391858382166073,54.84673485992782,10.977917802582603,49.93822891453024,100.90879891264814,228.8065673168798,6.575091043906163,53.21246428039587,8.927023871859252,50.02387962053525,112.12844051985321,229.6571697278499,9.675940191038887,40.9479063394201,12.342321057333795,49.94897379560949,99.16897212087225,230.7000247891513,9.755527055739487,59.628038651579246,5.639776435358437,49.98351795480211,92.64618697504666,230.13505148591858,-5.380889029879889,54.98434528696371,9.072985550530044,49.96793772381531,100.18664110432908,230.94323010469978,2.0619956275633022,49.95238852233264,7.863899893754841,49.94141997837159,93.38490380916328,227.1638924550741,-6.692757241340058,55.849238249641,11.192345276305758,49.98158708982932,105.2449711957198,231.3639621190522,-15.780832686565251,40.28433234329226,14.974030160939185,49.92199735160922,90.53609232719228
230.08423637451716,2.484681220041322,47.03118267201914,12.529869352889762,50.06847696552135,103.11409570851959,227.16637188570814,-0.45503157828242613,55.93653094731381,9.117545725082216,49.93862613485089,104.94111593352866,229.59313805592672,2.0496579730788667,45.31734115998071,7.621718644559507,49.99048736570797,95.34844503610351,229.88882492030172,-10.24343107141525,51.43006530102478,9.427963376647089,50.00615064799251,94.06661576675567,230.10073474273585,-2.4322886260281087,55.40558229991315,13.31828310141987,50.02077227438218,101.82013281138772,229.03820220234317,4.516584006203248,58.031707809577206,10.575189082236305,50.016566848696726,105.61345157520772,233.30038659660136,-0.25628793124248433,46.215922809549966,9.107614475146118,49.945318644300166,100.9560715803472,230.30143237444886,-5.251626673680327,50.82341766293981,10.559881608124936,49.99437572790274,98.77119841319586,230.7215550740012,5.998812402571906,56.83978877108895,11.681988693264016,49.98113787364507,103.30950249427669
229.05724719484814,-0.1194319767304315,51.9894625754729,11.87975411156758,49.95697852503706,112.5112005186823,227.94291762577856,1.3029373252591092,46.94342819553277,9.962619244002598,50.02483554899999,100.90640142863289,225.22022935521164,-1.1481617047990063,52.44173167725503,7.9282950647575525,50.00595024969174,97.1210178913546,228.66113133628124,-2.514332342922385,48.11029044602231,11.995061792688375,49.94806372654942,95.64823440792026,231.32474047760758,5.121497301377786,48.22292465668009,12.415545184256969,50.08622063647951,105.25477709346508,229.10064239564443,6.55248476315642,55.008864255343696,9.506432799304736,49.99820784791392,97.85370025168532,231.15426855264508,4.949986074359012,56.12461972039442,10.237352250037878,49.95090214236939,104.08061406612184,228.0757918021347,-3.6237283621703105,45.895727751287,11.726099850936542,49.957015815163324,93.18921186549899,230.69782120252088,-1.4700594398298152,54.67472105746538,10.297935445832568,50.06265002636743,99.90653777483742
234.51394545955063,-1.8420503462700677,45.654366489170194,11.323682842136376,50.050404165200604,107.3110890655062,225.8184376850254,2.39477930814112,49.787707177613676,10.91087789106642,50.03633727878374,103.56155144085382,229.58746884248544,-4.055953216712131,50.41573959597476,10.651719352508072,49.97850287555207,108.26166255339325,229.47982410465409,-1.141940937257195,52.10237964358084,6.059279864989855,49.98303310927722,100.5879453091445,229.67116385801612,-1.7647074327676013,48.24005393315856,9.434442263970213,50.03532371690273,91.61197390063215,231.68839668011162,2.1583948614827926,50.99359067721084,11.702306964741517,49.94553668673867,107.47607830058236,232.02272581743694,-0.1522532867557718,47.82599144342047,10.315452328307442,50.06758528534265,95.72196187142922,227.65304229424208,0.42246270731524904,53.48091560088156,8.568376462012889,50.02006307351374,106.98803555105451,229.00040070558754,-5.596048366353589,56.95586019918045,10.913448066171766,50.007519576696836,99.1362966322007
231.4190305582023,-0.7738213358974968,52.934073716894375,11.236673841440876,50.065979879523866,93.15459067585687,233.77720846968947,-0.40563583009402776,55.006345601504556,9.187730453953057,50.101311147296485,103.62351815666833,231.4338707611899,6.700626464380845,47.871696639207535,8.815860516742617,50.01447082239499,97.81955138129548,227.4234819474125,-0.6046949614753384,46.57971032996515,9.905419134444076,50.098367633603594,99.18281264748717,229.14953672149514,-10.596887345118166,45.50416879584109,10.29848803223516,50.01464970236853,102.27618690718866,233.20238838030014,5.467224294013969,47.52073457675098,12.531812640463922,49.99061437794293,98.76505827219749,228.92545531281135,-1.792439832371365,41.32300068506188,10.23885676782106,50.04957967401688,106.76683300093009,229.28787736602692,-7.333812724858735,44.26077114820252,7.108542076543366,50.020786793877846,99.68671833321794,232.50945680636354,0.1259847393809716,50.26997650828935,9.944729325206762,49.96377712523239,103.18134473627107
232.12721824381128,7.055159735648803,46.531206644178766,10.039583284593705,49.97678164453389,102.04984429351474,229.61015590250895,0.44229308688825775,51.433679919675626,11.143329620620005,50.06495159850048,106.1282011264602,230.46387366482773,-7.5878876622091385,53.067589323922874,7.648518211843289,49.933766758720935,97.93886301134106,229.4882774137079,1.4767143328145744,56.34984883403602,11.133272263674773,50.072924166241336,106.43489777585052,234.52784636982955,-2.5704079377515177,48.88841632154787,12.421164314550621,49.91138007788579,102.1696980821276,229.53386597971536,9.578446219655513,44.11193432943358,9.6627374524705,50.04138589292945,108.66147788224093,231.305594129931,-0.030233003994503384,55.371440912844065,10.675190094217353,49.98931043278763,97.18186069365362,230.65715119510023,-2.8259694792947068,55.09156528599364,12.65742981021326,50.05358524589119,97.3441335350832,231.63069685454616,1.8302229934201395,52.56827272872752,9.951757430300848,49.96822671440053,104.36713415957638
231.72924097709355,-0.588422468083008,41.86069312334146,10.863846561995762,50.05925655137358,101.43973555444634,228.47375257273535,-4.720022289293032,45.63600183058396,12.304624061643576,50.004579854109956,98.15040158972236,232.28213267016338,-5.55658728863691,45.096943282375506,13.996694328878755,50.01358088333135,96.0681595086069,228.67413509016316,6.268178664186998,53.98861777012595,9.395935561976742,50.06506377770506,98.45756062622033,229.99423177652596,-2.899743514585922,54.043942460508696,12.920817333686326,49.89225330081006,98.80369995957444,230.93494164108625,-0.7366924259408679,50.026964154108285,9.50935771916884,50.02472909451395,100.57756225253144,226.91304856675174,-0.2170012355964016,47.66601565465585,8.980622071452233,50.02667908114802,98.69753973614804,226.7555216565605,1.3708565351334046,46.44769466042136,10.76281067325821,50.00488671102231,101.34049468038137,230.34772594558578,-3.863993879232344,54.58612795178091,11.0265518278102,49.965915025613505,93.1126499573638
225.7976958089569,-1.3138656638380395,39.22137463589732,10.650454140247573,49.93039861979957,100.08829373285475,231.71660256547582,3.681669104530092,52.340648402685765,12.491986039743082,49.98985234850755,101.53939601417174,229.07674625231056,7.969859944794241,55.67973980379428,12.364758975800259,49.970956675841066,97.78084989904158,229.79732490428677,0.9535151062364643,47.71855446480877,8.75779555202844,49.99598835689776,111.82301046706186,229.69753185493965,-0.36393690560958175,48.93393857347333,10.17654237509879,49.9723507708163,98.36530898237798,230.90288945625662,4.451505494384121,54.31633318710299,9.045528282119205,50.0118338246581,100.74036323522084,226.69132963028022,-0.39908431539189504,54.194931959188025,8.76204193760075,50.0067316235345,100.4070587717504,229.06602689106805,11.254959302723307,48.35869037078621,15.727136694121022,49.94609285691586,105.52970809939706,229.47602754564218,11.1480355451182,46.575463307236504,7.774037285305987,50.040277968589514,102.67420814875543
227.95067476490865,-3.0574026039491775,45.84232242519694,12.29903101217424,50.031706240273344,96.29721774882316,229.54217447686682,10.09263675876918,45.45086436147626,8.960163818132893,49.87664959103607,99.63301146918816,227.7342812567272,6.405307529466933,51.526288684943516,12.2105596143643,50.00516735576559,102.20722625344946,229.45456757432558,-6.513732008718139,40.89997901816177,8.937262454942667,50.017909034843164,94.28573304618355,229.76102456702336,0.9088030466247078,47.354800580336345,11.363768067429511,50.04271577814663,102.83374569818298,227.65808838332097,-1.2682661527092716,50.30595240963036,9.220263405307124,49.94841620672937,88.0827769291672,232.31397547131948,-1.3251327759847022,46.06837603067199,11.66491494658432,50.04599046502211,98.81113726191113,231.74329520273997,14.50082050897731,41.66013032327571,10.295832063095814,49.96896990254823,101.26501544901716,230.97951169799202,-1.6880759708797697,50.88020152951655,11.170781722040333,49.88734898354475,111.03554368313851
229.24122712392517,-2.938498963428785,50.899882262028704,11.795311440814052,50.043760990622935,106.67378696283437,230.27394266096644,-4.58695298120899,45.54571543771039,9.856313175242478,50.09603679270168,102.40055116338739,231.34779071123316,4.445797028036855,51.05696741377329,14.150493780909377,50.060569172242054,105.92580196123338,229.0467985043732,-0.8211154264461924,49.08313432834508,8.469603609772195,49.897405743661984,96.98216924828297,232.14137360894998,6.2119596335155,51.54247919442486,11.45388883106837,49.93636551987428,90.85725066351024,230.54010887671674,-2.4603220063541453,48.31647908032788,11.269494233136065,50.03866055076429,99.55556846118061,229.26003348265118,1.0164958822734818,52.7152692991977,6.784737674686804,50.064596451070095,96.55518939363202,232.9213342736064,-6.019069197965203,51.728161700828736,7.710048054195635,49.997528131900125,102.37610758137636,231.98680455277145,2.2050246181158006,60.42271426416172,10.4586368673692,50.07289892233756,95.42218893420757
227.8302169611748,6.03311035082444,54.304279373404064,11.84661837986746,49.971060317849215,102.6370974132226,229.97612135476444,3.6586179963322123,61.07156926315474,10.890688236115361,50.030388888351624,92.62894376803976,230.21385415981817,3.0599583996851445,49.743681593649576,12.877298186009266,50.02549423266455,106.77668965935507,227.03431471547594,-0.3792866556648562,52.59526032757531,10.05485352771363,49.97537884280485,104.49142709847473,227.223945164841,6.894660012779614,51.14636349528892,8.028503126792458,50.023754677140225,98.44671332216784,230.895196518661,-1.1568044389309209,61.94467438168104,8.570466690737796,50.062358331334444,103.28304569553687,229.38308029131608,-4.437069499380464,47.35120351471873,12.650849864430695,50.07468281056641,93.74200281642801,234.77688217558426,6.111658089594555,54.353221298922314,8.05882285615489,50.03520719458875,98.19908601636597,227.73311802155848,-2.5757634286173667,58.19412824846492,9.873557345820382,49.99768801993997,111.5553389801212
229.5650684843726,-3.07771085552343,52.177718945694544,8.575790532276052,50.11263167972612,101.04652416823147,229.42980045144608,-5.823735392120051,47.37921108065542,11.94559043376973,50.03917994834419,103.13079402483224,229.0053417819553,9.950400141587336,47.445871161363826,13.312037346161096,49.98062465170783,109.43596401941285,230.94337136839235,9.673130093094265,44.76432007701298,11.395813772570436,49.9816355720247,91.25327019523836,231.81322117193278,2.458429827057425,41.458785581696986,10.22324594149592,50.05557288041351,109.75802770968805,230.79019419448815,-0.652099289339688,47.966351499509145,6.656157766066044,50.01108294111544,97.29180949788521,226.91228581503108,3.7726595783533585,52.10725117647377,7.8216095436545015,49.99537280215388,102.63581067251725,228.62882141824034,-6.681910158542351,50.17185002755438,10.118855466220609,49.97395249617593,108.09619834413957,229.2766227132,-2.559635486467748,47.44769252811303,9.131534723142346,50.066793742032274,109.98501488931838
229.47959734886058,2.8451800974402537,45.845273005992766,7.296199012148419,49.98482119954905,97.47379608323723,228.48174494333995,3.4985773163505995,44.214136711272076,13.299841376104244,50.04932685944442,101.09658246728361,230.03446586309312,3.459481026528467,47.28528860340903,9.498019862554859,50.001395474225134,98.63397688358377,232.064416186774,6.943036783151274,49.50878983476414,9.878348795020177,50.088767960276655,93.87346992696449,231.87093242731598,4.956774546876134,53.370891103804986,8.535812105829793,49.97836824831738,103.54305430970913,229.7363293132848,3.299186525889797,50.39674893553691,12.310573715706068,49.990582278365146,101.96376889605318,231.17121056283918,-0.5457058229690909,49.87879000096926,14.302713526525189,49.98564753468267,96.17338453323217,229.89013246501344,-4.0800286335076255,53.57748334458843,8.68574676299235,49.99141288734391,97.6693309615643,229.35861512717682,-10.444382230422901,46.51723583571982,8.34730001108337,49.95968894631278,92.66552703106156
228.55115789607248,-2.2034584446344354,43.75116091793306,11.114993014715814,50.000360905318274,99.05121733735844,227.33555313538034,1.303713778112092,47.729472547966495,11.787872532412997,50.10662475219793,102.8366624824301,226.35802508180302,-3.223930962672842,46.336801554979914,9.96787715566708,49.943551368246965,97.37665886318159,228.12958227309818,-2.4212179633572597,56.72009261331144,9.324781791508482,50.0669241850647,103.08551819433971,230.7206907931444,-1.691775175185346,56.13866891117317,13.159940149450437,50.05851238610534,100.2626488770712,228.4813654433306,8.26984168775854,56.97270774943375,9.744572652878391,49.992691779879216,102.4891410298156,229.9489331929063,-9.918013812659925,49.34634612875021,9.796168626070777,49.946715655519704,104.5258416252006,231.5079935326106,-4.09463644431966,53.63298889388526,12.451964186036399,50.02599374440435,102.39308435484101,229.7393659724188,-2.3049934321539842,45.83764559791323,9.799214342065737,50.00483323305169,94.08287920658707
231.5176480884155,3.51382423554075,59.86680366144821,8.58618127436813,50.076839020169075,102.67155790836321,234.45597248402962,8.75959262783446,57.12488817008186,10.060925209705827,49.997651507358746,94.95054312635308,226.06665143533849,-5.9437058847029896,43.97779702987122,9.330099484087265,50.052976742016206,93.32989615483577,226.72915871569163,-0.562227291239017,54.87491614482296,9.12607863455738,49.939599933701274,92.4732428086811,228.07160924424255,6.0654362138392415,49.431105317640466,8.092670800391,50.031521090415346,99.01893049393719,228.6058749244539,1.4197565686443907,44.76379741117614,7.790009823905611,50.05717210826392,107.5488598083786,230.31628848159735,2.905419403408204,49.914998487524564,6.103061951908681,49.97232761361401,103.55701675721728,229.39406652196655,1.1149703369890038,47.806494932065384,8.217897796837022,50.01298974449283,100.6587715710058,229.98615718832292,12.88112772576797,47.267197436853124,10.844329942154362,50.067402686681625,95.87824323282143
230.3574670037417,-1.9105207667800193,50.480480202524696,8.132926616539125,50.017745647437586,88.76541729269142,234.85440262495106,1.689338112485522,54.97114705909191,10.53220780998106,50.05627242246674,103.77689432507161,229.4382328279078,-5.489021087914803,45.089748154319416,8.935091162190743,49.90484970128629,98.72028243031886,227.1175431991274,-3.648623192755214,44.86177152990137,8.29377162352596,49.93068166285208,103.95018581555675,228.12444134646796,2.486173429406704,55.725176679532844,12.049026363346066,49.9791085222437,105.88755847663293,228.70926871804735,-6.178979391778054,39.38994098770432,10.552767073673285,50.0278205394322,96.87477228854468,232.80028445305464,-0.8674666559559853,50.11463727214062,11.619677986530988,50.015688046489615,108.33974775788715,228.13102993849924,-3.0621652876345156,47.75221495358414,10.704889547055156,50.018536611044816,101.76204465698865,229.7108714118038,1.2818065620792791,59.041153016659926,10.324276664005337,50.04757678236594,114.66425068424816
229.67007108656466,2.9210274967408,46.799548440103685,9.237480259436214,49.9508014195354,100.77286558758163,232.2217294577732,-0.8050631655738756,51.025929985610595,5.1291978888548115,49.995199308479144,110.4856007427215,228.77311641961708,2.5075346754652097,52.87202039513662,11.108989747913059,50.027266919860395,105.1412789817839,229.13430745730273,-2.253636957455993,51.09152950638729,11.282790437837935,50.00783765448172,99.02869747061186,228.9835856792121,7.6581917788855804,54.259318730359475,9.57682992526428,49.971511038381244,104.03738073471287,233.50785614746476,-1.6972480342829679,55.556995052975445,11.812939815779478,50.104210889577054,97.80341616524998,233.6553422414061,3.0261819854892473,43.78220012804166,12.660827903051612,50.01847610462607,100.60458123578697,229.06990670936386,-0.6316658123089813,55.204890784944816,7.0352308541542055,49.841429665719176,90.98912326360156,230.98833464941188,-2.9537825286899837,49.8743070144062,10.555911680332013,50.01520301648755,102.69801534312212
230.41215606608978,0.7245971775051717,54.57785054415716,8.863531877552568,50.00238237745774,106.53557903791669,226.67072217665674,-4.431757097843771,47.58613195112887,8.615681041183969,50.039494572774565,103.63642974748608,229.10987668015065,-7.867314752467006,47.30795907106179,8.303869171010405,49.97917443073937,98.90628451866277,229.12421383442603,7.454990579157958,53.92704471410451,10.071237613589297,49.99075246548802,104.25681311645783,225.1972808216775,6.570668330879067,55.49762024492494,12.334311344572516,49.986225676068244,100.80658582021866,226.03613772787577,-5.576999198035563,51.253780904693265,8.444076640571271,49.991985547166735,102.64385600938436,234.44840965959938,-2.3517173753344727,56.87859155915743,14.258390888000598,50.015764515774606,104.01964969997417,228.1295977680912,-1.2145657053859915,56.00412535018049,9.458970932931562,49.9129533006062,100.1443204437849,234.08940861695766,-0.06360613043206552,43.63852820439904,11.0577664273281,49.983726688727046,94.93298943664183
230.63920153703873,-2.4066290272250797,43.42696114978865,7.777242128639648,50.02237964087747,98.01936208035573,229.2751381569846,6.066382549134549,49.57173054234046,11.602331253643705,50.005015970714744,104.73251613249585,231.99274872147566,0.25361946626927256,58.551870508486175,10.805666363903333,49.91432747210151,101.46927705259296,228.47818188580294,1.6468439467196294,45.41766357266034,8.129455949021212,49.989436371497874,93.874247336625,233.22552680916104,10.476291085063282,44.971539372464854,4.889910346583662,49.955199530190306,102.11273697303744,227.9415774907843,-1.625958201487482,51.78306209159674,9.432847599476816,50.072871776915804,104.04863289603595,228.11958512957094,-0.9449987412333783,51.62910885327806,10.446008894014238,50.01947960016856,101.08204523116547,227.31968784557245,3.3712449337627177,52.83048401187659,11.63788973679046,50.00948616520275,102.69795937631076,229.10278442090433,-1.5480982956847544,44.5639847135371,12.62094961498129,49.96235939833734,108.15107208586409
232.79468252029918,2.4837639370906235,56.81065377295653,13.012348408852922,50.0963267942513,93.99310992591056,228.95034673045123,5.2093899668441335,50.091551456762126,6.955914385621941,50.000530174566016,99.39084038978925,231.5912200765092,0.5958058706950163,42.29655861363116,8.682679752344601,50.05950267152282,93.89668854953413,232.67637896080038,8.003129744914943,46.68142238728096,12.957423864888382,50.01841126662671,97.88502952471548,229.3502194016467,-2.5422656865912674,46.8574836846689,9.676289823290773,50.05028779011724,93.48245889903285,232.04606413685994,8.251559467882396,40.64732231271446,13.085494619593534,49.96313583856212,94.25910300745018,227.52968577186476,-3.538245916542598,46.17502169357771,5.114041330563457,50.01894759495967,97.8784724466205,228.99790790369659,-5.534855894855831,49.94725061303303,13.890589615221902,50.04540752918876,107.59411594597722,230.99172390096246,10.522645996950628,51.004572074978924,13.013211481486731,50.03521165126789,101.27814502020401
229.21830556191742,3.8429476407234695,44.39038426704021,13.295877324037281,49.968716306981975,111.94802590951785,228.7139789246144,5.361439958381869,53.704026530971774,8.8435055160859,49.93783217045203,102.29047189386684,230.95545668102577,3.7139590729610017,58.95757248190269,9.130612384824905,49.996386017474194,96.15048127993835,229.311805481455,-3.569558493474288,56.571150460268385,11.027985338979866,49.98533136093711,98.75102921604419,228.15251888432087,-5.9735488382819115,47.026009588510384,12.512103504365456,50.10384421282064,100.32393627932848,224.75851267825936,5.715269335503651,52.55387389726988,7.682925988992383,49.98636394711012,102.71085655176671,227.6931219036747,4.146272509288991,37.181721933237384,11.72808207552739,49.9875335787611,99.07437879857906,229.97434149798542,-2.7360623541758997,47.98291204626556,8.512793483841014,50.010042846295875,102.53044344368655,230.47847329442317,-5.463116764952366,54.790085644937,9.9364229141415,50.031014425960414,96.89778497424221
231.82653017186877,5.3797393234773905,48.822679544154965,11.396139389514904,49.94792277772742,97.70576048846539,228.7273596149287,7.637355254919215,56.41340306560235,8.984474140932802,49.98077004952193,101.90308965833344,229.9402686533328,2.200724150437985,54.87988114606411,10.261254632513559,49.99940064395719,99.76496223834083,227.85243412864406,4.764436448918767,48.3513479363315,10.549925241886589,50.07664149350836,94.5568567428862,230.7085982269115,7.761813238624553,55.76934546524973,9.193551250113192,50.055759169985166,98.64217903909727,232.11750211322587,-5.296644371460543,52.74081147415972,10.075460178418435,49.93274332226192,104.21473600346228,229.42764033564652,6.537112538792702,50.7217929391202,10.300107524641227,50.00986983359588,93.50710064301614,228.2842147967461,2.646472416078185,54.521795606854134,7.508805638774176,49.96960220477823,92.54491200532267,227.2672618159165,-4.787099213738042,48.62439563671504,10.491763610594903,50.03328464341396,102.85811609563463
231.53616373868968,-0.4798258887744841,51.99322446765199,10.114423061364697,49.950224800777995,108.83984069020882,225.5114077818452,9.064081620091516,53.81934329539104,8.066363829896599,50.01994537529925,105.24064876052806,231.10559046363707,0.7605668275065146,52.4288727818936,10.900136666101478,49.99351458751693,101.54444586001165,228.77105010520467,2.3578122711323894,47.75771730234321,9.096268832714896,50.06668627419871,96.79350496852108,228.10183586201924,1.304631723691731,53.35809153316273,12.240679415143504,50.099699673517335,92.47034661067,232.11700944711902,-10.814808596293624,55.84756969007415,10.24824150806842,49.898714727934326,108.4458251918434,230.01007033082894,-0.3577755752517586,41.402006639903234,12.408449568431266,49.900351359346494,96.31678181456441,232.24414347133035,-1.0216823408246802,44.636471844083935,7.945069007954761,49.97702373962476,106.41676975442655,230.23949550304516,-0.2988190550017047,47.41572753161114,9.916417996462211,50.10731203992518,94.7550971278715
228.53892304444562,8.746925650112363,47.53798428710411,8.51253130375779,50.022570110839865,94.07669263322856,230.52108500034137,-11.210349012757172,47.09702738464367,11.622553550165112,49.983593696146436,104.36781821007303,228.05197738192757,5.1600822697552795,40.88904912223653,5.315761377647806,50.030117128044154,106.31823183296959,232.01173931381453,-3.1656115049877775,47.92193133594082,13.629696872373929,49.9828014750755,103.12449422586675,234.08487307476054,-3.1454908608085463,46.42853324140925,7.161040199564482,49.98705372231469,97.04599103339613,226.06444911635424,-0.3989220734489196,56.53228698394061,10.879246351850332,49.99099737807934,101.77466020389936,229.6338678049183,-4.82225367315522,45.07590802598186,11.683781743391117,50.00880146225133,108.63728933562432,226.96446350412137,3.0318267412180133,61.52978091283742,11.255015930428735,49.93892202916913,95.03291229792377,229.76153354133712,-8.663340245454256,56.83267259912665,8.150661941511668,49.96792407161642,93.92007093943053
227.3451068443941,-2.6690521541165935,48.633210224650966,10.397551867030502,49.96188948273633,94.67123819896176,228.23612896799963,-0.8097161676988907,47.95276060624233,7.170223976530263,49.946617987979,93.8622593063412,231.50463267636823,-0.13449793699436546,44.44354522703014,11.696773156162559,50.011603121809635,99.1893026688569,229.86760194110863,-2.590255426682443,52.090522934729826,9.3714828637711,49.95339499341313,98.75665477993442,230.24868236952378,6.306290585425328,40.945892529688805,11.075644135992249,50.116096233879446,93.10170240419095,230.97097252016695,-6.8398153385351845,44.03703564627445,9.38828618526152,49.98328525716803,108.59894377939524,233.2332018781209,5.086293939703436,57.8369971789637,10.217375985364486,50.09017289676622,99.5661313804539,228.8113906949488,0.3067386142808675,39.88917360067899,10.240393922877585,49.95235765352081,99.77759705641616,231.72848582222562,4.836500927751562,55.948946185468586,10.84411958629682,49.900899315893646,104.98912607113321
228.39499634366118,3.8513461555942823,55.31973183526368,10.937833833756908,50.125080037167024,102.9023916872346,227.38145662132916,-0.7787446988331725,42.89425269892033,6.203713556336427,49.95206643987288,99.79207426188286,228.89291008696802,-11.232499758181875,59.253957233635305,8.902497193294138,49.90637280836658,92.87112790323485,227.07460397964468,-3.61669226096133,51.94113312288678,12.078251497190971,50.00051176210425,104.50284566691167,231.3165965265095,-10.762324493819722,45.24784196881897,11.085494808267434,50.02116295249218,105.52466971072964,231.68073850701683,-1.5349747775337799,50.37296475271483,6.826160959895191,50.09728592434863,93.10812212195584,227.66465014594874,-0.24236814736547008,61.15737798280141,8.839075255813727,50.0459494285116,97.20545469984884,234.4480497777796,0.43975077844523913,51.635203663723665,10.366441082091127,50.08597514503943,103.00176596084992,229.38461020150876,-8.646610251413573,49.8826838350047,10.20984915544362,50.04924389935728,90.06874043854589
233.08221946510906,1.0287311844870388,54.307339714644606,10.10973129608501,50.00362111865684,91.12559726303719,230.9709176075076,-3.9888104141136798,57.33233602085933,9.625025731828906,50.00230157063851,100.92327293085931,230.1363226793198,3.8612413098959504,53.74115535103058,9.026450910873097,50.0785160293201,91.54985700120743,231.03984082202342,3.0082590926601505,40.04821236516033,9.423617701595852,49.93269198469572,109.40868722419698,228.51961000431953,-1.169492268801546,52.457255719691844,9.537427061626241,49.9957146033687,102.30803716370868,227.9737935405373,1.7635929815377094,47.04811238146926,10.036610374468557,49.95714191102051,98.29605258537974,229.20488833104855,-1.9052078022975611,54.44305733430008,5.393761225450137,49.950007900788535,102.77793496460563,229.20304513914252,0.504643932239092,49.435029020360226,10.3351719652251,49.969721039005236,97.57735590582224,229.73965269891644,2.756180572031912,52.24987571880668,12.335013880948587,49.98442114555294,108.45720847658997
229.7472595550837,0.788573668586407,56.09744166253655,8.455494161644124,49.936636002678455,92.72604943961616,227.1530947955635,9.640934042077008,56.37334196621109,9.008001999305488,49.99136843485586,99.40799089989484,234.722484371477,3.63097793417627,51.87141745049,10.07074063014341,49.98107909982471,105.74825151189673,230.2133827977645,4.085334156626177,46.71824905631878,9.844591786607904,49.92369430549293,96.19020041268911,232.20363409239476,3.2509218656174514,49.51589926123392,11.9749063785653,49.999902669882815,102.81498342939328,230.43014153203544,-0.49338063663663384,39.38223622334273,8.878963097908313,49.94933748178954,97.81213081412183,232.72153902559452,3.270260969125996,46.859239736118894,7.802602854898552,49.98926906039017,99.57830882113127,229.228175984083,4.207950387114803,55.79626524520364,7.7616186219968615,50.048409657133405,105.69481197137263,232.05953815912034,-7.8493111447255455,53.14878158968641,10.791941803589733,50.0604153503648,96.76198226525638
228.80143496788824,-11.40421361683958,47.78224817744948,9.468282861665745,49.994095260622444,102.75347738932383,228.80316720063448,-0.8101867922352562,44.48767529156555,7.072282768852304,49.97997002390727,105.5563658024592,226.67208484125797,9.559677057655549,51.39465249669751,11.894632609781205,49.9860897124747,99.34832717889256,232.25194834044927,3.6947515512977085,51.40801847065124,9.337166402246288,50.0346020470978,95.91182126961888,229.2539284883661,-0.4004353207264414,57.756245599832496,12.201901500296058,50.044124749200925,101.56876422131016,227.9198992639588,-9.721938596513201,52.531059910533564,11.828190533025392,49.92117053492247,103.11550568425443,231.20645437350362,1.0214154143598433,43.85455812490447,8.329378971787005,49.99181598351575,101.82165980829275,229.41924697157384,2.644513132015243,51.60647073010039,12.595813833428199,50.097152936992075,94.83819237630541,229.2761566163593,5.613876108793557,44.82357949596334,13.568681979789398,49.88809367887414,104.01122742639569
227.60991527425844,11.148540375394315,47.9412135723907,9.384925824853918,49.90497778232843,96.07479102282979,230.7843515300088,-0.08022096084413549,52.17888122207923,12.281673036266989,50.01594831943349,100.23216591221404,233.39127561498182,-2.740207519835694,45.03066179862672,9.975016067754337,49.92746439632935,94.57062846469547,226.4488165903764,-1.0551830899031642,41.88231966675953,8.867671317494233,50.03464527251049,101.82891089821717,228.04645306698717,0.8601964506665517,51.088100329145945,10.639008900128855,50.02232917971313,108.07505055040802,225.13957164241776,4.889945379937195,45.54774883691443,6.998970503642852,50.00908164392602,104.75387849365435,229.02367596102252,1.2274985082649574,39.602986676003475,9.467756954822555,50.050434289637266,102.3605971360431,230.47026827665738,3.543344581158766,56.89824456504479,9.04075839330736,49.97224810102088,102.67400058535179,230.10645300227995,-1.4422221409076972,48.968351232540876,9.550712829638536,49.96957797305884,104.17161787789243
234.7924594026528,3.6712799954846194,44.19705671058886,11.45940459822184,50.03863745629704,97.56671737224366,229.3594649768316,-9.431722784528045,47.01801801314431,11.268949180016687,49.98860574648923,105.39268225405456,231.78910450962871,-2.612794940363963,49.57062188944419,10.024771114190832,50.041268446840085,94.01324606251649,229.44196259934589,-4.371589348347626,52.94956001868482,8.03083300946281,50.0323173961763,107.10693105754754,229.23075823830138,-3.1824211994433926,53.22518540766897,5.855870972567006,49.98701504518926,95.17519890307577,230.08447193279284,3.56776811529742,48.61299807965767,9.362472924984232,50.01180361440393,101.91675102381022,228.84117201289516,-6.400164973030744,44.29828614435935,9.960326950536897,49.95796411654132,96.42621650264208,228.17052734378592,-0.1617980669221295,42.55802252164425,7.568808877051493,49.943584451985785,105.83555967806525,229.6612150231722,-3.651964093103875,45.3043558427542,5.502644558848907,50.00161724289993,109.39010878576018
226.63127985646034,7.773944642633841,47.912435216040365,9.637330779677376,50.03841735685895,96.40040656671417,232.35100445998077,5.248883722814373,56.81309906377598,7.881341663936884,49.945812506262,96.83637657074354,231.47489120542627,5.9732377442838995,52.296112175642584,9.834853694766812,50.052912139889756,92.54076982215,231.13894855317102,-0.3068939435873718,48.92577437179824,6.904143603275745,50.00447176182942,97.18421004080814,233.3097112627335,1.1751578348469935,47.49122918929116,6.037626952266589,49.99062992151782,105.06478498349301,232.82100746075616,4.096245170469614,51.530072917603285,9.827021766685679,49.99279819454719,105.15675378309294,230.07610061878788,8.50988221558321,48.57893225768275,12.319676433220351,50.08259992442789,100.97582800399617,227.47661894590783,-2.436983262418383,53.70396183983595,7.309294845513492,49.97579013682346,101.39979860462961,229.33664554956172,-8.468488176013283,53.04923638176907,8.450484182329303,49.93600223884051,98.61726162965175
232.35702705950104,7.03069717836275,44.5841952210054,9.634761232812787,50.009580216333994,102.41592431304205,225.6520187859681,-5.271619261143772,60.5182907945142,10.247115199794486,50.1658833527415,95.00213276845872,228.58557746030502,-2.2906972739532176,51.60918814699396,11.393467409831933,50.0401847579937,97.90399490210122,228.32321997809953,-2.0616506247910937,50.41381460343271,10.20486993353111,49.85200733364392,102.16673675278429,225.504886707994,9.452024763857265,44.86246274899039,7.057295297227071,50.03137386175366,95.06598068630188,231.62311806783737,5.485574623249835,47.95196035163633,8.031314736144985,50.01466552969787,96.78858066568736,230.837171573119,3.350312812543926,55.625068968019626,11.223097653088338,49.96779645486361,101.4805184784626,228.71611578488273,-3.3676490466287485,53.99780603203549,11.890368923005626,49.970982793132194,91.91853897201962,227.3359515959489,-6.901912236976431,55.12530105310884,10.491104636669721,49.93550857557662,97.41192998476282
228.7848288730521,-5.988090979281885,52.232448784110446,10.090340932262585,50.03645761695771,109.26373404408382,228.1276274958246,2.460951003854848,58.60069438104546,6.085855857358639,50.080851780838316,93.92601574291551,230.53600958554847,3.1803897332207858,45.33993011437421,9.895952098637887,50.02396271329265,96.23662788365746,230.76674246169748,-0.005127100601833314,45.02264302355402,12.947337294543678,50.02526908262998,103.09455814828165,228.31644799114684,5.688676532299027,41.894539259327175,9.25065247047802,50.07973621377281,106.35029832347622,227.29069379952372,9.756030094959616,57.651726746622344,12.685291124363552,50.07024802509138,96.61159165538781,231.07736955534727,2.0146256081683416,56.52177669076937,7.856025465179596,49.97621829137004,98.24414578875538,231.45423914312408,0.7540073932516812,56.794052888876735,9.624588404357537,49.94177556672586,95.10523874918512,226.49396745248052,-1.8996981613333426,47.05381688347604,11.558142008238725,49.95959930885438,101.79139974115523
230.6890359819713,-8.399715662884832,53.571641159791525,10.973047920049375,50.050004111485975,99.40177341485337,230.13441986521505,4.76315278483535,47.618092336280895,9.416876558564002,49.99135404759226,102.86455207080232,231.0696579794326,2.6010007323154434,59.33163737865717,10.52300616826934,49.914712007134035,95.98669646564879,227.85401831094035,-5.52283964273632,48.361974446600996,9.638218487205416,50.06025583097542,101.15784566181053,230.40942028294614,0.6478534245805723,57.372457370529,8.488672127531316,49.99073609250451,102.83299486318738,234.54911766406968,-1.0479208416038217,42.847858317662585,11.856333792601502,50.00747015746472,97.3948547228769,230.25445563640784,-4.4300089431305505,52.54227837885522,6.302579411721681,50.04941481205351,99.15972293287733,231.72677257532087,1.8724494117256532,45.972677327470535,8.707724301790858,50.003006342375436,104.02289958774871,228.62516636306515,4.234384346474326,45.274270969527706,10.059931869780057,49.96971833282898,105.77671166142491
227.94817809603728,-0.3253215716949889,49.447360914286435,10.486473109143578,50.06039571897494,99.61083518767319,230.8130655004515,-0.8199145643120622,49.66399682424797,8.688428300773705,49.97406082779491,91.14008468824821,230.6493385448312,7.99659118848022,44.11144988462817,10.257375042954122,49.91477444192742,92.55832677253524,233.22167295591814,-11.616755686186803,53.18325138701163,10.03848762998753,49.962192891099356,105.26499193863543,231.42287132772663,3.759387941575894,53.613902407535164,8.871207473838691,50.04630151738492,102.28272168958568,229.93478955002288,1.2337019776902114,40.09928100041115,9.823379133158184,50.03792676799639,94.06077065045524,228.64790220933557,5.66657365037595,54.39880892395237,10.962324618195776,50.05633010101203,97.55402964942694,230.6009202708934,4.853507083324236,47.25120649717805,8.961142212950767,49.93534971582132,95.9547242869415,230.6636676461865,-0.42959301515302506,58.40810735662041,7.835072336856827,50.041618561306606,101.59303991220139
233.62602669296376,8.702114682623435,49.58287114110968,11.221906967924694,50.028620087799915,101.84548935388301,232.21607070114885,4.992587571415637,45.30113099244993,7.2127577389698265,50.09027476402165,97.93164526271897,229.30357007028383,-3.197261834358657,54.57744577062026,6.755841243147513,50.00841462268928,103.24218618809219,231.68176693859382,2.550917108542943,49.473147005215566,11.836128311055148,50.03736896678917,89.39603801209546,231.48434922823395,7.080490393419611,51.891892016970914,11.994396757720855,50.06663099701021,96.8574817882381,228.75533160560823,3.8247831805754497,56.42362303385232,10.749280659993882,49.99553694915742,107.73562498774827,232.03513097379593,5.5214705876389765,50.234485065611224,10.009003335798727,49.96236349980546,95.50165239790944,233.33921092333915,-0.5898926020525787,47.824290182448514,8.43018327337663,50.042616994168,88.77123117370024,230.65749828518173,7.500745641500579,47.73734280520304,13.851093235499036,49.985620715328345,109.6574354505357
230.3884924738301,-9.313261843142879,52.785002521978015,14.50771661308894,50.041388615656714,97.6625839286422,232.54347249980847,10.206153010164286,59.344104294863115,9.793330391057278,50.09438513885965,92.57127667330526,230.35361523223105,-7.754140738342653,53.75218862447268,9.018745008172557,49.91399364391303,104.12349293793078,230.4745489210819,5.770044464558493,49.60872440669558,9.941206478304832,49.94500751861331,102.43799594889958,232.15654768578648,3.498085129916091,46.316450590121825,8.550123114130987,50.024026949339415,92.45477492575735,228.47267295284283,5.321044483609121,48.35905258355831,11.405105723787424,50.00532517715735,96.60717972806395,227.85531734120593,-7.589222153355393,46.61277325836269,9.953025005739082,50.04294734678173,95.7511003828482,231.33430498499837,2.4425147906207574,49.69452069667193,11.761418471685257,49.99095042122034,96.78162957582792,227.80961122661594,4.003600695864939,52.02742584634549,10.687690708995868,50.061653186399205,103.3340372409762
226.41116447569289,4.610193522994066,45.983808755869745,10.68117339776052,50.06907752647655,99.68085247397228,230.90589448514524,-5.897513184338066,50.95612775774132,8.423929286776469,50.05774061789214,100.21013075921407,229.86400399476378,10.052824481961377,43.10812959324568,8.962514075402567,50.00169003132383,99.75291745680542,232.09530444052044,-4.786058720856337,47.374343629639164,7.601183009044085,49.98296299444858,99.66107719747556,228.25886205114068,-6.81606959887986,47.522678522207244,8.948780255077274,49.97829008794271,86.28773169845655,229.74017346832727,1.5802064463467929,43.03570994976255,8.299226751571354,49.97693266631289,104.85669420121886,227.80161595196,-6.680993745004869,47.31771400853217,13.018763444051126,49.982335447008055,94.15596386592622,228.37458647261641,1.313400384773474,40.42594794415755,9.614323327221397,50.02294059855459,100.64965875310608,228.22992190775608,-0.6887027977328561,50.81398633709439,7.954278606871599,50.04494870329376,103.90178787738253
232.37937138554065,-3.75543820758238,56.46473470376277,8.327400602986504,49.98855174272946,100.78361272765508,231.20637498670925,-2.5229434269947486,46.63919296232853,11.369512440822767,50.039697720136644,101.12260457351715,230.2230029484222,1.6209047564608228,45.3872433256116,9.66161594324142,50.10459674680453,101.32223966802742,229.79612871003033,-1.0533071029097303,43.119972874864516,10.818320764634393,50.03283285347426,93.52213065497637,229.17521530285924,-0.9979473370653276,51.587975474670756,11.674257286454143,49.99892366890992,107.47166611144608,230.33422459961423,3.824761832975785,54.02835960093608,13.019585211280695,50.01574741501285,98.16784601185539,231.16402393899,4.644480962980631,59.2879175761106,9.009596755376919,50.008786753139944,102.26739823235162,231.6154797594256,-6.3541309358389775,55.32773317731176,9.72368540045422,50.02123933979221,96.41526453293753,231.13535435420312,-8.577028108554629,46.840493754419214,7.052155547294106,50.03147420250062,90.72720532412934
228.19017322865596,4.098028370506923,44.99742232244389,10.744576206571361,50.01991664644932,96.62129373969837,234.32365332331287,3.0411718439745066,54.29428480249927,12.497661451100306,50.017212673201925,95.5272996212476,227.9471420338592,1.8426635457383824,48.57504767367108,8.021436709506226,50.0112332506375,97.04163624216946,230.0848032523384,-1.4546704208892824,48.905853352065336,8.922622433107023,49.880602746719525,106.29274032951398,229.72949503570973,-0.23608504122823698,54.59557578743187,13.328201499682642,50.002432488117805,98.1793749978237,228.09573913077222,-7.874850667389729,52.58831126781895,7.330222205634044,50.03191825125756,99.32356823581999,230.24403077373495,7.440590186787665,48.73463231227464,5.889929521570164,50.01794464953624,101.60275542348101,229.21111206107682,4.502765782593893,53.60374078899941,8.71967212202447,50.05345694845504,101.70541535984499,229.19362387652677,-2.276662465138854,39.04254500107926,7.368632514186333,49.98006046641644,101.78351229165386
229.1606222710872,-4.475245116482818,51.97792141688927,9.487105858695422,49.94422999787183,92.5455556748995,228.61280265749494,-2.0676941423260504,40.8463132213039,8.75326532539395,49.98464819776549,94.88796426248408,230.99274307614988,8.383448026088935,60.78662175275763,5.342355999568543,50.01997872728385,109.52498263032433,227.14406136598035,8.863770838009001,57.54269091779471,8.931733489229375,50.00221288934754,92.67107495562689,227.8667712594177,-2.620911429468417,49.66928084031777,10.035596285677686,50.0881601598145,102.14875759624698,232.56904378540384,-1.9332745373905527,44.5092188006507,13.3161987005957,50.01964887625036,93.27343667850467,229.58836598944842,-4.37734600938885,52.90206310472501,12.829018034816732,50.00429120865702,100.42475682119604,231.58240545566903,-2.2595495394606306,56.46542511062715,11.552529842245978,50.10139855872093,109.45406326324928,226.119593373683,3.879498456405531,50.65045612195724,13.695839805360464,49.984843291348234,101.01178144507044
224.82883159803671,-1.9928025581849118,44.67833255288218,13.149577196326353,50.00670738299494,104.24336818857795,228.4484859729371,-4.401614146618225,54.78284320258024,11.134487357861456,50.10305387088216,97.48366389264265,227.92504753039893,-8.01810622346032,56.46392605947776,7.411396860765555,49.914698224791714,98.83681108546115,229.3309933827634,0.23320012013274616,52.387383027138995,5.701943071861596,50.058142813557055,101.87179186521024,227.9900757453335,-1.0089341183734304,46.93063275958156,10.658030847874084,49.983267025928285,104.53256044464226,227.88259015187788,7.771923093477512,51.9575442875812,11.315977289255189,50.01631195663654,91.55782554495366,228.2030921526901,6.176297790046795,46.0946197614551,13.212586404646183,49.90645048378197,104.91937575718687,229.02302876344663,-1.3468632023257614,47.37161102415577,10.762289504690086,50.026635465288514,98.02181342359872,232.6920605620995,3.1625018074044147,48.403221040240844,11.446687125706507,49.974544405218516,98.20514430688144
229.26663661430874,3.7182040346478926,53.91671249197557,11.479481413047917,49.98842431896457,98.44610752133127,231.0726449891078,-5.9579699599247355,52.35078516143384,12.229132291879214,50.04442411110372,96.85523390006256,228.09690043136968,-4.432172306752139,58.53876356172483,7.482202150074829,49.9039488592805,91.10821040510059,229.30895428899294,3.673749322662187,51.73309826462281,8.23923694724352,49.965010478478604,104.29736938909217,228.5383885330949,-7.468084930927649,52.37888440261852,10.970301348553866,50.01738880421714,101.73849492709695,228.47681289196586,-0.710068752866947,52.66375718225407,7.697625971087088,49.987813656241975,105.32114922999227,228.97929178973516,-1.312300170839509,48.63595223320729,9.067711407278798,50.032277883390186,98.50420558066455,228.39222528752796,-3.673039029531351,47.426460667512146,5.9985881847700115,50.01943295746253,93.74028785624476,230.31200429876253,1.4571567325350485,55.966971980560146,13.64623300488578,49.974551800689085,96.05441373360593
228.51761421084973,1.33827807812027,51.077430645348414,11.773964127510459,49.95457615563361,96.90199281934022,231.55957047782633,1.5218974440220137,48.74641617831614,10.024241800879599,49.98196672851505,95.83033200755207,230.1516436149742,6.055627994972019,54.39777540276556,9.454207463140682,49.97722284974003,102.86477941549313,231.22925789169724,3.549340099350358,47.65293495499991,10.447966543468834,49.95671029986098,104.9534253920131,232.96794375655887,-6.1020431990384445,53.065160085917576,11.22968758034438,49.979481224807564,107.30779819815722,230.11793650989898,10.634816277009156,56.86332627353373,7.425261145607539,49.96038716335579,94.51407358900579,232.07392549949296,5.8545144231622075,46.389804620625654,9.531012871062048,50.010306422768366,100.75250789095345,230.99548576797875,1.68334250897726,48.3625644782357,10.866478269781954,50.01712242658445,105.85077266879358,229.7484571171762,5.169115619021847,50.0820774150772,12.000420453472943,49.996449573089336,91.10000162285102
231.32385374804886,-1.8867674278388535,51.13285600475085,10.651119145134844,49.921055670324165,97.14252533883821,232.65107591893485,1.073487011966332,46.86419224442863,11.256308907955228,49.95345595781156,99.40585173348111,228.34046303609566,8.358635070501194,42.809256516728176,9.339452294931867,49.974247780683434,91.50459127885686,231.87443652937952,9.971330124458571,52.4003667540853,10.486989206456435,49.974534027236984,97.11586886855744,235.59342893655102,-1.6523303487685257,51.67333149284185,9.383467094574664,49.92471446223807,92.90969571826406,233.01251691787462,1.3731017558304857,52.86452744169476,9.528182251339924,49.97321194444126,100.03510067694897,230.87922865392827,6.433588516601874,49.49426715590675,4.9938192063917235,49.98459594594273,102.4850991401225,227.11368664735454,3.651068815867284,61.56211068117525,11.64618159721283,49.968238292798766,106.200532464507,230.08854669880523,-2.8697413129462888,52.106279815816585,10.347948915427388,49.91069419711631,106.12466276437283
230.03761797988616,4.80635147326726,49.56339231722015,14.361493155086691,49.98789824862904,95.52078019748738,229.5111451986389,-0.28718868969646455,48.40267997757721,6.975739337151255,50.077768341204504,105.05164568295248,231.42121895519855,0.058308997454898516,53.18732201950248,9.677159532238985,49.95949211450865,93.20915905890361,228.83701835000048,-0.721219182107455,52.686626727962555,5.38565966853546,50.09607137311277,91.48973062861067,226.79548878477578,1.9662835680870294,46.84855859774569,12.132901998893775,50.06094637358213,98.59290602200113,232.16790301775652,1.0368149505833189,52.4810653987755,12.562323571881034,50.030016325649434,98.37260008378995,227.17148319686214,1.379112642349828,58.08043172781799,9.255561914967895,49.97654909432071,96.0266229535186,233.69410251953317,-5.086704788906857,48.99493139652895,11.88233723357412,49.99280165181802,103.0476724126591,228.27926182049097,1.9061431686113794,53.13288081893178,11.673635479953202,50.031865895907664,106.47392380336234
229.6655426362221,-5.240884765914969,42.21221418421825,9.323368136970398,49.979504767349425,95.09764910661644,228.41586263539443,-0.29573841293674713,44.08045862529181,8.129237854316084,50.052456423882234,99.06963906894093,227.43622950920465,2.314125454827993,55.977578510681305,12.863036205725715,49.86140550791578,100.34883931959689,229.33864072747377,-4.154083140101024,50.72567214793062,10.44972889333096,50.00471284237326,101.84771636567434,234.12118329906465,8.62358758968906,46.58678241464026,14.108094109602636,49.985702183654446,99.69493469486163,232.22040520940692,-1.913653494627619,54.082932298674926,6.4592439004862605,50.03129832275403,90.11205485910834,227.15675440335812,-1.743952804904207,54.81020904092015,11.482609726550912,49.90028128769599,97.67341059940732,226.83897975680856,-1.114709737362664,49.452042850952886,8.313167767163982,49.98020247529266,93.4721176116828,231.40450577675546,-8.13844299529212,50.150392958196456,10.6616002104435,50.02191158520954,98.15623158144345
227.7011757216368,-0.007072942534780831,47.86070935411995,5.3325805784306315,49.95420803937173,95.85503006480275,230.60910222129513,3.7345595479735936,55.77417453398831,8.692559718015964,50.00043415789165,106.16877575161719,228.86849887905328,6.316760875395896,54.03596733917296,9.0886955118359,49.966837871042735,96.35158583799328,231.5935476424349,-3.0733972919225234,54.354441122324246,12.173695290655335,49.93545872422042,98.96936223832573,230.4545463594064,-0.08506845945983268,51.89829004300376,6.591339798090748,49.897171471514994,109.79438785689771,228.12149023223557,-5.131260185115752,47.70347704001212,6.621853801563191,50.00701479809113,99.15756318734316,228.95785948198608,5.344263850505219,53.69489581898754,10.775056671028075,49.97875882758259,95.2461656933733,226.93339027000263,-5.321702097667906,52.7696762080465,10.671774859443303,50.0528196129698,96.85457447094302,231.3542873072409,2.412808502964188,44.076251296107735,4.745069145046622,50.044621008773134,96.14545042703449
228.5031776201918,10.362742109803127,60.37230278428669,5.405186755806283,50.00165807525862,102.36849860605814,232.1295440071888,5.5240276199888685,48.321737615385054,9.449665506314068,50.055046838978406,93.77442358785572,229.48087579736958,9.351808139074791,57.030729215554224,10.2744997178306,50.05977583140107,104.39601831530786,235.15988295886012,-3.9436840612039097,45.16294242304033,11.331003241033963,49.99342229623343,99.91911570721874,228.90857415402917,-0.5795786979360591,54.19584189283857,12.492351710547897,50.023314351471946,97.51335554601216,228.62240130976716,-6.159545042771077,49.601581472587114,13.873624043100202,50.04574577275252,100.9897642648075,231.37730166024173,0.029067866667339733,48.60154707490517,10.487447698464848,49.9897321669085,100.83347449366453,229.51214282004653,-1.209464572500971,45.825023842868134,9.81253321101181,50.07642498600512,107.87181962513102,231.52672979569692,4.191593154502371,48.723911513502756,11.493654509796784,50.02163920461967,96.9267561926368
230.31894863694063,-3.6790990841171043,39.89255615446457,9.598312549423335,50.06308550651003,99.23237304951918,226.58667570997846,3.8200645036450043,51.53121494151677,8.356911759855304,50.06753844106337,104.39251473012558,229.15673109109136,1.3982218676651947,45.874899693898826,8.378237928636846,50.009559280764705,100.25581643114062,228.00459175131553,3.4164644747603785,53.79483349965709,13.640638864661149,49.95961733163149,92.54044775365404,230.78724957925752,-1.4317193313670884,50.2226538436068,12.017355457941576,49.97294811932541,97.68068962028147,230.17959894020717,1.9353323021752535,48.97443420284944,5.830250915216013,49.94314141068436,95.3961631896286,228.24491920218267,1.9708742839653401,55.974253480456156,9.708715358341031,50.01356978926599,106.13731178227339,232.52078270314894,0.43223584909368074,43.40828427550178,12.022247956533349,49.96588584818134,106.75433079272018,230.78150454068205,-6.935508886154751,48.7335302341365,9.509960696753643,49.93720522535517,93.98509694229112
231.84762702520854,16.423406576349635,48.687204448901014,12.108232636551028,50.039643893761266,95.84521251430924,229.1942244138455,5.351600118942131,47.26352172178432,10.451117568430055,50.063955445060195,102.41881815542192,229.39152645529802,2.489689374756203,45.055401654148426,8.30711399032998,49.98477063218559,99.21027263435445,228.88527671002794,6.968194279628456,37.80909869756178,10.256223545891391,50.05745677765531,96.40080300975525,228.03431993261003,8.902437090189565,48.42193042678602,9.052303102292827,50.10118592286044,105.71378317984833,231.3900011552696,-4.622495208160006,42.088290303945676,10.913512027919257,50.055544561576646,102.13373944699717,231.29821741426173,12.064497043212617,52.92214351804829,11.272098769429629,49.99798118975165,106.05878717368239,229.59862625514606,-8.223325774331645,46.02099935506943,14.545163667362608,49.946162356668474,108.37940308532151,229.35419907805203,2.444020828376663,46.11675394310229,9.840041712696094,49.97931466109784,99.41607483619788
229.66806028501114,-3.198799133418819,53.39216044021047,8.280486838122268,49.970606894669515,100.27168710602804,230.24547458006097,8.90902464839844,49.42783700375628,8.104845786502313,50.027662463975524,106.02724386894332,230.87183438755224,3.082447511582809,49.09030838248953,10.830956382865864,49.95178074619986,104.45220476649091,231.82576136376068,0.19539456805513733,52.17365060038227,11.797368029351649,50.01192993008125,108.43324845246836,229.74618898964331,0.613961732038686,45.88238576154341,12.27409895575579,50.03916231158659,96.93145967853646,229.4384342364356,-5.225550520446593,53.785584198940185,9.963856986481538,50.019218131634204,92.87989837711817,230.43812617438797,5.159096165663791,42.928174737058505,9.371670719348666,50.01949430431101,96.55303417919362,232.78682618347906,5.39305736754444,48.119541424395514,10.034455226358165,50.08674549172901,99.67033737623629,231.8443041755179,1.6094670174911139,54.02508331534441,7.370589176567352,49.92920569017387,115.16551858444492
233.39014493201057,3.66916230682003,48.881347616983824,9.455032911306022,49.97959923841908,99.8445875234591,229.85085034078466,-2.7604950947137175,50.92032257082399,11.865960072572669,50.084025465688995,97.3464917561503,228.13920468062852,6.026080623090899,46.818061659108885,9.606331128551076,50.05399095990446,97.79873734694051,231.95363440202107,-7.664184824631573,47.46417946032137,11.98480842178996,49.966934347950996,100.20197886234757,230.19846787142544,4.362473386420007,53.452192084064485,9.318442534839814,50.005226454029106,93.9251109513565,232.32412086092515,-1.4089818380612986,44.58067687620264,8.237076207106444,49.99393160780372,102.35395094285131,228.7855328157745,8.469939344248893,45.21664596793121,9.804896140625459,49.9789050710226,94.12633401631066,231.0099797433967,-7.609257323287604,41.224932511579084,12.540464332025739,49.8939816714501,96.43501738930267,228.1034416719341,-6.57708751261433,46.12620602842719,10.042843371576547,50.02185772982433,105.7092384722859
227.3297796325506,4.886237579029665,43.94635980017061,8.803025974783356,49.98925515617192,101.09041786704148,227.60805712091673,9.557908028197641,52.501182896162014,9.581039840202635,49.98817748404638,99.39705527488536,233.23990993907094,1.3839460267633212,47.07677967981965,12.200737536740368,49.93551548796353,96.45203973257478,230.15843061266258,-5.0127319808604165,61.12570734636565,8.884761324392148,49.925668582987036,91.76812176198348,233.33594323612166,-0.04096714052710558,49.8089433678845,11.591228811314805,49.98320187973056,96.00659024782625,228.97961194367923,5.558200660699758,44.88604237605096,12.839423578363263,49.971800923602395,94.70076251999095,229.65151921739047,8.529051267506137,50.84455316830718,10.700228611950187,49.947577305402035,94.11169700482475,229.92773121233762,-6.829205718447612,56.9999946626154,9.920796276020585,49.9371280511412,97.35880908640482,229.60428221883413,0.07679168517628078,42.41426851584468,10.055551198442968,50.02510772838025,104.49735294090016
227.38253980972365,-8.200413795537456,53.48287173485864,8.033249754283368,49.96814418988177,97.51152003010037,230.20180133786664,-8.772719767728681,57.36932919803574,14.314885538100672,49.97312730738567,95.22745157127991,233.39159293234695,-2.7203465592407534,50.523108080793506,9.112184882735631,49.98311930838366,98.03429015147404,227.61415143792507,-3.338850060833296,55.688075139620636,13.335484419270793,50.010750459921695,98.17069273148758,231.06193691238454,6.743203287421475,45.85080714136138,7.381795805034239,49.97006194073735,96.6091151373362,230.44118941382166,-0.5578640387763261,56.012755084588015,10.384695019261661,49.99528206814968,107.69637592774967,228.86317086328197,9.615748842300224,48.808981362012275,11.691301461810149,49.99761506410809,103.02490827806575,232.75550272744738,-2.4185985172992033,42.06906640650637,7.909005875789315,49.90077513444957,95.84650271911788,228.99958833678005,-6.124425225828038,51.287247601104106,8.72773568462134,50.07635595164506,104.71661152755973
228.8285201096202,4.879392083214538,45.482594111502266,9.819049795481877,50.05745575103381,108.7345743268999,231.23950481297885,-6.0086542793707505,52.745243239012616,10.213972951200377,49.98182208537797,100.37741838826344,230.36130206864922,6.4951637624144665,41.99040493900011,6.084855663400447,50.023686374932865,88.9596403301309,228.21150166420313,1.2209941894123066,46.64414240720563,9.681157387101385,49.941330860207906,89.00391753774842,227.7452399364932,-4.200424267228517,54.02455987133534,9.09009367529897,50.00544679598541,104.1402001078363,228.41554737943062,3.366228021897273,46.58010755566577,12.176577116982825,50.00434097102231,107.27056452064504,229.0132348790184,1.0206061306591139,49.7655641030076,13.795018954687155,49.97154939592158,102.30182772288698,232.42164231859658,2.1089050414841033,57.995063890611874,8.532378411890008,50.03415240128341,100.00240095894729,231.9616297286954,-3.06313295819237,55.835013142332976,11.90368773635113,50.06490025691783,104.23765574804123
228.35885652191132,0.7738680329722629,46.987790550853376,8.755797152834333,49.98736524730538,107.67142288600898,229.79630239717153,3.652199191680401,48.60734917711096,10.122506844039346,50.03573783423303,101.0854076268443,230.28345008716263,11.19659922429957,50.33723768722594,8.81921732494512,50.06190470652089,98.67649853537552,227.37004288925738,-6.015020686067148,56.16236749129724,12.08610684937064,49.990123628052714,98.13615130592073,229.05696151530282,-3.519123760352223,47.63548690714739,9.295830509396973,49.95159541726269,100.5392356828145,231.22064736190444,-0.9398199633510523,45.17277060464856,8.620102188888445,50.03380957937624,92.37503336626419,229.59840914840112,6.6574063178510965,52.29067492270588,11.459874358390028,49.924271731995,106.65790277769659,227.3041854431947,-0.6752837060887978,50.609125486370694,9.995391763365943,50.00875795933021,97.83544405553558,227.87583726759695,-0.34169076190595715,52.44219778786322,7.489243052654141,50.039561515269234,103.54290719381468
227.91950757810406,-0.3078130078888143,54.932596372158,7.2613038678050605,50.01073615296932,98.98416075250825,229.91463109854405,-7.566414797134352,56.033466078895444,10.365191101656574,49.985798224797975,98.15241629591719,227.93469127654248,-0.07572568666865015,46.51650024299654,9.546259375925267,50.01694829154749,103.04707244199108,228.95087106218696,3.820804684377431,52.974876019304396,12.864450153440176,50.022587080336585,101.49536967983587,232.0025300323248,-0.8858372877493497,51.034032749390335,9.071211261536604,49.9603224802375,100.03781577450542,232.51685857174252,-0.25676791492782924,54.45541669695936,11.603013965940981,50.06746874442013,102.65900628988732,227.41982123284203,4.379428265063334,49.89278955043413,8.48731003214509,50.03162128576071,101.91140014505562,229.95298032277748,-4.353886654682922,54.95989388075247,9.706557143845442,50.00405924891403,102.61920380628959,230.42980664252624,-0.044713223470556,61.04403785221684,9.652542175269023,50.03758788391659,94.99563199841242
230.75928002670165,12.929814724441597,58.759931871605495,8.776029637434993,50.06557301880819,97.35866200733699,232.8275507440374,-0.9472542680978633,57.602629718029334,11.209209826883491,50.02468926628042,103.40059031713794,229.394677526462,-0.8753875013464658,50.845104031746324,7.74878525282713,50.09010944619276,95.52425614143813,229.2414974390374,-2.96455847324226,52.29365479768043,9.74161942242987,49.91097255609818,97.70199413591408,228.8235120832792,0.16030847803126788,65.213350607534,9.317745345386156,49.98550431333743,92.93350483849328,226.07698426764145,-4.218986425768878,44.37583285587495,11.302575122227436,49.96320549788372,94.61758730373302,231.80422121101654,4.3273399261383085,48.058743754965185,7.582693404344834,49.93857925369856,96.4399613921137,231.07439827258315,4.567946845695096,48.45873738369128,11.61125596082781,50.01118152373015,101.47795741343039,225.99759107692577,5.536316314990787,48.64292752335549,12.095692171054935,49.99766483355073,99.09402116996766
232.4716072151271,1.3657933419944843,43.10175507849464,11.130415405786723,50.01087214278213,101.08020222998205,230.92056159658813,4.034551060205031,47.9473134477546,12.116862896104502,49.96083034794506,104.6585801762121,229.11311628834497,3.4420941952195387,44.99895007909056,10.48879926314532,49.98258158209762,101.20481290309134,228.90366487662274,-3.916780030709133,49.64680916508725,12.289278231786987,49.93494019045594,102.06093678228041,225.20415359020345,-5.766301479535722,57.74862836388521,9.519778125486498,49.97293357910843,96.43554894940254,231.67479260904307,-6.694605852319895,55.94279828206276,9.46843184541612,50.0372669707949,106.85339847124888,229.16221488405992,0.2140782434769349,41.97921003829673,8.917137478586202,50.100013384918995,98.1662805215385,227.82538148705424,4.0427609481572055,48.38178240604359,11.791517738990422,50.06768086129169,104.87091021832518,229.06744625151987,7.338095719864342,47.10687682614626,7.871215169274756,49.94128072308293,100.36257007294921
228.8063135714947,-9.392106171962489,41.18682065425462,11.444496787847529,49.97428403644817,101.62159918903417,228.09757403404498,-1.8019926784520324,48.015142905404765,10.088254444266314,49.97878764676744,96.91968081040226,229.88713992788016,-2.75044978413126,51.90647956773185,7.587246152302939,50.00676541662301,102.58333282436851,231.79945829308687,3.6041648509857427,48.36213678501317,12.883778491673654,50.02652709396319,92.38491023877485,232.6701400533102,0.9262904216887248,47.97572465886515,13.30147842170214,50.00222135670174,97.4812248601808,226.06252128311382,-13.057574146814934,50.939474085230344,7.514390384039177,50.065712711661526,108.77085925512903,231.26862390152968,5.820570228113574,45.86692157331646,9.66761440927829,50.00309171881946,100.99052178264505,229.10673635328197,-4.700311276384995,54.21027258521105,8.144253999857368,50.05095128518397,94.26665225769405,235.02576595622824,-0.6420176843062915,51.71607133491169,8.95901284882248,49.97126627967867,94.09592997331174
230.18618199765285,-2.444501959267453,50.68744537941147,5.9076408567684116,49.979785701175274,100.9474932989106,229.10702783524067,-3.8433937116027956,54.8752101827326,14.177664270877749,49.95347772026867,99.7738404570699,226.46198976296532,0.5491519280977589,50.807341525239096,7.87410767770343,50.10275322690105,94.0381629687338,228.60251213515636,-3.7207462479437443,43.204954227764595,9.275590009839782,50.054037751154326,107.9100376282607,232.80521426279822,-5.174426689501112,50.96412802838316,7.5951518294069125,49.97434371000611,104.69698935613957,228.55698503465717,2.6256226757155265,50.50681736088692,7.557075605334816,49.92048920127639,105.83224356057687,228.8960614003371,-11.90336857521759,42.009052569532436,6.872778115598301,50.06502909766949,100.17659966756085,233.30071435761846,-0.22487491507026916,52.62695371541925,6.785931801989721,50.01510504397237,103.20158852899742,230.75521638310644,2.454618696418778,53.016406270846026,9.64625144993284,49.951014977479225,104.44561655888906
231.93787825888546,-10.231243752782976,53.78121857552719,10.990146355304043,49.98798362950515,92.73729791725032,228.43085982436628,1.948727004250494,51.85578146848663,8.212619854789907,50.015972870059855,96.76567876624144,224.6456399770064,1.4113043832325947,49.87855882241421,9.048025942690973,49.920711805518586,95.92083666594388,229.13311624650285,7.027206477793238,37.77485952974976,12.897699581487121,50.03128309000935,106.84511139268085,230.75762603614396,6.312773506221557,48.48628569197757,11.96782254244318,49.99411761274316,106.11584384495815,228.83472052731236,2.2181386420169065,51.16851605410586,9.760331586852988,49.966067289193745,100.14486058491656,229.26135391305016,2.0437753629257354,48.98393754593569,12.444742741600033,49.98060002439497,100.37096572119955,227.6839926328763,-3.0204560986789604,48.80719687847834,10.950456410332029,50.00151458830299,97.62511874565813,231.2293640297522,-1.7898277837612766,52.271478327549524,10.890357922576415,50.0019233698054,102.23349622031373
225.63715691398855,-2.942153496628138,45.88142257947419,11.484997103447359,49.99457347271484,97.18904304751969,234.0808950103858,-3.317172067435099,45.563674525550965,8.436963225299877,50.03782465806398,102.93559772268551,228.72869063320343,-3.889032837903545,46.8437088143828,11.303084856042465,50.07422740172527,104.58178150025309,228.75181457490874,-3.5159882495979673,46.22647588205075,10.275294212660512,50.034648080446594,98.18615709436247,229.12880832447092,-3.4042955539994684,50.87769107539958,10.133056826022962,50.135345751233466,95.31765068510074,230.6775938437061,-1.9718985117793297,50.058100289745965,11.070959639040439,49.952747543087604,97.16059847804516,230.98752283064007,2.126335507862265,48.95212583268539,8.884665178274528,50.01128014247461,101.03934304541212,234.53381465043995,4.355485135310514,49.96650719935548,7.235032559445072,50.01822075578278,100.25652227797958,229.86791456088037,4.222916395715533,45.07810778069065,6.176844924791787,50.01390264592136,89.63767205040558
225.40680660184896,-0.8429300192401086,49.88862047742154,10.719437410798868,50.01970812029024,95.572640518339,229.37406972640238,2.321265314252131,56.40375641580155,8.245295896467532,50.002167180023726,88.6031381485991,223.63587553281405,0.9064390674981972,49.837472586700756,10.407697751800205,50.016946438289764,94.43907153081706,228.05737774281675,0.3484231410544087,49.1762348432254,6.583759856789686,49.974210840471294,95.351197431618,225.83414661763123,-0.20964794944650117,50.880779013175875,10.211935303686511,50.00363615910238,104.07413396321355,231.91660657063005,3.538937320638749,48.744216302544835,8.55140651736167,50.007498366521446,99.4498296113927,228.229100428792,6.785760080558053,50.82501266000417,11.791576045419415,50.13522605495521,107.93994390532833,230.2962546386714,-2.234027787663975,36.455520319930486,7.392916483195922,50.04202853442776,106.81386456415898,231.0740202102998,1.8884774529061241,48.58828469540197,9.85275170627469,50.11906338937243,98.36999492795928
229.16005629780233,0.8171947475891939,51.673432117144806,10.349251165558185,50.066229608746795,91.55004880016637,228.73922700137177,3.1208934738055163,56.365300771211366,8.683576062702047,50.04447137904508,91.48007439143484,231.10652907141568,1.670894282915825,42.049265148754124,9.141471142895167,50.10149560915353,95.20674705496404,228.45899861747634,-7.583296175881612,56.19797887861537,11.793098383160704,50.02907176280583,96.21890086714414,232.9684254917168,-2.3969655697844057,40.56371420698925,14.755702099392131,49.99141094932885,103.93032319377997,227.49387814663015,-2.9769034921082893,48.44536291927524,10.28875469330939,50.039037031411866,94.93766521671886,232.02917832234397,-1.1397031251234346,52.72142433325119,9.652918026225972,49.94319012546716,88.73585871013573,227.42427578773356,-2.389926009919314,47.79218129287124,8.399361026723572,50.015248624581595,101.21267280987857,227.9527370261377,5.1247665002917255,51.49767331164163,9.47788206660627,50.0381034860805,102.54395876509435
229.90453406155714,-7.752668913771981,51.11222506200307,12.50713970021995,49.97117464781547,93.54797489615078,229.2617319669319,5.737440647798058,55.16132318943428,9.589248135644,49.98808506097566,104.67425373986497,227.36839837674316,-7.398203024452138,47.72408457296834,10.773412690400399,49.993080555715146,103.60654646124033,227.75441016067145,0.2255128050108775,40.03370251871711,10.44863518528711,50.03158642960131,90.40691080185157,231.0446857733684,15.653232069362346,54.96409644740569,12.146512918584477,49.959970373828135,97.38773937863394,229.8591025247813,7.818564169754765,48.098901218555156,11.750383416828736,50.06113429678879,102.98554876197011,230.9260774562992,-1.7118827092519429,52.67682781908103,9.295727383330407,50.05184884993303,101.91958703300048,228.86624342086338,-3.596378805395272,40.47936827236397,9.916602384187026,50.041813969994756,104.11458212512028,227.21313817117644,-1.6137159525271125,57.421661886644756,10.187184658815866,49.98412100362044,96.12223020436606
227.15748583273606,0.8104476942788129,51.88904527434582,8.126980199229072,49.965901354244856,103.10267514866467,231.85814344835708,2.0981060312551394,58.86318713622229,11.41522439698955,50.04473052114792,102.36103237459739,232.4219073553699,4.1868258474097795,43.84000561849274,10.463980260227597,50.01800936758944,108.112413343869,230.2837905063909,8.439643915022451,52.372165758433205,9.419152656101886,50.1169694030987,100.93702077564501,228.40489463994365,-6.918179870447703,46.84121037477311,8.317476367070235,49.97807846883192,105.73694215438559,231.52995955700408,7.30879252516892,54.10292444197158,7.9728439447589805,49.98927573680474,96.7589059607847,232.08066818543045,4.898727132373712,55.36820736331508,10.346278411806226,49.965394323903055,89.37264159519349,231.57585420678564,1.3906587204116687,43.96446170949922,12.54872346862761,49.98352472611681,105.29119772109976,225.16881361635572,-0.16656290669270446,51.159960684961355,6.339655982573713,49.995440037925356,102.80958709245509
235.18031155007964,-3.9478613873757062,49.23102961474889,9.922435003919565,49.858958458467875,98.45909812928008,231.46732280659307,3.4184283635884833,44.9776231421524,7.69457565681575,49.97076071156258,99.94308629858973,230.87881558108978,-1.6606490790793789,55.25590596812498,9.090488350307146,50.02494837949208,98.7080881481453,232.39020369387154,-3.001127286931811,60.86885958434735,9.891151771602,50.02995837484553,100.11413129724146,234.6014767968016,-4.3965721203061205,46.442582091349024,10.435746213525222,50.10678858359877,97.81313862769495,228.7650683401033,3.019177145644794,55.786307616672104,8.091257789818208,49.953883605383666,107.86138007010797,235.7890885558183,3.0813273784380115,45.42888342294469,8.386060907257056,49.922212656102744,105.89224885614252,231.2132399298667,2.4374383759335503,57.83372021953953,11.953178808439073,50.01722170383687,96.45281584596398,230.12925291091676,-1.0916160768406526,54.08770119930048,12.35364559334379,49.97476748658419,94.27826649041813
229.86579046080956,5.228640357153579,46.35614126761559,9.63685834728986,50.06310000440683,93.40860379835125,228.15808066007605,3.1801126113420484,54.30622302064985,5.5736647219448505,49.95911541827039,109.81403407948632,227.6363890952933,-3.1611072503257227,51.14784640453467,10.47985521736688,50.03602825228396,95.56112319282248,230.77173699483617,-6.393082606346258,51.44553424740073,11.134858912571671,49.933310622777384,100.39957419177613,227.13102996080286,0.1185717936024496,60.40711799711229,9.73410718193201,50.012110413246425,112.0433935368304,226.72029356037265,5.555060750522884,48.04434816678291,8.639405372314847,50.02052180398427,94.02306436986277,230.02537466632515,-8.879954128277816,36.45108514205927,9.416495187117325,50.019263890489796,97.18408074657549,227.0182141764303,-0.7318618961005918,48.142474945933,9.154237791200599,49.93492267207167,108.04812841240366,233.44562609342208,-0.9989837262714573,48.51251036768512,8.170485769628442,50.01943933150686,95.45307574495016
231.8999439946306,-5.675008498812366,52.59754628365184,10.658414284589337,49.97882060517128,107.68191994924351,232.16855910215307,4.113515557500153,56.39075696024965,10.212165762537005,49.93390099460161,97.15162062766693,228.77972979853396,7.615925621208177,38.689994175589206,10.09821403138442,50.03716231564572,91.52644001508479,229.74505722397905,3.9578312621675567,41.52198796063895,11.892124133240111,49.912642551145886,103.78220941549827,228.44163505567766,2.7263338019304904,55.498738361380276,10.933029823762668,49.926277854397775,98.4351486681828,229.23775478491748,-1.980230593612682,53.28052654198942,8.89051230941329,49.96182252005269,98.20846712673733,231.8667341108125,9.112746423481696,44.845621965663305,11.317524534392943,50.023741067074056,105.13197865254237,229.1462681611762,2.591231958340366,50.40358250004896,9.376112163539641,50.02719122211481,99.78307661526152,228.72308307921517,1.4122887386559182,45.047048647242136,9.878052944160236,50.0151642803065,101.02224863360384
228.2820106438776,3.0068534260940054,50.59140607129999,8.230059571553596,50.00339919860039,99.67991523356831,232.5347259924566,1.78177765720006,47.39048844971854,11.554446366730646,49.99373261900823,100.58195352122183,226.78118089971323,0.973690040955606,64.36209183691835,13.221840710897801,49.99039413360387,97.3518488785787,229.34796556026362,-6.995167221771343,41.29530914805064,11.309738649187302,49.963418497528785,96.30082281191868,229.47683810419997,-6.257338937419981,44.02262040958557,11.120623945101634,50.06886180796575,103.41274187671303,229.43623473418154,6.511113832300289,49.333289473427435,7.329153804575387,49.97460609421239,93.3132931738964,231.12949731072138,3.42829852854691,54.228548512703156,10.547270327350061,50.0433425406841,103.63427355861137,231.535059508771,-8.254613774079386,53.46376190033289,11.952108564588832,50.03207130054523,96.26520588434593,231.2588222722264,-2.2778337741792347,54.11416170000393,9.786170932909936,50.02553293275163,102.71861334621974
232.932344512994,-1.606684253069928,52.3339885010587,11.544933452515847,50.03778498557858,92.6352222349863,229.8406644468638,-4.364197273647134,49.04685419110019,11.495899789233034,49.98200725959266,95.80608511619975,231.33354873576292,-3.5441973528178505,48.906965663161074,9.722396621376909,49.979849433162,98.71293209246784,233.19303469280325,-11.198959593542565,55.4405285285963,11.907829671534829,50.015454812313415,95.76176831261704,230.19112816537904,1.8317084031755637,43.7922369568753,11.112479341386369,50.052807735847715,108.57464468278205,227.30766574065765,-6.4010802919239875,51.44094206807488,12.160672794897554,49.98623130192617,98.69892676036136,226.38402833937016,4.465540801911653,52.65740939516268,7.717636305820241,50.02699095246821,102.6228315247586,230.48707994898302,-2.624584636012685,53.26013652016921,8.327852258875952,49.962021936242074,97.5359549257031,227.94728226653376,-7.934814501404754,46.881969513830924,8.341298711239528,50.00711780701979,103.8767865903054
229.36317971376462,2.3694734183120354,59.87026242165683,8.78312231681067,50.04274076071465,101.32202964313997,227.43808129279773,1.1720888811755041,47.421265480344886,10.064283930596526,49.941996762814306,93.78708533008539,233.37061862579887,2.6984127644311555,48.609085896221565,10.292553570028334,49.82151222278086,108.69718833783799,232.86786839910403,-1.1560730625642108,53.541671812877894,8.3792280750306,49.98860311285841,107.42707986017825,229.39887676403544,1.8205395129577475,50.65173859628707,11.02493917311043,49.98955645143317,98.3223192212239,228.8899355312491,0.40195711869874223,43.250861470808616,9.221924144050284,49.93639972221837,97.68536688062039,231.93951606331913,-0.9079753237397435,54.69920029176642,12.888153220129665,49.91268745935071,113.5255247785352,231.64983373853173,3.052399013127949,59.43305710566274,8.337761860867209,50.093638257142025,103.80544364903298,227.85553087492792,1.1837865160674779,49.34739927701937,10.860026214335713,50.01523483566486,106.0400558373599
228.06472470182217,-4.414043990509658,49.89170357953461,11.582447189172282,49.94722476383193,93.16208477493646,230.0679662470419,2.660745102665245,48.96714529619518,8.405816887671918,49.971504757925594,106.44000097295206,229.14813667527727,-0.8201913023168649,45.19031289863452,12.147857291668569,49.934370807687834,107.9624780746245,230.38772372532057,-6.432622808851226,55.213495621958096,8.602550649160086,50.09808540304312,104.69297465090561,229.55726505888367,0.09952123941643277,51.52889646819859,9.73805692021723,50.036357721268196,90.79207028637022,231.47954396552984,6.217787513855511,55.90820296467715,8.327858958962226,50.02744314014082,100.64563412466092,229.0302660764159,2.3416988200882964,51.77900684651149,8.880452712389062,49.99892071925956,93.7286921725689,230.03897377784165,0.3860032131809068,47.80831484274683,9.632773367917746,49.99189032009393,100.2760342771554,230.89462417346002,-0.6663100069719075,38.45422208075278,10.952204605300578,50.06220812455574,102.37906814000118
234.02137972127218,0.81819738026614,46.66481112642979,12.258090939378924,49.96735366190632,108.8758130453512,234.15273730322883,0.2881814865927474,47.050319163026316,9.93112944057532,49.997983458267534,101.84312205062888,230.8584076889566,6.089411247482093,54.98692936861638,11.695541342206996,49.92725931898952,92.5195605686254,231.5045788593145,5.143833937316252,49.8086924489372,10.037928013493548,50.061160447220736,107.0097241680258,229.55398881877306,1.3452914077264087,57.05777659016656,8.9026914556956,49.959603414102645,94.33848564758614,230.00954528108122,-5.9332759358564555,51.883318615698606,10.609816525472883,49.954518795621325,104.632925269882,227.4067736913187,1.4092474900915883,51.77140582354193,9.205270591500659,50.08983312170014,87.82894296540971,230.57376594734015,2.7844914883847265,50.12960549218555,11.387861761754301,49.90914492791036,99.43149736248736,226.7399775011973,-2.5120185170752936,58.0761498168043,7.476015643893755,50.04941411145224,97.31293042881185
227.18762432491812,3.076822620367568,49.23955851032976,9.704741327018404,49.98033927881406,108.58461200793998,232.77919454441766,11.351272975301585,42.950412081144094,9.773279283149934,50.05341555358403,96.82138369152352,229.81559070251868,2.3627180728390274,46.18998807353118,12.690029685791984,49.96792448150493,104.5424910506229,233.8661157059859,-2.555460971571052,57.815123534140945,12.87911271695305,49.90501393186686,103.67084575791542,233.73607731902706,2.0312001707102545,57.39685335896378,9.550516810272702,49.991661635797854,95.3025847885045,232.15496490079482,-14.53540620344466,46.592373199873556,6.596057995958699,49.95780713498041,93.65107876930072,234.12592792042656,9.460636559118642,50.38873618926564,6.735072683950454,50.049894622052705,96.60686495768405,231.98361135270585,2.371631135986686,37.36616541249646,7.8318519442738115,49.9808692614831,95.84560031665168,229.33137270757345,-0.4977834756763888,51.29980148515828,11.532888913647168,49.93531504128554,98.34839410636812
235.69397634028536,-5.155369810771023,54.19696522831635,8.50412214222315,49.98136164785236,109.38988827461833,229.64407848778862,-3.9352094475925083,59.85730084708553,8.395087619220742,49.98112034648333,104.21265196789928,231.79606701201556,7.75797574207505,39.25232689590992,9.032070089714308,49.994868971431266,95.82942932775731,231.7878967548707,-4.817637460365733,49.56738113949274,11.743293149072546,49.85804340270482,98.20918739962036,230.1762462449759,8.604019348792765,52.20423295570973,9.44510764226149,49.98730435855062,96.80862295787463,227.7726416692244,3.1976911767627367,46.27093805147644,10.837042506402947,50.000604798403835,96.95029122815981,231.59111695211763,-5.793600451585778,53.76719762156441,8.334332112090532,50.01802337710336,103.28560086693767,229.04066272709,-1.407743869911319,54.176737110643,12.203968991006372,50.02834771479561,109.93102133839963,229.7078161144288,-0.7926824576872599,52.33275141721925,12.861604453557911,49.99924545014969,95.07595076417877
227.27823952733263,-2.3128356878284233,49.9163808713178,11.942756107223408,49.847043773917335,107.50041600322437,228.9465852120104,-4.236667713325379,47.15744132874571,8.292055084962874,49.927888646096505,98.95375080568587,230.4963049107518,4.305667279279283,41.81910549896954,10.54023217981251,49.98494265435653,107.48771739086291,230.44451554368018,-4.358757834979175,35.9015972683613,7.551800002213454,49.98060169664622,96.65764754936029,228.13670230323936,-0.17605710257494095,51.28047311176531,9.018916814419084,50.01955387795568,92.83949351302934,230.2907835928541,-8.163498173956922,41.84466207316173,10.60966819367499,50.08069005068806,94.50081179817171,230.8792547023625,1.0778943097343052,46.18598132861414,9.224114301798163,50.05322409733234,101.86036410939565,231.162834348444,0.2736368932269249,49.05316946023863,11.30785846939288,49.967904033305345,100.16698738174509,228.5780969111154,-3.5540692599690398,57.42810619452826,15.14003927764341,50.00495646959828,103.5641064621533
233.09557117503405,-6.601063373934294,47.339513332071355,11.890159113131254,49.98919241324894,104.63271457123089,231.3092707233837,-3.391304702038873,52.65105171527353,10.59741791430081,49.96399325657878,90.81095795689745,232.02819190272265,-4.630108634481686,44.15463566308728,8.90650639670501,49.99734211458437,100.15536881299454,232.330250954358,-7.900199177789286,49.83546365266081,8.345443074699515,49.98574060611263,88.30041546022858,228.14224157922473,1.583665418150538,49.041728545675966,10.131970268561616,49.95560014185713,111.78609454849548,231.5068761558351,-9.525782079279796,47.0609223847212,11.067587087945082,50.06531742716657,98.17328796790176,230.0441321632883,0.5786952822322956,44.17923610080524,11.579219327943715,50.02330245841117,98.57776565843054,228.11704210615198,-3.785390902083932,49.89049488532679,9.854240465264787,50.03234361185866,102.7503790961201,231.49479485138852,2.4757569076090453,47.071643729858884,12.063031950362273,50.01434941151874,96.88020658635186
230.4572264862235,-5.0075110199363415,50.28602321714735,9.556601796496768,49.984284180410626,102.07379842189368,229.16698524993245,-2.180853587631393,49.24197859865797,10.928047057777743,49.91879590980267,97.11922603125346,229.70943950308694,5.992756763085168,59.20813176773319,11.173952947103496,50.00059082219314,96.75615518096393,228.75480223888712,-6.205986143927156,48.470342400386066,9.832076191119988,49.95421959486422,100.88748989101694,231.77882068326258,-2.336479049409138,49.57037817045502,10.358656696613155,50.00470066787107,107.90161726909412,227.52273632259232,2.334013036780619,60.324566696859094,9.50372808340379,49.95279419604479,104.20100255319197,232.592523958777,-7.633266523508278,46.721233489144616,7.4948536087073,49.94724548755027,92.68535829369696,227.58153582998966,-4.271838680929029,54.71504203244457,10.85857233027143,49.96648170448091,86.35670747294489,227.88255926840455,-1.4202601684277314,52.01482858177365,6.7191177380889755,49.98027388416363,99.74433946384335
231.5330556165183,7.251022530146125,48.368453305102186,5.745092968863023,49.94572089451425,94.69400313840491,228.75564780121013,-0.3276237824385752,51.54481708987131,8.413405127173277,50.01912138034245,101.97400872005586,230.32346770456294,2.199738594047313,48.84572747729439,8.594481400908368,49.93217634496396,101.97450248289562,229.07802391720256,-6.568765325589049,48.96705647848198,9.267988796994583,49.81830518801337,101.79062909453158,232.29386170881722,-1.3562969202584583,44.61972701108167,9.30730827678724,49.97823684250666,105.38086363251273,231.2333228549824,0.8955311528731645,49.44021439212292,10.277101077196523,50.05362484821833,91.0642563446576,231.01513442655965,-9.017696002154127,49.502471155791106,11.410223934655175,50.03725907346856,95.45580084290751,229.37188070254317,-8.873826361513258,53.72670582648435,10.361697399552906,49.95618920097407,93.26431116067577,227.75690703944807,-7.553906844317031,46.42499893752946,10.167315027407623,49.97333978325883,98.7247010792666
231.442977961094,2.5734853493909027,46.65237271564096,11.782061481805203,50.03978718431312,91.81342424851366,231.71112457611767,0.9683456301719916,52.2082751773622,11.330262319942555,50.05622683444349,96.46767127483517,229.65705784386302,0.9247349017859651,52.908713785400195,11.015070299896704,49.93321553970768,96.3733772656559,232.6580908770966,-3.5721107834072385,55.592308296996144,11.589713337192233,49.94081580444954,101.52270301745932,229.03361150277766,1.1050987259899987,53.69772364427121,7.174434974239865,50.04662734352083,93.99701919559129,235.8400369849689,12.986296121995824,50.24541766286036,12.370046725699916,50.08006662506165,101.20659212346796,226.05354897518927,3.077827152956998,47.52767892305608,8.618182259364549,49.96423099754894,101.48317946385411,230.7845747581933,-0.687175653353771,50.43312062270445,11.00117187914438,50.012594290878575,103.38424456639792,232.4429345109345,-0.8146253608348719,45.461380385873895,9.269490355670714,49.91958289447774,105.27593178017119
228.5259116418108,2.8363801447047514,50.717348985866245,7.836816264175465,50.02893482709822,101.19659902213931,230.05054716175883,-1.0555317940318933,48.44049442529318,7.710891096161648,49.98395342454338,89.88944910077215,232.567770574219,4.862438801413098,44.39633896454488,12.408086415762021,49.97419167096366,103.32954618341051,230.7614483169805,17.997752337043714,49.492998925572664,9.635562666673927,50.04935944483532,98.9277685293177,228.691854724258,1.7393323582755364,47.26419238510468,5.783482362394487,49.989785870393206,99.4964196681013,229.42233396860638,0.11062143088396373,46.25756856909429,11.86924944008375,49.96618855093199,101.49950292547877,227.9205666718223,-6.533271143962523,55.627687990803835,14.982661454688609,50.04247731323981,99.79370872009173,232.03083827602143,0.3948484341667277,52.48661484010884,9.23583766143001,49.87424092859469,103.04978840623974,231.4623752794848,0.7230286659642026,50.838923986564275,9.898816978090684,49.88440112559135,101.1859941614949
226.07614573043244,10.688256804694404,60.548359873869344,11.46629961305836,49.97095347899173,98.96033120001296,230.37192095290695,2.90105351353289,50.88750516656698,12.477193975563978,49.9734122965409,103.45596894155183,228.72156416316594,-0.9587958323888961,42.65978899893676,12.178399260852077,50.03568580375779,97.00070693862789,232.58587575993798,3.2639771782080187,48.31126351104722,7.231105662353343,50.00237963200334,95.41472767269921,228.69300487601961,-1.0612107666867847,54.06603335134758,10.201205982477154,49.881440192807716,105.53624321001631,230.03022966236256,-0.03631273883621418,52.62377663908246,12.645601329478113,49.98924240628965,94.65669435750794,232.00131473606928,-0.3447748379330137,48.941000132438774,8.137640057319693,50.023271892097405,97.02131631596511,228.58203845076216,6.5565482900827385,48.906413756459045,12.762512993820106,50.01500228850983,97.37589333888678,231.4737226605711,-9.378877233201697,51.50687042461398,12.25945186029541,49.99553130902935,98.02199243372718
229.00998914477663,5.209875069039062,52.941131944574146,9.693601112910837,50.058080735128435,98.13929246825496,226.34757060220534,7.060486010265038,47.28548840191203,8.12896571909337,50.00135256396062,103.3611705948626,233.47689361497692,2.2905414439936402,54.061848513760765,11.267259811342349,50.09645169429361,99.69440140100684,233.22443510865926,5.437194698244673,53.91728474553046,8.41964950822041,49.888484481308666,97.38568866490303,229.8586446571948,4.287287897219214,45.39906361724885,11.245603133995775,49.97868381531944,98.87697606427218,229.8922627136636,-8.050986418340706,54.319985256650384,13.201921272252603,50.01392757202756,106.03110303482968,227.42529451534668,-1.1204596058432739,51.62308530988259,13.308061917657387,49.985068510638875,104.1403226684166,229.56666930329678,-0.5284364533653972,44.42562801772942,9.205688534139403,49.983381695413236,100.68670187882323,230.0512440092839,-0.7401487884774534,45.33584779341984,9.492017424989928,49.9437361447538,102.03370724131435
231.0913274312208,10.42327882702417,42.670762229520165,10.442842772675716,49.96627308968012,104.56138309568627,227.8108590535397,6.191417849952349,56.62975216016699,9.183271827281391,50.00741584798502,98.94551350010128,231.30677105029935,-2.8622141701908506,54.82847318626367,8.16118997139593,50.06884738088586,104.36193106972603,228.4653359400877,-3.192982476150351,47.27981736150507,11.391378472850596,50.030275333728234,104.90962079655509,233.52243545931879,2.7451997836074575,42.59622562481354,13.243274300372896,50.02254081773619,98.88991183496807,228.35942739123269,-2.1008485219277007,45.464918185843516,11.630931733211508,49.990815393637504,101.08281610805184,234.25812898358217,6.65246616482921,58.585208862752175,9.7258100560921,50.03509831309015,104.97640785300523,228.71182478793435,0.2645388625726402,49.164169448743415,9.881122936208309,50.035121985220876,99.5301287695301,228.72031118619338,5.458853634264892,37.81924452857196,7.685783412012839,50.1117789491269,106.62284035223783
227.2261380917505,-2.006886686814102,54.03204381768818,8.995889716976965,50.02599827936175,98.09828694259897,228.37349647520662,-0.4594806139286172,43.47997585449701,11.729938687004868,50.143189896266456,99.76522680993867,231.14140479903224,8.449222684511126,51.17466413011045,13.133403683742223,50.026780125554005,96.90156369379008,228.46322045104787,5.525931995220681,48.67845055479626,15.492099412304452,50.0447070915604,101.07390239497671,225.34824422667512,1.5991888647308348,40.271263332112554,7.644384116012623,49.958234339157144,96.6343838246143,231.8672783729798,-2.3897811943325324,41.76621328007249,10.309041121099343,50.05735562582155,96.22451549325478,228.54596192608355,0.7646344960192775,44.046151344552214,7.640555431952941,49.97887404377511,103.51142239715948,229.99594084086098,2.232407731843406,46.16669711057369,7.852355554420315,50.02928560205075,101.9084376019003,227.58607510661255,-1.1613034808546765,45.908826871209484,8.105554165160465,50.0097623024009,108.74843013035931
231.32925131696118,-0.10453125948768599,52.43664877052461,11.851559006756977,50.04419901220716,100.82270112434306,229.89476611124067,3.0769172431982765,52.60680199569508,8.440102251818315,50.09359140853387,99.76646788597355,231.4569726262541,-3.000195046492088,55.95005840607839,9.83684441616387,49.9772835576782,92.24524483129952,230.5630690201356,2.9658996477143322,50.44936308257852,8.041196154449379,50.08123765598225,106.52466205938505,230.15068628360257,-2.5553485937615044,55.54707044245239,8.881351551987708,50.009226667747406,96.88970237449583,231.24538581913083,-2.7448111838249742,48.96547882216679,9.776084818762778,50.07985139495219,107.58650174953848,233.79751480063726,-3.603381311503529,45.35973022833009,9.511534705149659,50.0193848566456,98.34896208560181,231.25361933565188,-0.9995561725872582,54.68498447447796,7.277100824025226,50.060212122102755,99.6779319716305,229.72088096720688,1.1428443086234943,46.76806644644153,9.143788008624192,49.94240414677515,110.08277686909508
226.987995540419,7.085549849618571,52.703135854382566,11.052255449051168,50.02059797183569,99.07832882710981,233.50150482093818,-5.823573316822416,54.14963403889282,10.238926581816544,49.94586095301744,95.6439308056993,230.89341933282472,1.1426424779182665,45.02989244894742,10.024821938841812,49.86292320820007,107.56240926688868,232.91654729667147,6.086100053222696,45.93461657633254,9.226027989249214,50.01697692875196,93.65854486659225,229.43302874327043,8.09710513571532,48.195571800474106,10.537300769543798,50.01595334359702,103.37725072268663,228.3166924303265,0.6503868341189656,51.984431678239915,11.864714249116833,49.95617249952817,110.61742767314782,230.20491250142348,4.762260352608081,53.15048615927132,9.547357878713836,49.93838223801151,100.64444784936924,226.71268521898423,-2.8640147588267553,42.474110716458064,10.018025824961189,49.99956020008291,106.420155581196,225.87952980925192,-2.0602376902317996,42.932976831738735,9.361587466382183,50.02017733502216,104.58847874832178
231.35416493376636,4.89757862735445,52.95461256825372,12.23735989023113,49.97535780832026,98.3227854028444,228.71109411822718,5.008297042699982,53.69772762783164,7.410317861424842,49.9606576567445,101.49093177847833,229.1962237510392,-5.72373525140462,44.71776829792417,10.128299420089093,50.07352828678982,96.94145373239768,231.31880225926844,4.5949032188831405,44.21392068880111,9.192562252855325,49.98747599011933,102.13082215736893,230.2970517752179,-1.318600575811505,49.699112059206286,6.283437502891598,49.99501676951825,96.08162617772649,229.1051726580837,-5.317314149263181,42.203570708343975,9.215644849111706,50.01689435498926,103.85762548849448,229.02296930961595,1.6455882316384547,49.5121847648017,11.063342495673067,49.97613143585939,102.02819610845094,231.34234661551386,1.5135097716216444,57.29988395275898,8.381511388960183,50.02182512985599,99.99124702143713,231.88753086983365,-8.853759592608805,41.50016433961116,9.326302018145963,49.913324188002626,96.37936528824123
226.4724460555093,-5.448043369287353,44.87860062391091,9.012695948759056,50.005301019492244,100.06458134588843,227.71727310955444,4.461042788922715,45.44429779163185,12.110789594802933,49.98297117929891,90.07155662225061,231.4865948793903,-4.724626666971371,49.364216427583045,8.766199867027982,49.97433134514473,99.88792569702278,231.6068088647785,-6.520778072284972,46.49748708649812,10.496151893634066,49.99379442769474,98.7762420532805,229.12377107043864,2.977160620381955,51.26705904763068,8.643432183079671,49.92248667684026,96.53843357748764,229.488823293358,2.570850390295088,45.326294302572364,8.443666163235712,49.94956946497106,106.36359420599592,230.4006952410503,0.7802792202729179,55.042374757896766,13.717647765463106,50.00632649537565,94.39619235788443,230.42924199285446,5.9926297751559545,44.294431847820135,12.894453902704925,49.99916778234203,98.3554438230501,233.50133046300544,-0.5437633662502231,59.63548840909604,10.302272994097327,50.032682911268395,97.95756041627926
228.0321360527435,-4.352337445633866,54.64944350868125,11.475060027287654,50.035064466109894,97.67961660733665,229.91747062894908,-0.3871728753150599,46.11437995823985,7.75657189044043,49.9884005543806,98.00937230438446,230.13739769467503,-4.932957580709711,45.2641486625339,8.657745596442455,50.02575039964804,94.23815189131155,226.32360722220187,0.1311586725879873,43.979288114748826,11.685761065748927,50.05045975601017,109.5871542309228,231.83851539862695,-4.594054883183688,41.41463352116359,13.34738820154815,49.95354162383762,91.39911958022158,227.178601797319,0.5227591776526453,50.48211084028699,6.123092939406484,50.05333532128639,103.6328070207909,231.19963671053472,-5.015875464027419,48.312707861306215,9.545791744080606,49.92617721911003,104.59117773075829,231.53587576673056,-4.281141622947894,51.908409192566054,9.031404733757602,50.003967033730234,100.23004104330909,230.09096564721216,0.2673130751993511,55.65185844089498,12.799741028942897,49.94767629200457,112.46259560596934
232.7698715139632,-0.6354829795734794,50.20916239712253,11.027824919945417,49.92913085604109,100.30006260196585,232.51233999169472,-4.3594073138304354,39.873124743423176,10.942715479496846,50.03186579064115,99.67320258284192,231.43259144822852,-7.5095522389080385,46.88889988333982,10.056718450387558,50.05938891826599,96.38945201887918,228.43424568502635,-3.1067335753532097,49.60797682564825,11.133398794650917,49.93116058771573,100.76613244161796,230.04536532435594,9.755472347278772,48.233695441616085,10.414150372968397,50.017655528805626,104.64446580359319,230.4733458153011,3.9898948370045524,37.70906581244197,11.917233488020171,50.02284138837805,94.17366124632511,225.4802892173623,-3.470134682030559,56.04754331434214,16.577215299249644,50.0176280319292,89.4794260713392,233.03604193435268,-1.9388387072282052,46.23913130118264,9.546381810336324,50.08691054617019,102.10996053050617,229.30951154016728,1.5483775808932663,49.85022038894652,9.669502266057858,50.011944331953494,104.87810217953458
230.19721108694782,-3.0331731869930105,49.06765192220946,12.109542414969884,49.99996346025938,105.12099315204092,234.34826074523892,3.365659972702701,44.62598331123962,14.007954894714349,49.9472572873215,101.38880231806294,234.1369172169913,4.325801377914483,50.97258037025482,9.375879428385975,49.9103442604687,89.58876254515201,230.10719920412146,-6.673684018837757,53.346945984164,10.465272662699876,50.0108792114206,111.87716161901214,229.73663434763816,0.53080336126149,56.02274065792122,8.109799141760892,50.03489766473863,97.627815563821,227.45878070286045,-7.340139147274859,48.68881749196131,7.468175010319722,49.985691576115336,100.56962830293844,232.33327230797977,-1.745150221863843,55.42090876430929,8.208152377205561,49.9607322084131,96.16444830706487,229.70083003804143,1.425563864842009,50.466117199777706,10.581694284762783,50.01398242272448,99.71491547818279,231.97684437609576,2.532775805129986,55.23462300075744,8.230487984462512,49.99156171756521,106.13920905318302
228.165400316132,7.259988802835295,44.920084791861456,8.320501664034923,50.04065349629774,96.70464595559687,232.4343360614469,-5.80496264556508,53.727830772202644,10.674299287189452,49.96425648371041,95.86921435225607,225.9884740219199,0.4516068399823187,51.58094529360795,14.901192545536809,49.90687097316592,102.9820462900917,235.49090079736305,2.630769270993313,54.484189338433396,10.8451577497009,50.059629692058195,94.39953305846645,231.67979257498274,-7.335587677637109,48.66383619449084,8.69250126671113,50.02089905954062,103.0956561761008,228.906401566918,-5.527230007610557,46.62985643873528,14.331832135261124,50.02323057998343,99.8438049754618,228.3659098862191,8.241351842123155,60.62849428390649,7.932180787704485,50.02631757518939,95.55993351903417,229.82661317469348,2.9430287012563423,47.593242158846195,14.01536454746864,49.966365565180425,103.46751116063777,228.37836171234324,-2.9371328068239917,54.298545647215505,8.187107260829844,49.98363025117237,105.36463187590715
230.30659985882417,-4.562108298885074,45.85441123634081,8.135435386234345,50.00886456758568,107.74341676709936,233.17712446240233,-1.286448777894982,50.065984080163574,5.094768580465803,50.035418641582886,98.46106827476217,229.3364888225596,2.9572906533001513,64.67698996612228,10.345981823996853,49.97396320624865,107.11913026038849,231.10931613300403,4.27085597727993,47.30226385374878,9.25145942656454,49.996103564948456,97.35027879877805,231.03637372926084,-5.463398069720031,56.50828474362869,10.679276559590512,50.00936366989766,111.49189807625686,231.77732292974522,-7.955326985535239,55.51161256851693,11.061542783763386,49.937154504704964,108.8395704462803,231.70370805131307,-0.9388294496832778,41.674173086374466,14.158917193378404,50.03486196691575,93.41631288201111,233.3754681146545,1.2450221388347729,52.92726546095217,11.595487260835757,50.08554217341408,108.31293018161746,231.08325315109025,-1.4938761990174036,48.81407988977746,9.474954593809821,50.09191357600107,94.09134800255174
230.65933479730515,-1.8055522161912627,48.18477827753735,6.532705556517493,49.968938900191326,100.485629056711,230.6690793715197,-10.621890277100029,55.21397089134028,10.465237213465443,50.02703519258548,99.75669601845284,228.13278330998537,0.5292654557134217,49.33781402515133,11.138251532578451,50.03787112237843,102.39643073633692,231.19692231141448,5.14991606533129,52.9902877536191,9.39447508833396,50.041112025857,106.81332370568438,227.89731248037262,-5.8649173103504735,46.189860609392106,8.20260975175577,49.92170360839727,103.29260553485013,230.7308191712451,3.5230848529215706,53.441966834894885,9.621799984578074,49.933988675557046,99.52231831433049,231.53560035035366,-1.6855340852487257,49.00968807788322,12.88932040864608,50.00373493907837,98.67917935398776,224.81094438012906,-12.408186013860036,54.01964081845448,8.238035571940848,49.888213120524526,98.8801243532141,229.54534687358256,0.6690399866440431,47.10517368490744,7.182144380418683,50.011113173008304,105.96115223650763
228.37695063772176,-2.1266541749168284,53.32621769507795,15.00510875449472,50.10959518653779,95.44880087263148,226.1012622124459,-1.5832862898165423,44.86774143850031,13.59578152397247,49.95809791924737,100.25596102197778,228.91170651047054,0.726491089557742,53.41765666036172,12.371896733156863,49.93916124899553,97.75024989265599,229.79103269552226,-1.8701603922712748,54.64137026335027,8.89014434303031,50.066855812759236,91.02612087030712,230.3921370795371,2.288145324815497,49.50011030538389,7.20000181858749,50.02684056057504,101.99179541439351,230.79757352772134,6.930734326562921,50.589696322289484,8.577767472441234,49.934039617817014,101.91659853566111,229.17442637218093,0.9028217539443917,47.80821339677178,11.098970506592671,49.96996883362633,99.82857522201466,232.47614852881577,-4.481632353658281,50.241441773565576,9.707503106786818,49.91402376794852,99.09807323173828,228.35435752601018,-3.339508641260105,50.51657708277765,13.852216858802038,50.04230612367179,110.18425567792328
227.62195416062133,-12.502747749154723,49.573606089838506,13.204481746197965,50.01917942961004,95.99464308090576,227.20657166794632,5.006773006430283,54.202314009911234,12.268659880050974,49.97650678091915,102.72097543256989,230.06062710100818,-5.474271516166626,53.05631320547155,7.901552789001025,50.00875346451705,92.06814361163353,230.46287242148958,-1.5434460700673465,42.97790878295936,8.52736497272506,49.988692950317734,95.89061843304557,226.45719037597127,2.3038152261119484,54.464925480305986,14.221871035706318,49.972818784774326,86.45883089625518,232.42750768667648,-4.857968948286006,57.04836573018055,10.465371385583325,49.904976437335954,103.76073040063511,232.92264204971656,-12.568002597977975,35.49040744557865,11.258887894781825,49.93906651068036,101.71811982209834,229.14914043446748,1.680180472541978,40.78589884214661,8.719645437341237,49.98570651870485,96.55104164127114,230.93475338398858,6.152324835803771,55.02562440038589,9.915083479877302,50.06275947049261,99.27666885960892
230.73170493406056,-8.231093455856143,43.502171409980576,12.10600868303846,50.0568429586151,90.65071664972811,231.04660981052353,2.508125761658611,51.0165562148081,10.375048914074751,49.98883616984684,99.49609929417122,231.27927275714134,7.320779338612256,53.5963234932511,9.503439558567315,50.01989233775901,101.36024268104546,230.9255368606437,-2.0009490193566473,51.170875648402045,6.949059308800788,49.9933442585851,95.78211875591205,229.67843914824758,-2.06834456484216,53.21261577459243,6.976491349594841,50.061476214166106,101.00196273353873,227.59081051093074,11.418733364282573,46.61831323422208,13.633219728238744,49.96372743759192,98.18359450251944,233.47372416980846,-5.384631564590663,45.28788244961218,8.714649753088624,49.99683401176953,105.01198553830699,232.94667997440004,-1.16377768581147,44.40188372448816,9.13615289756134,50.00862715382585,105.1852833128599,231.93863793138317,5.058790095731164,58.54512740112077,10.533673485258447,49.98186411198504,104.82668731067274
233.12962735347705,-0.3147711461321273,44.04016235649162,10.802183541616577,49.9466629289523,102.7089239024499,229.7363392059386,11.034059306982185,42.28028962004714,11.101326420531496,50.02353598707853,89.79594404850832,234.4545838237885,-14.417836663724806,40.77554299073827,7.464156268080167,49.934024120867576,93.4743865645058,229.51332716939245,5.300233905850762,51.34219271545413,9.571617348983793,49.957419148782336,101.72208181566197,227.20471150038964,-2.633114835491539,53.42452069591114,8.715620669025657,50.02488497379299,89.10847003790524,228.34381422275038,-4.743262501815616,48.28245385330155,9.17491043111159,49.998836581519605,96.30065499723563,231.24095951251098,-8.431273116669018,54.99021097927179,9.342428250007119,50.105607655958764,99.04231738208969,228.16274708976698,0.7400011397535676,47.305496414625836,8.804177677221755,50.063921679541856,100.90681167936921,229.9150873743817,-0.20316636814457031,55.86052705700399,9.502690332903954,49.98132822963154,99.39710242900708
230.84717908042413,2.209397652182554,52.24234113788163,9.690612599477486,49.931701697354406,99.39994326919567,229.8882414306039,4.752621965300115,56.87129667734624,8.819860385463619,50.09498513096186,92.42949843211619,226.27456106574576,0.9473131859639592,47.95414299022452,7.088286311884822,49.97857731349263,87.88491721747354,226.48682677134252,-4.273830179047758,49.88991415551283,11.62237381566962,49.990064756562234,94.22299506363456,230.82967746499688,7.936072026120232,46.760308906648746,9.756783480245806,50.046076951349775,98.81663015181786,232.10605588295005,2.412653438521232,42.51363031396215,10.43800025862122,50.01099503261114,97.13120951529115,226.572216778852,-0.08576438462483937,40.85400680216628,10.87730794445264,49.988136391238086,87.35653221139773,228.10417774924903,1.919716230056161,50.89202345634789,8.99849346819042,50.08772831957886,91.83038215175975,231.5012979772502,0.5996762752989934,52.16915530212858,8.472083595759942,49.97896339596003,98.2270180954543
232.8081681773692,-1.033056310584962,51.829484994194615,8.38662195658109,49.98243854938959,107.28738212490443,229.48917122748736,-4.897095638344236,42.85163175334796,7.29491279903055,50.007421063319654,96.06551417044668,230.27996350912883,0.4668971993076792,55.726092952736785,9.858397695781814,49.90998823836545,95.07042186149702,228.06283618324056,5.588846985270334,54.551302041492974,9.96564694853538,50.013556359703216,107.39237639170327,229.88268793847445,-6.378733463667768,48.31300700329202,8.856733475505166,49.993161452832844,98.49104609167183,229.47116683187951,-8.076682351385612,53.952068216698976,9.860288995722541,50.066234109917424,109.87225848040787,233.3582057290932,-8.241716670787014,43.21165836596401,11.343083203363316,49.95710722283118,93.92781921872891,228.23033092885146,2.1440847818604762,44.355854964645935,14.79108158480933,50.01128339915513,109.45429473361176,230.18244567285026,-8.069636172828032,43.2630762024911,10.972768056399909,50.035088151695085,105.72796657936698
231.23353665131674,-1.5989145068635355,51.34093701373183,11.75553228837766,50.02449320833184,98.62139849558393,227.00607740905394,-0.6824070649948061,56.390256480543265,9.747732010685665,49.94893073599267,110.00855458661897,230.78540264338562,3.9233471791359023,47.13808349961019,11.184605070874012,49.977356703269585,96.56297134645291,232.2217126424855,-1.7217286148529078,57.365111511792215,8.522263507350585,49.96416251436855,98.48530909038922,230.9295281874751,8.75004360179004,51.392162945034016,7.84941584630058,50.02153490214142,107.02931414941483,229.60248090744665,-8.23549969582491,46.850603620215715,11.343473454249573,49.963067779588314,98.77968175537515,232.58891526868925,3.190351755549256,50.2774944828963,14.509065360553798,50.05004798477519,98.84201317329996,230.98663990204398,-0.005909863051788549,58.83989979930296,10.139164505621237,50.05129704955128,97.98473064719572,225.9154313789604,-4.032971066479291,58.10350891104356,11.08192026787808,49.93210213668389,98.52664276027133
231.75592000887056,-7.096928188370139,64.47279742173875,8.106817307977032,49.9394879325078,95.60315878527145,230.80815015115616,-4.396934640937517,56.03944952329363,13.375437832772823,50.01119491841609,106.00910585612296,228.2004099015501,4.827150944491054,46.42372659639357,15.688532449596687,50.007308381743485,100.64507176901812,232.5701047973689,3.753225831663225,48.914503571869254,11.964741723914226,50.10786543894099,90.48608815356927,231.03700408378563,-5.138164013583743,43.014982412707255,13.216619738049161,50.033486715656274,98.59328142800258,230.64361204569855,-0.09587128074061932,46.36234599525493,13.704501171494941,49.990607662747514,95.37354835908332,229.01774505255153,-7.77998186482273,46.81527401147648,12.849045484718697,50.01343817770727,95.55794139997073,230.6552918377577,-1.823851090934741,52.57544386289202,9.64446810721184,50.02245831331267,110.66972074533244,230.08279814473119,3.83459786751333,50.96217192711423,4.772061701845307,49.96958486916479,97.47932522368268
229.19784891668593,-5.163293708931713,50.51981644389016,8.60930673170468,49.98922063379298,100.44871767875306,230.1728265616912,-1.898196829787933,54.624454311359685,7.301938119555221,49.99085072069729,102.33909252249136,230.4416152900617,0.6603857358616632,48.95402544974839,12.236195829021664,49.94696518021483,97.22569489144705,236.9795434873776,4.509396839368074,52.38887790558565,9.586037919105028,49.93156722814576,105.27325783661686,228.66274937723153,-0.7907299224505349,53.926155326792845,13.231688162982627,50.02294301714103,102.0670538611437,229.686800032209,-0.7834976938339876,45.06144172041567,9.863467925674843,50.00166320957239,105.60074420754846,227.96741849456703,3.82059036956748,42.0506980923823,9.831488521011327,49.99229509535247,93.64620047038268,233.04782411990152,1.0771705862265704,55.59590397342147,7.115393415989458,50.044201269966464,100.55885328263716,228.9868600411975,3.9607071736300457,47.38833291737079,9.437847237292523,49.98011920820931,88.11100849748969
228.94798051895364,4.500510388567677,50.445883412894,11.524439520931768,49.9740510328123,95.95453202766588,229.79401965952263,-1.1398654247326576,44.94365962184608,13.202846708916976,49.96700296953021,105.29080985580713,226.59407425220252,-2.743861721595542,48.654597364634114,8.379990866258655,49.94117186696118,96.27082994980891,229.60782556956786,-3.9684299582632088,51.12351877707874,11.789148807225109,49.97011546807689,102.32341518837566,230.41736140528252,-0.02601195508884134,47.89516226450343,8.074744009695483,50.058334792699156,100.17689769760023,231.99525570196158,-0.0006436643348471647,51.28568972132282,9.359719454314222,50.051128708682064,105.79684657377766,232.6129084365491,-7.252345444256639,54.22763254550768,6.6302138791133824,50.011140196553036,102.84746189227607,229.82015225412852,-0.302956841624069,48.12269039654409,8.788619372037203,50.00430628556773,105.3844560152991,229.08179823592565,6.666453946896605,51.62737045720768,8.564125953672285,50.00494139801902,101.80371302305059
228.49994014855906,3.511190488415962,51.98594396278166,4.747550216205566,50.03275439985864,108.83368221808118,228.67006245962565,-4.720569705408471,44.63504891487811,11.73542101189221,50.07184694826226,103.49351575488939,226.72062859038846,4.513863196184684,47.44925764932272,9.196814222477915,50.038652644099884,102.1093625873343,228.122480615927,-2.7451660100815065,49.16473747736245,10.09623928991692,49.928123652660275,93.05039500269613,229.4659730885304,3.8346860600794215,47.096751519320485,12.10194268308712,50.04918595779027,100.31871161222796,229.77805264352438,-2.040830373947016,37.67707970172366,11.063477418659406,50.00391287366524,95.91758881114359,226.18349248139268,-2.614889261903601,47.052484503315746,11.926089321718102,50.025119763920756,101.42619598332092,228.73230901324695,0.7847586533365989,52.40914488680945,10.07678254041716,49.93438023005811,96.31978421989146,233.76685867239684,0.49743069429159215,52.70026931113149,8.083064113146467,49.96686967712192,101.42192739262012
228.59820181602203,16.257527897303973,52.948198992584175,9.280267036890967,50.050577909596534,100.76765130421568,232.31987283849088,4.821245062631444,51.16791094120273,6.471517506636198,49.9635785773236,106.94464794175289,231.0207657260452,-7.273889709542186,48.236529806492996,7.859425389318677,49.97078780283762,103.13299424735655,228.84090756200203,3.825109308555331,40.74394982459044,8.820712445136795,49.92901381585485,104.84158910123574,232.4260955249177,-1.7891303842941548,57.510122623225925,9.580156538790865,50.056509245978226,104.73765548249497,230.27527400063454,-2.4245089846200094,53.852087246091536,9.985812974146276,50.075186520870055,102.47475857055434,230.987537764998,8.19956609925885,46.486790338994695,6.94618744069141,50.09551981544808,92.61180409124619,227.99289126532554,4.404009176922679,48.19796087336075,11.150050304460931,49.982886041833716,95.2821984179219,227.84061619486448,-1.661284431457761,46.62076142953602,13.000175733810092,50.06130601495986,97.59942852203231
235.08590039489616,6.470413971760731,45.467454257933284,14.248155838686685,49.92478147423967,98.55066100095485,230.6820597756488,-2.4705724864229466,46.717651615465066,10.0000952506905,49.97830448342868,101.23038218072116,232.40298750310848,-2.9246914506691457,49.802857275704454,12.387030129906647,49.98376478219044,102.31240783361005,229.2644698119405,-0.35325633009885093,51.73237396173176,10.263587941417684,49.95791711386437,99.17240181345933,226.64793648960446,-1.9335390486840178,41.743560053719726,11.778085103566504,49.98898780985323,98.87748053315337,228.24837766487533,3.2239291716604273,49.483762543285984,4.757468814733446,50.00608165757618,107.4340883090677,228.631273838284,8.739031100515138,51.716398558477024,13.82323852280453,50.04212519925969,109.40274542790573,229.7036539645377,7.600501945569124,55.992156029253564,7.361599203587511,49.971375835910955,99.96296899154812,231.16293298118097,-1.0463723159781937,42.82582815896555,8.319418289001149,49.95672601761387,100.93187980528702
232.03341345885207,3.3669999236502286,40.87279297732043,13.51892421112003,49.85990925263617,102.2498501262588,227.6015005675942,3.5116756603020427,56.32785203174054,10.579380122612974,50.03110575255303,95.55553256728727,232.3351525650709,8.143988177923458,48.855323083258966,5.926240422789163,50.067606715816495,91.47583624424601,229.2554286631611,2.9114996203583887,49.02485172775917,9.134588353671148,50.012336584357286,87.57610587975961,233.54192852819168,-3.3023328238891825,56.640522799746975,9.196278313020747,49.97722860017464,89.8078230096398,230.34008216935092,1.7358292071046337,43.5083341018409,8.68676869294615,49.96012100144277,93.4192128580798,227.95376114788732,-5.904160256196008,54.33662836742166,11.346109909514851,49.98564666332856,97.60494452384543,230.6553273384839,-2.068671881682657,53.4962996068268,10.260986863781069,49.99559285138526,102.81793907261924,232.7393162617595,0.796688938869221,46.36973778341812,7.165802391511065,50.034484387668165,97.93000632753447
229.17375910474792,-0.958979279392798,44.12053405515615,7.483243271375743,49.970933810473525,99.92129948967377,228.45141533533,2.9444479171506686,52.691518578330104,10.209695904312404,49.99248904124274,90.0325264097525,227.33498607664157,-1.7891857744302664,41.55152881952111,8.671808998802469,49.94065409941436,96.78514235793827,230.1104020714059,5.047018792730693,51.86470252483384,7.886405645882286,50.026944461094914,91.3810886382459,229.12686013366925,-11.036466592103697,52.38535992888903,11.522888128230601,49.96144803012134,99.46538034258076,229.4614816137119,-7.7002416844940065,47.90152920245238,12.886563489615238,49.97851146258895,99.60621398139227,228.28608237132954,3.846337217504461,55.35171954331747,11.893331738834807,50.00858678978047,97.8415348518636,230.14797876142728,5.119787151399812,58.06224050701974,9.20825800182784,50.01291150903576,94.00886437105981,228.90573877619718,10.357707113784523,52.49124877871412,9.106498101943268,49.97607912751833,100.459422803987
230.15218146188383,3.414448762425853,49.80697552048961,7.954451164293227,49.924733642434376,98.42046141147739,229.09207336406516,15.52135150951618,51.086787213070004,12.422540974836222,49.98175823237056,101.45123866429721,227.01648404976632,-1.5349612269631732,46.264602776837386,9.673161185185224,49.983938054964526,110.01544644880013,228.0179972903321,-1.6502150154888922,36.689515382941934,6.489747373060089,49.93205587745722,91.7849266709608,227.42225643230793,-0.4227682846150815,56.09065062261183,9.940748525958098,50.084932802492915,105.52168401915856,230.00222054884952,5.149614997087505,50.00783280358606,10.642833851299999,50.0439362729494,92.01731989555203,233.45178143435305,-2.017953295778317,55.957309836790316,10.06139415006642,49.960216637758315,99.30262016834581,226.99294815838394,-8.306118912211533,44.27679231244653,10.036531393673704,50.00704597355741,96.55314015491142,231.0123814051486,-0.9032201575988485,56.31552474560838,9.65904038398135,49.949200313804866,95.47135093656811
233.38795271027283,-3.2441024760716224,50.97093699416772,5.910879273522975,49.95194799552736,91.80400997554939,227.90147604761341,-0.5639006963190277,58.29313426472805,6.285074169360043,49.95951291637173,106.45481136535629,228.91755673020745,-0.8135861408187234,45.05183577780863,7.365122831707426,49.99867697140276,97.62703772646346,231.53274705172538,3.6645372058312193,52.50463814906651,5.75454269324977,50.1197723230486,106.66214533815833,233.4149345953758,-0.4357943489453426,46.338595755488555,11.600515458067266,50.02347527175432,102.0554278571764,226.7414299631502,-1.6258941307257824,47.66726900622565,9.219676150808093,50.061023559294654,100.23995836860898,230.33354298455598,0.8102582213242626,49.77906097390034,10.70119346057845,49.98895846827471,100.51058068065626,228.34694995389836,-1.5389906674058909,44.76403871080343,7.863943897413744,50.099074143793395,106.67805335188453,230.20195699694523,-4.68521821865961,49.08224619376851,12.551505848500877,50.00172014154974,101.64247555201982
227.1965193822492,-1.592959901652676,59.62764247744166,11.95212666677038,50.03288403285313,99.7147240330914,225.53192997085114,-4.29489003447925,45.50650449068157,10.572539217407252,49.95521638517258,108.7998227881558,229.65538921379843,1.3952478912991053,44.443994372357714,11.62742250877723,50.05367672195696,95.53362273049314,228.9265848893254,0.8285039608047035,53.04144247294791,8.80640306280264,49.972186414440635,94.48847329249534,228.16846842142132,-5.390429562176344,47.81911689127742,8.254439134676533,50.06114837783425,102.1410903411417,227.61283943043006,-2.3079909461181916,62.99376880390136,10.421971039610272,50.112930672906934,91.30256605918544,227.9058757832391,-7.577804686219486,46.56172244915378,12.394714544624161,50.018863722805015,98.63753180847377,230.1695129898606,0.3902308719495978,52.34934921764079,9.60666285353114,49.93844753185223,106.34928117085133,229.51945865418145,-3.3000255680703083,46.26394510189478,10.368127288173234,50.02417481009172,93.53469108799544
230.40856358298,-0.6279095679071005,42.550322964143234,12.75690299771459,50.00832936825106,95.062942649271,230.28397836919405,0.4693637972491646,46.89239467535339,7.32961148546331,50.064768303676075,96.81433747914757,228.09878052355091,0.8257658307253791,51.38697865763091,11.785827903555603,50.050435588301035,96.11034253743544,229.91888473269165,3.0582414442252976,47.653911754988115,12.783284860044766,49.953723442269734,98.94150288458817,226.22857382102765,4.27153191750451,50.16769793993766,12.673147873244533,49.920159670529976,91.90003629330711,233.16228739094578,-1.5415466832619544,48.52255103327785,12.414650368860519,50.023174209908824,104.52118811864912,231.06623314735748,-8.276886848295328,50.110124452184735,10.346780317338737,50.00494394376355,91.90650015700102,230.64470202272506,2.033142820414792,45.917188948423316,12.401997672781418,50.018705959140284,98.07938567376952,232.8099065853821,0.141731457529986,38.27841928341703,7.628352056628872,49.98000270722955,108.20358661636999
233.235989065966,0.7628999597593079,46.72355332039453,8.22216453643378,50.0318425795095,107.52405897045436,228.1126955452309,4.077493123549391,52.99838575113042,8.998669803301848,50.04606882176572,93.3703876840995,231.1211391315887,-2.247654299798012,54.22064900713176,12.571901479332597,50.017975393466756,94.31176835832937,231.05906520415058,-3.298591788544391,49.71832958399108,9.94491092700089,50.018035058038244,103.48017034455759,230.50023144938325,8.743216161152052,50.63529925654348,13.544290426807224,50.01441485097955,98.25919030291581,231.97020107469498,-1.7891297256298488,48.58221559410032,11.095368268418525,50.0217270863899,105.44255019015776,231.2459742153417,-1.0392974698702444,45.0497675294196,10.367986352752022,50.04936507526616,96.53197889960035,225.84976100043588,-1.6647032567083684,56.34335536907291,9.635851570661798,50.00554132312729,93.1443324557919,231.302389649064,-1.9080517750443995,51.98808134109113,9.018932989961117,49.88871022082705,107.01062776552403
228.13192608150862,8.835614457704043,44.993718438569296,7.565951524247783,49.962304150509524,96.0160132562686,230.0541231737796,7.573466261323503,46.162162264349426,7.416707633740945,50.00915522853201,94.0214485963563,228.56353859265516,0.6317193106340007,45.078734670716486,12.96302434214353,50.025083388854405,90.18403068332327,227.25841818949579,-0.7884096571457337,46.53501490992137,8.693979664149463,50.109284505234584,99.94688385544136,229.1975904274869,-2.487144567742476,42.51465531155895,13.029931271149177,50.01328730940789,94.11040107521848,230.82445398884903,0.6840767486189675,48.1966504260804,12.473484187273108,50.007409398078444,95.69497256858642,229.91982909667163,-0.3419997866047703,42.11014837801813,11.8632667660984,49.98369233873263,99.53710841127189,226.19078262310788,3.3698315324346755,45.23122521843678,13.280467289339633,50.003555448155105,97.6179357134944,227.74629308336878,1.3104648841363795,56.760854853696934,10.614961647921724,49.961573795880874,104.85343214019713
229.9601517621935,6.60855835367138,52.34202214281287,8.610802464042608,49.89696716495475,96.13875836573473,231.36823953412033,0.31091791056084883,51.34663179811176,12.490813921239413,50.01533581458445,96.67577018924565,229.20820144493746,6.05078129100708,48.826424593618064,12.664574502625001,49.9752797634284,100.4051376344969,229.37898237412708,10.654593320955865,44.79284296435196,12.236535680599639,49.90803658271678,104.67063733451558,231.2880687508092,-3.424950945822713,56.67647338102033,14.038931648645418,50.00885421461208,102.4152440670851,231.37652454309338,1.9330739549863236,49.885464132403364,5.064493483502607,50.0055775719437,98.4551965864274,227.7955282285344,7.458248893175108,58.90701349065516,13.057475608818908,49.990898265470385,94.11433163035657,230.40755344903218,-1.7485719431348479,62.4478729533656,8.753004938197336,49.946427336175084,97.61504006265577,233.61613686754708,4.892325225836899,49.09384278688504,10.835370241480337,50.00140320357245,101.77534576227517
229.06705208726325,6.147483142398654,53.284455513160246,11.719933322276955,49.93067268177771,99.39011133394287,231.3126821566608,-3.988233820846098,60.48109818410544,9.586615570855765,49.97903933280289,95.03554340854463,227.4440575214033,4.13678314854678,50.17181031328991,7.530030733983191,49.94065103263356,104.48862024745026,230.72553083167034,-1.1035213641385595,52.72971909819082,10.462241842831304,49.993963131681916,101.73569318467115,231.07147290256108,-5.859817973174327,50.56898221315408,7.070894845131361,50.018222204171856,99.93146205091986,230.71309085253674,-6.14844123751967,54.426865162663724,8.45447014170011,49.9609645868126,107.10544923481599,230.1327906582202,-3.205306651173711,48.48681888719129,11.820085600443146,50.05520432109472,93.65689720273566,233.75432414690783,7.468815726924296,41.51950523608605,3.608305650333457,50.03135772729196,99.7623413034109,228.04411252525475,-3.2507149471315264,49.615544790097246,12.794123976368653,49.984110494404746,113.18667446377773
230.54659503666267,-9.602326229155963,50.564102577030035,8.01817720574767,49.959570242273195,95.21951010654254,231.3142962447645,8.824986053622577,44.28726935311849,7.547526258159715,50.03537873310091,93.00194402029132,229.6777279876461,6.873225118845276,57.40377803157334,10.017283024344078,49.985536830740706,110.25000168918689,230.2799847479468,7.107428564368121,49.11932212097306,9.622997310491224,49.91454297533936,99.62110127691257,229.297769368797,-9.978259137988752,50.43460383733504,10.381549561279916,50.02173518677824,101.59747219281067,227.43729633622414,0.8501920369784906,53.62022920124326,10.295646187356986,49.87450834732413,99.32752662060253,230.35763764139924,3.333451276242228,44.269481850157504,11.573486914721272,50.03201225631193,101.55813578537459,231.2627764090691,0.8367208694668192,51.16386613061538,12.83372825054902,50.014242518858914,102.90694868207326,231.7271647221148,1.4489082261080535,50.72636427598412,9.544865940660273,49.90077070462714,107.177087504918
228.72589613764728,10.212247022248862,55.68466923905128,10.003351498417736,49.9747262573832,93.29263163914972,226.06438664199476,-3.828531511866997,53.33316308453373,8.11518988081831,50.020608614885205,100.95623952382041,229.77234758312116,-0.7099504835487153,49.8017249626817,12.237986417029987,50.09144857078598,98.53120247041737,229.72689716054742,-2.38346720604289,48.521399849578685,10.264787890986243,50.05951433404465,103.96312416114368,228.42150001034466,0.7963022788702617,55.01733200030879,9.33329206339223,49.93737867970522,106.88732934181445,227.22606861326406,-6.130056558823576,45.317489904506274,9.598943033176067,50.034264685202125,109.25428230583253,231.89607546821597,-1.1044457483455787,47.199972312919286,6.44772302593368,49.99005154455167,96.26290231031916,231.7621600176922,-6.41763146274892,47.896987817026044,11.319016050432898,49.963285302334704,94.6225360792289,233.11281125334693,-0.4252937263985099,50.28017721755464,11.009269981349524,50.0587929130421,97.37718987746132
226.10527259414096,1.881057433129675,50.04341861881617,13.13947329428068,50.04185858141049,103.2368374748001,230.75390244597372,-0.6145170526213041,54.01735085738266,9.040628965964586,50.00589466934631,100.59975397664026,228.89686753559198,1.065760135460923,54.976310704315665,8.897883943442013,49.9043614178176,90.12030180537215,230.458525805124,-3.9793623644717258,47.1958073261129,7.585868480021654,50.02071925674848,96.51406090285195,228.05840647672906,2.3720520012199544,49.858307006049515,7.521822582774034,50.02172064978858,106.19360027739793,232.9850530641277,-0.33948679755691596,52.97376603352377,10.179792225196843,50.05705101233312,106.75180515689499,232.54880170553415,-3.838304949159357,45.79137788401917,12.149095043676207,49.915280624133636,97.09495785779009,232.35296411629574,-1.362599466534157,52.097208499575835,14.021241525795109,49.916948914827856,98.39302086822326,226.6709989195068,-0.8269750417139977,43.43052616749769,12.52414562660787,50.043183749362015,100.04031727307867
232.7947661453029,-5.943087709351467,45.72772377379657,8.03355862889511,49.918933783955126,85.57525584309248,227.25002451785485,1.7260777704893835,55.87428876134909,11.34128489985933,50.079721709528854,98.7922325312281,228.73251018947744,-2.385075534613116,50.865059012456044,8.45367735328448,50.12181524106588,92.1123142863549,230.54549241288854,1.285070745754846,57.282222745115085,12.285633748589547,50.08808897984706,98.97297658505728,233.523703459368,2.575056366495536,50.41751048298703,8.633023363696827,50.024897329116484,105.95649602587811,229.0098074147447,-1.3899146802283595,46.203622093485606,10.671481102302309,50.02716709304113,95.68550727394855,229.57469217822535,0.4669640012034792,56.206738829010334,10.531648450410712,49.99655005658375,100.24794138677771,229.25133270963227,0.9041118535592718,49.00760744079897,8.34849970899834,50.00279417855577,97.67125673926327,228.4474101652065,1.4645500070998174,60.64505928776445,8.33969791860719,50.05718043634725,101.46001136580962
232.17904375665606,-7.676914956036188,45.47077731117802,12.734291489396684,50.035450226399604,101.46889848459263,228.13628599545638,-0.1963295791320943,47.530551256172,9.420584328995899,49.925657165533515,112.06491849000953,226.85604664640323,3.909110941438726,43.90303846512579,7.3233572845516814,49.960379663026806,103.883475807244,229.8639001425179,-0.44812243903924076,59.0944604995541,10.015272725846451,50.10376608148038,104.18060242722413,229.20235284424913,-0.6056484740681902,44.5294038346659,9.078014290844429,49.88813770609067,100.40879869888715,230.44987500887652,5.797274429182644,49.025578290310754,9.231582622932068,49.944210247108934,100.79139630670963,227.4317033123126,-4.664241140461,47.850340162201185,10.236896316211004,50.01466753890853,99.66067307927526,230.63028566529997,1.3728421614383315,45.912625045315394,11.18551880718242,50.05718543225102,96.94419926165153,230.09453048539567,-0.6540686679034631,52.2329313763514,13.13055797332996,50.061956989099684,95.84690620835619
229.3717713291596,2.1272632174299715,51.4428716976275,10.508030218253941,49.974960361072505,98.95963911914613,230.58139580446257,1.6539249056066243,53.28531407499931,8.10646842215072,50.03764015692752,101.21455066753143,231.08622246323392,-7.4513266662387325,54.317061180575955,9.456225308336919,50.06157661336272,96.46707650380458,233.0732831677329,-1.1495490540243143,60.779211927866605,9.531246579908398,49.963844372369834,91.43645100471628,229.21603341140454,-5.890630849729782,52.157067951615474,8.083896328655602,50.015658088602144,100.8109861361302,230.488881187804,5.444514664525325,42.84580996468607,11.531329412487661,50.087757084507665,103.53526097215766,228.55300891355412,-6.43237731557472,39.910540085374656,11.223326345454643,49.96088188073928,102.16603861439324,225.1617385367153,-5.361834647774297,47.15365904864875,10.144373613678864,50.04566216063351,93.29530576054148,231.37875710348504,-0.8076822821696356,54.41286495066126,8.818116176152657,49.99514131796656,96.39701176044964
229.43132795862456,3.9800447662155696,52.02100570175259,6.8624803426296435,50.0248155297825,102.53325605085762,231.06833256851948,-4.500837525816392,55.15231063139897,9.935481316033496,49.88006804145744,89.03587557863995,229.20891267313422,7.605416869600904,44.84668777672765,9.208946133374722,49.970215672444816,105.49716939820092,228.15744754276224,1.7803115470569522,39.465180038348294,10.807623239996706,49.99460529078344,92.90598678444235,231.3859155579295,-15.685784213520249,55.25350776062841,9.56640509957008,50.03452570343185,104.01987117026849,229.7578354113827,2.4374955917023007,45.69168987675812,8.045738461606126,50.024859973761615,97.59586515706255,231.53997639805834,-2.16132389638152,53.786963112140626,11.825141259597872,49.9754319232995,93.15592934427802,229.65489288508866,1.167035772216046,55.06749689357839,10.047310995388933,49.99616471304693,97.85022792377886,227.56911855341812,0.10610642519866055,51.20298989851546,8.193284505201044,50.03206423600512,91.25963325594883
232.68049921574297,1.520772512007156,54.019861499732556,10.156632191432653,50.07587200370805,96.88447805984788,230.70736780726165,-5.118494201670868,53.14873780743771,11.108654530320983,50.01903408972651,98.82014361300583,229.81800422205453,-2.3729514947536936,55.42760724325252,10.78724381674821,49.93213220226166,101.48858209619057,232.0798269099997,8.669044427640815,58.092849996547116,7.438575122583369,49.95471887286272,95.79628215563386,230.23955836200253,1.6924285163437078,56.3788844195999,8.837890100115228,49.89185535755083,103.81705255330364,229.9624571428407,-5.556130802407936,47.819556759087575,9.627722878133506,49.970602814410725,93.02489416909498,235.62039941664293,-6.8576905420057255,53.77261241663208,10.835495095130705,49.98170868352431,100.31412894883292,228.65036573720872,5.139298319895129,44.95658803681033,12.15690376801261,49.93187512178553,97.6624990056223,230.92910478905753,-5.243239565052297,48.245482166454174,9.66315378111988,50.01731349900793,104.43290540500837
230.59888047485308,0.3013406127484587,47.60560718600731,12.001146683644883,50.005467017852055,94.59677787839662,230.74653419220968,-7.288330397995816,57.768659282249764,11.544596039439199,49.915885770163186,100.11183421081161,231.3677492853737,2.8968478626303424,47.92176402253389,8.505156234352617,50.05794296005933,102.94699840064779,231.07419705739758,-4.561375432111134,46.50599420270367,6.350387148323167,50.00490002508509,108.11229867731433,228.51078102478317,4.840241092892366,52.93730310933518,9.190256709556115,50.0038393083098,109.88312838075936,232.60652108581075,-1.656760410774284,48.981132227927134,12.06100973076586,49.96568273780358,96.48070144210142,232.14262187248482,5.704069215333114,54.062423853282304,8.62242005456044,49.91981694735458,102.63156692526498,230.66655996305377,0.7860290544289164,59.21216213942104,12.905605295548169,49.94459429847529,101.42548167602449,233.95483464296237,3.903621681843228,48.1131186013036,10.00427769793744,50.00506682450244,108.25671489634655
230.21785700798932,0.14044516863765585,43.07929243289797,8.172616680776608,50.02157866545754,96.12612007184431,231.8085564981126,-7.664706618098952,50.07792721703195,10.141632222818906,50.01928515029115,97.36317274950994,228.72681294999035,-0.3847500201293275,50.75003075672918,12.927540136670217,49.919153136127136,100.94269365243085,231.67220463163662,-2.2097951898718753,52.30497341807493,12.643683218756967,49.99921357557361,108.99482008111899,229.72209517998735,0.3197477078576736,49.60292613043239,10.9424905186901,50.053765057932196,98.36596246816325,230.9142219624077,5.3706317312160685,42.518144204566944,10.526750637023268,49.99263052616967,101.9612896785863,234.14268895641646,0.11356577804842771,50.48045139733743,8.286180910326951,50.04225908394498,98.70166933699852,229.05829445691532,3.7052058936361725,47.25615395987573,8.106321095918497,50.03066473282105,102.51738938694533,227.16272035989513,7.295579603915879,42.28728220668376,10.703385978636776,50.00746348975732,98.65961962303562
228.60783375056494,0.006560799040183456,48.20725712328371,6.301162714790717,50.0650997954866,102.39963142157389,228.9789690342556,6.8670187199761195,47.90447381784349,5.162391984061964,50.03993523186761,98.40776617119627,227.77477673959177,-3.4737363397506495,46.494746913157215,10.574735486832285,50.00656539781452,98.88218965217037,228.03035088597775,-8.049287549360299,39.91278043100005,10.465158676598147,49.94298879158617,106.53393148937546,232.9843121300785,-5.419072379850834,54.768792845277936,14.078334979042754,49.963437504038076,106.4497096250354,229.26135355493426,3.805694337395611,53.55159635363062,8.070307408622915,49.970967842246026,102.27370761928496,227.7599531111277,-3.7824379001208985,48.071714450473905,10.05662516402375,50.046238713554466,93.68058675465757,231.154749319311,-2.761803410551305,45.477949842425716,8.850933386797113,50.02454264996614,99.55428280444245,228.8563847295533,3.5993169360486856,54.458082964449865,13.148123289527671,49.9504215311882,89.39936777356462
233.48828807190424,-5.460027371698546,44.93780297746815,9.489259535537554,49.9436865047153,100.79920773394196,227.06024778761017,4.830815109538574,42.49623816452707,14.33218044140241,49.95207745311573,105.23724645513715,230.0398863928289,-1.2052010410482497,52.0585558844363,10.194855269911242,50.01120258358125,106.35703706588228,230.2665145867415,-0.6273249775192011,42.23933522369216,8.624363703394545,49.99299093242864,99.74606319185318,232.6966051612805,-3.4396924228594323,49.17612092455825,8.583225355863897,50.05738474651206,108.13468488237592,229.7107380430121,6.194148931820337,50.05734202020122,8.959551642960612,50.00298338935936,98.18199863034802,226.781591577906,2.7962559977372754,44.21565295441843,10.002080748327678,49.95366128916784,90.51646772693027,227.9138392878327,-8.524476559287674,47.75768453518764,9.503155635516029,49.97471593945001,98.07848204553576,230.5205371817897,0.2840471103114083,46.797048174460606,11.2961638111313,50.04363645602577,96.19139352710795
226.94890676862235,-11.418792453854113,51.80124990811138,11.580831010555396,50.0208786879551,97.12093162856107,231.96876349407998,2.944026696427004,48.13514904992607,8.867478418849682,49.882683639512344,98.35883136876829,230.9898381816359,-6.939065981848625,48.779974065013924,10.710711370742843,50.00097112999732,96.89315623225768,233.1652233797489,-0.3895372483843565,40.0833452283136,8.984742435098802,50.06203107957369,92.9401956196477,227.51067271366688,2.7338569790323515,48.29744709666004,13.145580183364668,50.01263300749687,106.27479136649131,229.45452331808738,5.561767733099831,59.09970611015891,9.262612771352817,50.04263472168557,98.01003693955909,231.02578703752823,-4.910730481080424,47.577524777477045,9.896223085912066,49.9671416166154,101.82588273473084,230.21781227807244,-14.894123155295368,54.6902965059846,11.5821105337651,49.87676905557111,87.00823285403385,228.80668223228395,-5.1645662316997765,53.57472263119249,10.479666169104135,50.01863203051403,95.8188072384651
232.50953760977507,7.68747620962218,43.184904831441976,9.375508198996771,50.04369598120477,93.59800673165034,228.60435412090274,2.0802976545530667,43.000590683375044,8.351434037030746,50.10897134156494,103.385141736433,228.3413510928325,0.8144633813143252,39.52386412003821,12.627328416204715,49.974876043296575,102.93270622754406,229.12375691597495,-2.0301561641181136,46.274891648114966,10.752224085227125,50.01848530122757,96.4909729935095,229.4113346357631,-4.663825808837512,42.23304377660835,8.205329159818493,50.07802434718594,102.46985861078703,229.95018076892686,-12.035574814403082,44.926265415016516,9.788579935049526,49.975938152884254,102.56307267815025,230.15737060498157,-6.659117832609715,48.795256232960426,10.606748419486038,49.9436880017301,98.55874937569435,231.24199489759255,-2.5879664085434055,57.31464298107126,10.309810357054594,50.00955532633321,108.06589223481986,227.69643513599223,5.681446698222895,41.76751850480844,9.540129951788181,50.038525765915686,102.11401500244583
227.20606466005935,-2.3990100939431422,48.7010201082975,10.162883873314438,49.95378276882681,96.79390882593522,230.43174872256333,-3.577369638888217,49.73646994923472,9.221459082980294,49.88932306955643,102.82010107901704,231.1175913632395,-9.801518557208787,59.944996671517956,12.253026076336576,49.99065515324778,98.71092291510563,232.29346901036894,-3.8584318764476966,46.9743495162185,10.07991096562201,49.99856166317049,97.24924214460508,228.68657796907928,5.75682993427113,49.16362454700631,4.973516990959789,50.05999390047486,98.6928388836193,231.46369588133913,0.9214103285641889,41.514503233075246,8.944200076573544,49.91016158770461,96.26741813872358,230.87112824651194,7.821020997829798,43.21566078697918,9.974557991900827,50.030056731011285,103.53311464220197,230.7641922398731,1.9197697867038448,50.75202407289448,9.041794603407949,50.00957537312116,99.42233198868911,227.7922608131784,5.51411701177476,42.46968806400336,10.057988246981433,49.98465184631701,106.41043199030966
228.08516619582656,-0.7294278634868185,52.240887061274684,7.345388813803661,49.99431708152587,92.87187060866161,232.96669512562642,1.9220099492780451,54.33132991902389,11.734079242725166,49.98918085374217,97.59762487397064,230.23030401099234,-1.476711554478389,45.719162675039016,8.359496814562364,50.02017429325091,106.41180095010233,231.69771896408068,-3.7347935602393605,58.04175624379113,7.737739741041314,50.00304080405881,96.85658226923304,232.76201116020783,4.591392674925358,53.74313377261438,12.725353786877623,50.02435766019982,100.90875044093235,230.8387653294287,-6.175400006954343,55.75902384954985,6.372832271700402,50.05408787305502,89.37768134090473,229.72626543051797,-3.327539180047051,56.03050376845776,5.826299135003535,49.987350678447974,101.797805654988,228.9813085378715,-7.366181707755918,49.41211704150193,10.20273741603809,50.03810212393418,98.18209646735767,227.04375079070354,1.1749921976428528,42.86048245211883,8.938763102320044,50.104790584378605,107.15529909256296
230.05315259074388,5.299986615331972,45.21586288163323,10.571121228202335,50.12764056534914,99.7053730086096,227.46944751213965,6.523878420096495,54.05693117638086,13.73723081053196,50.04409149843073,105.48037628858958,228.7220848179394,-1.290586905522582,51.5519832512332,10.757003511917855,50.02606521107531,107.66408945629532,231.39186103065447,-0.9240223539863951,52.62488890106768,10.542100322463785,49.914830165483174,105.98432889805983,231.32327695634402,6.601916993169535,52.25284119308027,11.646196700815047,49.98509472281166,99.19046590848068,230.6159813642057,3.022744694710079,59.85599989953434,9.741531038630837,49.99642068694635,96.48349972634351,227.13988416358666,5.155860171640969,54.06171876488567,9.307630054695721,49.94394632804019,104.78272584057937,227.7978328187409,7.694707070897284,52.13980138121809,10.147113192812936,49.94856443377872,105.64011887984756,229.00483172881448,0.04505353611929824,47.010186139821805,6.624626769396982,49.963246346428555,106.83913135193293
229.1776188031883,-6.77493591319326,50.08320172568246,13.128845412150264,50.02156473820961,112.0288511505505,231.62940949411444,5.604965458798475,49.74244050085799,12.724799278401548,50.075447982883645,99.83179976401792,227.05709014830273,-1.9854565875563286,51.903676110025735,7.785113320241498,50.14037451624046,100.28126864769747,228.86730144321203,3.2933463228172393,51.77981082784598,11.750513476827296,50.06102490940839,92.27105571089562,227.91976444355683,1.5008030154198093,54.49997511017421,14.263333142472437,49.97905104092479,90.1453998573529,229.91681353987303,-0.37020036650933447,52.83897345672899,8.16468978407218,49.93978379005347,95.63971000455291,229.457893692513,3.027087393042615,50.2747699608103,10.970013899769675,50.006135200669924,105.33263136655583,228.5698296359769,8.789631546172764,44.15320687915025,9.389793967017921,50.02085509278673,92.11472451454804,231.48931499184627,8.922579070368368,48.72479864232473,12.81488153270318,49.98514293556424,104.7795836024347
230.75220169741468,2.5977933519108536,49.293722994900286,6.858457448548201,50.02558455069104,90.20106299236323,228.6249455296749,-12.639330312147974,52.60211123474824,11.565566264980685,50.0147145861904,101.27435649571682,230.71864514940856,-1.904730397538744,44.84847350152318,9.178665462456184,49.98558174818596,99.98880105375986,232.33628447434492,2.202512831643105,42.75755039778489,9.174152059525012,49.998370568750744,101.51739305710767,232.48820669559217,3.6347494684024015,47.674747832260465,8.306437238658258,49.9424215223101,90.205612561211,226.8439070513796,-5.853336775460645,55.397645066000656,10.52737662928704,49.89652788323454,108.53345098341104,231.2148080751636,5.340254233227951,38.90920655714074,9.562512697435722,50.00570533502484,88.79306651170612,229.61880732115625,-0.30381263835380873,51.071700775009425,10.874474217235887,49.98950070246029,100.52889522061447,230.10348801464073,6.340287950313661,52.902191006709856,9.085021326076097,49.934356959858306,103.17549798585479
232.66927119066992,-3.345268919487169,50.614295818509454,8.72768029356368,50.014631321942744,101.2990899705786,226.49929370264098,-0.9019343848870052,50.40705682784172,11.647534508238557,50.02737868596,101.49612531128034,231.7213861408055,8.73437263102529,54.55415952343789,9.583035999291903,49.961258214050766,96.99774978740399,228.3785897251863,-4.339652186951138,49.77644106221586,9.474646152264611,49.967797118817494,101.56632283076168,230.20242587053536,-2.870702936991517,39.691440647151396,7.6202940488161,50.026443335961254,101.14102177150275,230.11890093950277,-7.780101898821946,59.40267674471849,12.974079067695143,50.095516458324305,88.91440482130136,230.717610395367,-0.6221061645522017,48.50697768764183,13.294831449879755,49.95681145018017,102.28168152366023,227.0038320525641,-2.668653739005384,44.37376475496459,7.599264655527217,50.0266538075857,100.50810772508285,230.28053089000377,-5.988820242045571,60.517638068406896,12.687771475427088,50.061876496752134,95.09697785419468
229.2761193322414,7.112426493101298,42.68806058791442,10.547354329840639,50.043383186478856,102.5402969613012,232.53578851597734,5.149902570654654,54.61615756798243,10.876452126591929,49.918562585176936,92.73309744019683,231.60521614098982,-2.8945061568966968,55.869716541159875,14.986117843960708,50.09231702232762,100.63839744602814,230.0281678938064,3.351210964499133,38.69165621584509,8.793749342738295,50.006859718788384,97.47073656271434,231.19648176408893,9.509914116199292,55.38578033354018,8.205185417649563,50.036746813443436,97.12421955975238,228.03864839797018,-5.306038107753971,50.050382621966016,9.354828082977352,49.927011017084794,95.92709220851843,228.48764512596478,5.7685462505431495,49.73289824060489,12.509790983518947,50.00433870101273,104.34324283365808,232.23769952344193,6.0283579223311365,50.34512502433034,7.08929515119716,49.89664990772018,106.7929398891393,231.3710838883506,-2.4957926099477312,48.26883549008455,6.236047247180812,49.997248376241004,104.55798431776334
229.94269952143478,-2.769348584420899,54.81361654790219,10.708979931096387,49.97434367195111,95.79235647113818,228.30326623403423,-6.216247607440653,52.76490170583844,12.448891719968891,49.989450010729016,103.54443654627232,230.64100240892637,-0.21114667605043158,41.0031631335132,5.39571033496397,49.99144454422579,101.77285885473964,227.2223399962531,-0.7189703639314639,47.9987330258531,12.277021078870852,50.118842674240895,99.50883933821426,229.16689242886463,4.857170375400282,50.49906133236741,11.409845901804822,50.02847894271359,109.63194976428008,229.4879861042186,6.923687958473115,52.441767928255594,8.762394355417356,50.05753775984324,99.24831250511158,231.1060587188882,-12.847430825034792,42.222487056311074,7.5149425924139,50.050937915502864,94.25638444434833,232.28811140002276,5.9361020617455225,51.50939188809266,13.51385254712748,50.007107672291376,100.30683224963445,229.33525296119274,5.806520345223548,53.61572172096076,5.0343471017005,50.10645195986814,94.41782922775567
232.19187685900752,6.449591298528632,54.91367072761158,12.104688146391332,50.15837912119512,99.78337756176917,229.36801446336548,-2.9359728959341833,49.570626645653185,9.036822217236372,49.989470415829764,103.81292074936798,229.5478978587013,-3.5705439285667104,45.21342659080496,6.925606987565676,50.025906412306156,108.63146827386258,232.38798846549855,3.4056619411781504,49.31938531326329,8.82086833588151,49.95796665662766,104.75635725133853,230.5100595278667,8.943974269972623,53.30439565063679,8.030366929642968,49.972851471371015,96.10185457893289,231.19962874898442,2.462001943949458,48.76278485199951,7.055123796330775,50.06784690142632,97.85502476041152,228.6463043091451,-3.296108346195848,46.90879251658066,8.893906256366735,50.06071765945989,98.48132097879962,228.32951752522473,6.833144650416939,51.550867925885704,8.768013450719712,50.06276677574079,103.52654504357662,231.1209665032072,-6.488450426813991,50.47291704987414,9.04426814097749,50.01245080262676,96.9241881128829
229.86704940197126,0.4354333952340085,51.60531656493813,9.608715421409482,49.97841432817715,102.96718263558871,233.2503889720204,3.4230267910965875,42.48142258015703,7.836963879542122,49.99822782717307,108.86277341432304,229.21218449699649,2.101591300452592,42.407649421936284,9.923716245608835,50.012944973432255,98.94062077090915,231.67901267119646,-2.098524335410252,51.17154425307116,10.579191061520788,50.09181952725846,111.53121889988518,227.41305107701618,3.7534778877967687,51.8796995084112,8.229253742948766,49.975129558667234,94.57132029610327,228.35655418961494,4.362028746234356,42.44564450720371,9.727792207950621,49.99613517185549,93.36466823837029,229.82990878311082,-2.8727222858344326,53.866976060072645,10.293856930674515,50.00704496896589,100.41705434874446,230.2015604181117,-4.388781806543483,50.47788275695403,12.043498531457718,50.06295666421011,98.01800291479418,227.75113544058482,4.891465196879014,54.717324884959986,6.071720885332438,50.111006897614935,94.49610457661387
234.71860156121423,-3.335550996232606,54.04380980147547,8.597192005279457,49.999385999949745,89.2082814582201,230.44730057785085,0.8820057988289337,55.19636286236977,12.990529640151959,49.95932536561255,91.24561651426735,231.79126338781128,-0.5505666565043548,55.46920607205172,12.856685527177769,50.100102974709856,104.1030299086447,230.52876380527178,1.872179638616611,57.62562313430864,11.331114086892818,50.08613423607482,100.01235369602293,229.6574621058547,-6.118589090392941,47.04812250087823,11.565024224629648,50.044822051424,102.18403977429344,226.8609514436534,1.9281714372521022,57.072208288352265,11.235223933162787,49.982338841412,97.36154581219624,227.21353036960684,3.643877136977064,46.57496334242376,11.249557938476379,49.93494707955489,100.62067091340148,227.72643204885065,3.2163264463766597,51.79837540374376,12.101369446052452,49.99127076462661,104.72905520406995,228.9584868176034,-9.52936476062627,50.34640577054834,11.1737953649424,49.99093045289874,101.82678086272259
226.53953331966824,8.680890382376095,49.545064937271334,7.271165887699542,50.073837880916756,95.55531913924558,228.54235434159997,-4.076320662500003,46.06674521096226,6.807050008483214,50.07904996489345,97.2859396449116,229.58642951140473,-2.045854732534197,52.41384536161355,7.683182055934592,50.05118639132217,95.83710358634934,226.6778294834076,-5.50668013056788,54.27252435709938,12.451887504279409,49.968366241845665,98.94696040002215,229.26665865936457,-8.680802604725958,44.38292029212954,14.91195067785661,50.08975323086055,104.0458378392522,228.62297369710603,-5.548216394532844,39.96922663608375,7.561338587407311,49.991172597889054,88.53570450484011,228.13963233107953,-0.6346558219464291,56.284700384365266,4.9982777904902855,49.970723934468445,89.07757685795818,230.10673911214178,4.930351396507342,50.03583054633745,10.525081592216406,49.956445330428664,95.9214536460296,228.58991176793504,-0.82426144255345,46.339159641211936,12.767876206766388,49.98605872360278,107.8470421130972
231.95198260013441,-7.543261535820487,41.429428060555544,7.805111357061917,50.07255706287629,104.54051322206551,230.02053124260954,-2.6433708521536756,43.793877654835754,10.672206782343727,50.0478428633356,99.44710473241571,233.2821732320402,-1.5474867106408083,49.21122314139152,8.12553776428296,49.993858208698164,101.46390902222316,231.88544976167222,2.285682301215152,55.29936780163854,8.156107557101599,50.02320790384566,95.9651557154588,234.40122083505128,2.664055133137033,46.35210287257708,7.403085976107906,49.97462333235335,93.03664922327843,228.09851484004193,5.754030087094778,44.46368127518453,9.7615176259845,49.96005458625424,98.88957802677346,226.79049886473942,2.3989271546536535,55.13750308828257,9.686302867981416,50.065412629186916,94.58373219839189,226.31630374615315,4.021298544564841,48.87962907930142,11.930381641577531,49.95312336163153,94.00687970371773,224.9567465849931,-0.3505280028355875,53.72241333059374,10.60295633612261,50.00527125307503,97.46568042809027
231.7533103608984,-0.1752152115015519,51.38133522935155,14.153481605422744,50.080027605429535,94.31194393478754,227.7887867343984,5.414356180875637,51.630914545706595,7.790816986721912,50.06496434910706,102.01672524591146,228.6297147045988,-1.9879917609160445,50.62205168224165,10.525087884110532,49.98338649786878,97.47984463219356,230.99079486960485,4.802380425881222,48.90980438227427,12.823089827879123,50.049336402376454,95.33250485800663,229.7502972559597,-6.887226007293653,61.437501755146414,6.504698680693404,50.023717935836316,108.5475371168278,230.86234899056046,-4.4731736125748975,48.90092841002611,8.99880553771163,50.00153349672113,113.17294478121214,226.6152158222211,3.487728368277549,55.34528787169113,12.088178016119837,50.08512495558801,101.90416977703677,232.6314496690841,-2.982646659447223,50.89792663030817,11.12800274334122,50.01307893254645,106.6177742546823,228.77391732755916,-0.9834100604944397,44.370383895271445,9.615487783381987,50.04100364563906,101.9229938601507
233.7574701256254,-0.7978480124801174,46.32650934118983,11.768489259838516,49.874551552339284,94.80039206529483,226.3787554109456,4.5644425434005464,47.59940450134576,9.972005133097172,49.99140183412591,100.88565052536441,229.589300562136,-9.021203721972482,51.822436957430455,11.029400643703324,49.98596586251807,99.07028278358182,230.0242958622224,1.33811710122422,47.820041845318016,10.40546521868089,49.976968285410706,102.01775036333763,229.10120550185408,1.5877573088845478,45.879621859243045,10.476514060610143,50.00073196746163,101.07907195564358,231.74781312603452,0.874920052941167,47.10743591877034,11.161993171054256,49.97367912802713,108.73955550267553,226.930044977471,6.024295263257144,54.6697948495484,9.228028461564602,49.93765325611464,101.72088730451752,229.22220020032535,4.851687602757653,52.94022223408514,11.199525759611758,49.93267624108617,95.7516493126493,228.41983085424806,0.023645085071744933,46.22095435600756,9.59262024405434,49.91667643091973,99.89704237950296
228.6649878686534,-2.758993866255181,57.01737185375335,11.165963707673372,50.051195690210044,101.18577950707692,229.96376973463157,3.399513876141857,52.559801269626284,9.711870456013358,49.880817179367554,104.87196560665907,227.98093242387412,1.5028111916065543,54.901243359141674,13.138651540399202,50.017286039954165,101.29174795850257,229.02084539761717,0.6566210127512031,46.77676061185263,12.34042330496044,49.96440398124977,97.00550077619683,229.87226738718837,-5.3831162152193475,42.45127776891121,12.324671265223603,50.097439293518484,93.31321943502418,229.58416993138678,0.30202804173587094,53.43479675112553,7.941244620538405,50.014088583200895,101.68222643247708,231.36574009318431,-9.253275804230189,48.24658612696475,10.770459383326067,50.017874844097754,99.52374673986638,229.99597978152119,1.6851424806159496,47.56516949589967,6.355660315627586,50.06690631380591,98.63828712454871,230.52542725656784,-0.818163308001027,51.278134345535996,9.439544395443324,50.01221244286064,95.4341218874363
229.79285981444366,-1.660423856489785,46.10344868134445,8.903255969650889,50.056608582070496,101.95943350887151,226.81064595773785,0.11309208717500988,52.17352441822553,8.713288669270927,49.960811578481966,96.22709072885051,228.51996912546707,14.938044036992999,52.49673215565173,9.611132923634546,50.03712155621836,93.85814938019618,230.75320860951302,5.689895581700735,52.00723707714793,13.065030873858962,50.013061902845344,104.33143846392424,227.93432569635425,3.729120361728975,57.893320217354336,6.931280540761879,50.04521102659853,104.22201387336229,232.29819842570978,-0.6925952313117236,55.58492195340516,11.123642018986335,49.97214721135968,101.30090678810132,230.99080176217888,-5.786691678263952,48.991092618462595,8.492566153698139,49.971317692684316,97.61961814495324,230.34188640099606,7.292486271061913,50.35960718222106,11.044649477073872,49.91933344224713,93.40059323640149,232.11625530882557,7.904757269585522,49.098521453193385,12.357254811074718,49.99037347464611,102.82085413801587
232.5904985131615,4.22692196541517,61.54959401295223,13.709205948906568,49.9244938133867,102.7004609410313,229.92068963074306,1.100828769672337,51.45109569480864,12.980133785480545,50.085638896136025,100.73590722196074,228.43644183879874,8.591349491835118,44.30833257869418,10.935979325465208,50.01629881814341,100.59844403251282,229.3378040823105,3.7764068534706077,50.89945025976053,12.494096693159339,49.989781658183894,97.97806414470425,228.93145108324467,0.28096194947646574,49.570749319581566,9.145090535031938,50.05082503522139,96.39963180298372,228.03089251784675,8.479842655531765,53.73390272364406,9.580446297347867,49.99323822763976,94.90767532285392,230.98824750620653,-0.7043052078336476,44.79699445297342,10.201632714268996,49.969709954014206,91.99357955561891,228.1756242674799,5.74776902606465,51.74565771461747,10.2652975336973,50.03131320278368,98.28255818177948,231.17682594176355,1.4764028641007685,48.439533567630285,9.346080857551385,50.04307888356977,101.18494176405972
229.76818321448894,-2.2265374488287804,48.47797551621531,8.904845966744928,49.917223223890865,94.3707915985772,228.44748968810669,-2.0635805752996967,51.94560326886132,8.099444173419982,50.008148238046566,97.01417692908032,233.12387652950798,-3.1358305014611454,47.52190848994363,10.492772553009726,50.03040675889414,95.62229125009092,228.8377403592078,1.2543151530158352,55.95383093857915,11.39019086174767,50.09623782768792,97.03848476993352,232.47626462590355,1.9367005476234331,53.09281761871053,9.461477737511919,50.039712521546434,97.72523619418308,233.55845153952754,-4.869659353188241,47.900681399745864,8.617485176891636,49.96877756921104,106.51004650871224,230.23322553705646,3.6754154556942082,43.7375000073848,11.37893897954377,50.0676942376319,101.57035985666047,229.82090525220423,1.2095996760483414,42.17018162838308,9.355805971050431,49.98906728411755,93.55045407092176,228.30376665377386,2.545417405508343,51.508605298239225,10.84064025762259,49.95623678871621,103.13441249375781
232.09584973798567,2.8400511438236418,53.64225047558978,12.144998588348965,49.994524368010744,95.40584847451662,228.26576251869812,1.5607033267586847,54.260095300737405,10.497948197296992,50.02338798076023,98.1756172734187,227.3151589301267,2.723175032407217,45.11224891321463,9.120060962262516,50.13646649391685,96.20535859823353,233.96821472612024,8.788823294601315,60.54655045601314,8.914569530316157,49.976406607958815,98.69106557284785,233.21236711971392,5.4520174613196914,54.78666626552736,12.220391066011265,49.962311014640676,102.5685134661066,230.9181530332454,-0.92827887223773,45.55382602865511,10.242097404199383,49.987933210642254,95.55905009794331,227.46632678905615,6.944663347410596,53.35695236684263,12.158160658585752,50.01056208654258,99.3268600616812,231.01131300426843,-3.946199079695208,52.54115918953412,9.487603413882194,49.98687740363514,96.61563068038353,230.26896530009978,9.059129808886023,55.509794285700124,12.857179863561527,50.0178145577063,101.1088167855939
232.166783809158,7.903918498906321,54.434861256268306,8.332925593935938,50.049719442353975,108.13409187322826,231.15230526027474,-1.2772031550749547,56.36474044299885,8.258298390463327,50.03183445054697,95.9095107098781,232.0903090382651,0.30679998640764045,49.269769359356076,11.827194043035714,49.95094039281966,99.58044173113609,229.05090560796728,0.23546471791017373,48.59325005442519,10.278120942457319,50.05576615691904,92.9432847621931,231.62053962258565,-1.8687760917889904,50.44942578115777,8.982801156854405,50.10276698883668,100.20775531407975,229.11081714260172,-1.7683960065696636,53.476482340921024,9.496553813458972,50.01521506205027,99.49154707037528,227.36329757888006,2.798568579909715,51.55295813369266,7.689415644518341,49.98509566170737,99.94166785718717,227.92016960511754,5.330181875526247,45.18447039587964,12.047290625391716,49.973732357449215,96.29794494434184,227.67863494655876,-3.7245340813000496,45.810716327345524,12.211069801792753,50.007701043273734,96.62438356755807
228.3916492877685,6.940445233573006,45.331121385056655,9.013647236109719,50.038969098430975,106.61253793289889,230.1983488075724,-1.6026177539336266,41.22783439492384,6.524759011444074,50.00231689577588,98.72346263160429,229.37976926948144,5.969069560154752,53.7097467791192,12.291259682214928,49.96379019610369,108.15695522199545,233.01058785386192,-10.619600166940675,56.26040043508747,13.47131897178411,49.991324217334295,97.5042153558831,229.08739260081572,-0.07018663707095611,35.58730238935219,8.545559300502756,49.95239612375749,102.15168544796373,232.96634626685812,-15.030291375768108,52.95488869279064,12.18191262335866,49.99649460740429,104.2880115617238,234.78825690286294,-9.194170724864499,50.48751938008241,10.037486536713821,50.070717001049005,95.54288711441421,230.80647129769375,-0.02217320501085169,57.18015058343798,9.207700996326405,50.03719229083542,107.33570945740699,233.01770927777196,5.551595040170651,43.13734870553385,11.181605763093259,50.046100433653514,98.59327167557763
231.12725731067428,-4.283401626378295,47.91762156496127,9.830295521542292,50.064982066363896,104.96722999632772,230.91890894032755,2.2686754560684457,57.05797126683989,8.74427405349573,49.975625027002,99.30152383579546,230.96390038273984,-0.8057615811706504,55.10867273975982,8.2832900185795,49.99926684486341,106.57951014634628,229.64232705444874,-0.9681234742578175,46.81553198287471,8.984102442169243,49.95998239326798,105.02989316605058,228.35317206938342,3.424088728065861,46.51710114498512,8.73262380441268,49.968821666765606,99.40059557910263,234.0064584490277,1.3981357595948527,51.1998531329704,9.038539801353958,49.99224272813749,105.79984061776862,228.32050240818523,-2.973810280508711,46.42663792293073,11.608839546955876,50.03945642020287,100.21055049359684,232.41555719655847,-3.07536414017757,54.306765076131306,14.425237510021557,50.030254641312595,106.06492338560449,225.02351555614575,8.820046848377363,46.88231260571199,10.658912233917224,49.9791490956097,97.6215461875534
228.7622838506095,-9.922171682649285,47.902833968845464,10.477558854945773,49.96879192508677,102.46548750141984,231.9977140142136,-0.2984053785304911,49.84362660993534,9.180009352297322,49.97566108015505,99.51521648319934,224.99367460410286,-4.311111449643493,52.43645335034971,12.142962328883911,50.08761540225085,99.48126228954446,227.68374592229014,-1.1031752212775412,43.92217786467535,10.511329434671701,50.00055148473127,100.478206655198,231.68168924087945,-3.145110077160459,36.482510963276354,15.412998725056175,49.99987725929031,106.21641228628106,231.34000142553168,-2.553950136929341,49.83283764702739,9.331882206812134,49.95907061405624,101.7306724644301,229.265629230163,-2.5995353628951365,51.66338780971935,14.085830249064738,49.93492674707121,101.03759745585472,225.57083886763206,3.087622730772549,61.680300001889094,13.379633118628481,50.00198413505731,105.16912391274957,232.5688007727659,-1.4750000216182566,47.023990345196644,8.335330019212915,50.00460448617854,94.51934292049488
229.61257964853203,6.793726699247523,47.79922322767695,10.44141161010712,49.97097224172528,106.6059171661281,229.33318028255857,-4.553518624371159,46.66856720183168,11.790206500760513,50.059474700143056,99.54124747491845,232.90416569748257,-4.862886455385298,47.374520115497624,11.194418053067542,49.929473990556815,106.40948027307196,230.47196260629846,-3.9963022527837078,54.83174544942131,10.053937080134164,50.04895991149327,102.19314471219822,230.38275380142633,-7.758390242086168,50.165891645062345,6.010292020251477,49.99141082132387,98.17611138281104,225.58894911138674,-9.27162114434534,33.367195075658,9.592946828552599,50.035988428679204,99.8136013368193,230.66388133435495,-1.3319702760641796,56.90378624037031,9.591226876884457,49.93131309860262,93.41440021444492,227.3663377045119,-9.012513258851715,43.72649133623503,5.251683429274434,49.97041096630445,98.26310142127346,230.4981812576391,6.745000531729893,47.14630675199015,8.969995544120758,50.05869982937789,99.13155613846367
228.7882327435012,-4.547420014583238,47.87100763968448,8.41828438928562,49.96717290022729,104.11886232023579,227.42150013657772,2.8811745383364613,44.618928350940834,13.74872595872505,50.02438419448072,110.56967009593939,231.14066836821172,6.080380380537158,51.567134775267384,9.453919725778201,49.92773462375785,98.46829519771089,229.91720270174238,1.959145802089687,51.84735873994756,8.131400703385703,50.04328660610944,100.2792716508933,229.59669962958137,-0.2538199147047602,43.45821684533591,9.448918954710264,50.02591229237804,101.37239017670971,225.22084263246603,12.724708814432342,61.33423459267374,8.517410173336994,49.965223167177776,100.76894319265702,228.0606192775187,-1.0271103895646716,44.56567155389172,6.868614796034663,49.98645310341368,90.14219885704775,232.1490175014472,6.7278105175821015,54.73453410410075,11.538072746847273,50.031202707868474,101.76086536024226,229.18600848083503,9.625989990955004,43.97579789668019,8.252975580733922,50.02597287321114,100.69510114969255
229.03678979988914,10.153066344927113,44.48722110347284,8.171441718018883,50.00088112437531,102.94195546448576,230.83418834267866,-6.735594023990155,46.17512864169483,11.892956341132276,49.93567597976963,99.4909459409347,227.32538195520286,10.050829463388462,50.0194519082178,11.299392556962557,49.9484838139592,101.22599571648509,232.37347203635656,0.009586205062879948,51.748109141103086,9.623819633681741,49.965004774235545,110.83693229305638,223.99320922277153,-2.689102439581083,52.26688468234415,10.448090373181191,49.98532233350979,96.58044563750673,231.30270018134237,-1.726260563649734,41.153713944371404,10.714848568582651,50.01478058087892,94.33386007806207,231.3406806070547,0.3630352938637009,46.07377106416435,11.134671712101827,49.99361182134139,101.13314635581901,231.527916253528,-2.5317430813879263,43.17361043598793,10.660730158591981,50.04415035395457,100.59910256256163,228.69745699226002,0.6152971004795635,52.150452772059076,8.890157454070975,50.025660845604584,102.82090064280004
230.62189549414092,-6.149780730685318,46.84502702936183,9.407001762575858,49.97942146164943,105.85076071958245,228.28214166888625,3.242649261776738,56.46282477270863,6.279264341939396,49.942382641783894,110.17361279392226,227.77244185882887,-2.7167435954839947,52.4024290570676,9.81997916774177,49.937915095014496,99.75633557364414,229.96425527065475,-8.453724512890952,45.77158552271758,9.71998321430533,50.0241182845955,97.60578138983212,232.10491933905007,10.485340341935734,50.85433868676061,11.109120739556836,49.975656396416554,102.78201302467404,229.08342436140177,4.711407744635362,50.214886288363296,9.432723309130491,50.13946637123526,94.1727973383529,230.4232213181767,-5.739956338209512,53.00275582173019,9.168647554634648,50.07043716574318,102.13137343801809,227.82315263318696,2.706235289164527,50.3058743445966,11.372109441615468,50.021289545695936,96.40311086454383,229.97255284739498,2.0912138364409754,59.95879219228081,9.900055786276644,50.00322576785265,100.16638708844359
229.200362954039,-4.3140943537774055,59.129244952213234,8.945122275290261,50.08596130503445,113.05942903640502,230.21197371602238,2.017152484172298,34.990000043277746,8.55456270561554,50.059134644355396,94.63225406218935,231.60258269271858,6.518432029349963,51.89702584389716,9.062514981779975,49.94112157080686,95.2489332976546,233.06118627143687,3.1345329924997816,50.037512795468935,11.30583098166561,49.975756163849674,96.67644775055321,228.46437339896949,1.1937231500201184,49.24094482493636,7.682998926632967,49.979413970187,105.21463948568004,231.9408349679717,-2.0041144907703177,40.52758306993861,11.238523264977086,50.084673724641824,102.97635505414932,226.25834967049877,-1.0418803896874966,51.95241750248389,7.875974977249109,49.97854565725549,99.06719202726171,228.58634207555866,4.054729959793928,52.12949907191178,7.258207947096806,49.97514648491018,110.18801323472373,228.69452333919952,-6.481810093000979,46.725641737110244,12.154875970175043,50.02985913811314,106.01378278843308
230.70099068829947,4.749744955028344,60.931382864825295,11.275537038095482,49.93959334786295,103.95079651499638,231.68388496495854,4.100645825641605,59.42929149614663,7.620989429113855,49.96733941214729,100.15018277017151,229.818308365316,5.452040612882749,52.53369923692065,12.415040579156422,49.95566492986202,98.58469657708056,231.5414126642927,2.8106429847138874,48.50687637011654,9.041613783520583,50.031339061687945,106.0149844919222,231.59953454968536,-1.6398464170212435,54.88651213473983,13.304079564399638,49.98395543099828,106.33147923687159,232.39521942987494,1.896105890199099,40.07330950160315,13.059118952452964,49.92598850532449,99.96093033795479,232.59940317152035,8.28558583360738,50.90317013958134,10.810300809599115,49.972544106070075,101.87747178833855,230.41667258756752,-8.429048437773131,51.041159129036174,11.390618156278713,49.97220583013922,97.66164965524074,231.99153860757946,-0.48362698298454104,48.31979306174221,8.122360964265052,50.03575315505888,100.42244463528591
232.28990844723555,0.25851448200386523,45.200761451275945,8.98733403990484,49.98392482012878,96.60946661941433,228.20761185956357,-2.3706196836822646,54.4665020649382,10.546808641607498,49.968879476071834,98.40622996541622,229.20385699378764,5.407150730042554,44.001615187910495,10.266802970841532,50.07701679699576,107.98553102201117,230.78249718376733,1.5175901793871174,45.90049346792472,10.378435253529112,50.01372079034734,93.97696551873395,230.6589917265656,-3.44865457986299,50.83309666243108,9.392782354556383,49.97010535200961,108.35659960632833,228.09155684838996,-0.9362074680275225,48.55738954327966,10.230272423337395,49.98220001907737,91.34101390639147,227.528782159815,1.0376336475802865,57.44078442075997,9.599247270594935,49.974932167921615,99.82677762976252,229.72741673552798,-8.315317629604152,41.7492443452151,6.9007855149871835,49.98301775095965,107.1592851396474,231.59870479070355,-1.4802788213898705,40.175309568933876,10.365183110352914,49.91176694493816,107.39333783608153
230.45997700893375,0.810839710266809,54.05803294535961,12.829351272505257,50.04801275330958,102.78356835991492,230.0065777569233,1.6081476554135323,51.002168223861545,13.253975431595952,49.93247886816067,105.18611034604348,231.06079390612993,12.431382749759196,49.35252453956802,11.64136163085664,50.00006951503176,95.30933223337816,231.02138204881945,1.5898932000740162,57.55055752356285,5.447115691101555,49.98337411550707,103.42557806184257,228.04305336169892,-7.4658674859318594,67.51747140715696,11.826798987545434,49.96567871419834,98.44081888066093,233.0465786217334,6.58876505951112,52.000079333269156,9.157035990174576,49.889457350221605,99.5450516645964,228.14195409690927,-0.2776441064263955,44.811873033546384,7.698808840914555,49.98761816180834,102.1499953758992,228.93189788714398,-2.6771622597937865,37.68241656460671,10.454588246719757,50.03559620234567,95.92774342988812,229.76625847002654,6.2585691802197445,49.06702210275381,8.289369176390714,49.990987167483205,99.82532908875123
230.5525521368019,3.5949973620016658,50.404697368783594,12.256761542622229,49.982232593857134,98.78195550730827,233.00005635156566,6.325927239174108,53.3542827619097,9.220167095249026,49.996554849968845,103.75192143679901,230.57243015720897,6.288555007013192,51.452293684827936,14.05301525874966,50.05829583523891,103.31540546941461,231.22217834700746,0.5430510596834293,50.66902728378227,9.976908021791804,50.01524430655287,92.16632982730721,233.19582543949994,2.3753466253779374,52.060191825182386,9.915150560902491,50.01558585907899,108.08399375323548,230.1835026700959,-2.212390827633572,47.82906944926085,11.510454443405685,50.02293605388662,97.50061957663814,231.41200105077203,1.1139018820730602,56.33754123771321,12.401870929489785,49.90886815610277,103.24785434631795,231.216058523067,4.6971777769212295,43.34222196313521,12.049655480326848,49.92437029692418,104.88246758702277,230.42198658375725,-3.2760920897057133,51.39415558674598,8.966679279000552,49.96637575228017,106.54658012484688
230.67741365306816,7.324954794110184,53.27233242962005,11.173148594265758,50.06743678858172,101.90220640136785,229.17723758527336,-5.280317855475763,50.20205859369188,12.339048793653857,49.99905994685792,95.66628112733233,235.76687631208165,3.1431502555701134,56.43578379827399,10.540717818944321,50.0266082356048,95.14130703935653,231.11408181621272,-7.342853877325367,47.72469789123157,10.003830022837933,49.91569754426225,105.21411999312879,228.0556827356865,-1.8137171157538416,54.34255426356418,6.159094142807548,49.919168888088116,100.23336521795639,229.98614882703393,-4.404902145336052,50.911272642777746,11.01329143842085,50.01541045111646,96.7822542697059,231.5382364604625,5.259400419187417,46.641369272426,8.18069811383608,49.978088353649476,104.38651983248614,229.42880474286207,5.260115914361893,61.28498356751761,14.74028335705385,49.97733923355137,105.52415256282924,227.71539989782136,-6.949018079205338,52.4886991413586,7.344374618937232,50.01856657693318,104.30884128341054
231.2250516126738,-7.755478064219013,39.74375095870612,8.958207483393862,49.99664261985863,93.18476565176007,229.2576710174108,-2.139605014624867,50.075984908671735,13.607639339171229,50.0064913005421,88.8862404466867,231.18310106007888,-0.4031298168887734,48.00550031034522,10.991597677248311,50.055888521246885,104.14233610040198,228.5954676269595,4.60581435237638,60.20198435544278,7.308604804873845,50.03639044801331,98.31354744286236,229.45176364549533,6.873150982352443,49.25454366501662,9.88746438105864,50.012226397087275,105.76346977770608,230.4515628087132,3.2629490380812864,49.97812886819018,9.830653018823705,49.94011701058822,101.2381381499834,229.64953591019182,6.919551723258184,55.24238084634923,10.126109153698755,50.08674229399059,97.43365512905814,231.58346097117786,-4.41706298553871,52.07151167467811,10.50845466837542,50.15577162529769,101.22066222029002,226.0817448321993,-2.652815072441191,56.49895222401462,7.306419093183705,49.96198960415743,107.86740604447164
229.55394130385466,-2.641685276379681,47.17044718065527,11.498150703222585,50.094361441202146,98.77053408708893,229.73153713107092,9.006727997679016,44.27655760303952,11.826277170392235,49.941976816826326,89.12385137928464,229.5998247111531,1.9148212071401134,48.25704033241935,6.666790569896023,50.11637993965373,93.64123097188062,230.04141122301283,-3.280485641404887,52.41836398597356,6.215127111361385,49.919486668570364,97.88905150779375,228.0079596531412,-7.386780213977619,48.97276067606715,11.243803262405986,50.08023205875148,97.74934791459684,233.4557331070354,0.5411083062535753,60.48590922462567,11.793073990104656,50.05724287845404,109.40823805022796,226.9048675585722,1.2814216581368165,46.03814544581934,5.7336514116784025,50.05463415281396,97.98753965518672,228.8972899164266,-2.7763591302040953,50.179562043642434,9.97115828624331,49.98821660726464,100.40053326731686,230.01918237182562,7.442643980913839,56.089924167666105,11.289273265645212,50.09651962654103,104.26277181835904
227.16915254591154,3.663304722101275,62.511213815056855,9.828394307064901,50.038181258565224,98.23648613613867,230.09426602196987,-0.6762289721303681,48.61414641989833,12.991746267370488,50.015087111549526,98.55370278082167,232.28881445601803,4.659958527701516,45.24301976632689,10.276156681778062,50.022568386199204,98.97231421507468,231.87765423972672,-2.947614137475604,51.60570769568406,7.085007935654076,49.98912858442698,108.82653613005053,229.46208721685048,1.5267798531152512,45.05802234888542,8.599205622902375,50.01662188367063,92.29423815393534,227.99379481268232,6.852995842648006,49.0763778176694,11.155010859447506,50.05963864518535,92.78154603230571,227.97886505623094,13.07239986988427,41.47603695772929,11.36080903100626,50.00537278893973,105.24335850567826,229.7739520797333,-7.757764913265718,48.838251753065045,13.153769280673497,49.991825235478764,90.61597138522117,231.53431377680164,-8.325966507611403,46.06044772951552,9.3170597568871,50.01390483619624,100.87447158052069
233.5614987337749,-5.63399117014789,52.62205821921475,6.638109125267345,50.00285790400411,100.56770869124458,231.16833210908217,4.286759767447111,60.665365654228225,8.634956408506918,49.93996409311784,100.4736925477834,234.61127359325317,-6.59442991409263,57.782450822078964,8.223062946567694,49.981809769790466,98.36622790754657,231.66619165429526,-8.0546313805633,47.99577464136408,10.814618971967342,50.026527809043806,102.07277973196021,229.72590022265595,-3.622833480496647,45.70613763026432,6.739928703741981,49.95920118625613,95.26965454543975,233.00920700872493,-4.404729218130768,60.845026460573536,8.734609772142289,49.911341639254616,91.87073347642448,231.3352926127671,-4.672627501262387,56.09597447517662,12.39940680450691,50.00798708945998,99.48411473518955,229.78628282521015,5.510760717765059,51.565697773567685,7.635370536002364,50.00149051917844,104.19269243351816,231.40808317486508,13.496262384002405,48.37281486265834,7.126939998784813,50.02837570590217,105.01672839798744
232.36619965520958,-4.33038731579209,45.6425033425487,11.63827571693445,50.01600164570439,100.48580340368788,232.25187033866067,3.0039669377215117,46.429937338717636,8.6205455807232,49.98976562048337,105.02446153921872,229.43943454426207,2.0932781514903014,53.34334657341289,8.999908954342962,50.02745846185564,98.9019587890856,231.09404105510876,0.04903437213248454,54.31011908893136,10.855093693327365,49.968445287578916,99.15389562944128,231.75560700092245,4.302736451594574,58.655077740578136,11.339443319130051,50.01145988702157,107.95304162873889,229.88852136571816,-2.5678555627133255,52.47901355919472,10.71681865278361,49.95888635896724,95.10253120599765,230.42909751828194,2.0675954316365575,48.925703957632585,8.672487329621218,50.00089489912429,96.83139602826428,227.945193482574,2.857711633163304,46.388439383878904,11.15793355355719,49.97146813700689,103.36105304814993,231.48595816437432,-2.2893290226373084,50.88268595227047,9.672048620190374,49.96582922549049,108.43887162477976
228.48898106522486,0.9821917371422897,41.17594991691247,7.945175370213729,49.84748517175187,104.72303026230594,230.38031037887023,-3.229134143237178,48.49977124689351,9.268314211198286,50.035245661159856,93.68545180233039,226.73533405769086,-10.224756170039662,56.7603152690274,8.960212311628338,50.084235902788656,102.93319474487626,232.1430804378466,6.0497358825826915,61.2845001200159,10.113361932115268,49.96846548381677,104.56604262348414,233.6320073363773,10.074398183204513,47.827975120608784,11.703127001974638,49.96786922142642,104.18926196263344,228.91904658302352,4.231967216444881,52.81477276855985,10.352466086350907,49.97019542905574,98.09636622375677,227.17660583282355,-6.567429937877277,58.06596179658804,11.042004878523539,50.00427988729166,91.05827500941243,225.69443236551763,0.8741065946957195,45.83543371416374,8.356938294018686,49.97981946253803,88.29837466184252,229.50940652856565,-0.17584424751966538,49.730166244894114,10.89319706457245,49.938816154202264,88.68731368011427
230.24318873014505,-13.60053627937571,51.520485468729014,8.338867122534293,50.07662436173768,97.81761801639323,229.73617839989328,0.2797342761665623,53.88333348310465,11.613600600779026,49.999206181662075,97.70949713698015,230.77661224046605,4.619911553320772,57.26998117617597,10.618759689237256,50.08739369340875,91.67088879225966,233.0630104547996,-2.2797161737561993,48.243844526002626,10.573482136923351,50.112432428605466,104.57253191088336,228.2087106400529,7.195542650533584,45.00581032254707,11.034852286443115,49.98396322672764,93.0941978465285,228.63523971403646,-4.136487326199976,49.066914457832375,8.622916711670745,49.97860909266735,107.64287591159746,231.01014184354815,-5.314644381826904,43.62816761411261,10.137702462159126,49.98202978313691,98.14306433645068,226.12975779883578,-5.126035070271443,49.37656303840064,10.4142576657501,49.99229827101278,95.43396354401864,232.78809190522696,-0.8479175164868569,41.87352101662347,9.833695181074479,49.97085602973579,105.09419431439781
228.38211041649328,-5.562163133926402,46.90460324208136,9.201504169922286,50.098823915135505,94.25473429854442,228.59318000420626,-2.0013547066868584,49.715394444245675,9.315932527852029,49.97177452772863,96.21111390187592,229.92016313921116,-2.661605326489618,48.99966956274929,9.256416620546227,50.03066454734105,94.17501801119597,233.64060023913243,-3.476640248207141,52.43980371855923,9.582769339118592,50.131499177221556,102.93876589537469,229.81947281927322,3.025905716094984,50.27876390943061,8.519535309717563,50.07972239573368,102.24224282688813,229.2157989349905,0.23512693630891773,51.933811083026214,10.160416855918218,50.07585932997113,93.84057733875426,229.23747115646228,-6.96740849859331,46.20689019297033,9.653415139730221,50.04317171090282,103.98585478733229,230.08424076200933,2.8201308209577416,49.17381087699757,9.681275291635902,49.93734534203723,101.87422844240128,228.64089803278785,-6.63767259470877,56.772398746518576,9.580419568659035,49.971631825316386,99.42717046943775
227.35471869152457,4.43422219401776,44.28585367286611,10.687415439270106,49.90963185682543,100.64885091341279,232.21564878956445,-0.15744548589976928,51.45329725924027,9.715410026448783,49.935564970012614,99.175418134588,230.8947937226035,-8.658629787146957,54.329046379455036,10.125785289612375,49.95879337400163,102.40536393761965,229.26134525585735,4.402123855983772,45.985868446517514,9.83827230445667,49.9436201002343,93.6970170585072,226.81404420345532,-0.29880332081104455,50.24629536291709,11.422931406608567,50.00405678724062,97.22770220250383,227.47249642145056,-7.707352160942813,46.17967280655095,10.079553016463604,50.116073829657246,99.06059117115616,230.96095473366742,8.016463116861274,52.74531737192774,9.639727836307829,50.00225375061825,104.88314836517479,232.59422393731043,2.7457761808430914,48.43457308460927,7.5022597414073875,50.05959789149041,104.74105960267518,232.55262016017343,4.483294357828924,58.24412134381407,9.742658155467952,49.940859672980466,100.49093496334939
229.82901321713425,-5.549834480175977,54.29755651303695,14.125838917705886,50.00939400188028,108.0680942145218,231.92657063333405,4.736107898428753,49.18037163770795,11.187978660635242,50.0885992927156,102.79141881852529,231.17084484487702,-2.502466127462688,50.60980170580547,8.189153493574347,49.987184911884334,93.9398142233956,227.530091627381,-6.387496179972119,43.40736504131402,13.877811396104299,50.099774062581744,100.30491579069862,231.04780747930542,6.265594753531179,59.55691597338871,15.178308376153327,50.013556092234204,92.272910464901,232.22621354006324,0.3107724815520934,48.90801464706278,9.170588000962235,50.016279028170146,90.67227078061194,228.20058209897013,-3.2494136482951506,50.71999268763759,7.9209988905711946,50.06807967357567,104.82051092325946,226.00817834184926,8.013925215502667,42.180683607526944,11.790075510220936,49.88826896141115,97.5081647068723,233.81150853484925,2.9698222437501225,52.816398981290796,10.437626867381054,50.08158343326161,110.45694616142933
229.31198329937348,0.2953932974023547,56.12543644049769,11.852152184215438,50.043214190526356,97.19638965559349,226.66673830456406,-4.781967205461107,52.295610390758156,8.102990978374493,50.04932836299097,104.219715069538,232.7839706859477,8.580068073186363,53.710664019357765,9.674227507900646,49.98902849245822,99.10605483610985,231.17896871892367,0.6756590218128228,52.15253235831591,7.152156026371114,50.01853547526386,97.98942595217511,232.44821439197102,-3.54396611487595,43.97010778602748,7.919458928718018,49.9846190069485,105.9730827106691,230.14407756214842,0.5278593594623939,57.658964282861504,10.111961453550137,49.91815947030941,100.94685340990856,233.3260786248946,-3.2191936359443822,44.94024581150416,10.030952512953695,50.02786363100191,98.70229968795816,231.16029862508972,6.327059695197152,55.70745471629927,12.242094950247564,50.04943049892181,100.90142453521766,228.35186598071928,1.8037299349163651,41.988713136924616,11.234183154318513,49.99375675426586,101.8466918591952
229.5301199322282,-1.9440950344585015,39.92828326240884,8.654114700106998,49.9778921926568,100.02240049397113,230.17211908326334,0.5234237024897861,45.39789256326634,11.841242333008067,49.928087504259125,94.55317525931724,229.3773791150987,-2.5326474475132157,48.93594594815248,9.949351259722071,49.94221134224076,101.93265383447658,231.07884372688196,2.4848500089339347,56.65187594108411,8.924497049534128,49.9697669828532,99.16400198766308,228.71481192073225,4.762832252566124,45.21496781794222,8.87184356525406,49.966589914410804,106.55628032972166,232.09149773783076,-1.0460968169085278,40.8932138728318,11.43002935135485,50.03317354809735,101.2533367258081,229.93301667606352,-10.458932662052739,56.6394131160488,6.162404991941944,49.987398770885804,100.90420733976062,235.00853649899167,-6.048498559203899,54.14769778364184,11.466698484471339,49.964383530515306,97.44179517567403,232.2586238407492,4.226926501841659,55.93617837299678,11.793248473352957,50.04998533943801,100.22901903866209
226.57295587301408,-0.7536575816929219,49.68218191389576,7.262054700007803,50.02026775392361,102.67717525410728,229.81022770271372,-2.427230514174337,61.675848119134834,8.89148881648548,50.003834106189665,104.51063509513415,227.96386959603097,0.5162505268730543,45.426897930688355,8.20618460598229,49.93950844509169,104.87816851171138,228.49504316315023,1.6266002563609816,50.853856488320005,10.110680634125973,49.98665967366351,98.59538499540321,231.73071986695754,8.467018220734122,47.78392922655665,11.53251539267872,50.15569850989653,98.19455592059221,230.41608059101668,2.902263156560458,50.85158382041283,9.774794347303521,50.06357849678117,102.26779392188591,228.4115490595569,0.2982807880268006,51.476853491449134,9.075009372845395,50.02661318594431,98.55879110500653,232.14537861683812,1.031170748420725,51.085695893951545,6.3043291905983425,49.99661324373332,105.53493385179871,230.0318749154967,-0.988858063298854,39.66211208665924,12.239588154589406,50.00992230936336,97.07766731625337
224.56744252532923,10.39774266241891,44.26794744523585,6.943376264420892,50.04677926324899,90.02045677467399,230.8447342362868,-5.6239022863258015,53.314041363888,9.583658300405068,49.99546600410428,93.91826358627154,229.51000522123698,0.07596385159878932,55.87116797164585,7.978601756877309,50.04895858701419,104.31104106961928,235.2958785180228,0.47637915747300036,54.24483366845484,8.926120750315157,50.109735714877246,106.09151926313473,229.26987543013416,-0.9199740906079561,50.58536688118742,8.807960868362736,50.06040883378492,97.03149751511768,235.11060869044212,6.8627160522321216,52.073212925834575,9.880443990160606,50.0299619336402,107.11864156072566,232.06477737175604,6.047956274107431,53.444038128049996,9.484514231868983,50.0214469941657,102.12772729907813,227.95775587834797,5.141510435056583,51.18161472231875,13.724814783734207,50.07909650035439,95.72207465423777,230.3980074392409,-5.670652246442229,44.598736848747976,11.33130292178101,50.01508891745505,100.43640176926803
229.97516117454185,-1.1473711601589778,37.706421319753716,9.679791420600218,50.0186667266055,92.67212479501916,230.23741515154126,-7.269191285208072,60.69508356873074,9.06578792644436,49.98601388012574,104.3380925744739,230.18152125900713,3.973669615133918,52.29517245051572,8.876747415818757,49.94194309394699,99.25930696502289,228.91496052836,3.0095750140550273,49.51309908485493,9.449422264896139,49.94578472281744,98.27979554275726,226.83924770802585,-0.2000084138790812,60.312030860976066,9.582384710278891,50.0493745226787,91.06862837152079,230.61566732001307,0.04368929613105288,48.6266247407423,6.167946731036308,50.00382533182558,102.07405847087585,230.18285845104583,-1.0389343358010974,55.79291036365312,9.576544863408106,49.98020863111935,97.58911631121221,228.55540099343992,-2.8670688582448767,51.884554642130226,9.576512307079382,50.00988974169947,92.65869044855266,233.09918182422805,-1.106791219098349,47.031303748472446,7.79100792760799,50.06596032645078,88.85029018680342
226.82864930694242,11.37575429499474,46.38402906893031,8.244275548678832,49.96832067932022,104.3291428098278,229.1869281687234,3.7920535033506795,52.22528489270628,8.87949164881347,49.97843737887444,105.9234999234025,228.0565042089677,0.7811240802779816,42.382693349642906,8.03951388431322,49.98773591723875,96.65035451461411,226.66222520468122,1.2184506851705934,54.258546193196786,11.357096783789132,50.0568083216436,100.04005816542147,227.4213392610414,7.815147918343196,43.72386763121725,8.37660459574262,49.9742786951644,89.9803469232762,230.56431816345136,1.1398958925745364,42.30432371998162,9.383546337660157,50.03720081406468,99.3204226688985,231.070419838806,-1.6735674298806518,39.976574972747066,13.061339475774954,50.09597816376231,96.73910975265424,227.3330201433164,2.970702115674992,50.60557562237186,9.726078487262,50.0404904920893,92.50109066585419,229.663399482417,1.3859692113016762,58.95857628649266,8.767880857058268,50.020226870059346,99.7571305754567
231.2171204068937,5.528148929113025,48.14796197052418,11.044109097416772,50.025938668076925,97.89172540894842,228.90969779369655,7.3418417189671095,50.41881315650331,11.795496026002192,49.94111351194588,94.84174914067836,230.71493483216653,-8.751787766520389,61.06414138388188,10.976610708281223,50.048123232681796,95.41424561400495,227.42528640309442,4.037502917679832,52.61110314948724,12.040318471319905,49.957626179058444,102.82335360888422,229.34720218345262,-3.865890095952818,48.6269579047443,9.387078748478006,49.93693309365231,90.64101951093748,226.07386714865012,-5.066614330717655,54.78363724171027,11.185116549429726,49.98712338878299,100.47854684961929,231.64536454744575,3.6217757462308757,39.64588958759418,9.954626782902206,50.08635090533018,99.95245956387151,230.23737662048651,-0.5681201982087248,52.95454615977646,10.45208784984414,50.01971876238881,100.1129274657498,231.36083150706926,3.8985965840077634,54.02369351342267,5.8492374518626375,50.02548672767204,88.83823339363286
231.98277669988144,-1.8988765331751114,54.65009395235195,9.075153669693627,49.96726125657241,104.33369223401813,229.29518662223902,4.363410730248927,50.18953237463284,10.192439355133187,49.94021848808,99.53439565307379,230.2680649020726,2.4850132816780572,58.65700479255462,9.234847551187228,50.02724156737767,101.09890766676381,228.6665996447004,-3.637492194403073,54.54889797773067,8.847020324978596,50.002968073294085,95.35548459346516,232.0374416376857,8.154015635520775,45.25014006056093,11.105064820146612,49.91755417741978,97.51159391908858,229.28863589405853,-4.077325530565588,45.88073280149484,13.437485229667729,50.04594508620098,102.2552334673258,229.74281490382825,-6.468915506620472,49.94838955598816,11.478488779668002,50.13886889895735,108.3593717369067,229.48722327056868,-5.81556007657041,45.76861067615465,12.796689110398471,49.96331849164719,108.5960769054518,229.8649705266863,0.591892106113099,51.606728818844715,7.243093070665597,50.04504320083211,107.34116030280393
226.4702419731104,8.246639489960568,51.236905718137336,13.800251776935738,50.02053253355055,102.84977237829256,228.75301110835187,-5.105949271643472,48.93504456325347,11.102339110035217,49.917197355535826,106.95090410466801,228.04226042241064,-3.951562651599056,52.17865456589527,11.767628987399943,50.01268372687734,111.5294176962561,230.55561226325008,-4.23627991973213,38.15793933760641,6.491122514269803,49.97986100086023,94.56652189022635,228.2851611698189,-6.473046756481578,54.56704635182564,10.800943236233259,49.8922996873692,97.08920561155662,231.1893384150409,-8.156839544999697,53.906142913076415,11.49239968929033,50.006945410926534,104.18689380005924,227.18024113404144,-5.60719703892286,51.16589655606394,11.043465373568882,50.05834459817635,100.84109855966369,227.9997005828796,3.736217769117232,51.73922236530405,13.214276585238567,49.98924613697695,98.5839654595155,229.75798455955552,-8.96104774570955,42.551869320148036,13.416433897881923,50.0053059505646,95.54748092383151
231.30822784498366,2.2873743067771453,52.67268773611056,12.593961381125196,49.99314056333682,96.55884121333939,228.4757071766419,5.2484864472378945,42.50799284933396,10.618446031334102,50.018943588323275,101.45588008248477,227.65251259482028,1.4961702606349814,49.21414664149814,10.953674470456297,49.93793649067209,99.52898531735146,232.84434527938606,-1.8050319099446548,52.13626265909802,8.961067022590159,50.02332243471067,104.94627890322138,231.68405631738563,0.6486781337860894,46.854457171442434,11.010609444765914,49.88645652754801,101.3854040390482,227.49401363960263,2.4305879612739885,49.722810016265164,6.668073336315832,49.979648784912264,105.44575578522617,228.6634764708621,1.9353133077409308,45.807301738901,10.080608623994873,50.030369771120526,103.55944296962146,232.84470661188917,9.055255773112275,49.9054709275413,10.227344023522207,50.0095423586563,94.22430096545621,232.19140987061365,-4.399859556253698,54.455428399938306,11.81772056666537,49.96981949620458,99.50150511858651
231.3702178801854,-4.267149426104727,49.322380237581186,10.610913739388023,50.01040087199291,100.84147572509973,230.9370748396561,1.8110562137928188,47.26159223719853,10.471493704907507,49.99826273542364,97.26982270224727,228.5657530654643,-1.1392717999884958,53.33368510099619,10.199669376212471,50.06580830735619,88.77170790819255,232.24919638282515,-5.701845096176131,49.56570203333207,10.674713912970676,50.01171227325506,103.45540925991908,231.8695215521174,-5.156171385398819,61.72900739073802,10.812190873458647,49.95907251749823,106.87071201483917,231.016944792529,-10.078395908329622,52.509822912937196,10.443150341151366,50.00782235156699,105.067243409614,233.22262112774,-7.157795735990314,44.488994795606644,11.625397832778797,49.95289509538114,99.33074731724062,227.08526894769554,2.5946606470673443,53.99218272224084,9.065526733070262,50.05392563626654,92.1452990172745,230.4200723645383,-2.816502342313734,56.02512962302906,8.90859127709187,49.99171070699244,99.36899074055168
232.7075742359885,-1.6585609340803853,49.430959786219056,16.34872163221282,50.113719034074606,99.58446801126773,231.4423776124562,-1.672808507653818,55.44010075987207,10.840143093321002,50.01717737481464,92.91320440185035,228.7491544281182,-2.838569599723366,55.6408236283488,9.611588077475831,50.00280323205226,97.00402296132212,224.95324933333285,-1.7492670908453503,53.621997971069355,9.44546433820527,50.0779281018224,103.06796847814783,231.86829947846456,-4.8920405880734235,54.15498378359616,13.346124592969325,49.97141546193586,104.07684366835532,232.01564737781976,-1.0650499120517303,48.55037033423775,11.599695047309755,49.88470721513432,98.16641423112917,231.6905174125723,-7.576184854280243,45.88165910681672,8.806251535656049,50.06199665507761,95.13389670830843,227.5315553483752,-12.258000719606748,35.47957091012215,11.646795254345982,49.932358812802015,105.81704168335497,231.63707796466292,4.294579134692272,46.38480310117634,10.357137378887488,50.040989942983984,106.54852816905696
227.16821553303473,6.183193149401073,40.720935244088494,10.720751786998324,50.02040068585266,106.01422985156819,234.49265164849155,-3.4864298453293103,41.675101963870404,11.825536539069303,49.98132192012107,99.87663907268225,231.0621362173164,0.023852391388351924,58.26245804122368,12.56431166276561,49.96439406782215,94.07474588450418,229.22334699461302,3.7471400594098507,49.403521868993174,7.835762735044567,50.035399980181815,106.36528632456334,229.0815753492482,1.2816416172103966,55.123355718439235,6.897597654267923,49.94712018921291,98.27572140420108,230.82852819658464,-2.370841485212455,46.4785809009925,7.4084133053827035,49.96402902055811,110.28976651602872,230.80221514876308,0.4455896702687112,38.75732014486341,13.343157869923193,50.00510905476257,99.42847249584615,228.55540288948902,0.01749810163831064,47.395637052320836,11.09384426010743,50.02179218829995,112.78398873792152,230.9800400539334,0.9590315729094329,53.872485625302026,11.450610982321306,50.00047214909431,104.63521395988887
230.72252056735087,-0.5971216075707029,53.35757498524859,14.101018804789415,50.04536436639583,96.63677553850363,230.9752233004356,10.421700578136043,57.43006121702968,6.749147744961733,49.890694423146016,97.71057221021746,228.29773859009796,-4.706642121974372,63.904894316534296,8.851716959146607,50.02433514290453,94.06477062877018,230.498892693604,-0.03869691689501416,42.16806572784715,10.008589587738713,49.932203116187225,102.06307791843615,228.70949876008908,6.82121713210937,54.53248258558802,8.840197614707206,49.91975674497458,96.98911964994022,231.8461423875584,-6.290528453661771,43.70212356655876,12.20691133006953,50.00020143211317,100.82678104648302,233.03204086270682,-9.156253116551992,52.872560016762684,11.035835077873289,49.99714647966281,100.34914798816638,231.45827959064155,7.798879799209231,47.4981606642018,11.331827003902394,50.03673858952268,98.33427198093896,229.26686130253754,0.9125536777241214,46.542261483598914,13.137274677128561,49.99956581390994,102.74837626090027
230.05956917695232,-1.7316974617076595,42.998940794671775,10.095931360997254,50.053956449022344,97.96409472131498,229.8917426381121,3.1229398223760656,48.57208151224796,9.82969463282967,50.03364508225269,98.44286262814204,228.98222151821923,2.771388313057987,48.25206537527563,10.615011384841079,49.94519452975576,100.04510541449552,229.77666080978204,-4.196074879828432,47.24629336784178,10.03720546484329,49.9299260679781,94.36773500830542,231.8056938381667,-0.8326570272205143,47.0536235888894,14.211110324263728,50.06855857145202,106.94901581993403,230.45850459281243,4.792365667883198,45.65459901724243,9.330920028566517,50.02906356204928,98.31642226441119,228.21455392100472,-3.5019566322632185,57.17599496588144,7.582834638413619,49.96049829019729,92.0480729020138,227.97955407794583,0.4475394719227269,60.79840718632594,9.530532865090338,49.99274670678419,91.57974389166037,228.45491038140682,-9.950001196509632,48.69101096702553,10.481586317615244,50.02962018119334,98.68044534776082
230.18342387011413,0.41817680190533285,62.31498599069045,7.177956609666499,49.96925766055892,98.23222554659502,233.07065330938738,-1.397315524435471,57.60482251406479,10.672034742821351,50.04362557427835,96.0226953374922,228.38437141271237,-0.7504131626700622,48.71755424367049,6.189468096673392,49.978105705755056,92.58182528914513,230.1318699193066,1.7202933986376934,48.04987079817065,10.720764192202742,50.0285303938924,98.17370736946799,230.10897609080536,-7.15683841526147,50.91738783347768,12.558769521353177,49.99773002747844,96.77950786481301,229.7309445296547,0.16581134969202388,52.43434947666835,10.10476565297278,49.90459828997185,106.98329821743582,233.17866045977297,8.400606203049213,45.44679615537483,8.849032209628172,50.013104186484604,96.1077586117665,233.25993035748306,-2.0576310901547448,53.07166028336804,10.982981889574198,49.983457817493765,101.81133272374699,229.65158918179202,-0.8389676870505149,46.742789138651155,11.086042822328153,50.02797285389513,101.88434581508825
231.07397014431058,0.6354792692129058,46.71886470802127,6.650638640106315,49.99668947803864,94.34547585185233,231.37717819912905,0.42897903995076364,60.25407133164319,10.049183259623652,49.9968081861928,93.66417597681864,230.7240940176219,1.8957961421745975,48.6255546967793,12.2035813825576,50.0148276490722,107.88368978127122,228.76288694884823,3.9774053639873737,51.72601757717874,8.616779184464576,50.02341157856299,102.31194455216117,227.06372058931356,10.368619534605873,46.417577621294235,11.01868521446467,49.937569031378494,102.78607148468646,233.97589798900862,-2.1205042452906433,45.85981728660189,10.115831705275278,50.03426356382945,97.7944294945174,225.9766339597396,6.71165404123907,48.72416765602917,8.304892805673596,50.00515477627499,100.53112588306364,231.40316530303,5.5919956035250005,44.02624716855388,8.192251165602189,49.98858791526066,104.82802459986776,232.37244257556597,0.31583793406289834,46.713916643058845,11.900143552804739,50.04862937901141,93.49651434458434
229.8845713716189,3.02691724966194,44.01414303426203,12.086856946029606,49.91047344689779,93.5120293478025,228.2567973186399,3.3483615836501994,49.49854063261179,3.3984062387111935,50.06776843962105,103.3517404481058,230.01832346911084,-7.045935082045457,44.51366799033151,9.586646463033397,50.10355500039744,101.94136768172172,231.12507875060354,2.6149912944916167,53.44447392288537,10.334043425787563,50.035678528775,92.15906198182898,230.17662512094552,4.201898868558929,47.63341519382897,11.560448876906522,50.00444463585752,93.68734263965452,232.98266265738096,3.3873790118932385,58.0966720838441,13.515076116801186,50.07463006081993,95.11222979667608,230.2289870428457,7.942198750066756,54.756549268566694,11.256681656387928,50.02033693975447,95.63943748671585,231.72019914646725,0.6550774831351834,44.166801726794844,14.266815538836276,50.02647579586075,96.91370473184658,228.7470520513419,3.625527186773689,49.92406080875436,11.389317941506706,50.01811195842549,102.44433138439605
231.47318001500523,6.4642410569441635,48.830048200690364,11.644489967894717,50.094722065379756,99.69664571213364,230.3101453388503,-1.1605392618951544,52.73372700052092,8.469923275523922,49.9947300942967,100.95469068406707,231.1869980630791,2.0887912380397515,46.67432483678364,11.72303280698448,50.01951187557117,97.56983242518636,230.65956550461226,0.3992354466127268,45.202798100084806,11.91686302114403,50.10602597214532,104.99832294254111,230.2431187345687,-4.595747767485171,48.01055410907812,8.760825293344231,49.95580633316012,95.6358796978937,229.86560157746305,-3.201426008799717,43.7391862479604,10.855422342195764,49.980310973742895,100.35509370830945,229.04588102173534,4.147691987346309,50.195554561319035,8.814741075716203,50.01577012305959,101.95656077979449,231.22207639225186,-8.856516559469592,50.45801756900138,11.872465415050389,49.95130174259508,101.40416222733407,232.42299963002947,4.305481960321745,51.72910368466536,10.47342056294029,49.92240056848888,100.03928987457424
227.8786734927205,7.276751874373008,48.996425048782555,11.25973143318716,49.96580142351365,95.34551699279055,230.12934148765444,1.4487262124372897,52.57966103511326,12.076275990649545,49.988649293657744,100.08050514726331,233.60594141217047,4.646537803913437,49.39563852532508,9.33063370057114,49.90877152133649,101.4974233500086,230.7286463843772,-3.8176999871269643,57.09197926123986,10.069487337730283,50.05685602479035,105.15803262543784,229.4085017428171,5.739206773775535,47.7136941317097,11.09973640142082,49.92391139308992,98.80734646312112,231.66704716241784,-7.283347616076395,46.43725897118067,12.092475019338282,49.951943118800656,91.7799531867903,225.65019358713556,0.9802227324492031,45.38411610419887,8.286238796680445,49.94885110565554,90.1813792203215,231.94628307112654,-7.456932018111013,54.42166131071099,11.541731944675124,50.06928662203521,99.29325607964844,231.54540331740574,1.4510484244076418,51.14836909508,11.960124190659307,49.944031197895875,98.71472603151335
229.68043791788008,1.357555438779746,44.354211346660996,10.91730477508005,50.02804411178529,90.32780790018697,229.1302655089206,1.0694839202915158,62.398407532244306,12.255950282598903,49.965054720866526,100.10661642300722,227.05771580391396,3.702256664353187,48.852807044327335,9.658359773215182,50.04679191034077,97.60705683421098,229.43354833858177,2.2722093806579564,57.9156775126953,10.428898667968058,50.051103684737704,110.65753872308379,231.00926466941647,-7.8850660540493225,49.44664895710174,6.075333781903382,49.95901628334615,97.48699672213075,229.51561548677898,-0.043336275663124556,54.48408054738543,8.839436134214132,50.00607371088343,92.30889458731538,231.3369234607577,-5.424427491607765,56.61612791596558,10.511083492416617,50.0203620584809,100.31416437331784,231.3829582948348,1.524284655970588,45.98049425064817,8.009975762812232,50.036160583862284,98.72928344979798,228.72490444180616,4.632778629324127,53.91187170308376,7.869582316393826,49.97836658153261,100.87803507423823
229.4225408682438,-0.9427299121648041,54.64876416304789,11.621417171231393,50.058704252912946,100.01664415060947,230.06432146400255,-4.357144636297109,52.89094838683401,7.147698500762923,49.939455178688895,106.92333269366524,224.90336275095567,-17.921393003057887,48.30156674282206,7.617399689416624,50.080263817499045,95.95575591783707,232.68459204028693,-6.258789532113144,49.39775120058714,7.85946996250976,50.0313644066073,96.08663915144753,230.98380980797936,1.2741035993015744,39.56673682441746,8.815429227773183,49.9026918323034,94.50694965436927,231.38466124556084,-6.006554509086203,42.08909360862853,10.375845287766868,50.06840612539693,107.12310787059229,224.314442681947,9.554895647536755,43.69317187706635,8.98810155462144,49.9148323513726,95.42380604403711,230.53041045086567,8.568031584329203,43.820900658969116,9.983686924947559,49.99237157837301,92.91021447937413,229.88560974074352,5.904433036039159,55.01785393839986,10.007825850720145,49.968463928159245,95.40998675753718
229.2281733099989,-4.1880475932959325,53.95077807779907,10.256077147246037,50.06202590742034,96.23267113564445,229.78327755448348,-2.092417476823677,56.683062761557316,10.632059141356402,50.012765250190455,102.06072133163987,233.61793797023998,-1.6104958696509175,48.9556313772505,8.938504441029565,49.97101350145876,103.39251979899097,229.21235286540087,-2.4817339991572784,50.94406631452674,9.264706503622428,50.06492028221076,108.63102277983344,230.42340020476638,2.4116757027950193,49.55079633122518,10.378877214654805,49.94688743650414,95.17569582070274,224.92341656391577,-1.3542174945418186,54.45414003583986,6.678589159099926,49.94847182306342,100.00428332728922,231.8112145737681,3.204158069643654,55.61752821746161,7.012790505376429,49.925459338131844,95.85456536759438,231.25116006101365,0.23905454915779661,47.417778029910316,13.211841430324577,50.02027798258947,101.17397740280872,232.63115332651384,-3.0037391397033386,49.38093647009432,12.446089159272162,50.019919871389014,100.82557018570354
232.85764685808505,3.222728725385383,45.24860557741948,7.785935773365637,49.952467602855116,100.27899505023696,228.86414404373937,6.115143145077635,47.828958269198814,9.335143067594597,50.03021397376983,98.80346640251872,228.19000140188194,-3.5028571534360347,49.98077766487059,13.436868298372644,49.97338085980964,97.22307485760459,229.4163955314407,1.7602196769859677,40.51477029012166,14.657473204702681,50.085778144972004,104.42957732851413,231.55681169080464,-4.565778969739983,51.30350708089662,9.339853465026001,50.0059217807311,95.35020755556945,230.87016412604729,2.012959199718417,42.040387592287885,12.658115847704153,49.970823770857415,94.90040246573557,233.23268360850105,-5.890964292210828,44.57112425857294,7.820052058436671,49.973276594774994,96.97477460896738,228.54478863916208,-1.0081468045645423,53.7008317608971,7.615036581877872,50.06346697842198,105.50590829410021,226.47311430574715,-8.511476325529477,60.55653782402256,10.397913733604822,49.95088819401005,99.8503915401289
226.32690992235464,-4.741150335122781,50.060035398741995,9.57496995734174,50.032529505371706,101.33727808039943,232.84225172485088,-1.321032017324977,62.74884972989337,6.753618695195771,50.029890322404206,99.61415485861575,231.31110619936834,-6.2300567758667,39.810961475805115,11.51312346775071,50.003183777615696,113.8188427568166,230.27210319421428,1.6567739150722551,57.00814849188533,6.954080792558022,49.95315663126917,100.88063662246078,233.1569415843926,13.291062150863741,48.62001907789535,11.630666727620133,49.96565480722877,100.35816523148038,229.9834909041654,2.2708022350646373,52.02323450971868,12.306897547818846,50.01145246275596,106.89775795284963,231.86149843716458,-0.08318396782238255,37.61733425726967,5.286218164831451,49.9861546326678,111.13652376921355,230.44369082349914,4.834582503944792,47.36211799975658,9.46616973736515,49.99794645887783,100.59169144958527,230.0218020136245,-3.554148493159876,52.625912609693216,13.669266125125263,49.91587173471434,101.78264360797911
227.20865140163738,-2.0480723918616683,41.85692781080544,11.046547732257896,50.03777777963322,105.25466226718775,231.49161754311575,5.237639064618,44.85852020089613,11.772989757591585,49.951705350937395,110.02110184952038,228.67573757255855,1.5462885487364386,49.20173662030224,11.843943233152277,49.96473669323855,94.91316891129276,228.60312935011646,-1.7701427285736238,46.88926510666114,9.904258371332569,49.93374199178002,106.4570382217876,233.3826628219472,-5.569246990610068,57.17076601755041,8.00226279335039,50.057887233311604,108.24166835292489,233.8500500120556,3.073183479815752,51.12899388525045,10.2021605608051,50.00973062886981,105.04020099437129,230.3764044969264,-1.739883071270008,45.77780579823103,6.701642431726458,49.9731083074854,104.274238568202,228.1045024517544,9.879879188031763,52.3399708338485,8.806911641900921,50.061824239403194,97.36516208106414,231.1074420892081,5.387295920900838,57.991994978244364,8.304894130493349,50.06188108038462,100.1573760732829
227.67875088316794,2.6180256941255915,45.128290219782905,10.00194917099763,49.997123300595455,105.40715189836037,232.6682943317681,11.902746105179087,45.165568038166995,12.616880383236646,49.95549877500569,104.80168385292872,230.33063205639596,-1.197824250653621,51.064524030081074,8.845361099480147,50.014988300289794,104.19639064441067,229.13813316239475,1.3751225839950543,44.74165362645988,10.56607170220343,49.88290134309013,94.08193141418086,228.12051783774365,-6.569280608789053,52.694737529330936,8.771770926748067,49.9601385950364,99.93187977726093,227.97094054812794,0.6925307686685757,54.712381378305864,8.79191036108427,49.969563682495085,105.37331921993592,232.15256804958267,3.9800709868023416,52.78985416358742,9.48733957017023,50.027378599389486,104.8629316759448,233.78201175161527,-1.6762422215588555,44.055469536152614,12.293356937983333,49.83236230936418,96.99223230662015,231.58764325630273,-7.626019877799594,43.04784403223578,13.033769902609306,49.93718163426152,96.33443391905467
229.29300411045648,-3.0488931968782795,49.22617961766472,11.79577073438551,50.014050389934674,96.74380330358552,231.1391509107449,8.625564195615416,57.18525762355038,8.43389658181308,49.98935536954418,100.25987750454681,234.23076533936305,-2.991612357816702,51.43974606959938,13.074951713062392,49.96312569032904,98.98421138162823,227.67463582757148,-6.36253308360275,51.190078566713474,12.282648540565791,49.97048047193296,95.8041051755279,229.51044107026613,-7.778080330981671,45.9723187782352,11.94470362416821,50.03475526587587,96.49480040471006,233.32033047128445,-4.775502302180098,53.13717124231649,8.720601214834064,50.03395108621358,102.8001261726116,232.22889086684222,-1.5160452863768143,49.50729111456359,11.13948730896952,49.93332804465699,99.73783742182366,231.76392471765612,-2.936208945482108,53.8992753406489,13.379836689868835,49.982554409174256,112.37972208147417,231.41955215759918,3.4428825516686996,57.84238339213374,10.720060304943198,50.117320002569784,99.48015147758888
228.27501960335195,-15.302747638398326,46.473647069140746,7.287238471075596,50.00701845196672,95.59221895090089,228.2779284923324,1.4678154229031806,61.30524634679285,10.43146069673039,50.038962978846556,95.87449533613339,229.60485619428007,8.480921535904745,50.127595938547216,8.994973804539567,50.04717560182531,89.75749816726974,230.13138060688587,-4.947317995820587,54.86237886296023,11.59316097791285,50.0155305393731,98.2859537972152,227.02901678869,9.778617670242708,49.39205575187392,10.735260470218405,50.030474431743556,104.80557647625483,232.00931340408275,4.092478004259577,51.091036518513185,9.354973372708308,50.060543929315436,101.23994409709526,229.54179117912528,0.7875734496558893,53.13629512467203,9.903379569569527,49.98349122369336,100.77869706739394,229.11092516013466,17.677091466179277,52.417841445966765,12.642217144967006,49.927180136036654,101.50822350672449,231.42232092952412,-0.5388045290489506,59.76975381244712,11.637114545345717,50.08137735789807,91.83548562868737
229.78333131996405,-3.4993427677906768,50.95751265490895,8.774360108413976,50.06744499302009,99.84065588404245,229.52795419652904,-3.7366750076371575,45.58320564867458,9.456493939929588,50.01238868387609,103.21501855053313,227.38458540292729,2.2668472762373533,46.88287721044117,9.673583579603466,49.97895548607947,91.29847868409927,231.66064654051868,-6.283741074242228,55.98197412468382,8.60835412860869,49.95525599524761,97.27784406808071,230.39754498979337,7.691239430735848,49.03350797503292,9.788371579312853,50.011818082249064,99.31432744967016,225.5278282512642,-9.550848163513537,55.13093516559293,13.065820506043654,50.04762157194234,98.56979308470996,231.4661414895516,-3.009455952808648,43.036450553471674,8.06933870163203,49.97901630680065,89.3361214319295,230.1878772445619,-1.6472651886845735,52.70084688833002,7.1077824673255385,49.967295460321786,94.047573021196,227.2153289611521,2.9509866613715072,49.99879321055828,11.316790620665675,49.982840091880114,100.926426140101
226.829608014982,-1.007493357765171,44.85747084041294,8.766463551157113,49.98518012158709,99.07488016514543,231.14308123054838,-4.7709822189986095,57.448158988755694,10.08358439268744,49.953210736936555,108.93715264415454,226.79389951497132,-5.582190402616783,49.502985953586645,6.084080117575914,50.039708479473,105.68815706511339,228.81167458062637,3.886320067186528,53.53678966685059,10.87426893579827,50.04027611988078,110.62168918207713,229.71691109297535,14.20849331069814,55.74428450122552,9.340045245965968,49.98779587866179,103.4112928365523,228.35758957059423,9.942348717220632,46.10917447930466,11.579591263357788,49.987762751774895,101.21691467678009,229.27074829433607,-2.901238430933098,43.82785208577171,9.987657175660711,49.97983779019066,101.41171822554335,226.80849667998223,-5.988427054510742,56.008864979556705,8.798017038117598,49.98899323333444,90.77519636140444,224.68903097517952,-2.0806936784239536,53.11526257010579,9.743091028288525,49.987224904655555,95.23696261088934
231.6766851674549,4.328261313014978,52.94006450072278,12.12198903155779,49.95628855660273,95.63653647644425,232.43184367340805,9.14082827683399,51.7991301903462,12.953544226383535,49.996044861475035,100.03521314641625,228.69883605992442,-4.642892112363146,48.33679106816447,9.902976087542228,49.99052072909814,102.57424933051108,231.10651098211605,2.093869597576798,57.216216610988546,10.349460319660272,50.07538080571415,102.48902015273377,230.5203696804744,0.6053527003064153,38.50811022303214,10.394373553860468,50.03075598810158,102.15845674141367,229.4733829562009,6.709290365293864,47.597214090349496,9.547411371398326,49.950789033910006,96.88368217925867,230.41377900858475,-7.814696611850258,46.64860377993897,11.936552236898986,50.01470667872305,96.87403450359395,231.76128670879078,5.123113524649629,60.20275835951056,8.925916659577759,50.01919579094974,85.22269165929413,228.29358812808596,0.6658671875113292,49.19246289204101,9.162764199587214,49.839435957580804,96.4160955884057
227.49576505165317,4.156642709750366,47.74214672945753,9.326140976276225,49.965025929480845,94.76953177971937,229.20110481684455,2.701511777713038,41.848410775965554,12.90915786535187,50.0323386850278,101.03401980605004,228.98151655145614,-4.1585107488409045,49.25334432970824,11.362648548608906,49.95686971146259,95.61757896186879,233.00624000635426,3.6387839685124925,45.050319324111335,9.91342156429163,49.99289719470217,94.29917277693279,234.7805442491067,1.6795566780464526,39.99479890174035,11.046117115289231,49.96830573470494,100.50595661394532,231.897979456872,3.268235870950985,48.70890304387528,10.306801741105243,49.95757927365021,102.22667918854081,232.23129641350033,0.35393932346813084,49.746431985969586,8.760438770758297,49.95354198986552,96.73708055171122,227.21658943852094,1.108265864216804,54.66928043363646,9.75231002859115,49.97472056007873,104.21747093641484,230.03408277366213,1.4515306263608219,56.98281496893672,9.748933407307124,49.98381346420955,105.39883829798626
229.91277206361246,-3.2955205823662572,46.826196563493895,11.585469349156096,50.03690842643847,103.60189843088835,227.9207863552097,-3.383669214375683,53.90993713945412,9.384948753915141,49.97745236882895,92.16117069703121,231.68024225102047,0.4845418233051423,44.33469307563715,9.75054823185081,49.96964038394757,101.03658504607228,230.6841633238941,-7.356662996685053,52.32349664735669,8.3757169467838,49.95565837310588,100.45558799875305,228.03984335271585,4.039996790413046,54.129155047993876,12.055723159972375,49.937938048062485,106.94819721630914,231.05991444943004,6.588713733033504,47.48075520345356,12.504677043919681,50.000864978921356,99.04734997537065,232.0228462802613,-11.123761048583043,53.847627348681684,12.88082409205833,49.995882263833685,93.31765534655452,227.73115344707938,2.307840636279165,48.66072047869923,9.157603890348641,49.94435403588505,105.68241584224414,229.91934130724874,2.706406592122428,51.35197606676023,9.252529850137018,50.008658697779545,99.09884225548832
229.99255401000673,7.3789036929529805,60.22028486756644,6.472107935048038,49.97887378262696,96.47283854528801,231.90598662143913,9.057425287031501,52.44127193376161,9.649576606116158,50.031232249302604,110.35348251896873,231.16440086570492,-0.28265905554564175,45.4900314276039,13.93965204920335,50.002115050860816,106.97307466517128,226.42667338473123,5.583430495514524,55.186454714855714,8.320751723184074,49.967656132129044,95.65814928804485,231.42472539741686,-2.3689010866174156,50.92917445914325,8.156843742751956,50.00717264501183,91.13404482137945,230.66293969092231,-2.614236638097744,48.948584993325774,8.79320261899564,50.05223095006534,90.79580207639918,231.0025324428428,2.430788062268711,53.692918577806246,9.080343096091438,50.05832399931084,93.54723003505352,229.88455828176006,-0.34315592144979123,51.80571230764267,10.488505204063559,49.961530379401346,104.54756427734887,232.7528217824254,1.4516902122303619,52.46888202345788,8.720137231778292,49.970474628919376,99.70350742674658
228.44504229137476,-13.003257000601284,40.924901709667964,8.324620240683892,49.96332883430364,101.86677717437792,228.81743039454517,-3.340661830005274,50.93346661176878,9.64257733336933,49.97902945695752,95.30457749000084,228.21949901604563,-3.390032948512134,45.397355539519516,7.067952361189563,49.98684046010666,95.45234720825556,228.99479579784534,-6.849291448705607,55.392727269539556,10.222715630455001,50.004509871629196,97.72439977718442,232.5059470892297,-0.24462663723581637,49.46496065369828,11.573999552151008,49.97788829248832,96.99168029023883,232.10755175751697,-7.836377398993751,44.888995209356786,11.298254686146425,50.04695811798822,100.11494840830777,227.55728173683457,0.7141842634820034,47.64931833048048,11.755918721189396,49.95534635882164,109.85768193139768,232.45677628634758,-0.40033807582642245,59.45198058785835,6.024444929576287,49.93997228439486,98.01123080804736,231.14215432806128,-6.041986173221854,47.13777119952033,4.736732703431519,49.85218154879234,110.3249788957284
229.24490654463963,-1.1070280434966513,49.26558054405943,11.67329601493351,49.98989530701197,99.64687047142404,229.01777549379747,-6.092877785468063,50.12949587076082,9.272935837115451,50.036038910017474,100.22481008044959,230.24638350171236,-4.864765863868862,56.7177073182288,10.32372464023296,50.03138580899926,95.82108485975014,230.184999764643,4.802582502131527,55.28686967201307,12.284990404455039,49.936448135999704,99.46683612909663,230.86700956909468,-7.821423865653713,47.48255928963531,6.26961217871132,49.99922568914341,109.29465399220948,229.47966689592906,2.0344964749266747,59.362541674953654,7.717938097407313,50.00628987174958,101.19709732538496,229.7000786153307,4.024041169243065,45.95784471652115,11.62706917193141,49.95657961334011,108.29791284214909,228.64058319208246,1.127916142622329,46.238847115454426,7.989808841546925,49.9777580373783,98.4868249111034,232.65810994561772,1.5564485045667078,52.4940478075697,11.660145672208087,49.998057922155546,103.0396818974178
231.28679425464193,-6.090110346826797,51.66502987855623,10.968431742056062,49.9866308835366,105.2471389807422,231.33229696832043,-0.4371075807876358,50.4793533768003,10.85486178882686,49.945064694053144,100.82271283420856,231.32493555831456,0.8556595306092327,45.607128974952815,8.717672422055413,49.96871021261653,110.24747534112265,232.36800812452768,-0.9011939684446555,48.000254346301084,8.22778920689409,49.927796054793085,103.24994200986946,229.98470722282235,-6.2455765518587505,53.30868467631428,13.342263059022324,50.04188731400599,97.95481414293428,228.23576149820164,-3.923676313174948,56.77608188389888,9.481239126605127,50.10165648654509,106.1091345479669,229.16749222449485,-5.9636108689186775,52.71690296118491,9.812834193238682,49.98604775317932,95.82892331956985,232.814721448733,0.639021636664054,45.65815103160359,7.535240810273524,49.9594083633166,103.26192621455156,229.59205481868844,-5.094069688636452,62.036273461028415,11.363186308308254,49.93795670227701,105.79142540157432
228.9801130258851,-5.658641532684947,60.471535599908336,6.813890572176277,49.930070205750376,110.21554427612566,227.76618922292633,-9.836195968771483,40.319923816981046,8.101621473741863,49.97760995366252,94.36840317208014,232.79300445268828,-4.174806748402605,44.58731081596413,8.353995827225233,49.87951982679143,99.45418326699829,227.7136307709983,7.525157853023575,51.33013946980016,13.0650071664439,49.95125840591751,97.49651447031349,228.59087254572722,0.42580288832768903,46.59840283729428,11.68406427509325,49.996955249754976,91.11288856425057,231.44124750517412,-5.243753268710133,41.06897976760072,10.699311016185876,50.02849686416324,105.3604660005241,230.16956305643282,-0.6351147706644336,43.917602167140956,9.674229133391814,50.05607470197259,101.19583516537774,229.88372043698456,-0.3027895368413607,46.57914357725472,3.702218118641685,49.98860968014408,92.9865631655607,228.06042753656703,1.8637237255628902,51.35031756194171,5.877036426346694,49.95544222975272,90.58895424840023
227.92861538342126,2.020645499613614,51.58168243502529,9.96359019283062,49.89750787386621,103.04515274618856,231.43512785611682,1.7908608196279185,42.6320277212555,12.418026418983528,49.97035852354498,94.01432853942411,230.830861940057,-5.130646413762441,45.38405123315785,2.262557230251903,50.00121107381472,99.99354670437775,227.2328591969508,-0.31290620836642336,46.252255277265874,10.736931604031815,49.97601960288096,95.69373545298792,230.68966444467898,-1.849250470727707,49.032397579721156,12.29778127209038,49.951460997651814,102.21494319159721,231.7165348097212,-2.4518231127876113,46.455922253601564,9.596242193184262,49.93989637542664,104.23720816596689,229.1899164441736,0.050117054076776024,55.66937037595051,10.993923700946347,50.00009977555528,113.55409159443506,230.18124759317146,-2.805744275168154,50.68800822313439,10.53462216498996,49.96992774198887,102.2718872044272,229.9103588449278,3.174528866624578,44.81192566272763,8.719400780055981,49.999764230814755,100.57519516384197
229.90581824391916,-0.33201651193903287,48.4498599277507,10.871059978056968,50.05828097839259,106.92185804316493,226.7447468497445,3.8063207721189922,46.14621073287264,12.391789344651352,49.97903094219974,97.56532432499212,227.62038298372642,7.733190175227768,47.02031480535,13.65851341302023,49.933030618063384,100.41824427425138,226.93723310214455,3.109426893972467,50.95196520812392,10.71852287818075,49.91605317954245,93.70896911477199,228.0623119795204,0.8104763333023137,45.23406531174437,8.398863829604498,49.96497856816592,101.54715528219957,231.77850784575304,0.08872035486575518,50.162585203936615,10.353307426490202,49.95970259949444,88.88011003307305,232.00553317929206,-0.3209926648460515,41.405320396179434,10.915204678885841,50.01984000084345,104.35854080899719,228.49797721980076,3.0218272789575353,45.45768714574885,10.58199078287658,50.037407852140674,97.10459564828997,232.03413944728317,-1.9006056183015283,49.83341538142189,10.04646763598449,50.07590029218433,106.62817633798711
230.97130642775204,6.163382645550055,57.54185819797904,9.578875572561032,49.993438389529246,101.71819560396727,229.26941931038445,-3.9797030050632323,60.79811347727112,13.693330857927744,50.0253962421999,98.68449661017884,228.82073418702973,-3.233357739638176,48.05743308983691,10.32745017851211,49.90136910592138,97.94648079201227,227.39771521522448,1.8469325750786247,45.29587115560743,7.181359893531336,49.98406754859795,100.2074356584302,229.91683284864808,7.66312342152351,57.52426047992444,10.716983433039948,49.96402339644468,100.78208786301023,231.5577121506762,1.0643669082402138,53.575350142116164,14.234991784596037,49.95960379925434,99.14360897274061,229.88077311252388,1.0346365272415925,40.029444463071414,11.711207915078658,49.96150328738115,101.10739297485237,233.58565635003436,-2.8234089791810915,53.113030627823626,7.511113297587833,49.942115982695334,98.15204764238555,229.04903236167905,7.780446413862071,53.21812061720238,7.450971847610516,49.906231117420916,107.99916978038222
230.754534807288,-1.7118642877025267,51.40981900790447,9.834282733872229,49.99082201944053,94.71384991977835,231.484380302821,2.7904288085743625,54.098979836782036,11.402947819428258,50.02509123169705,96.87468954338595,231.17954920858782,-9.687287008042404,43.40758987499049,12.010129668869265,50.04570733601341,104.20868898586396,227.46791189316878,-5.018014265476101,53.62207848118024,12.626498084950043,49.93516275945401,96.67257035889162,228.28860529046307,-3.424946959784598,40.72039079631008,10.363158454893748,49.944258841202455,107.9432829859713,229.27611185304943,7.810625120497429,43.72855880291604,10.273945636468948,50.0292280328732,99.02817252962905,230.54778735582042,-0.2033762728756608,57.7214379444054,12.916330703455468,50.03176385398003,91.66283157034447,231.74198955151374,1.3375284429881094,60.771926115520955,10.012989222560257,49.95094150172123,104.25352555061681,226.89027785185095,1.7743641713658325,46.71531137567857,9.836489442520248,50.02554777194407,95.47119810316808
229.81621962551137,6.508443524547238,50.91184517298171,12.05874063686251,49.975248658078094,91.21538600445479,228.1627117391341,-0.1960968776145643,56.59072435533551,9.452211375468188,49.98287581276391,103.96691283139403,231.43774760915034,3.6987019091780615,52.18676694693292,8.847435319195215,50.01952385841355,104.4865038477717,231.11972866436562,1.2799206598607136,39.5823247257119,10.539865041606904,49.98784443542289,104.85180181311883,228.97288105027596,7.930095218528827,48.07402064337387,8.903234398853128,50.0095848689797,96.67721021399385,229.65928878361782,4.944118002000782,54.40105413827054,11.713672372365629,49.92892036778788,101.64399404414728,228.87258208236958,1.4830175553612654,47.966805077475186,10.695244130929876,49.98220167807228,109.40131647599904,226.79990375204915,1.8095863217194916,48.83053863506089,10.345721413806803,50.0206339862942,97.65289526140185,231.54711967032463,-5.380640171389725,38.84091066788569,13.20030826159226,49.9727838846991,100.29077069919677
230.44712882241942,6.7361185371010945,43.39909719496964,7.000097477075185,50.01577054442969,96.62922967159524,228.4611105691966,-1.3047661856173298,41.691376842834075,8.41965475000795,50.04028399251549,101.5355203348476,230.00870314491218,-1.2090568506612933,47.53301992906931,10.08996875061227,49.97280015405974,104.7482790707945,226.13280143263688,9.406823718303105,37.95734940029138,10.079342922012161,50.028671281137676,103.04427331622436,227.30656901850176,-2.6547905929022515,59.279739240949425,8.547886375095763,50.0057154551349,102.08582709208537,228.27681188014844,4.051630451207381,52.601938952895566,12.14370880792423,49.97107770977146,99.40931245976533,225.62348770795347,3.059726350559763,53.74037032787684,9.410282134247685,50.01322746758476,96.47026608382004,229.2646115160825,-8.645751696483586,52.52551661356936,10.651555668160263,49.9470284166155,98.95241484953185,228.07099491674145,2.2545608713544882,48.99552679287199,5.352012843827111,49.99108178595011,105.25785177770868
231.11220039323612,5.183126047525048,49.68001760345071,10.222934873893937,49.99477458149229,99.93988942448237,228.7062387135075,1.7674411096694658,55.08924986795979,6.9231330524302885,49.98827873469259,96.2743161578117,230.69336604805744,4.357563362158493,46.13882797275545,8.364115227243461,49.9232482749003,111.22702353967128,228.34439248866687,-1.6090408525035285,52.160903070997875,6.723566739282404,50.02413041325693,94.20944816607783,229.54965459380838,-0.11878982824240875,53.81294101439551,7.7294386274287845,50.05627926358172,91.05598982422144,226.2540581382843,-4.9490583071973395,48.84743561488805,10.520664003714288,50.020428977551404,102.26810816915328,226.71155624785163,-3.9857795047510387,38.01945427692313,10.366925257901148,49.90995955530829,96.59486643710527,228.05118775560905,-2.1129734295234104,47.05987690600383,9.597268658547716,49.99800872758494,104.7270451676665,232.683602579355,-3.18318562562919,54.237050752359124,7.742037205487343,49.929646296842,102.10824285009554
229.43629003929513,3.4702418861345246,50.46917013906151,9.434321154430716,50.08928244610677,95.7244646695297,232.8284269306852,5.476998651792631,48.67329665477497,10.552669969994827,50.07766374148973,97.79081642610045,227.9932567989245,4.305657940484008,52.692933653549424,10.952559841399545,49.96337240556557,106.35480387219263,229.66645006093015,3.9986809956638085,47.20689819067379,8.30280997360842,50.02198383971674,94.85572692707224,228.8332415272209,-5.012983053859216,44.03242783137757,8.919957745342725,50.00058452332994,97.33258313689004,230.50890196686163,-2.646401834088386,48.52229701080633,10.463903007221704,49.95368097554007,105.73241661151941,229.4677515347694,-3.862147210782128,54.478914615147026,6.8196504148772,49.98646923648188,99.19420359649342,229.39191720848115,3.643600361252103,52.40073347653439,9.769866499734604,49.8969819705339,100.35998305611182,232.52026671539426,-1.2721990243299997,52.76553536380219,10.814969671657058,50.01051623728364,103.56586930643282
230.18955928943075,7.218134544035277,50.42077428271451,8.40987427830795,50.024793284775456,94.65294776082474,229.05056495215774,-3.238109392546256,49.25535804170848,8.784328349423117,49.994721229660016,105.54783297830535,227.56334057119503,-3.7513754402121533,54.05432918587243,13.879568882925101,49.97614329048888,98.25998145851061,230.80479423932968,-2.715019561748033,45.5717017809046,11.127208758117826,50.03183257937766,92.7606156340502,229.07866477147746,5.108860971059313,56.414227659583624,11.651202589649532,50.05289909593384,94.76776654131923,229.36521443666504,3.6713932241838165,55.4774000671049,11.278514426224723,49.973606509658744,104.12607683392723,230.25552545176933,-0.44668223355270187,53.91191492470577,12.414693034408227,49.97201123403822,102.22676414167991,230.799370503549,2.0984998804330823,49.75398364819675,6.377558340171618,49.91731010675389,99.32779425219348,232.5031429058564,-3.9141279105485136,51.793061957669714,11.001654200477168,50.045367919612445,92.93614166873034
230.06292734509387,-2.7765174374326964,45.469924592181954,9.682297282675153,49.951048800477366,93.04065310224212,230.0579204428014,4.28120975567054,49.30871551762691,9.348297391281939,50.08952006868876,101.58718569725048,228.81911508161704,2.3764434502122946,54.739384651970425,4.516814518619426,50.01139057518326,96.20150918046667,227.30170394251076,2.6253773889898078,47.46934645795915,7.768826625376248,49.99898061615157,102.70409161718085,230.53231218248183,8.99079609546525,48.77906829425472,11.099651965007295,50.06295644984267,97.46622511231436,226.85631420723763,-8.352439894444185,48.82608473415364,7.159672209877864,50.032405462070564,100.55336954864708,229.96141180974732,1.2466856232965198,43.46944034048369,7.7356851122304295,49.982720245071896,110.16343439968023,228.99617825372545,5.228270043746686,52.229735673126065,11.422875166259457,50.03764097385747,94.1767105779171,228.14794403649455,1.023064524799693,45.32077900175941,10.367614297718921,49.97765489684763,106.09008613334966
229.18213155021624,5.412338386309624,50.83125715501213,9.772783292018865,49.980496573201265,95.2994392694527,226.87158421301527,-4.973618069707916,54.64085312011608,11.603812507587213,49.986054385260786,101.44456449571851,228.65172028467515,0.4016600780942781,50.495862477824986,10.87479454965696,50.092045945692796,108.13222342211674,233.67926307289144,10.520892336600998,46.55392831250128,14.402806905764301,49.998216612929596,94.61058603114624,230.5706201562286,14.191282332964771,44.24646390582606,12.56859744704007,49.96259173257041,90.25299265331458,228.25361485912492,-8.19723584767757,50.05608626796156,8.95285884508052,49.95965960528095,92.04844789852943,234.0049943088319,-6.55055228026198,48.31339192544423,13.626156464412205,50.048782215968544,95.5796463921257,228.5564689655802,-6.243635451323791,52.607550078981056,8.48810636742748,50.00423339767948,104.4052145749078,230.15724290116603,5.923865281081192,47.99662641079555,9.534836666831616,50.03418343247858,100.94877942127022
230.13915326754346,2.5859792225739846,51.816934723198585,11.231906070863676,49.994083594407016,112.57236245180015,231.60299003192628,-14.493106863442955,54.091929969943166,11.288300994146766,49.98141745541654,105.12978952760122,228.0048337169303,-0.6363471841101221,55.40508376643609,13.928584150445692,50.065538585836144,108.11471482301206,230.24918328028673,-1.2014392196484343,59.248470140395504,8.094337716769392,49.998063004343734,98.56431360961551,230.76242229469054,-2.3858997280694276,41.37028070202198,5.9847889919966795,49.88759717266369,89.15652030961198,231.98096747990638,-2.3609385900412745,48.422723093702565,12.731295239770743,50.03326209263075,111.36831432592255,229.20988760405726,-5.79908271292164,53.15729027962794,8.700191040191823,49.959115341193446,104.61537276485862,231.49041661136567,3.1602921553086842,52.4426488406447,7.113538155319935,49.972408389965054,87.25083180329912,235.1529710858206,-8.511540425828315,47.72685923486761,8.168045532122607,50.017079451637294,93.72090024795753
231.33041395274174,1.3862397843383045,55.2634614247839,11.52685368926637,49.95611961974091,98.6565520208531,231.12190464472494,-3.697608699073059,50.06174576042434,9.234657570785089,50.00361984208397,101.16581621562958,230.63072051979736,-5.357686116980447,44.235073955856635,9.596981927355207,49.99522039013368,96.47780625626089,227.88407023117225,0.291893342046466,46.33862516991983,13.14691214401536,50.0080744926399,103.66678097377812,229.0949358160866,2.716913720081075,47.52583551716854,6.4827074216745375,50.01883550258354,101.63398092643934,235.48458064884903,-3.711887632873889,44.375901848839995,7.197453778019275,49.93881261562715,96.35069183459129,231.16122126021918,-8.100830140988215,56.30932982731942,5.881555502184206,49.98624036907133,94.95976703623887,235.35905772619603,-0.34975113505524447,44.61532763827991,8.129525688919495,50.022013652662665,103.61351760558183,231.97637721018555,-2.297048713429963,49.72207228468244,9.01092633937341,50.04028757130007,103.19259107477865
230.5261119982633,3.5038560770915854,46.46510312068407,11.110692846936704,50.03806263985952,96.29596448769429,233.14934568172438,1.350748428173361,45.76139164881705,11.542985143229306,50.03894302593956,105.41730397088254,228.90280574444114,1.2653854357223437,45.107514207562446,11.237224191653127,49.9816772283924,97.78782464849549,228.79920846586373,5.3438493128830125,39.881040379252454,10.77901955731845,49.97514877677258,96.27696130542081,226.48936878956414,5.683953142814736,52.724196938343205,9.289228430778318,49.8444400640955,104.84618063247615,229.46506888158564,-7.3422786585044015,49.61387784056595,10.128815197690741,49.969773349756046,102.68134065174029,232.54193005312942,-5.312236065277098,43.80863674461904,11.901829821885773,50.058774088566516,92.12328064692329,226.67817631227797,-6.302265600083815,45.897307150584226,15.667689084303895,49.98095525072233,108.17252801365763,229.9712608340204,-2.359583107969412,59.701450908434,9.316565182257179,50.02098381371581,101.68206164505781
227.60654778343965,0.4681139368498341,46.62853641873494,9.366363663455349,49.937669875841145,97.46244501466539,230.63688266791002,-3.7213841273900794,46.587987479378015,11.786562411661269,50.05389187005956,91.07510020175934,226.22067750291941,-0.8912852062941119,46.941300385752946,10.465118635549832,49.98977988670484,89.94032449008868,227.736984504357,-1.5723139691199157,49.22436767975507,10.042529154166559,49.99498943766531,102.72860778904175,227.69551511362053,4.060834720511984,54.45882764419262,10.697675908370735,50.02432137671374,99.25699202037515,234.15155013879402,0.8376438712468036,53.096829283890344,8.241406632287452,50.00093001570796,96.9484255676124,229.6873309985442,2.0592192837132046,56.543198204704936,12.366017771934903,50.00004847271243,97.36962931195747,228.7807539618055,-2.331067424284988,48.73427108605792,11.318887743169745,50.086687853394196,102.2722640487987,230.59301098832782,0.2513103941123141,53.50079125085429,8.621617775987117,49.98619122132144,98.05235563384839
233.09133167107478,2.3982784197920473,53.01906791023724,11.010047590672256,50.0185027890324,101.80337116213259,230.85716827864823,-1.6762821409890516,63.24981767426169,8.389863559341304,50.060740366114224,102.42682288495288,228.458631011799,-8.136157215728701,45.66585193305331,9.231237756514815,50.07150467112756,103.84794942800785,231.54249589638357,-4.979657325271711,51.29240772446532,9.711801779649685,50.022503965651374,96.58026065383282,230.57673635580983,-5.332832329653119,48.043789463877815,7.561476116605046,50.040832920058435,98.14021168826822,233.2545611593595,-8.417239969137338,57.633052909899604,10.856866414770808,50.03851529824944,104.44623059523994,234.55219971879836,7.346799062017572,52.011873719289355,6.611468437775663,49.999302585644564,98.65942660651442,232.98557987101412,-15.219245896939892,49.98222049202542,10.661870475948351,50.067789317507305,95.33340624849622,231.97666346481756,8.043146146043792,51.84301904088895,10.785672025705654,50.042912481211864,97.17226191149142
232.5148642235559,-2.501071910160202,51.45441307791138,9.106542248888136,49.97645619059255,96.3236272386701,228.01688395887658,-5.273719458413994,47.8679489333171,7.196068219970121,49.999089182073554,97.18326857045787,226.73994604628297,2.986644869122294,53.630973192099404,9.467260072207553,49.852270459409645,99.4388667341898,227.05644904081666,6.766443454485564,52.47521144993856,10.523553247590524,49.9479657828269,99.81820658478946,228.75730039949283,-6.896192187253711,38.93174826484914,9.95776656664808,49.89303263762705,105.4776562246796,229.66709571352533,-7.070269265252133,47.44760719489996,16.231486691989147,49.94606285921971,102.93265463607474,231.56544509275625,2.194612942047865,49.815273613297904,10.071329550830393,50.00452812692735,102.62440948346878,231.4338070981744,-3.297546690399594,46.92876033554241,9.389206546360256,49.999229381375315,104.41553065789402,226.44628866389814,2.0262640782218595,56.015840678259394,13.150759204811598,50.03547458870356,106.8424339655503
229.79081904003237,3.866315698367839,47.149084688815506,11.845868233174128,50.04206783952655,100.24007808139459,233.19743782276464,-4.4458452458505615,44.58731891873935,6.812201781059173,50.01491421831739,87.83372419541807,228.076179103617,-9.111652013880716,51.72717003564347,10.689375536490505,49.94772834613357,109.97624299605204,228.50612918288675,3.696130628009573,56.04363671588359,10.655907219318783,50.019830297169726,88.10992397156812,230.96842020051793,0.7819112393992713,55.334323279084956,7.761918736169477,49.997028231907635,98.66437998200928,229.40786134347866,4.6281233037517495,49.868598284536986,9.99850965617069,50.061944363611474,102.5278450564656,231.8053749993415,-3.900553023220443,46.20710757143227,13.354403403223474,49.907760771458754,95.55207169301859,229.41661259039833,2.935052671984619,48.8517955327887,11.091057233500077,50.04959539415891,100.48454352018989,229.26033565072325,-6.400994733672131,56.349919537953966,6.691150025139697,49.938151943635866,99.51581045976538
226.56731612356594,-6.734714844246374,52.168449480269366,9.6056269116584,50.03559138357953,88.62973417640376,230.58129349584792,-8.646334149677164,52.92249166940489,9.441982289572396,49.95714059171534,102.00981884505913,231.9312495544409,1.9938576491886981,50.9991466392875,12.18696954144302,50.031146212435985,101.39509607478263,228.72318882960286,5.039588803853655,45.27388810404379,11.703594017316865,49.97927577231474,101.5129284237326,229.00773543617325,5.806242096426228,52.21722320532765,12.143747396567624,50.024096822959876,95.10674129944823,229.92850178722458,-3.546213956953635,44.956083322647125,9.55225637830573,49.975768491409916,111.43821000630592,225.7862332183453,2.448948019235046,47.27413898583103,9.205711156523774,50.01475816991666,103.44551701360552,231.6932896708822,-2.1689466557902444,47.97367631724807,10.424199800566239,49.984898866268615,105.57306941855275,227.19224911851103,2.645764157789122,54.45076825432149,11.469139088781727,50.052147646289825,100.55663945814118
231.7736025324051,-4.796581774312356,49.344187104870876,12.988155543849834,49.959688492936166,91.35270668006837,230.54553526675247,7.160466167925589,55.27246551845085,10.574783699414747,50.010269628499536,99.05180298660912,229.38159186883456,7.209425140139628,48.7136588014138,7.607837538660148,50.06447917873675,97.11719616426615,232.90368680945187,1.4524795933278576,51.937145661974945,9.19232722774779,50.03655444781974,94.79812914550317,230.25383070114256,-6.83741521723617,52.23686067654086,8.694842288232675,50.06733703915282,99.8045000887924,231.07711526089446,5.204266875155316,49.51035612456688,8.817496354783495,50.080333417609566,106.38435851954941,229.46829121665823,4.212668401251465,49.47486936762169,8.371623943132002,49.96178843120615,96.12869891663719,229.24417317932932,0.6225649922505615,50.8233086663861,10.056982496960204,49.959051597231515,91.6812606322624,227.8014831585614,2.5911724236920874,49.18841060519834,9.103047767945162,50.0803596955969,105.79857973829002
229.9759867800052,-2.3162700065969437,45.25407431952534,4.826922812249214,50.03372546001635,104.02525228021486,230.4527385731828,-0.6496131628188886,53.01207005938602,8.403525497717856,50.001868313165225,97.07978171882384,230.36053125947058,-2.7519334526787462,54.391519501442396,7.551247048234851,50.03075592439818,99.34100827964278,227.084612957678,-3.4478525550521137,48.89714010342823,11.766184460038959,50.07082186133767,95.2490968365129,227.1001838161553,2.3938159585321768,52.77985221241237,4.986957020349168,50.036922791081295,95.08366993091728,230.95834057284836,-0.35766330961908,49.270819635825745,7.739543825364378,50.07927881586167,99.92381443282117,225.77096819928602,4.73524218186654,48.19212545037546,5.8835007007586695,49.94301774032459,102.11326905061892,229.13218402540033,1.857017720328491,48.67333433113169,9.736434540536395,49.96486982328253,101.47520986914287,230.80298884962625,-6.646923129176683,54.54717192710785,11.18595583213803,49.92548861662168,93.19689384223581
228.81764477006712,-3.029713801641628,51.76730648671295,12.629969141955831,49.90212369615307,97.31821745178986,228.52681431659352,-3.6342128761785597,51.132751062136,12.443207320690377,50.020700366026624,105.52031236298664,232.4236534426812,-6.2772216672326655,45.49405967938886,10.724538123196991,49.984518342964336,88.52938867963312,228.0335131811097,-5.012701791807464,53.45162993128606,11.0298319754207,50.06397193673703,99.44403706255933,230.51525400229994,4.955728353583019,46.960254087756645,8.259318264104888,49.93833920659463,100.31953029947563,229.61589174508885,4.917820695489844,47.22593892264536,10.884677337829443,50.033580045943296,99.1709029749021,231.84735253029922,3.8928201466228907,50.60693135671915,10.063200534336858,49.9798197797768,94.84018357351198,233.5719400553017,3.589287284482947,58.50836584675696,9.97484702442148,49.94280659811967,103.54790288384406,231.57703644727945,-8.254445538702416,56.85585354826219,10.109315257448726,49.98003083673586,102.38193559860062
231.42644875913894,0.2649736610187945,53.17190678636234,10.768769065241306,50.037621940681674,94.00689242201588,230.31365611016065,-4.9147354075179255,55.07671799503358,12.424790988800835,50.033148738957635,103.40588984274335,230.35289044907887,-5.411570917520532,46.660720065460026,8.670059182155125,49.901352363648584,103.43567276157667,231.10916633587345,1.438804970926852,48.90554005167657,9.135142725556495,50.02463462812894,98.91322831410977,232.5741342135742,-4.818000907066774,47.41031192732961,8.107578544607895,50.022376188665255,94.40350182559757,231.94264721068885,-5.839069443278478,51.48177466779125,9.120831260780916,50.068598287074394,102.2551824914908,229.76016079265685,4.540369954821591,38.57783872757293,11.073080284831981,49.98565040829271,100.77990264114467,232.35795690005264,0.13302349012866305,55.385433796224696,9.51876672718667,50.06417574065794,95.30340422393155,230.64672676771144,7.20557855979854,43.335535928315934,9.382020391772262,50.07966045839964,100.52730984125542
227.49834919523735,0.8628261048012974,62.411409214780114,11.317601615759031,50.0708045157376,102.70792080898417,227.80958030669282,-3.588297311675008,53.65760256257603,10.383102260584335,49.98007410695877,98.83232725497923,227.78515150844333,-4.072196562035954,45.07044238505431,7.626459928680149,50.039137182698816,99.53856113250865,224.7634789343464,16.158069144601793,52.717375704955856,7.53951456727445,49.9793053915592,90.32940724925655,228.44107140046253,-1.7648469480547697,56.51898766307514,11.123319247685002,49.9369846669555,103.1544640376263,227.57518380610347,1.4297905360988772,50.23087571135865,7.894256846743902,49.96838990199822,99.55218494703954,230.94001937362444,1.4262332147474133,55.65263440323137,5.632994560060108,49.922819403963935,103.93472422221652,231.29968548343797,7.973292502019513,46.28322809542389,13.712434194503244,49.99386193013895,111.44179162922929,226.94836735204234,-4.021177264255162,50.46162983257925,10.419009596223457,49.985095641325515,107.00039704880714
233.389026115562,-8.314083951304987,52.40506394405144,14.142355425184068,50.068250541256766,103.58144529184779,229.34785439117923,0.6741101831799645,44.2968156089508,12.127393030501466,50.00509675865811,91.61741084878406,230.2257589449166,1.1402706138466587,54.241245894529776,5.551989792499141,49.998789629002474,103.0910177383083,230.9852626160863,0.23531856350945207,47.24920963852374,8.058434141749885,50.04709177509416,90.8314840482333,231.2071140012657,0.6544822651605704,48.30247556824632,14.991595941303723,50.05405354893539,110.68551532483687,230.06556248837384,-0.9910654332407833,40.53819322010579,6.088818233129617,49.92473942781507,104.23749700075766,228.79351990735083,-2.297702065600862,52.194855661866164,14.077671879248424,49.939579197006346,102.44663260642197,232.8960566298038,5.827088644792333,55.23502536502928,10.62476507159242,50.08039031968097,103.93964019652054,228.38328741732676,3.9056709587303216,45.0774022219072,9.03328604953343,49.97321737801715,99.39367936296297
227.4426152042681,16.595135818179617,58.73878053250579,10.122387116268762,50.0576230326741,104.48369983391964,231.5201513931267,0.07873157488745149,56.13478846190867,13.65828896983255,50.02542230922481,97.28805935106722,231.62543134344207,1.5726843209081305,50.91706147825631,10.529396373438148,49.925861817174514,99.2452743394916,226.66339805130667,1.4428202124934788,44.68566663240127,8.567829641409936,50.03345923137819,99.68100823592523,227.8591841483673,11.651173526431059,52.834936965482186,6.765423441277399,50.0305844632605,102.35714841001908,229.17818071663484,4.056042259608729,49.700739944730486,9.504424751305393,50.082691893753434,100.49002927753877,231.0009113231598,2.183534844895959,45.588463887162725,10.616906740820435,50.048206759983756,91.60915711715879,228.76803752844515,1.9243694101830284,44.72318562731703,9.643787486818729,50.05761311342695,104.58006336303524,229.47274692120115,-9.31770414100971,43.7209691203643,10.31834820417273,49.852914021028745,95.90323230025861
230.8579490682638,-4.9281410504607255,54.680099303991305,6.935744894670982,49.99679326340888,105.00283480030045,227.9468980484782,6.351524113123297,60.551020610344786,10.579750406709348,49.97794823922009,103.03391712387632,229.38680824129983,-1.050712016638887,50.57209304705312,10.116909005709477,50.01892935311982,101.52466196472456,232.69943614963688,-2.7382071644285366,46.0707197273778,8.584061318309415,50.027365316903634,107.1139030504479,226.30366305525126,-4.360052237576505,57.6598408012466,9.030626503655027,50.04574698778374,99.91753132786486,228.13746262301913,2.745057630678974,47.8723250183668,11.233324166159585,50.02649682275888,96.94971062970383,229.8287305176985,8.873194165681037,52.39856158516741,8.515869888507945,50.05697583852145,96.52477965985435,232.0658549192645,7.3702086726452,47.67022781733458,8.28722323588944,50.00633524068151,102.09374995380324,232.69617569450932,2.649627340877637,52.650328655746115,9.790812034288313,49.97290604891337,101.77848454273938
230.75389957304535,0.8125631577921075,48.04121647554563,9.488197993574433,50.07867350755615,107.6791496193459,233.7594959179593,4.729919144932945,49.69805207863792,9.726322731745114,50.0212800990911,92.03692277492841,226.3840662799202,-5.702031390268819,51.31751083323613,12.736144128739186,50.02188704127802,93.2565092786444,229.43193231266596,2.064916440040126,50.51324734856924,5.014984630820432,49.9692267424878,111.65099221091364,229.81954018842802,-1.2026726838295145,47.645735522317715,10.330584672407687,49.91381934120284,97.85548850241516,233.31929796291138,-0.6636705801974879,40.18512321069126,11.166529783566606,50.03251473860678,107.18251727997651,230.220295718298,2.7414450713730636,53.87630988248605,13.358110572315315,49.96422754313055,94.18566360235504,231.29109535505128,-0.9911036660663632,56.34781106136194,9.563899011486273,50.03518956258954,109.30080163903219,231.5603441555305,-3.334763558838519,56.05974843304707,10.585759287773014,50.06841211532078,102.37532785244146
227.92512801682716,5.071054143243194,46.679901368443566,10.341734386173432,50.00144063360012,97.50986014790661,228.07373899034297,7.1788160490785735,50.811038397135775,10.277525493333568,50.04295850184489,108.60349494880496,232.2753617363305,0.04223687161915849,46.18378091010777,8.799983703045298,50.00238021925878,98.49196265648035,228.09672154629578,3.4250946066539054,51.13640740381772,11.463719792461553,49.91820585986366,98.69639134202892,228.54620302231436,4.002521897055392,52.077963138663534,13.046430998325869,50.0837021193,100.21336629045226,232.26969503553252,-2.435757218115896,52.56465981872613,7.1014469775099816,50.040875337364625,96.71737268623758,234.15134069385874,4.11592646266095,41.82880311179916,10.423608653809973,50.028137445600954,97.00438223886782,230.30897017820124,3.609811375186316,53.4454367788718,11.157316111773717,49.99851896604338,99.77841525537427,230.55516378595325,1.6723850136809617,61.97897742499153,8.38601968554879,49.98955490584535,100.80444832490105
229.77778656504628,1.3900542350982137,50.82622403717299,4.339812535227256,50.01562742641966,102.78225931691699,234.26390659982746,5.164665081347236,39.852828733005126,10.68382489432793,49.9805895984373,102.6504051795925,232.15320017381597,4.2624323581349515,49.9967621926245,7.2077365018058135,49.98078264695681,99.39959374605003,229.65151705746206,0.6100198705037331,43.79757165337678,10.494470826782,49.94348695201974,103.02726900066227,228.7951783421138,11.505303893059377,47.57386006711401,10.332180297684982,50.01406988727701,101.4007792153746,228.8009017941402,7.301014467777315,46.008900574711674,8.343644669849942,49.93963399077782,101.73573100076776,227.96845001964948,-1.1333181114067556,52.677133862653065,9.136098360539751,50.01780410994021,96.46523383850926,232.351497451533,-0.18619454749473366,50.24605155829021,8.148427166788293,50.05367261902201,95.10226508727388,228.61779928300967,4.7762159353947276,65.91758102172685,9.359144550844093,50.060170249916126,97.32152617722926
231.725866543865,8.860833523601366,63.29039475398528,14.417472046749644,50.00670775704111,103.67839253758963,230.8810907629471,2.178998601780174,52.56859301550783,10.772447844148564,49.999934980564746,99.88645511907734,231.37696978227402,-0.15279432983870572,52.10500604559028,10.329475180820054,50.00230328557547,100.00463103724876,229.26160626388676,0.4793154710428935,50.21745350368154,11.557234926401534,50.013009812154905,107.58441812804939,230.25819022412534,-1.8758730526547283,53.82823742226799,9.632544419798204,49.945404883916375,95.51528203755956,230.29515874063972,-10.513077024270402,53.12213613493657,10.510521070786943,50.02273937454547,102.11946364490191,228.13566963940247,-0.4822933942569238,43.80318312658974,13.255137082139896,49.91039439542332,107.43805208638119,231.01584256608126,6.491964132317588,55.62262142607079,10.216490017810992,49.94318977017287,105.22466010794976,226.0111732550183,-1.1203228345101965,47.54968079028463,9.083747667238438,49.95236068118514,111.18457148706884
231.10119932441637,1.2964355003020924,47.293339656142024,8.306333719779238,49.99948625553081,95.67495640282583,231.38637879566156,-0.07967453229270113,48.99771712875165,7.765823592873145,50.00607137824009,98.84605358375987,230.93406681297648,-1.7539296967616602,39.48643167928357,9.688112367304926,49.8970493798341,96.60841368490748,228.07040447567343,-16.14329846546617,48.79974791332863,15.608177324068496,50.00653315210628,100.5188494920183,232.49844341464757,2.074140887070003,62.522436006529375,9.678679805264377,49.97261803928468,96.58719474252788,228.32309240139915,0.23282632699535674,50.220674219425995,11.316763383945661,50.03979876490474,99.82503240938335,233.48940740020015,10.815910440971304,51.89121125170419,11.364388517801565,49.970743790796504,95.2646887050724,229.17956528088337,0.4973911044072393,49.032221628481516,12.747579720703758,50.02695226000051,106.64445872743022,230.31917138784917,-3.4606357401074535,52.46821799799301,9.859081086043963,50.02982881309837,104.97412168773448
233.16277228593862,-1.3729529616019667,45.66851507557427,8.571152385900595,49.9395519866837,100.75843481506683,231.2105905417976,0.620886573775951,50.77107830239865,13.660943116803324,49.94341310425206,99.80607304463182,230.099800712029,-1.7079141912285765,43.233475833628745,9.306634130561028,49.96523842137102,101.07670929475611,235.1541495438346,2.5107369254748253,56.74124718116901,11.310871654981906,50.05429748890093,98.81095092082141,229.17792803253897,8.563826583200303,51.77688052262223,7.68076720302965,49.988603299451896,104.39184856563782,227.29331444205667,5.009406492476966,60.31351093329971,10.297553005927135,49.98026030041614,98.77328566962319,230.0547275298351,6.369011583445116,51.50325057574827,8.606588388709788,49.9908707446394,103.04937289848358,224.79931064334812,-4.160873981965899,40.47028137690789,7.552375000415173,49.95378643536867,97.69844889679719,232.04782713016286,-0.08783177116109939,53.4477938599748,9.507365713831481,49.955555097417154,104.94786222690668
231.15475861588433,-3.3164702664234063,50.619730046411995,11.333817468940573,49.93766412139721,92.18434875246318,227.66679214993113,10.356768438647837,54.34081921286472,8.656530235834847,49.9164724612416,99.42353061220415,233.3112944892738,-0.1748475801954033,54.968421075609754,10.914722398276666,49.85912032649975,97.80616926909055,231.34722032240816,5.578425858396653,44.902325259359145,8.284091367077366,49.90598456540045,105.37983485194117,230.48588202340406,-1.155847740837601,49.93104098507258,12.13608860405644,49.95981274031679,100.43298607602897,226.80081839561288,8.566229629361876,50.239241708925356,9.193500011047467,50.08916421741843,103.22459496125114,228.42625021022138,-0.048154126247582515,60.464461761955775,10.977600937057419,50.038597076851566,90.5651980983415,229.53484769519946,-3.2086068228769102,52.684470936641866,8.465255101415071,49.990905849751066,99.14828874557735,227.27096805975185,-6.021564023920146,47.50102329615106,10.560672409380754,50.07106174971256,88.63114827245843
229.02008731492933,-4.255007182851546,48.91401466516747,8.346664761511533,50.10734486972537,102.65252506963478,229.61456899940387,1.7989751370167053,51.11396100902507,8.308669096799573,49.97589075460204,98.96528698189631,233.34755819237313,5.278661861946642,57.533347038563576,10.021723935741404,50.01870437522511,100.93194987261133,232.38466561705718,1.7245876952815455,47.90350461969414,10.952240681406225,49.94027586655246,101.66314645150752,230.12860608258288,4.426667412465745,51.53347765794372,8.279668709658488,49.94759313781581,95.7315140537067,229.0490182494528,-6.245941705225263,42.35197706500362,9.985054017810672,49.988363708215005,108.8191029871967,229.56997737056204,1.0790628990705722,57.707729900027545,12.40019819106453,49.96323832071621,103.51018426369065,230.65954532255807,-6.655291296576201,62.43272971049387,8.712574115773378,49.965524250390956,104.31963718167387,228.96295636534538,-0.9482178468631842,55.264923533504614,12.420367402906699,49.90249416026233,101.72546448039274
228.89016700144884,-7.293767124939001,52.301212564226745,9.052985772627897,50.0157877313178,89.71238622504653,226.88885448636248,-5.29384474793276,49.93116503182852,8.229556067151087,49.99396204442503,102.73680216276001,232.47810948952161,0.013625790252577057,48.69728039546083,9.12308462199935,50.05222263847277,96.13212807322559,229.01634621595477,0.49457001052716715,55.96086054467358,11.73829583419794,50.05478128707948,92.92533824000517,229.64009036093813,1.4562681935949475,40.52141827042215,10.609776406326757,50.053937062440674,110.24161940297171,230.465402404858,-0.21664660729562166,51.15040125321346,10.461364121974253,49.98970221737135,93.58111194601628,229.33849580622837,-0.42284820583516336,52.787871219353136,9.055133370645896,49.99456474524356,98.19619323346969,229.49206894984843,2.0477876313787298,52.7861375493889,10.220729843375624,50.02883996836066,100.76590503841962,227.78935017015223,10.589737369042107,48.12701830043795,10.075615090006385,49.9473360259936,101.63073078545682
225.756124810026,0.7224514340678834,50.427351848690236,11.34910033737639,49.92307029010634,99.65333750976889,226.44058975354724,-6.144457135217488,53.83422821828806,8.089730173624757,49.95154280814384,99.08971320179235,230.71344637093964,12.751572321635669,52.00067601308602,9.041000959894317,50.033949193565434,91.13266193834068,232.2310399121422,-1.4160073751469962,56.88265870597687,8.430091921409012,49.994924834927296,100.90983807250177,230.68370270711313,6.543147658211508,43.15551833267079,10.31648270624013,50.017559937583414,102.09869517496189,229.53436195012887,5.389512093064638,51.94325458709591,8.095336356578196,50.08302810311126,95.45519784429487,229.52117409252207,-3.9292131695257044,51.874139468864236,11.065797098617514,50.01300393301398,99.257786275425,232.6097442005101,5.445686110409436,52.02656851612183,12.163115220074655,50.049538206695324,100.88223861560881,228.29837526389616,18.080484149021213,43.582334943180754,5.915757117955707,49.99321241053684,102.11179134776908
226.85424052648645,0.5258830081830128,41.93704535310993,10.452255886147574,50.01354681655384,96.90622187344114,228.13323998918497,-5.137043028913776,45.977548237571746,7.079556277028639,49.97656762323336,93.2746635504549,229.68512767935252,-2.6107311155077495,40.20832434042009,10.807559965910656,50.050364887263406,94.0028149054886,231.42653805335374,3.430076089136636,49.56376085200986,12.76407066710578,49.9761190527461,105.34057953337681,227.20519992828306,-2.00775999107696,47.19798170148401,9.757796062999333,50.004114440721054,100.59727001552321,228.14809619296707,3.1777497141992046,51.54381028389375,7.573821324796883,50.10419245219832,98.88728957326464,228.71223019835796,4.86271878582916,49.979591923750654,10.493216929406104,49.972106398412905,93.72342430218772,226.58398248963536,4.172338661640547,42.066912799941484,7.905787707953376,50.039261754802205,106.61171652801461,234.77075735689004,-9.416339203757067,54.82019949469667,14.708178840942688,50.01267733175888,93.74558076095232
226.0138473943027,-2.6215698348612566,45.498415755783604,6.141659253524562,50.069846539342926,95.90189625794078,229.5740325693767,-7.616799457531878,44.561774180417515,10.335005036742402,49.99496812921885,103.68498205351224,230.20793138744932,4.00281991800922,41.08098737501624,9.45269505599944,50.05316725829551,103.72851315362406,230.35782123038086,8.900131795881284,47.63165757887552,10.95256914954574,49.946713187147765,107.29262582864818,229.62779740550488,-5.104850165475248,48.37207896678999,11.04750593233679,49.96247158573051,111.44858546882756,231.39061306802947,3.701386538594826,45.6093337929235,7.435867845271057,50.05347625208601,99.15548862115682,230.11741807914484,-0.7094345112737999,47.901957654072866,13.584125923901974,49.95816489280597,93.71694568353517,227.62109643799673,1.9824455450670606,56.66190873038439,10.602189732286138,50.01084695555364,105.63561811839332,230.23786573358578,-5.146913898656957,48.25211257957479,11.95966270263565,50.066496086576,104.92534231257432
230.10253498422557,8.316150089765351,54.807398837935466,8.688762490874325,49.97233595325509,97.62043796470621,230.68360100715822,0.8307284342553273,49.51121267575166,8.967641101419606,50.03894307394685,101.41619932562661,230.6192660722665,0.038107898929456416,55.46886870553358,12.91742680772497,50.06889576652809,95.70301707711347,231.0770395588945,2.1358073750739166,47.83643784907387,8.023546506660118,50.023662250588366,96.91891696899074,231.4866505863498,-2.9581703595129345,39.51959596549668,10.356672753830082,50.10708292572602,110.4899772247496,232.19921070511586,-10.979650285579813,45.328827881075235,13.512152006143612,50.01180433839997,102.29554119483109,230.58920027727737,3.8485811221197412,50.969635310255896,5.779712453729658,49.94912222651726,94.71488381502937,228.0157363418548,-4.1952095377717535,50.31480003852065,8.853112837280936,50.04753452947469,95.62146402133635,227.96295590589247,-0.5767158088179041,54.0751265189092,8.924334569882985,49.954854966713995,92.76545924559082
227.81581871024966,-3.0137914469317764,46.235927724494275,11.952914261436916,49.97436859617042,85.4940466601718,232.36750094801738,4.091459086266019,55.5306761826239,9.617539375038197,49.967207938124666,104.82395121817207,228.29491288393427,-0.2839200541481696,48.84731190691153,10.551123278951065,49.990370996773876,89.52771479212143,231.86366457046245,-13.066728115427484,45.68756151984395,9.315104679818411,49.935979478551495,101.50530050300416,229.613495853401,-6.368816012430659,42.95367781502168,12.201895037350265,49.98593965982486,98.35700551035988,232.39517026677387,-0.6873515227409628,49.57136802280397,10.592656706335573,49.95647388385528,88.77732395963251,229.435405966501,5.7862334780972695,46.800021022918436,13.56317085633561,50.015721665829,100.82651712071296,226.11736701451355,-9.707555529485646,52.176494446952034,11.464084060248183,50.01066353459969,93.71030997748649,232.4253034987328,-4.973143157930841,55.867656034458356,9.711506466271057,49.95718965813856,106.3983622418863
231.34941889292386,3.9012247477935564,56.49451287745247,6.319145206333624,50.011458326366565,97.01306654450381,228.35859160224553,8.653853139409794,48.35051606480034,10.395639511654144,50.014861176506066,99.17638087031614,232.08843721817146,-0.5743240795955755,50.953210959141416,11.514358987044051,50.04094805573817,103.23923644148498,232.8747907213368,-3.5880289284766094,61.509735922051206,9.289138907520666,49.99448045038693,90.72615697067542,230.79852713544454,-10.488151237978823,55.10255811597765,9.93099894507856,50.014588862055376,99.93512380478637,230.13546016705297,-10.539563994915508,41.82056862704198,9.18266289917031,49.94224117994719,94.74080865708433,230.76107858413707,-1.278373004245488,51.81339913430666,11.149705178436943,49.965294758339006,104.53620995247842,231.10305119704367,-0.46081742104053847,50.09606563455501,9.48393452124402,50.0126164130012,103.45925540873081,227.14385972652448,5.96607553646466,53.27753526020369,6.382797246868499,49.96158951752473,88.50383677401028
229.60899427100483,-11.450365167218656,50.40763193147527,9.75340048319021,49.91654658170581,93.59698681853234,231.01453807916386,6.506626400452291,42.49353883019049,10.840769817237765,50.023909123544904,99.78063086687567,230.32058776885108,-2.1042258038777684,59.349716080541214,9.827360889219248,49.972217166645535,95.2662795880477,230.23597541738292,-2.6496386961409217,54.57679585565097,12.24098084234727,50.005888810380604,98.44424351032275,226.5194869218294,10.139492600865678,45.7636399664111,8.007628938377174,50.07662286595033,94.24886456801475,229.53102681169204,-5.337824931278039,48.780896371744376,10.86959190979463,49.99158906400287,96.27578768160676,231.9741062887252,1.8879118003865203,48.71060685677625,13.544395850990796,49.940354853188396,92.71577377557826,232.44325245615082,-0.3879587253475017,47.582681745496764,9.546932099597992,50.067626094047945,94.33038609493472,229.73418830680427,-12.423717974231035,51.09030213061914,4.395489522207503,49.93527936097678,102.08062363568999
231.72332869182563,-2.7130758672383752,45.425689509192,12.46968023746586,50.029786741809154,92.71856366681469,228.19884754744578,-3.945054083404085,49.33099705508564,13.344054020327365,49.94486200001201,104.20983794958583,230.1441291699381,-4.622605243824528,57.25516491179114,7.019274862020657,49.88983997644467,101.57234678623777,229.54698557988658,-2.9074731692473637,52.22836997423563,10.614229941056264,50.04305932021074,94.86572216312601,228.4279574488323,1.0944276753415585,47.328578496814075,8.275477770863699,50.025910841382604,94.78241321066311,231.07942466162686,-0.8778572509939119,52.09787377253414,11.89282786270435,49.9830068135542,94.10295944109524,228.6692295190129,6.02576573558586,52.69580416739663,11.351022956319552,50.06932015274484,104.4538420555719,230.16152723827057,-1.9243083917195611,44.355637665789864,9.109477165071128,50.009499496011024,91.83628713355228,230.78923995631052,-3.545246560282708,56.60164148400185,11.230026186181412,50.091154221751786,102.40467498072407
226.1056967054915,3.075696340597432,49.61812081133136,11.40271942669103,49.9949284383593,99.45995540086311,233.0180718381825,4.730041132541883,57.11800136373642,13.528597421708056,49.96866601097588,102.91953270438279,234.00588408824783,1.6221602824649348,47.85336793890798,10.570423732276952,50.02160114535298,97.92059329860187,231.93959569502323,6.725723700417825,61.44377003281573,11.86601398358161,49.979804039040935,92.25261368340641,229.76314925737375,3.648734829713889,43.134581824389144,10.702427077775905,49.875563051071296,108.4213918245061,229.62952209560825,-1.3580319378949732,53.64220784270456,9.630176990530742,49.961515164062995,94.84519631518651,226.7883924620631,-1.289391685494399,55.4806796732305,10.710893300672833,50.0214201048199,99.74111681115211,226.9110756300439,-1.6168830845626543,44.416762267548215,7.23148878806094,49.96755051042304,101.15600128538117,228.66012740633772,-2.3389781750249594,60.466308033733796,12.692095654152993,49.93712859922052,96.98597167819534
227.92729228681054,-11.687958814755184,43.024734610920454,8.788368182368515,50.00588159585559,104.50438379448882,230.23324687405656,0.20117944749027278,45.981245515952956,11.61406274877077,49.9820106766556,102.3611151784737,229.52242376721983,5.06578447984068,49.50460456422402,8.724296259233622,49.987802641050855,105.22127396593864,230.06892294393404,-6.700407347718256,48.15851446767148,12.076082005379625,49.96699374665773,99.74813076061818,229.60112065494963,10.562756320545857,47.051105711113685,9.173403026993618,49.87764669894435,96.40315851144956,234.20776789381725,-7.434200666511613,50.673580025737024,11.115856039017718,49.982396146361125,107.44075044464833,230.13741710746385,0.2329975062214928,47.71324390705967,9.101702167910394,50.141962601645965,95.62197570418164,228.45220432954298,3.986214058675807,50.20610059041864,11.80722044445284,50.026499163701736,102.37048453642397,229.67610463083471,-4.076417965117248,53.76056911104407,8.47622935315043,49.985935263933925,98.9944560198205
233.1176267900615,8.81199752394417,44.17895110648301,11.192858568541238,49.97922282718173,102.90428385653402,227.01458555844113,0.5277551460402229,54.49243161683589,5.5192408327592695,49.94138450569913,101.03358389989587,230.07372769073726,-6.085089254132454,53.06173331517342,8.783709221714915,50.01534408125755,102.30771393567838,229.76500481485965,3.737961636134121,43.586413232522716,7.924713970213714,49.91924873890096,94.22502613430835,230.9555014164663,2.8446056841230334,43.42782647120031,10.078618153549678,50.0042772115881,93.73185268715474,227.07582231314848,4.267526367574957,49.518415951938685,9.88721487110956,49.92128598396706,97.9008872020138,227.965954687414,2.0288341441994455,46.23748343211672,8.662363507538146,50.05055321069091,97.67404424034615,230.5838211538568,-4.206694294320206,53.12878145676791,16.15517205373276,49.95916733843819,93.18453408132991,227.57235116268558,-7.089824680993269,51.22569382733932,12.285653764222959,49.99016893037677,99.54728669556724
229.2786537923527,3.9949696642677313,51.18929244673769,10.409435841483985,50.050613232575095,104.83126157465925,226.40997876286713,1.0459350262045677,49.92523501949151,12.639496246677037,50.00090308118153,94.77043813167904,232.26204723292923,-0.11876504664376607,46.53938547513008,9.160640136367403,49.945132208784344,104.77737513766554,236.4591235460665,2.924219536859292,61.48123535294822,12.782959237704569,50.07053742242749,102.17645777344593,232.30270137531775,-13.415024764209987,42.45031770480791,9.680979923693194,50.01902625223975,97.85750600801417,228.59784125375123,-10.751831132257323,45.22440235243381,10.576077383335067,49.943281733050654,97.50888827506404,228.348897376477,-7.552084305527362,44.11581695883629,12.719425452331125,50.105602294828934,108.57182029872752,228.82050883425612,-2.5654175433342132,43.47560485089286,10.376044813010735,50.02807705922493,95.69068471473389,233.1126975613826,9.879508630004155,50.33825357840895,8.577252567788966,49.96470644035191,98.73676775191686
229.46990460484798,4.980270860137608,48.917864309181184,7.820160519099786,50.03502934161809,99.3025810677481,227.8276983879514,4.274247274914256,50.31440983051448,9.850287524907142,50.02428070159128,106.44865395634655,233.17974529208797,3.3464874855177946,41.58812529477885,10.004778948068093,50.00169628686592,97.47889043406127,230.32424282567894,9.489398207595967,44.14015427217577,11.048841979362132,50.07402621119091,92.21305941113452,224.90576299285036,2.67355156176426,47.678988527231255,9.831388302435387,49.898676046698334,100.59469136884833,228.54241700266724,-10.126370133826658,51.86760280866158,12.053179616241577,50.006307155813644,97.21609984240727,229.1867774561321,-2.4723826122928663,47.75797618417314,11.091137116333362,50.07778306795474,90.8965164233101,234.67136879176306,-3.711284653663883,46.32044274853279,9.957942801609624,49.97317185193909,100.5197385798239,230.7247730391661,7.583384405154117,49.15226194796801,4.554992188840932,49.99558634596605,96.78356808189059
230.6468372153765,8.593748320843275,44.987758903987995,12.736352242422424,50.08391428438603,97.70863819721511,230.31126040170165,3.0101988894910643,40.45270103371682,7.453283909042435,49.9781010044478,100.51803649541662,229.53333111967657,-0.30494775014628567,46.19482945681673,10.44012289350901,49.96715957415862,96.71929346325572,228.03007180338074,5.72207593825833,50.74414340469889,9.593206533310216,49.94617885011169,98.72032621748325,229.10054241099965,1.7708372283056004,52.96538442555663,9.147182974396532,49.96894606347922,100.54964374789657,229.06398192258467,8.939552113110619,55.53324185353505,9.910625481270268,50.00081079101832,101.33513462021365,230.01449804998046,-1.236623094457549,47.404449706367664,10.908389550809119,49.968859302763015,103.38757051882367,230.85461932355648,-9.81645012301327,51.224647811119404,12.979294798430166,50.00329645665232,101.61243260143137,232.19860435517205,7.618597205483914,54.971220682961295,11.507420320773708,50.05020914404335,101.81087365389624
227.48442622328153,8.379355166790488,58.56028813114376,13.470858495123244,49.915898871914926,99.66977003985392,230.0844506695271,1.6098747747726523,53.461953026372534,7.751981606943351,50.01127490902743,96.85221570908058,230.45208264236945,1.8059211911951438,53.13744053526318,9.425971157873079,50.14027984699312,103.41486794339396,230.1995959035902,-6.434977930790289,48.636215389986575,10.33040766170183,50.00676459346791,108.65728980974455,230.16035819929095,2.60135049678498,51.53179325083952,5.879003681273742,50.104305924284986,94.19070548082347,231.339151393759,-8.167099687125734,58.0003831074982,11.774775546222717,50.012138285392936,104.43718607645725,231.14281239874057,7.000700858002621,50.05597749179902,13.686863442686189,50.1038998259901,98.84359622343293,228.25560207977048,1.647400843455946,41.59339484672247,4.454808992207393,50.05031311213963,90.52730326279622,228.37849920242778,-0.8979297493008238,53.542152518977296,8.982031121190737,49.98035339308765,99.9622266762144
230.59149641291293,10.310311616258614,54.823745086151845,10.07346222739807,49.982876847695366,98.87677026055323,228.16134560579275,-3.594528501433123,46.55390865183134,11.580967322722861,50.02519873569387,100.4419561308627,232.39195799211674,-3.2265399126174814,41.386100625200044,10.168872071000779,50.00770972537662,94.04581684031487,227.44284457613466,-1.2331755948482515,44.781401331880105,13.47547720785353,49.98439908781718,91.38284692362652,228.5695600334064,-0.06993762511950184,48.35320717093158,7.157235776936611,50.06696557686803,99.71401014580661,231.2435655581998,-0.9511280566516589,52.63844930044876,8.905444557536395,49.948043650808344,94.42349124710871,228.77587602973796,-2.4161349205645917,47.94589015200426,6.997023584126091,49.97875943644336,104.27470617281067,230.85603352337534,-3.2865447770781953,60.5930305844591,11.145631822502583,49.93114644263319,100.43749281557197,227.06878134777725,2.848832136793462,46.170808052733776,7.669427891783882,50.02769603797717,99.45279267432554
234.02645887400809,-5.0800851585223565,43.68497229725996,11.620901700582937,50.035377210568726,93.58530024018839,232.75715607598926,-1.6577268901231133,50.5316200657444,8.599295931254872,50.05070353310016,99.15639216396589,228.93758216813217,1.902505396292511,46.92886216660861,9.943380826874366,50.00720130711091,97.12330299670724,230.89527792573955,-2.5276580642566167,54.751137300565105,8.922842935395257,49.97310904236057,93.5089677920388,228.43632963603923,9.130605356405164,50.27786662104742,10.564743562589188,50.01486812894494,94.71422124687142,228.76693541461685,5.009177921751914,43.97636144305529,10.976030528169682,49.98844128280989,101.37722882816745,231.20426873952832,2.0316912557077287,50.694596508326796,11.065115955602842,50.004024010650866,101.5470590140177,228.5468096908607,-1.3189382120090987,48.87101244893122,8.58604878935325,50.05477700056996,101.36225089975859,230.68525777965164,2.5214466914245026,48.537074056595074,10.24297699656839,50.01116480871879,97.19737044901761
230.95935303618168,4.788643035942766,44.25421535642065,11.906975049378154,49.98469279047832,99.35955027696042,232.7720580608394,-2.4565320380203515,52.30127748659494,5.678483241536208,50.03444606760465,106.37808728951678,232.5276668135425,-7.74962657878995,52.9923364844462,7.635738904053475,50.054714363860754,99.79769553085944,229.8418191071315,6.023323131911845,48.82801040554816,7.929170566341003,49.9401927521518,95.96391018806423,232.25556023891792,9.56857447371661,57.064541804614834,10.56211419513579,49.99911386465524,95.27532723513863,225.44385397027258,-0.6763391941231736,41.054852236118705,6.237418239015151,50.021370660227646,105.14237427840972,228.93614762688796,-2.7405227187306602,51.14021057268667,11.935212025675225,49.9695606656181,94.90538331493647,228.35725945456898,6.372235399833839,52.899251002525105,13.926271687316717,50.026041834089746,94.2829104285457,229.81174080165408,-4.624300420941285,43.29640542726884,7.887912516527468,49.996941595079605,98.3209826255032
228.2189847447339,-1.480322371298701,41.53517934631314,12.611781891870486,50.03478998422891,109.4644097491219,225.82449194453747,4.800579846645477,54.573842668088886,9.876822700658076,50.03408318550101,99.4474740493098,229.4165907522514,1.4100700160404038,51.581736048072734,7.869960226487658,50.00184493621668,92.43451144429834,232.08663198577904,8.41478564521002,48.7102237562561,6.619773255033899,49.984552017470435,106.98258444958152,229.09425515070333,-1.9920203886801193,50.17149415929738,11.471707521154423,49.97567506216741,102.45973471786958,226.91282622225785,-0.5570556898566545,48.962900573704324,12.602983785178445,49.973977682420944,86.54933974678362,228.97389503569408,-5.090307319960862,46.38529674455524,7.1439752696399825,49.94331439225987,101.16169803207569,231.8886950003493,-0.6289421825167091,53.09002860894902,11.763721690772407,49.880148324666735,93.23640201492871,229.46851734400082,1.4362021878765874,47.60977800262342,9.562783912814046,50.01170121695261,95.09134205471915
231.10009611354468,-8.94488451388282,50.42143052288322,12.051021437627272,50.083541350562335,101.34691965188644,229.34650377186279,-4.774588574144253,55.385200449468286,7.4429083314119495,49.94722465048808,101.60910745987758,230.21843537887597,4.097389917663643,53.293304781456044,10.15895782051309,49.951890665988195,101.27996885306983,230.7218322515163,5.94195697579725,56.07742464251568,9.453350567795235,49.967096324353896,103.64821235726217,228.68325449751117,7.686907567278956,45.43766477884426,12.54447572812195,49.98293414633399,99.05776470262742,228.94217166256448,-5.597452836088382,54.876225377082804,11.089487295774763,49.93886859972487,97.21549328560164,228.62294535375796,-2.0993677768647263,47.44710484921393,9.132193716642911,49.979735666672845,102.4944546391985,227.00028414176867,2.2718910716445744,50.7072808797714,7.446085697097795,50.04363105859776,107.76980000583127,230.49509944940738,-1.6243326171911334,56.29038602031173,6.8155831452235,49.99606395491176,100.01837909793223
232.25922099102752,-4.238300896375856,45.35351334816732,9.124571295310496,49.991106115329764,96.9745746374267,228.44030823677545,-0.8014072898096471,40.01724282210348,12.674381366126624,50.08444452385946,101.23667553686754,230.6710269751075,3.5189715062431177,54.513615635929575,13.171806731019348,50.005812314658144,96.19543972882504,231.2607855603456,1.553874879545176,54.131482013072734,8.966185767002367,50.07616595483034,92.14354137219237,232.45234991253054,-5.115100975246084,46.92108474486512,9.408564556207972,50.09517935007867,101.48184330809872,230.70100890296868,-2.977745813463483,50.560876406895396,11.254923519411838,50.00099207815065,101.99142552799589,229.82154522084164,6.824217100063068,50.97003752284205,11.290950442639955,49.947246265570435,102.99108497962405,231.92710984905037,-3.1006966256167057,51.98720408258438,12.077735650627051,49.91225022393924,109.94682051244679,227.96999139466524,-1.3333544393141388,46.311497384220274,9.834550404484252,50.085096782771025,103.24706724031755
233.33756766035938,4.87546686228944,41.877884696322944,9.86954899507438,49.99656830909912,96.51048904892653,230.0323093740707,1.4059939327100743,49.64077356656205,7.826409072685678,50.02209627542881,99.2055122809703,231.60454949209117,0.18336835728912662,46.78317456687474,8.002391049892045,50.03084698316095,108.3011331697336,230.18921084376368,-2.2718403186936706,52.90785031137337,10.071883717919537,49.97989199767136,92.52428605136033,227.5249234785099,6.414717837401856,55.82467190893805,10.134864944467463,49.98593193377301,104.05253756094646,232.7690155829615,-2.125100804484255,48.34275493392302,3.63496182652331,50.02958435751538,98.48478034542416,230.95469243122082,5.9617680047614074,51.93109978259096,8.258718238311472,49.96949350156329,107.47899045106716,232.2290311287511,5.33336816734007,54.906062608707444,11.512681053474022,49.97332847191097,97.6235826824225,231.5684480627037,-4.23781525519815,44.41181025538721,8.69048688374446,50.0773684986015,101.15549348615167
227.6116542087977,2.6243609935638608,47.54406478895894,12.14956962811014,49.98261636051121,96.74924526916277,228.36840886576283,0.3510005656566368,55.623597336625686,10.446847245000576,49.941223104726866,96.18654531882432,228.11005807994738,0.7511011914688293,47.354916599067266,12.390868602154292,49.909847382015144,106.90148220265877,231.41225390187927,2.700062279901193,42.87960130721435,10.92041118615765,50.029241242089654,93.9724921081503,228.5712290690655,-0.6616125915470296,56.232723140470654,7.794177845352815,49.970290365539825,102.12443610914437,229.1766081204593,-5.6232566258872865,47.10679338592091,12.426355113707146,49.91627278580847,106.22387925593569,229.84108143447096,-2.4748016264067854,51.78284911333692,9.568325460484006,50.0623485324306,106.0003354418383,228.30482312788783,0.20262612801775493,54.84862374824223,10.16289546675157,49.9102759547187,101.37926830059136,228.45076748407055,-7.522285402844703,55.31442634134128,10.982046971068367,49.94987865636438,105.27653381311104
231.50072391237248,6.069805556370539,51.290192509529795,10.007716956451466,50.09071410990804,96.62123813346608,231.0773634168615,5.299759418591857,44.87741139016424,11.122505869887906,50.04679527737814,104.88141706616227,227.99305375298886,-0.5690639360393652,56.51264108981275,8.971292713882677,50.041611057716295,96.12343792153804,229.19940034514295,-1.2054927668658824,46.277723392811865,11.271666594047112,49.98102031720464,105.88524521667068,227.82941488351477,-0.23573523742922298,42.04645481951026,8.615136576496207,49.90816675116985,94.43678313734594,229.0298588323886,-2.950841157028548,56.745411978463196,14.206179135643278,49.9960254513926,103.79783399452316,228.48153647970682,4.472286675088167,43.39272580893625,9.532179564080806,49.97431353286004,109.44678041416766,231.66262049100126,0.2890919456523349,57.22709979480398,7.513021204712185,49.92816258752878,108.11930826243946,226.40293121990848,0.019350781169104322,53.54303517678699,11.428668474226201,49.95901325426648,100.62075336736567
231.14721729962505,-10.362143122441916,51.3871914033185,9.57153004720917,50.02514009299443,100.61966439509605,226.1571308318972,-0.8948923973330174,54.69711252736924,9.980929077549657,49.976452018376044,95.57583480262461,232.0264716277055,4.490701197512177,61.303441036294444,10.605107118988823,50.00129397142624,96.86783796103849,226.8817334348056,-0.1743914574965605,60.80902226932545,12.583351750307944,50.03065709844387,95.80847182313859,229.11054702539758,-3.4988494790662132,56.5511017296863,11.63886419108702,49.998002787639905,100.95900747244652,229.140779343312,6.744591581846892,57.20869028653801,9.841352987521805,49.976263077814664,97.01117482502566,227.9744755114122,-5.480845557320394,44.640385380743226,12.012167931998789,49.90394345999904,103.40401764903402,228.53334633263998,0.1131541199307578,57.039482616766556,13.118765925431337,49.98507620920846,96.9711602352655,228.36523480041936,-1.2516713379116697,51.04647188201903,8.986909575820153,49.94729972236411,107.1100776429863
231.17165976507505,0.4112062150520363,47.61130795147589,7.315709211301694,49.936737427671396,105.03923112281225,227.77665069454798,6.988137246622257,49.324923247678754,7.879803170188933,50.03310819947872,92.6881727242939,227.5694791220027,-2.274964705992629,49.4152978927332,12.58972648478742,50.038412794100005,100.10440948323871,231.38823429172757,-4.340371961163775,46.96238986802729,10.512583386244108,50.035620902549354,103.42764760998915,229.31161369090583,0.7949019420185452,45.50050718725164,13.846121639797673,50.038876509170926,108.27098431384034,231.8964968166686,12.145499212222195,48.875893308434684,4.956881261268093,49.98202635199471,99.64012382541345,229.35377155817332,4.518802904573247,46.247986794507064,8.186056998165782,49.94717976182188,97.58870826464481,228.8312979275352,6.688550947591562,52.1182750331423,9.66516003829679,50.06983268846159,104.82062227766721,227.18224940920206,0.6364684018662088,46.798488225092136,12.061684801063855,50.10354738885992,101.2720474907148
229.8600972224398,8.325912389811128,53.19774166323639,11.39042243240027,50.00295521771732,99.1502592517198,227.9412023954143,1.706432493264018,49.59802219583477,9.826158671504452,49.99379473885781,103.05342408172989,229.57697046826556,-6.412492661680673,49.833724521334844,12.323067172896884,49.99679786830955,90.85027899436486,229.05215951323828,-1.0253959464339029,49.38790076344318,14.047881448209647,49.913476815636045,105.92864816088172,230.10551830113644,-12.107885425642815,42.39882044985559,9.022338301625377,50.03418355657239,105.93282346452142,230.14898199060153,3.550659752994356,51.654668616821546,12.549587928393438,49.99470523517686,105.77487991580001,227.49890171802977,-0.9553769497664365,53.1911906063517,10.833280612511764,50.01420790233469,107.73243507004055,230.9067135092983,-1.8153661065000823,38.21697117134983,11.018161830490682,49.985916844799846,110.28945249244543,228.78123405904563,6.705112844771382,50.10301810444105,11.537733608491566,50.10855657074566,96.42510254731735
230.74769646662855,3.7486200451519824,51.714155436651005,12.148313560672234,49.99824594131984,102.29098823279764,231.01169419312805,4.863358899512883,48.275223713887165,7.611754890456334,49.95997051637772,103.45552560910201,230.5620635679063,2.283183729878412,49.41050720855398,12.852236221426324,50.013987003318505,100.16707813139108,231.66103453889332,-3.306104334519,48.02732642860948,8.53295307549671,50.00907160982198,93.34917809641935,229.27976582872026,-1.9108388260403646,51.86980412175346,12.377873801539867,49.97718457274067,91.83951604533445,231.30300823082888,-0.5102664817611665,52.34280754449163,11.605785253603273,50.0116215810193,101.7386801351954,233.41753294259814,-2.1575216042480005,41.35018403724836,9.127831008014656,49.898519290700264,97.80131750167584,230.32679646413828,4.4082410777061884,56.44329365190252,13.197103138238408,50.03001047680834,97.36445701181847,229.0036414050988,-7.5206311796222645,53.436287148413484,11.207089094013181,50.0092222553087,97.65999438907387
230.5690825081038,2.425461810224563,54.49129741145659,10.030436512308286,49.952439558391056,96.82364782249286,227.84211025131174,3.098837883106555,54.907265806624046,10.150313975660675,50.02508643367327,103.1949970519824,231.23323908145701,-1.3887447595539122,42.72780675584413,8.403381049152422,49.963336813333704,106.64705541516405,231.93711728214282,-0.9206054436228518,43.73564299508841,8.573305405098544,50.101111677621724,96.52100930619501,228.5855658978052,7.821040376875655,49.346742201716005,11.277644386142539,50.06698186698661,101.22240959781115,230.09918800983658,-1.767886774532918,51.32412034480493,12.42372144711624,49.93845961545072,98.80022811993932,232.58890279393142,-5.88115046547438,48.611873242434555,9.897589103947038,50.007182523469446,97.38309744742958,228.00923837116892,0.14588670861791542,50.65840911471287,6.342774622087598,49.92486950397122,99.72227286798571,232.64542587471246,5.937475877555174,67.26653154174237,8.309352039342953,50.00699349124529,95.0978776010095
228.08634458594418,-3.042201771838485,46.319194250703,9.597385834473727,50.02334447433084,101.86565347009943,229.2920274568081,-7.874710163740434,53.44108365289613,11.84149694421623,50.02364131224422,105.03372871974291,228.84349759452408,3.4541379018626666,42.659794636139054,9.650070300407764,50.02279997556402,100.43791280774767,229.9863248900918,-4.496550770391723,46.95189270491312,9.813718458920105,50.04344687959248,106.32740691760796,227.20937566549168,-2.1185027821890388,49.05530121193571,7.214875295442534,49.94711633539309,109.74359070356398,225.51225994424453,9.155465925071825,45.31421413760231,10.053238561260578,49.93933463616059,101.72514896469168,232.88305846715542,4.847341222937543,51.20312288537716,9.527858319573081,49.95463924083845,92.3944872757637,227.208633316352,3.8021671357553073,54.891987394536024,9.421517176053248,49.9818904860362,99.6481897973252,228.37309867622153,6.59080187883001,39.10439541750973,12.30593140996732,50.01826576051589,94.62664268803427
229.62954770032417,-1.305343814412526,47.166073396656486,11.348514402956189,50.020038988190635,102.89424181933359,231.13649522428784,-6.3417033381220485,55.01626193762491,6.544285294962057,50.05011701024405,101.90636007853452,227.98514773767604,0.352454180873515,60.759093539633575,10.470416635994608,49.95759603276121,96.11160624787954,227.80261572008422,-6.429955923603643,51.672354124473244,12.82769878799079,50.09143005059368,97.88472012866146,229.9608392384639,8.19251576373221,52.433282164490265,8.024546595747463,49.979553942603125,103.46213276117626,231.73922994203954,-3.4060177942533216,52.04064492249357,9.746166009957973,49.90518127056206,104.86288080599732,233.03666759784002,7.9511230777121655,61.857552138842934,8.292533033838897,49.93968865301461,102.53791385990338,233.75661145510242,9.906918810760414,49.7754224503064,8.621661719742825,49.98819183137715,93.65851469506539,227.49186983947712,2.3055659984503274,44.3387774755087,10.733988420690043,50.04765926721093,101.28603183292167
229.96188365067658,-7.539871441752734,46.13543178207237,9.53719858635495,49.89001678535434,103.99614090693314,231.14425311641932,5.06854284572407,46.65438484058859,7.219321420431472,50.04648135850795,104.24709034333499,231.98053251067915,5.732373571323224,41.67971375384364,5.930855138241391,49.970860349612295,98.45935453844113,234.9337906153963,8.916236364494234,42.415677926208915,5.361227109554489,50.01468925277974,103.90299276276045,232.21065093993292,8.448536330051311,52.208338361006184,7.155241551654173,49.99212713671984,99.95755930696266,230.00623145694846,-1.5101528130577637,47.06483067848951,11.730831292892342,50.025337857983885,93.12795103204846,231.8350187547889,-4.832238914973487,52.250547786325605,11.551120961215327,50.00792262757497,103.93102085928595,233.14386031802786,-7.758103974995149,59.186355645355384,11.25991641106034,50.05247581802988,104.90609119444862,224.36513422058698,-5.1161560411384555,48.757101465787585,6.790432567660158,49.97594876745247,99.19348088634115
231.0191108876755,-0.326407800199056,41.365323496721054,10.61539508915669,49.944255432596556,93.16761739268821,229.45670307214962,-3.5882006588358855,42.902690128022186,8.151761626484198,49.95348481259688,105.1138188349439,229.00076424107846,-0.9789799792734972,51.491647892243876,5.3179250598370755,50.00307450970834,98.89647513485238,230.68979849780447,-5.021716802121667,48.305422135420685,9.607603445167001,50.00114703549388,96.55547285563897,229.1714626550949,1.7443950650735331,52.667598107912475,11.51616486111102,50.00250927130721,90.14643849025884,229.8706579834617,1.5574456801751122,43.84748543272569,9.9038016922889,50.0752273062936,103.32099951463695,230.46541218706798,1.8996290267880318,52.574556019894956,9.813914293905007,50.02229872627152,93.07524943592884,226.61241284546603,-1.8776395460552828,48.18652597653084,5.22205271812853,50.008274742642165,102.94129930573335,228.14771770204163,6.129023967404913,64.53935786848473,11.240374156914434,49.9872418478915,105.48558596543863
231.78647652491154,3.191108299467236,51.051329426657766,12.875235961848178,49.95305554173048,96.32063426584374,228.4990373293109,1.7085275711194678,53.227068222823235,5.528064036906711,50.01040831770289,98.579158497577,228.46813302465912,-2.1056966176465868,46.32439154075825,9.164576922407694,50.002445123211636,97.93594387251795,227.64912211145113,4.649572403658259,44.68686981991171,7.889981090161819,49.995062327061284,90.33098917626829,227.90090845194263,-0.2543540977235898,49.33938298872152,11.585848358743668,50.02224800697189,106.97886741970538,228.54538686146765,-1.7764783554803554,41.620057138198064,10.89885866772209,50.04645899767876,98.67583551703306,229.3959944683966,5.066394595171402,52.60743826786144,10.66875132215914,49.985529317110995,96.91066217318539,228.18830903436654,-0.966712811066696,41.09839014459118,11.1609003616112,49.9467396217515,92.90382949573372,231.45685853376725,-1.649466580154696,42.84855363976661,7.982796614791342,49.93383943137977,102.77457333541598
232.5177328471316,-0.7923612495074073,53.987731109831465,9.893739402726707,50.02867683928319,99.74217039651825,229.56977806857236,2.3718335606539602,55.091369732808836,8.836433088339982,49.989871379266475,102.81862913218794,233.4165617190876,5.657360438719646,44.055306849522715,7.811310597014049,49.97783332181555,100.19711398860494,230.25231975948464,4.608124109887783,51.79638873977342,9.482489746520766,50.00289420821759,104.01186683109712,228.894280336305,1.597813106029144,48.09051403921407,9.39599459167494,49.99941776134423,100.76041253117833,229.83116500485306,2.018339457203451,46.94563446910046,8.896218754777333,50.03732699251574,93.86873683419975,227.2037544198149,2.293516745787432,51.82154316124677,9.952887970334546,50.13244284422971,97.45386928814732,231.21917403559794,0.574502084881139,58.70928403721503,12.140453202939826,50.0593342202735,101.28642909094748,227.83398043143052,-3.2789830751898856,54.67676018647423,10.545736580773704,50.010114753209784,99.13463686546886
229.45320670896882,13.355779711495313,53.77398586260808,8.276299072450199,50.04383303820778,105.93850537343721,230.11295883150265,7.56477155451464,47.14692284725906,16.053004320261707,49.979253128029356,96.44286683879231,230.8546487685636,-0.9266993117034987,48.05621325630095,7.825641942929622,49.93232550162048,97.54394460328236,228.1515025499572,-3.9623659325419247,52.53435590933989,10.388860880861584,49.986594049415,109.5878854657858,230.51002024203433,3.399920974081037,45.5461607468714,8.822551331198298,49.94191948188807,96.32647796892977,227.96926629911445,4.3304634242487134,48.495792409192454,10.384821183645897,49.95853553547776,88.69694352613057,226.40958409444158,4.428095582203644,50.40340778467957,12.378619003961292,50.03605418575978,110.09456005748866,228.2176164531809,-6.976324613580202,47.448060514817705,8.376341056019482,50.038779723657605,96.17366142973023,229.49415342802098,-3.412174406274511,43.58486793337363,10.27708469825183,49.95777498927504,90.87038269366181
228.7040607404473,-3.568173008325734,44.734346150756764,9.528787567399869,49.94434353451368,98.50656363941548,232.967313765767,-10.109769085956673,47.140674953913845,10.02931280897844,49.96507720393459,100.35454265815088,232.36666326754724,-2.150097793593738,44.61090515858157,9.365619273233825,49.91600750058514,105.42641507251163,231.5993760163712,8.100968168327332,58.18449046471638,8.18921331383932,49.9754264083956,99.86863742782556,232.43867562921645,4.248110632107088,56.28370650101738,9.044236372095929,49.95407738495275,99.50272866729212,226.06506233121416,-3.023955929718501,51.05191857902306,9.81284925727175,50.009760071259045,99.78374551599026,229.30987307781507,4.8602386226806775,40.314876704161755,8.893348470678044,50.02581336166166,98.57891875226471,230.99728757912231,3.1820404977038077,42.19374690399059,7.99002942450945,50.019766200609745,102.0324051568476,231.5270155576353,9.366090242383557,50.116108790740526,12.264858968863322,49.8885190751537,102.2331983569635
227.6321566867606,0.48073503850301036,51.670297569750865,12.77466132596099,50.01586254699713,97.359134631681,232.3368623713485,-2.604429805209433,56.802468998879064,10.581004247259772,50.05583788457662,94.98302301668602,231.30126124867436,2.112846492656907,44.86346608062271,10.464379101428428,50.090363638116884,96.26263274658481,233.37749299623079,1.1602922033780771,49.543019017446476,11.764501864465956,49.940984413619795,100.6460254227489,228.73133798089185,-0.8383624252509203,49.133100033563935,10.506706342656267,49.9849231303004,98.50286555126996,232.18912065465884,5.287599374878255,47.10653708275297,9.237681612160978,50.02493349661189,103.7250445042593,230.67272110687426,19.335168662448158,50.270643964971306,9.743354182306279,49.97117489039993,102.53477782122687,227.83433857931118,7.175891225506888,45.906208881102835,7.964961609943568,50.10999316122709,105.04555525102852,228.9284765526826,5.385824991999456,51.17151625581842,8.432974287741976,49.9932885289587,96.83535424484967
232.37912300977553,-1.864563118416007,45.48141026797422,12.86667738350712,49.979490444469356,98.82626166271736,232.64897906826693,-4.073340754260494,55.37097040341001,9.364953333526737,49.991475537873804,94.20109522016371,232.50347238525774,-3.93533415628527,56.43738183260929,12.719462255701634,49.97366993888929,100.68922638229331,227.4850421004009,4.456375617091713,54.08523438000269,13.743606828467485,50.00583271387904,94.69127531494819,231.8503007245898,-1.8467334825591704,50.040564732693085,9.725115519746323,50.02156874369184,95.43988939113743,234.06853464197204,-3.5160681024968006,45.023830619050486,11.204407969753849,50.035859823482014,97.30535014673698,229.1414265102762,-4.35476308945932,54.37349111328537,9.694751880054676,50.049110100606086,94.54117475432834,227.8480570211126,-5.107814723684021,51.751199575060895,12.462654739623792,50.08091473444232,96.4518942811635,230.59812086394032,-4.612414019058859,58.98864428610041,14.778151340556844,49.98108339690175,93.61919889146749
232.30287651070725,-2.0324909709921966,55.19618956408007,9.921814516387444,50.05607211251732,104.75680323593845,231.65954130465957,0.5450768635716154,47.47562295208251,8.59713064277935,50.0451170039151,93.91378842498071,233.1283911652773,0.5502795000653019,51.100192620313564,9.584413277753177,49.871387687279245,101.57206999392731,226.29761883050492,-4.07420407913944,49.520589740222086,9.9863730992321,50.063295298022986,97.08340756729322,229.68574754763551,-3.782134725688376,47.615842501055475,9.637381226330156,50.0073273643293,96.06705514247948,230.053202136266,-9.455155044892171,53.8855521347174,12.231214152183185,49.977662222526476,108.54840873149848,229.49721994843676,-1.9535800247978117,48.24847233070525,7.554800387569829,50.03648855661719,100.57099785158293,229.8896595007926,2.3909604509595073,49.32560641382367,10.547356311785252,49.98574116756095,97.84452326666168,231.50522368437012,0.027776195106209992,52.761638166146405,8.984959636029751,50.10001069920458,107.46041213559167
228.23744992290676,-0.39189309199521966,66.44841029379056,8.884421916346197,49.99914786815022,100.52275677394226,229.60338597234264,-0.8898696224975379,60.44594678297442,9.840673595157329,50.04341665088803,94.64734490501988,233.55839082826347,-1.2385444750309151,57.315901476812314,9.494451058996864,50.01182419364484,105.67076470745344,227.25945866666575,11.425445364317872,56.02126308946821,5.602443926943286,49.991879875810206,88.21605951205073,229.68109294218738,-6.526680125271281,45.62235186443253,8.741641895983875,50.0094319663795,102.83475299556095,232.031745527478,-9.905851289408403,54.73326283620075,11.922873378094915,50.07045763585151,100.92911392332375,230.84562215827134,-3.108017468709516,49.182236959382024,13.883941068627035,49.88460940091927,100.75083401703932,229.62002853498922,2.3295467861957206,55.907435435975664,9.45328098733427,50.01115153844494,98.86563206122811,230.57597283917696,10.210394587910018,56.6608696621481,4.860974795075538,50.02107038014555,95.65184758419991
229.36128116158343,0.26104348589948273,51.943092497030975,10.556217760877278,49.87226329350497,101.42314566439,228.9132474425564,0.2372735500645275,55.48256241300662,8.918512439483589,49.90837660233152,99.40333122736098,231.17143260722077,-2.9508822573195186,50.445961916523274,10.09271947908793,50.06603836262337,96.17000896041874,230.59366768612875,-4.365337990811378,61.19206640533474,10.682898533510048,49.95980787152179,98.6866947026044,227.21888890707046,5.62032123713216,42.44254994241698,11.086312866912431,49.93182050309106,110.43565084884474,231.66870257634258,3.8093225956075143,45.713815580406575,8.479887356417052,49.944981448747775,109.12131041544323,231.51618072054129,-3.870327396485674,58.9303078537568,14.313549013580587,49.91630762625957,93.5504427770372,232.60517148551415,3.0661764751692866,59.23013697232737,10.93062542675188,50.027569234755134,96.04155832914591,230.56506330273368,0.42421309592724643,56.0184088363984,10.3798488092735,49.96814639656485,108.93492077514985
232.32632873943123,2.5766835272870154,49.58189085763529,8.979008798052146,50.058039869153795,93.0103252222377,231.33020433960766,-3.032303190001788,55.744284926611144,9.532249808557363,50.005430836862686,111.28047325497297,232.94047993883464,8.916067822948122,51.21413845703261,10.151188121216771,49.93615527313632,91.91623574733026,230.30065426982225,-4.4637885857871,40.68704864600886,8.805562613516937,49.88321579880238,104.4492755658224,230.4974904312114,-4.0712870550251345,54.79628913908708,10.454620914684755,49.99179864662545,99.95256434586038,228.72592783505718,-7.898308669258872,45.31792077469107,8.656470728927298,50.06003662195766,104.4919756153655,231.06556500340804,-4.4564801260630045,51.09999332789548,11.575831230701008,49.98349143108541,100.393194635322,229.36225805289448,-7.7688645486350065,45.12657519305715,9.111199533936277,50.019854219918386,94.71818652594428,226.6397854950039,-1.2092289930344067,46.22599970572236,14.01442906143297,50.099626794771545,108.78987489192366
230.6668723963656,7.339809932034367,55.92570497361511,11.87217285219707,50.049835416825154,98.70086413797577,233.51286259145124,1.3790548415852666,54.60885046612442,9.412365560638698,50.0073636051073,107.59507025329842,228.7117531757972,2.3067508648807094,57.7931607723889,13.683840997901884,50.02898137284759,92.5299840851352,230.39353234641447,-5.254067114196662,54.28689430021139,9.725173250999624,49.95657650075266,95.3381047892925,230.13346469124755,3.3434634147763247,42.02315924986851,11.325858958376148,49.9898772694608,96.06991698920002,229.4264766523178,-2.7876428407362654,45.485187996473925,9.659269069943923,49.99944982023992,100.33637964910592,230.69877235161408,7.188478835768423,47.43929176540635,8.812179588504373,50.054271212840604,99.34198806735495,230.55932077538245,-0.49355649603139645,54.174084762934754,11.916775147955832,50.06682962544453,108.90488140977735,231.44925237092798,12.867183812358636,50.46733537011615,8.194126024591352,50.01176058617033,107.27554258191246
231.13771259416376,-3.6629868530799774,47.42626184856738,11.441998583112849,49.94889595707376,102.16368262635045,232.55889606722107,5.069884095852261,45.47836659076532,9.487415744320337,50.008800516870245,97.77561035009558,228.2759609410127,1.9083177869261025,51.74046675982019,6.8352820805077865,50.06190472556925,100.6130185337349,234.06945030966196,-3.1869851090789862,55.18010172578155,9.467679297123874,49.993836098825376,94.04686503864814,232.63727965117002,-3.2875209571973203,52.58141398110403,11.734773753774716,50.04778415152939,93.01108237449755,226.15501403573188,6.001328225742459,50.47934434606506,10.581440698474564,49.8905110571378,96.63169713594284,231.64426890579247,5.545644521985896,44.19446684398721,12.065793989326076,49.945364830528476,100.27955419547442,228.22372800432245,-1.2290797848835306,55.89779370550121,9.622575794514898,50.00481394910168,100.99335896582181,231.6856884854341,0.4013402124873211,50.092386586674074,13.848077374765658,49.98473535852726,101.99910547194166
229.48194175399746,-0.5810964699022975,46.284679570328976,9.962124908758744,50.03678937676386,100.79956802540838,230.15949472387854,-7.802807799064863,51.11140413902166,10.068473504613706,49.94649916737013,92.79086858063997,229.48953080132594,4.470112991050492,53.06214055663927,10.1365954218952,50.046323668944304,98.01213285521996,226.02441859439446,3.830177773617529,39.84827929534767,8.026642507203881,49.988312156962074,104.02148040436582,229.55486123792477,0.4480327124472,54.150093341036545,10.493867888247289,49.97242888818186,100.33822506307547,230.03906240189409,-5.579835828702622,50.297199556610394,6.075553398495643,50.08135984806408,98.21452366218678,230.54542336841578,-4.687066390796214,49.71537437589386,7.912993314427543,49.9703590452696,100.22529866442919,228.2859374919817,0.996560026623884,44.784438931095856,8.986908388803974,49.99755391019694,100.57298411907877,230.7579373243568,2.356887083707787,52.10996572565423,6.533698064800234,49.983725284834016,96.97747109230417
226.21989943815313,4.810732997915588,45.1360469432389,10.397698530143595,50.00658738948168,98.45896089277366,233.9351895387113,-4.462740005211751,46.46583062347532,6.229447657056976,49.9825025026442,104.75562204182903,232.6646898367234,-7.285346009225248,52.47894528578685,9.65055178087645,50.01688261472536,94.4029581847892,228.56598355726453,-4.591212407468362,58.44503994942217,10.331587959534946,49.97650114736669,101.60340661722236,229.1604692930126,-10.779243290753298,47.70488210283321,9.8100037248814,50.04049658375216,95.3667555094243,232.30073391840526,4.028873617076211,49.02493988134888,11.648579425695944,49.97115787386106,106.9077259244985,230.33287300159967,-0.29950102245859417,51.53507136482165,13.778198489200026,50.039371770613506,100.41228396937294,228.8438539700922,-0.28872649602830014,45.350386040548486,8.810536369982225,49.98265964862746,99.37294863266916,229.593694827697,-0.9181152457485077,48.75427913390841,4.357221914086704,49.96098499970955,95.645897991831
227.9182042908479,-0.007563330791874495,49.962840973948296,10.166596611731395,50.01538352057482,95.3921681804936,228.95796885324333,2.520709208748894,54.243824200072496,6.7725742869657495,49.96175204163561,100.1783086978898,229.96920660169297,1.6417807991222364,52.95489279883246,9.484315121690285,50.04468079530444,105.855103666742,228.43780710290977,-7.952346483747723,57.93806058047345,9.726389124825557,49.9867103136242,97.93386622687561,226.94274425882756,3.6846701227851106,49.93369957586042,10.877379136745944,49.93214738198191,104.20435338155546,228.19666151118048,-7.377909568401156,49.9151492216511,10.998472771694628,50.014551409679314,99.68241282532463,229.09548922585145,7.29251479741872,54.59671625512418,10.042511120240514,50.004145993298394,101.28651731518234,230.1518345753539,-1.250580762128861,44.51820116970359,10.662160541241157,49.98065330952391,103.05009323033698,231.89790402785195,-9.053442361519144,55.345088092173114,8.171254849057872,49.964083249968695,96.08783266154028
228.24591021106139,-0.4727557236785959,44.22966145455847,9.276629420441878,50.00016963153252,101.11685303180481,230.18624745437418,4.262415312735515,58.56516758706957,9.544381487480326,50.0625156807524,96.54422820575614,227.90765645998488,6.768281044333876,49.01208095607691,11.051791335294736,50.14660744231246,108.05590824309631,232.70933428832848,-2.3889601302210224,52.09332866545375,9.279441145022155,49.982135187575814,100.32230230529217,230.22542208096303,-3.2326213576367486,56.0724932146426,8.873387276405218,50.05625725970151,99.173397787699,225.74697280777093,-0.627586520870904,44.05204456336176,7.950927712013101,50.01386461494604,107.00915161495357,232.49515204644135,-2.383850232969973,52.89733585547374,12.345376074638285,50.05820113109261,96.77729429296008,229.50692745177577,-3.2934625288107497,44.24363166582546,10.85224416343732,49.97529785799634,104.24566018110345,232.32944724852973,-4.6141934126147035,45.27007682745272,11.093550693607453,49.99184816215852,94.49419195213402
230.45705210051142,-4.367854687714895,44.80259128778508,8.533426518445605,50.07064832066874,98.22567459989057,230.92181999780027,-3.9012262099906794,46.61456782207292,10.602843886406548,49.96438985599892,99.5227955536672,230.05480998859696,-4.65267413358727,53.41013190804162,11.016216037070027,50.03428661463953,90.34449738484867,228.19127330878564,13.347531550158608,46.46265659227225,10.152116255238314,49.990082165607745,97.39209618806412,227.23965716154333,-6.11718001608101,53.76127661213583,8.80741223901856,50.02083624590499,103.56071505665561,230.8034991961323,-3.5082407825178548,39.954446424237425,11.999446541473475,50.04941720738431,108.54335623156362,231.14703970238415,-5.9724279608660265,53.084774544414735,9.569890967672439,49.936827846413024,102.79521796173981,228.66804082957339,6.057454182370941,53.03492854344322,12.182577335611764,50.04225750551949,92.55911274763011,231.37562464798737,6.932486101823154,50.22941568252715,8.655331392127511,50.08001541000126,93.12653332805834
229.7861397946606,-2.442628052025924,43.688909869948816,10.283243621613826,50.0389107350174,97.12277482091987,228.0754102169534,-0.39206506255853724,55.90792726018824,11.366256700139866,49.9671914653896,104.62139984227852,229.70909541224594,-3.4219706912914116,49.78375146317596,9.140089253780541,49.999492111454465,100.08343798167232,230.0509966912619,0.05396194396338899,46.800284484644635,8.541827672382945,50.134306666920935,93.9664741265067,228.9339314856713,-0.3845862466280513,45.28607458644501,9.532406394405491,50.000028115430034,109.54394124288082,229.7447841429106,1.744459369344935,46.22987825265122,10.713724790194778,50.01190069220261,101.69735564068105,231.23672511460617,3.5995934856206784,43.391664525896736,8.60497583383946,49.93833912728625,99.21374205151832,231.39374764852462,-4.264853068751063,54.797920177235795,8.10367778627236,49.99995234229682,109.44834182368555,226.16950152884755,-3.7474620589784466,42.11663345183932,11.046400268929562,50.00073070937358,95.38230116480725
226.77948653549893,-5.092125233215721,48.70646586598479,11.885915022261425,49.91955283523349,104.6912295506665,231.14256801122136,-2.9516483433689933,45.65327854020827,11.178886505130796,50.039635134801145,91.99730246400566,230.2064792739707,-2.405533879471774,45.771836477337416,7.266945775876338,49.93119867829896,97.7435704871024,231.71975076735094,-3.127470451226598,50.46006695966345,8.418146491344007,49.96777686696351,105.78916558275195,227.01341214751918,8.447743800093182,55.62884019531429,7.995854271803697,50.0749801897728,105.15680906553835,226.71868432874624,-4.041790000182219,61.00557192311463,9.00736003616395,50.00872712945575,100.9650103948644,225.91097834607822,1.1970781946832614,58.5757145248469,11.227395703404303,50.024365371795334,97.70291697511387,229.18300017787104,5.8620337860331615,46.673026486736674,10.852520491602444,49.96948888928423,102.19928537924078,226.94918845827806,-2.0868360203720613,46.893211980854126,9.330968811159046,49.96691863421379,97.00318177616256
231.23589031702105,4.861194535461687,60.70654651502274,9.996908225470264,49.95176172265047,103.31583283014493,228.6217140195748,11.129572094798402,51.74888262936075,8.966404196725128,50.07831237571252,98.49409226904187,230.59901979114412,5.5175283377146815,52.58376731146302,11.334959696080228,49.981645073523346,100.34013772388303,229.03320605302505,-6.7006365425265155,48.38656992639658,10.613624871126383,49.96805454447576,96.12077974301772,231.81185537147883,0.13374061902424858,44.86469648964247,9.714898381857736,50.008261196219614,94.48011698862103,227.528131122492,-10.816210240856988,60.28127746886391,9.042306872516031,49.96869288250224,84.9908975879114,229.06302810907565,3.1943644494724666,50.315217987285635,11.915783892384148,49.899094087196474,105.5752485267333,229.40720803338502,-8.814241549175815,52.10910909403883,8.754158740833905,49.98850875820718,95.3498524648715,228.27503767672673,-4.8105930317036725,50.21342462117741,9.563461820708905,50.01381011564181,98.09867251097276
230.9610823866533,5.464705251207246,56.024133348024804,6.852363887705389,49.889984579657416,89.5298957751699,227.67051467311012,2.0887787171258605,44.06593790045815,13.315177650862672,50.024889489805,109.20576143751028,233.57502307504987,1.6917236282757235,49.88766180235386,6.44746934509982,49.98137345121531,98.91643537609198,233.21042864044372,-1.6632782179324812,43.176728099181204,12.365050858718536,50.11425379524335,98.33667593045463,229.9442502918696,0.39139138248026867,51.44451273663907,8.090621250258064,49.94930042265911,103.82369381059374,230.38080233568266,2.150718974333153,54.464235017039506,6.18927009573806,49.94974416791397,99.76531437721403,230.035941840477,-3.3932415331283785,57.04516902627633,10.005318252580315,50.05077939064004,108.72273428620507,229.31946968957254,-1.0382240599695218,50.36107248089183,7.567038923963553,49.91417192646212,98.19335907130767,231.44546596155416,-0.11975220837694535,50.074828878188846,9.94151380048988,50.020291532852326,92.47000976604664
227.17573208528876,-4.7452832987379665,49.80666613193103,10.80805582717561,49.9588551827325,95.65763616576419,230.68418994774174,6.9106980811358625,49.415252476915214,14.030246543504253,49.987682305679975,97.82783439220228,230.63180714009158,1.7660971507204917,44.73417980926304,10.775475624724198,49.91129094120623,97.5521843824682,233.14479649371953,-3.5522136105159015,51.770814757058595,9.660434944304088,49.956330589369266,94.76320451877682,233.45607393579834,1.559458225870958,49.176480382590086,11.370308402716866,49.91775720855901,103.49138200398092,230.68617600613806,-5.504960061968544,51.558438727996744,10.84793278506736,50.01128211490152,103.28768875333917,229.81189544168063,5.151915544497045,48.5396831053285,9.88325863515167,49.999641102548736,92.53843536246777,229.71813912731696,-4.0487601076161965,58.70462158501644,10.71597634108583,50.02243634898635,97.70579344371939,231.99135985543393,-2.477968823513143,59.41456068265079,11.325902152933589,50.03085048787338,99.73125185755053
231.38791271716389,8.93114831622572,49.68091924713855,10.332971614036873,49.909624106796706,105.19203587129337,228.18841424936292,3.6427690237876003,47.116985824495124,11.866154981497292,50.022635923768696,93.0004932722818,229.29289150658173,-6.852352427560699,51.06705999961098,12.727886957772608,50.064776701280785,103.50481915766815,231.9973292739794,-3.4454044333751948,45.20708941140564,10.48175113871768,50.000654255087376,99.21586715929865,231.52075888175887,2.6765551002812455,57.100365791061144,12.648536143619108,50.00460461066204,100.41735532636348,229.87984257791126,-1.990089289133132,49.42888417234945,11.321053906439687,50.054495143090236,100.28470148441045,230.67262153610335,7.770205317797706,54.326502506104454,8.793139579699028,49.9986667377319,98.56135794730136,227.358863972845,-2.5598707376115066,50.832906663613336,9.673778811833953,49.977871341450964,97.27794409041272,226.07146144475502,2.4268166760088636,41.02605934824346,11.992886295765103,50.007646232095,102.69147762651805
228.53568152232327,-0.48061983562517147,56.72112060358777,8.652745288474808,50.059583539486546,109.75037779229005,233.42902084465038,-6.014276976564449,44.47227728721743,12.251374532823565,49.94599500456542,99.59852852434058,232.12830947216383,7.096925563282918,45.47702698421958,8.08286819456789,49.9129627125195,101.13680278722937,228.64216171344287,0.11299692983568825,44.03411738882251,11.124861252036746,49.936363065930855,106.56792587898954,231.75526253145117,-2.50423049074803,46.44077322634658,7.916030348930162,50.07024977147881,92.76315281631518,231.03422794567322,2.9802818955335946,46.917671061020485,10.423321019258431,50.05454932948219,88.38361267600912,230.94584641667694,6.1644305210948875,45.05754055239254,10.031897354640734,49.96980235653132,108.35618184996886,229.57583823815045,-12.941808448943101,45.04962236725676,7.6683431134871185,50.003872473165,98.37027688671067,232.20765159673817,-1.466282485846656,48.08149169225075,12.139163060706736,50.048917303746,100.94155307529671
229.60538194408906,-7.040430294076899,48.95532839298193,5.622452475043041,50.02634095496134,103.1498210483699,230.31753061126966,5.310469286922345,45.47818730353769,4.772464442186038,50.00984816318784,92.48518940499703,231.77209647261319,1.32562560604057,49.96576622464354,10.499979372620954,50.09502246115176,100.63841535743853,232.01980107497278,-1.4340146897377881,58.029776610283506,9.42928760772376,50.038492740896366,101.13663697266382,233.96891291661305,5.930131407490908,45.15982132403402,10.397834487529511,50.02545762850775,109.69446052439446,229.8812993658963,-1.9255983395280607,53.816968000571265,12.1026981597868,49.97122511110625,99.1862656638534,232.01524440479247,-6.938179742454794,49.681323095473054,11.384334561885707,50.02802081176789,102.86214365946896,230.73445823115352,4.537919605444532,44.43902852006981,10.360256152719789,49.94718102880571,102.9258116879981,229.6231187721278,2.3120233326145065,40.54173432286279,11.01797003211151,49.961773311562865,96.42293062745958
229.62256695624777,-2.6829135563490976,56.00623530138232,11.7568684169514,49.92045934424153,104.36417323636489,229.0700100221497,5.094937157174963,55.768319240024205,12.03769827534747,49.990903989063526,111.06423484842696,232.24565228478255,-2.8531690698712673,49.7080747975291,6.735266768531201,49.950549568489784,96.3074784526732,230.16300253981706,1.8564274199239803,51.2106703533411,7.4712350405368735,49.933597812835025,97.82866601196899,231.90052130261554,-0.6586949556843404,57.1863031385054,8.607349755888563,49.91832371214621,99.95479796053256,227.70076811265415,-6.720165438553821,46.91780676785258,10.413569430918693,49.941680917537305,93.38967878458612,228.40307135359265,9.441643359668396,47.29286718935223,7.816637387099975,49.97628135883126,95.94904448342344,229.03488130854348,-7.108989395077771,56.43279911607721,9.739910240835098,49.98768629040198,107.50694318946158,230.22169470665463,11.318043936710742,47.49662434809394,11.59155831580357,50.01921011816753,100.95962190791664
232.96419996083947,0.35651814515300423,55.847958144263565,8.970787847112197,49.999938980781145,105.46449818571571,228.15625203728283,-2.37136218819709,50.974092126469024,9.535501809081305,50.07018887094914,104.90495992657058,229.8319420573041,1.2540997411851258,44.60072110121915,13.342250733882253,50.03240971420796,86.62494524627473,230.82002384071492,0.5575853749839461,50.22939078238375,7.592921635810394,49.98001591641598,95.8290006296815,231.32458006937907,0.7276341740656587,41.406806269530705,8.235796411051966,50.022168078682434,98.7181342935872,227.65799574282315,-2.0564006239028707,54.07449251873263,13.774609215128859,49.91882523465687,93.71224731938499,230.43453342152412,-4.164899863290242,49.857884796754476,9.354299956955392,50.08812769113968,100.39978649086405,229.69797233214348,1.6505149315656356,54.334724271611805,7.263195813313748,49.98510476823074,102.05914825234596,231.42995404521508,-1.6802432456493401,39.93800797563557,8.287432529206868,50.0081260447307,97.34613536738745
228.20623444502678,-1.0681018891311365,51.1287603692426,8.286856296083865,49.97771256240518,102.94577016801996,230.49339081272214,-1.359282520868966,50.09613131577921,10.871037771119175,50.02227985264112,97.82843883441427,231.66103475787753,7.595532923332029,45.78947856434863,13.278381544889786,49.91421647710108,101.30179098971549,227.35802576809692,-5.555595643219564,56.65064957703456,11.812554408379981,50.04328362031347,103.65169684891093,226.625831983607,6.450262433894197,52.11192127515761,13.239121199461561,49.92352627104755,96.94738120550457,230.45700648308738,-0.2666535768614187,59.7257531729908,7.925615466769576,50.01103324529807,97.37735517894482,229.14940155376226,3.8659274677149273,48.56022889305743,11.705577961523826,50.02156513755676,99.07758347196831,229.22017563185477,-0.1492556266548311,49.92436627650668,8.635893522352987,50.06825183811749,101.04113406350137,227.09575321341504,5.464931226760803,57.63051960829116,8.868539409046017,49.96857114125286,91.55241309441898
232.462299651586,-1.2085018319382288,53.504880643245315,11.025290673364701,50.003399616016004,89.53438263228898,232.96382477567212,-1.9830522505798978,54.67493607201964,10.672363292343894,50.05424238760779,101.36906015998196,225.89309107673824,-4.566510142352198,36.56517286341189,11.649497440942053,49.90702179910615,101.49540970717362,228.6736154618391,0.8915660820795922,45.65342970415422,6.120433507792299,49.987691709884075,99.96472849480136,226.65307161287123,-8.028523311562953,45.86663508499062,8.952350429112078,50.10979868332209,101.00610781696176,230.06174707026895,-7.568296185316388,51.16739798868757,11.030885812387586,49.954928993443964,98.08279493861255,228.19994803802726,6.880937842900257,42.850633835027025,8.926845127173056,50.05672236181758,103.21330355679144,226.31043784949242,-7.348647591739535,49.66887874912228,8.500480648241494,50.01204248753563,92.06736515280593,229.87784718975368,-3.3996932791144836,52.09769960522236,10.366486924003784,50.0426524726911,108.08721216896964
228.44878151980555,-3.4071162138601925,42.21165696628519,11.1282972123458,50.03638021328592,96.63063547716685,231.33525783126333,-0.7272795683127652,45.227647746207424,6.683118038286242,50.091437497051764,102.52692944122742,229.76443573174063,8.462774892820796,50.83388721806096,10.557052582422187,50.06759268634574,101.66129682069023,229.72681336911023,0.06948497823917935,40.55691239306529,9.36984382159338,50.01690017512665,97.72228218485867,227.6207722310255,-3.45170700379403,50.825480594583986,11.157624387536961,50.01640590945624,103.32473373504351,228.1164547679434,-4.667143903800309,53.311372602578174,7.533294425477266,49.89313345255345,93.96598661216997,227.84999856427362,3.1919745086143463,48.67761592847172,9.870814997576367,49.93689565429881,100.79964455047514,228.87042561304935,-4.942967624953898,46.33097423145128,9.556275431868311,49.988836323398466,102.21634314714541,229.53772853277675,3.2083928730094486,43.951806846269854,9.072345570631537,50.02177801994615,99.71438681884572
229.95782249679053,0.5996280531024305,43.872064338828636,8.240199591160408,49.91074658668622,93.5305457905131,230.75036700866048,0.905889789117323,37.967108665668235,6.753383436352566,50.0572573926104,99.54546390664115,232.92688612582126,-3.7416381908539753,40.39731834154577,12.363900436116854,49.99938054729415,94.01390327061728,229.6590603437851,9.09939284950405,53.12635808615863,9.536666213040087,50.044805140971874,105.41808109511122,231.7268113620669,0.41004434941804696,60.66446601265146,12.83552940975093,50.042434284222416,100.05615241918849,230.99270214244035,-1.463470032695182,55.48754547503948,8.567438716890045,49.94061325255748,102.58362486333408,230.0764102639313,-0.2906461688800481,52.50846507397337,11.584686808995087,49.99705052082696,108.84021124450472,229.70798155035405,4.1400777015974395,50.177884430239565,12.145839885208542,50.034869993988984,99.54749849955,227.73772217244857,2.6949240909518988,51.92592011675953,7.404086909419522,50.04033597410208,106.97504287019464
227.24154769590217,-1.398767401932954,50.07390413117979,8.511004146527027,49.996583744512414,99.67548712756587,230.4210472070522,3.2030902947496322,48.414230052562885,11.959262294397913,49.94389281079885,103.93713547231357,228.62631721317933,0.8256222826749822,52.35843690253081,10.50256985535173,50.042360716549624,104.8100722333125,227.5364011656564,-4.970498546931658,47.624880656753966,12.408883462122633,50.015310840097875,100.33715137521565,228.08066108109975,-4.1711410321777596,46.35298664319005,13.488786180493703,50.020676702380555,94.836989990869,231.074625384787,4.848606605201658,44.70286004926143,12.087846981402002,50.02442725836694,96.27144519566635,228.72287685814294,0.2077914579814802,37.03357302938382,12.620243636184295,50.02280541305879,98.69247200024748,227.99472048948488,9.361100805028334,53.932821892387636,9.043656693757086,50.03645541156941,103.85850164507995,231.20537166436654,-0.3655366931803873,40.19946517577839,9.465453624074431,50.01239353241369,106.89736150038313
226.5094285264677,4.033484880126176,53.18978879677998,12.137433134186026,50.112208406053284,93.30826747799001,230.61282875433744,1.6066598931556109,40.962669241352614,8.814788697733086,50.02196354667113,105.26361962072176,232.20128264813508,2.096009842068107,57.18440309169439,8.732029357870884,50.03486080685443,97.45854083054724,229.83191143344305,-3.7063984342519927,55.736424712008635,6.036582818778213,49.98321932137346,94.76538086389722,232.24290832175603,3.9440905155652546,44.74625601818671,12.70387163955423,50.06790517501525,95.12141967228433,228.6876876449621,-2.7431127261332033,48.85090200305288,10.650614152979333,49.92283057223343,98.28213545425473,231.0930943857104,0.13317764558178924,49.746007425933136,11.116742611964792,49.926583446128966,102.71116878113487,232.53397878912878,0.9638420733314241,45.99994334400421,12.962514275846242,50.05761580038723,107.51658362321353,231.32857564010223,3.131779226232742,53.571195456221616,10.81425974373328,49.99106584199758,95.0999244712382
227.09116117818047,-6.9559019221764125,52.29770274556674,7.8129582764944825,50.06093561201614,92.43897889334096,231.77555430370893,-1.7035597251027959,49.59789192495638,9.416130639640864,49.9818786579507,92.80491147425421,229.4167817282179,-0.0731335982441661,62.29773395214819,10.431754211473311,50.04259511532077,94.75262910408678,229.19552038213953,-5.560199575429989,47.02618871352731,9.960697508801621,49.986577328407485,107.36374349942525,229.18862129833693,-3.6154847072315786,44.634500310235595,11.721502920815663,49.995587171015565,103.01209528225499,227.2003691583631,-0.6381742039086623,47.47323296579022,11.070544317714038,49.881822362109865,105.62778263552036,230.47459467030072,2.5023399727575564,47.90755936706573,10.88973644876572,50.02737075598495,99.85901764256108,228.8651193392974,2.1591872068440945,55.69957450720161,9.694114570844807,49.97196867375648,99.68500641892416,231.4922613400873,-0.04293575314871531,46.81041719315361,7.5928907271040105,50.0052412880824,108.10855383690851
231.1814242527319,-0.22829045304927756,51.23921142467378,8.708659193640491,49.973123318775734,95.015516375711,227.31490779661058,-3.8709429759608502,55.54809956805843,11.16412635716614,50.053053012837175,95.42158607527429,227.65579733377962,9.705084991613864,54.30255279495246,9.903067645119608,50.00773189820246,95.9846774531853,227.00425864198073,1.870186383190766,41.17269954312485,10.83253831719705,49.9427877896472,99.54961262846145,228.10249860083144,1.2817445211648293,53.52977719272554,9.281770870291307,49.97799821804442,97.74424915501702,228.9132327389403,-0.23544093210332878,55.92301491599722,13.51183275111819,50.02292626962966,103.39652856111407,231.7011895843481,-0.30535870915065405,53.05665622552921,11.329114078971937,50.08791841213261,103.26682461592138,232.30969198567112,7.167460016259467,52.81337638962983,10.02047623573004,49.99766525011359,101.4475373601228,228.45005217138336,4.158819828434976,47.43210819053855,6.636120235811,49.87940437369206,97.47935304118458
230.09592325653708,-2.231364631253049,51.12536273229651,8.484710618689759,50.01072246684091,105.91650303626001,233.264541770198,11.280763454565907,45.26804174237311,10.0766243170017,50.03497277188623,99.93050879166638,230.4921300825792,-7.478570519955121,50.0473279633925,11.422017344475915,49.935287551436396,106.14876410959697,229.4569377170027,0.7054298538708308,52.408907978493104,10.435129611380649,49.914931749736276,91.41625026434902,226.77525640347636,-6.817411143149352,57.82970823787524,11.184848196427716,50.12809020830774,90.48756283102013,233.6597614603448,-6.43900949847178,47.989285102358984,11.0844250469872,50.0945232678668,98.04538777710846,230.20770830876765,-7.374978945902717,51.47092728101169,8.741838357889689,49.99865632627451,101.64546090497139,228.40954309374624,5.703773335522869,47.363514803113134,5.552730919876172,49.93694904215801,106.46185921543893,230.66968132586686,-6.355742831616751,43.36171058098971,8.197326285730382,50.04501963468531,107.09805275456817
228.32652471357906,-7.2539504548669616,45.825159653788894,7.291965824819988,49.9027222927636,95.20039454778912,229.98387205212842,-8.666352733449529,52.63962675675505,8.01306172249769,49.995813359075115,92.86688118880429,230.8731610170207,-3.4093282204055892,53.33635712528479,13.807680670081625,49.90122889559177,105.45544069323489,231.27358401308763,-8.721079376517963,44.7406379135644,13.548800089663139,50.019215185248875,100.32021993729636,229.81258674431126,0.04893722556007781,51.49392145034975,12.28976535307967,50.01806774944455,103.15868727910028,231.44113061881524,-1.693172087834158,52.38508205047088,11.374084501970756,50.07051552142542,95.02205358499158,234.36162363337357,0.20525460173087096,49.11551324884946,11.559028507293045,49.95845374568672,102.2881549367998,234.98397483229493,-2.31967111788059,49.50991297207296,5.01871045217599,49.9619287941302,99.9297078836185,229.07836269137445,3.998542927676538,46.916516870228065,7.400930489766385,50.010998933291766,98.48242588962063
228.4988406765543,4.709348445047515,55.88953357188688,10.233413745081045,49.95496955451724,93.9597324608667,228.48002548710414,-10.374649137511264,46.06252261640961,8.074967463398261,49.95144965029811,100.6119596051603,231.26348203161714,-0.9103168307522962,47.40143972151429,10.76306356589718,50.02187766377512,97.44665041906805,231.74131673459277,3.4743696662773886,45.249705277430316,8.486006414457915,50.06620493289606,96.40737546997654,229.59293054565416,4.845155965522668,55.92150941826645,10.225579806326405,50.035307250907884,104.04540901096847,228.09569080924535,-1.8625440133602265,44.67773612903491,8.545025677467804,50.077396758712474,91.83366478257814,228.74151115744345,1.9873087200577473,43.44063003004007,10.85818951203336,50.03361513674097,97.27946817623908,231.09202854737345,-9.186990570568346,52.499765300439805,12.197412863768811,49.95499783322041,104.38378227499973,226.46647052324346,-3.106719983493057,48.02986280325239,9.27657392331867,49.942017431391186,103.29199508330933
231.74547619186225,3.328991448295045,45.5715011761112,11.303126884643067,50.050662828776986,103.98422079007389,231.9682945086788,-3.029415407625451,50.54915180656028,7.167557120546803,50.02062506735269,98.06726977033694,228.71485276903502,-5.165421010215243,47.64518944624834,9.011723506644678,49.942389826556,102.01135214404917,229.941457837369,5.113158480569396,48.160533767324566,9.285970880046637,50.00746862083362,97.69808143646588,232.73039028650922,5.497558061243392,55.512024299049585,5.877913327952501,49.97070865165321,107.047208550514,230.94839997046105,4.654178303039195,56.1424997919005,13.487146941068023,49.97845028451903,93.88226020289817,231.68606741354387,-1.23444471939887,50.09118593547976,11.72638116304787,49.975902193192404,96.96019781785202,228.4140734132189,-2.6326108404886526,57.133971911995005,12.749099198511043,49.976297600179365,92.61886289464606,230.69815979484477,-2.7853546333662234,44.078299905395625,12.029097037343922,50.04384595562076,92.75056463497084
231.55977765312036,1.9105478626220986,47.28766358306962,10.573539603632746,49.96778937831321,87.0626676160861,233.0141532879543,-2.0628064797137795,47.58170829925109,6.816376535981961,50.04399259201833,103.7910942878295,231.79018922043494,8.050914375871285,53.72159108979555,10.472780490102847,50.04091343241748,108.90544047801205,229.59940018733386,8.889543145809167,52.500270097334855,8.757673254113586,49.99225862553313,100.09154725189053,228.75291576340183,1.9394906825039504,36.49354756531799,11.763015251412952,49.97167891547333,99.57787889828077,232.6464521797273,-6.85594681990097,45.4922241915766,10.169146047411926,50.083835019450866,93.54547784620743,229.06535909067892,-4.423285823488313,56.552069728125815,9.950093156881753,49.99691616716365,97.97762834865193,235.32665478185243,3.2139716735931674,48.65227984759579,11.660379997608135,49.999375551430184,104.9519673489513,231.424409226951,-6.824673382460043,46.784507633526076,13.268442179885028,49.99725871473215,101.63757163771609
229.36093142786422,-1.9148534293634547,48.47269392831966,8.784764553515124,50.009317268998885,100.10183630378765,226.6760252069726,4.71181977966528,56.287631203055746,11.524195287274656,49.94894248839613,100.83652139574349,227.02001026814094,3.5479330321296043,46.92407855559276,11.483173884904215,50.005180394940226,106.89950043530307,228.58762447805168,-3.2646383090034297,42.999396114720255,11.686879411106771,49.92767734493216,106.32189998755027,228.9761965772544,-1.6230929502045441,46.67984408639812,10.748177475630317,49.95992774579808,94.82542126890004,232.9896434050776,3.812758313459156,46.327356135571264,11.310228783180918,49.916518701964904,98.49520883362575,225.35715285597936,4.49688017293883,46.09513906200589,8.062472704037221,49.98076446738768,105.88933711067739,232.5093969208685,-13.278199519573867,44.74069892767693,7.116772058483776,50.084586014854345,112.49543203628077,230.8870050634915,-0.7697559853303332,45.24756449026095,9.89794867059925,49.97068212553163,103.69441508982216
225.40619519788805,6.8403869564263236,48.37414009355859,6.798406685586156,49.94162011886096,101.08293286422867,231.3581583264438,2.8402613136325923,60.34934113925718,12.780284687262421,49.96493393870872,103.4872722683949,228.49621625601537,-4.025641550408819,47.46687181538295,7.763982653780255,50.04712997537341,101.79780905360111,231.0306032632132,-12.633740952137682,54.08123651815397,11.353456050705496,50.003516528308815,93.76143025043636,231.16218058565283,1.2028122846880065,54.21106445266059,10.089010756041812,50.0581215232432,99.85357071244546,230.54112637166693,12.53223544830015,48.191217842312625,10.502446352897044,50.04138248528273,101.19942599663858,227.58011192092934,-4.32399174859918,51.867834391255855,12.53618202591574,49.94564085089214,103.05299648730693,229.34543784844513,3.780436778837162,51.62771239177594,9.32278796834373,49.91775522895791,98.28326688330841,226.41435039075782,2.9208846357539624,45.15800676494196,9.419426191104735,50.01891502663678,100.17764601546631
229.55834317814453,-0.01201574616316808,52.57486957327945,10.389761319130264,50.001908147434094,104.86950277942061,231.2117406896429,7.925428226812463,38.80605333544224,10.106553458354826,50.07244601512294,96.15668660130879,231.7454689386849,4.446194623566556,48.68957654279751,8.315652723522216,50.038190512071,103.00083521109448,231.46472866829978,-5.86798867912815,46.96936488713246,11.486304699507443,50.00730508481466,107.6282792862427,230.45634765820756,-9.277625854809449,52.17949555519714,13.106575426150036,50.007463915155704,101.31508941048811,230.27306460220655,-1.5172134702312203,46.59277507817542,6.4531852690632405,49.94992739657085,102.99152550453093,228.88077227583344,-2.8408761230641955,50.79815733397172,5.699075917545926,50.08089183923525,104.70048687397511,232.64072389039475,-3.2853076638315764,46.6594640817403,12.61245708531413,50.002788284659346,99.88867677700905,231.64507086552982,2.6511840472797172,45.22535655929181,7.642379072101363,49.97228411288312,99.57488782603113
228.56703239465355,-0.7125373400952206,50.79988996276442,10.279126948051488,50.004006759852125,94.75915958023484,233.69880959468765,1.8958055252457753,54.600988497511906,9.138562647021311,50.039919981324324,95.40202566869911,232.39256592621282,-2.494109111322863,56.26678766912088,12.274899737980808,50.08050094913678,104.248775130772,226.0380037517434,1.805329636985307,49.768830811455466,11.977219814366173,49.99733936001947,104.47829886426358,233.96182694195574,6.156943626808335,47.606848586935165,9.936643345000437,49.990546545736244,104.44337532016854,229.37922051640467,1.0503607148391512,56.44798035452725,13.408349527814238,49.97854405149716,94.47785480551424,230.63747966601167,-6.440877368461716,40.43932141049959,9.754152118240855,50.03586057612381,98.57872602191254,229.53790915000133,-0.5621633836488495,60.01252210963768,7.713791867404428,50.112709528561666,99.40948565880596,231.27138827758094,1.2153343136228627,37.84571843034492,8.95531873133616,50.089446818811275,97.26554610377298
231.97155361964968,0.37835601325734886,45.50812829235493,8.515606524740074,49.9926180166684,95.52946234571144,232.42243804468268,-0.057673312453278905,51.20144317627773,14.332168989684401,49.980871426772445,102.23837556885309,229.96472789264308,-2.0029980980764757,49.144162886374744,14.562801582501141,50.06551944325935,96.94288647073131,230.5380414220559,-2.52979131719872,39.76972001942609,11.491818653893498,50.045045329495196,96.87019372383656,226.29933004956487,3.518033350787518,54.42264254044862,13.724350286967269,49.95641214366273,101.09407513055802,228.8143219486203,-5.338950609713993,59.115622907450295,9.450245161766405,50.00169859274992,99.81470792746804,228.03928127554786,10.230116966959311,51.245294457470976,10.249087910459151,50.03829895218987,93.77702627239066,230.5395522524867,8.193271587351337,49.22795428655322,10.978665884473239,49.92482979162383,98.76112002239374,225.22662780718278,14.324149351183147,44.41057648416842,10.572619591101269,50.06698121387198,83.93565386967674
231.74553964083364,12.832027641489292,43.73810762763071,7.737323511569324,49.95913377586288,89.81235585050648,229.5771409285448,2.7589432079890064,51.22073681384475,11.928930718408097,49.93302108558997,99.9085579443133,230.70945650046144,4.352611382007967,53.60845717003582,8.659535780214949,50.03981678233483,101.81075320412425,228.17523307996925,0.3899899307590333,54.90069694381927,14.314959057681996,50.093738821315206,98.49717291987281,229.79183095725233,0.011392378872632943,39.698445417020814,10.891608107415973,49.98564118737841,97.10201300796929,228.96115742227425,9.725351426589516,48.83809314433642,9.039800300741817,49.94681619887583,97.69743140402315,233.51817065206745,-3.274611051906726,52.69740972381989,12.140932730951146,49.90312685003388,103.97504675179101,226.68582555379908,11.018922342705439,49.83479396245061,13.440474106235465,50.040109140953525,98.42988214396007,228.74236732427823,0.768119527507745,55.70130192108232,13.863392158374108,50.016145187303444,103.34359429764679
230.0578145638425,0.16041854776968098,42.956964416863514,10.638584955085971,49.971955805057924,96.52760506771025,230.12023515941755,4.639405554798053,52.508646478949544,9.100392181542922,50.040676478784754,98.24490159367049,227.70461757395336,5.555767317873324,56.179263792115634,9.334702354717832,49.97872469262231,96.78177320590383,231.53769621496576,5.03078064994042,48.17616275131652,9.940856480372325,50.01823295500291,94.54582248559531,229.61556927513445,-9.538207240707685,46.01494432357639,6.450883507124258,50.01028115473735,100.8000787137949,229.58452872166617,4.010941323003125,43.31718494780879,9.55456595565398,50.000644568949845,100.5797186852392,228.76107858725655,2.399215951327401,48.77972379938391,7.149501212344157,49.961648705833085,97.61485738443606,230.84231738201052,12.132197867854291,46.601622810333026,14.632152936535686,50.0652099955045,100.51842595784993,229.4755682892335,-3.638083405899772,52.57841164456309,11.662704085506645,49.97440141000584,105.52463349081343
229.37027551999,4.819668470935193,50.222356728951766,9.338958635111965,50.0391627544933,102.01464453095024,228.44018549077322,-1.951517342271298,46.38399639217006,9.367168476578925,50.04801346287863,107.65401050219602,228.45412906283562,-2.1435937482024494,55.8940570225609,10.818619977411803,49.974114967022814,101.50223477291408,227.646342013434,-8.577965223199847,52.72906447298307,12.067744707303092,50.1319165442261,102.52081470551899,228.59310364702648,-4.475705728911757,45.26356674685819,9.33870849938945,50.00887842123539,100.13203777951254,232.93341530383782,-4.606311382283041,44.64134867428106,9.974411279364121,49.9681277017859,109.36756099769843,229.04954770290573,0.7045806830404286,43.19349337644923,9.770386775090762,49.93440694371637,99.63490883816615,230.5219157979574,8.29530719815298,50.126278661469804,7.398072607466963,50.06737332118464,106.04748988439682,231.07910194452458,1.8679472675196256,46.1099352279169,10.730794706103477,50.0106063088053,96.60790239178456
227.9098109874808,0.24627325622696136,42.15767289515467,11.30751189824521,49.92537181228549,103.60591885198794,229.37121898563223,-7.143316320151557,46.3672693687677,10.438230552240475,49.996501552493434,99.33710922554405,233.78982230251796,8.76222091027872,53.41020732973668,7.029414552682045,50.08592542515334,95.79368397820775,232.99054696545295,0.495310923311552,60.96751284544018,6.167158305643983,50.072173526981665,100.13732293106051,230.60276787682858,-2.6704864636847074,54.60925670003945,7.781527745685125,49.94981180811356,102.4286973156521,234.54446341209794,-6.613840852372034,49.59637190442507,8.571917153457374,49.900055516773655,101.41891622163382,226.54667352132375,-13.142978863218637,53.83242388090051,7.508979699119632,50.08207744163471,113.43212524273582,229.52512499700268,-11.074147905744473,54.12716011635362,4.783995269286582,49.916016659892165,94.57719383625789,230.17850413149148,-7.4282664983927145,44.68186962874207,8.134665411409257,49.971527458757286,99.08046865666732
229.92977148037278,0.38052196963391455,56.16059993207957,12.918018281780284,50.060106847986034,103.66617249276028,229.51494409323828,4.349208162098568,52.39331080063102,9.970513569225082,50.00500471432383,95.60359525221382,229.9898652559065,-2.28601458386961,41.98048941686919,9.095051481834652,50.02319591144781,103.56450432554512,230.45807604672095,2.7305998928317807,41.69432954087007,11.379298237580251,50.01226609570646,112.01365772932077,229.7491503831553,11.068760162586983,46.646485898343855,12.551218576098144,50.00749932762969,102.82070548249342,230.17055882851758,-0.09608433486408235,56.26242929033507,8.561744780003597,50.05981763654837,103.93696083240917,228.0505778784508,6.865825947637408,40.74211053006756,11.038633969732006,50.04712713324179,98.77833547920326,229.52203595432198,-3.3585285049035067,39.28860020364705,8.796627973084302,49.982589213196974,100.55473995714651,227.0813306949876,-7.9490662290823755,55.990479702784825,8.970698052301595,50.036397227771914,104.33064154610877
227.91850885920562,8.891711366912448,48.376025068715386,9.190279630241108,49.96939331487549,103.77714291247224,229.50501617469237,1.2868449465636809,50.01446141670025,11.136774089403122,50.031402628469685,99.92229214818612,231.700321899951,0.9912471328400495,39.864433804484996,11.343768730492656,49.91576333449202,104.40638104285088,232.13683175491974,2.3525005384706517,58.23867248092042,10.273235928114648,49.98994819398657,96.52671730116575,228.84586734161346,6.1418354214432815,56.13459189890986,11.243514875203818,50.0010161451488,107.79250894463772,227.9017326722364,1.7966418794414485,53.91225937323755,6.4306020012810485,50.0197381903464,100.78497902851754,230.2030842799014,-6.462579172272594,51.15954784327859,11.00664012381325,49.958962225281205,102.62224317318783,228.2215339781322,6.670319650088162,53.918447648027104,13.428616128584055,49.94850624634027,108.11136103063683,227.40753208673667,9.525045128334158,56.964791163474395,9.586238844365141,50.00907837707788,97.9105943341679
230.11040167075961,1.957500278223883,52.959551007945954,9.576241638188138,49.99552488508992,98.2539359615545,229.58098755880482,0.16805396114261584,58.459873635117305,12.484541911024689,49.941624985952345,95.4176934429259,230.13254074447147,1.9183195733460492,38.500741502288044,9.616804670429275,49.936803385082506,95.18288620544628,232.58667100258998,-11.238780323504994,51.410367228578465,9.141287144655115,49.98823045733694,93.59789262343162,226.5474466961504,-0.5747087277688808,48.5092049958028,9.502527792285614,50.04360080399525,106.42041354082495,229.74834433584428,-4.176196430373552,52.95739045468908,8.408382506861733,50.00013378128998,106.06375618120403,232.1119446312172,7.248574823328328,52.227154913643794,9.516823911313116,49.9956522015044,97.12928374715352,225.93565323758142,5.487203351656928,53.9496853911709,9.071572743439958,49.94210040064035,101.57834508196088,232.1806576064608,-4.814807569165166,51.49056821472188,8.791310737083684,49.977042323169435,99.37889644576411
229.35996863986892,-7.63726640755784,55.754174007821874,13.867901823097771,49.96811116422819,101.43788754718898,230.31047029942553,-1.222391199096871,51.864372637388755,11.727402100097423,50.0155741585706,101.25902832852566,231.8718006249228,-1.5150918254280885,37.9992619501887,6.818877378858025,49.93473533509228,96.29535343320727,227.7810662675843,-1.9286350962080046,44.49632709072235,10.543233756046492,49.979750095358256,101.08205176131186,227.0725302873302,-3.549933841326689,57.51349289795655,10.165214710604866,50.07949814141694,96.91506162817507,227.57319404656582,-2.8710657981991625,47.95114640560961,10.426197052324822,50.00337634270085,102.91663966639732,226.41701460806857,0.19619419075170008,49.71102611543319,9.470321119831361,49.97297224099841,103.64248986818617,232.89244898013777,1.235347102606217,49.52455579358758,8.258051339725517,49.989813093978235,87.9952119169757,233.5598570382432,-2.889678283218371,51.49786902108879,10.179889923687362,49.97147586323197,92.22944797139033
228.21945294439124,1.9131962624145822,53.267199891420816,9.911868362594932,49.99605816680363,96.411388763541,230.1757744551881,-3.1836812493305446,50.68523194999297,11.91586151019925,49.95199042596935,102.8175318615443,227.79328033416783,2.5458373198016226,51.820048300877524,11.410744905569123,49.998764954248806,89.58417627814893,231.67854141343847,-2.8211486583258676,55.51100633369249,10.599096671018422,49.994079142993456,100.95572344286055,231.5202054321404,-0.5577449878146817,58.05897101887267,14.976980334372955,49.97654372438344,99.58189433316211,229.50486900980027,-2.245190756671425,45.18112154867706,9.725452446833533,50.04592207260599,105.85366432995761,231.99220424929945,-2.7913765111054527,48.23042674070922,9.373567480778581,49.947506794758816,102.80130542283338,229.0985891049804,5.107240820641619,46.89859396767579,10.790975962826044,49.90687787515894,108.71952674684368,234.51652082366556,-3.8999929397810797,48.8477281648659,8.438785471105561,49.90950970754979,98.76048471104501
231.3497355187671,9.189816296300807,42.669480783351844,8.769217715492552,49.959038669243924,98.85826998149918,225.86671905093777,-7.537453776027073,49.058734951343354,10.328453201169989,49.98529917822802,98.62023019008988,228.24763562519624,-5.529295194172901,60.52139510250361,10.9916018980201,50.017632953904084,96.30535436535659,231.15167308881655,3.187322867696545,54.27856558892938,9.958281825762093,49.932377672623694,102.42916262792062,231.01548134614987,-4.473269397266612,49.0227724499553,5.24762392223011,49.966438783901005,91.17813696183782,231.95853334158195,-3.25856206358133,53.27599837427226,9.880731820329398,49.970643078152904,89.84492690788767,228.81479459002279,-8.178356240855194,50.585522199340545,9.672698000239084,49.94946317106757,95.19209819134764,227.40284484716764,0.17059708945976265,54.47963866965576,11.64101522559176,49.95119412388059,92.92565827270116,230.6363400275134,-8.157195310671202,50.41706451666448,13.172783271673786,50.04315501458813,106.79057792844814
230.81022635013474,10.049766735280103,49.203152252233025,10.250305828952543,50.07489081661402,103.87986247749029,230.46163842610864,10.297162533863968,53.350457314935504,9.399174442764254,50.09001233437215,92.11719106435027,229.78668104117565,2.5513203336652674,46.35174808758967,11.316034598878385,50.03797253916481,95.15905797194803,230.2338840499365,-1.2788856028936058,58.335544805008794,14.726323770302475,49.99897585495818,97.837121965303,227.41627108393223,-2.7943408812454704,55.98222735987805,9.610913930086225,50.05030920525522,102.46200694836851,228.5569188867409,-8.601780944172768,53.06964574119696,10.557628992118694,50.00165894726195,103.18689732325305,230.14973667963116,0.5280844704209482,49.49663527548456,4.828764932977756,49.967357028248024,98.41115738958011,229.27083940669536,-2.04851094936252,53.51588794118658,9.072784496311467,49.935182928941416,98.55977796685079,227.26386460638003,-1.3861805010929844,59.92903034410367,8.03551468501583,49.927659358811624,97.44641885656989
230.70129788243852,-12.127347290203357,51.642792107792026,8.380774585354816,49.9550992172718,102.88013345632602,228.90898501824967,6.868044407483223,49.33278519195235,6.620107847709791,50.00095474432926,104.19012487455728,231.13009447941732,-4.833935710077327,64.89248069430701,11.911705672997297,50.06472857413823,103.47137217164588,230.01177633216858,0.314174635884184,53.75344348941286,8.952909977928783,49.94746460005328,106.61485637906438,231.17213152635244,-5.817519042353116,50.83185679539243,7.659004427251063,50.01828236389193,94.37348802186584,229.5212389641399,-6.607940694286847,50.7802238948978,10.458255563386102,50.04429899279197,93.16614764588316,232.12043994205385,-3.5414257860400427,42.41864052447079,8.140938021366363,49.93258830985718,110.59477205794481,231.92396293076732,-0.013941538126573031,52.845439316301174,6.901705965742918,49.988255463146515,104.25872716715229,229.82436600259288,0.07275726860098075,50.43900928728148,5.8571028019642295,50.025443268946475,102.29164264312979
232.37567858435634,4.020312707077996,43.92722556516241,8.978547755713969,50.07102727587465,92.07004592264786,230.3665021404934,2.089628976431267,53.3178012868448,8.561475174319256,49.96772183192815,94.75877184659986,229.9498523444726,8.382049555073674,57.858088296636005,8.979336450194541,49.97479654641252,100.62401600196165,231.71185476172576,2.4272793848348746,50.74070540454245,11.903367434624169,49.89754960158907,92.2001255954233,224.33276492217266,4.214354053169332,53.57262120640504,9.174469481239681,49.99320981988551,95.6602203451571,228.91545722098454,2.2537517953008543,51.73754593129597,9.678191724897658,50.0397392855085,98.97864359164255,232.04787042244095,-7.7479825175503345,56.67278652217986,9.248992976441784,49.986121903472615,99.80036176378563,230.52018905028768,3.091054242044904,44.103305288033084,10.48054069004471,49.92287376408212,90.8006896536881,230.29397379915628,-6.288920508379601,59.19326456315531,11.041904037028877,49.98191335647872,102.38670027391044
230.21830224702674,-1.734482527480474,42.85964974784661,11.586249169384468,49.987177518146254,99.7923363870165,229.70464249520637,-1.337441941782567,44.55022236117823,8.99853629266318,49.920071828700124,103.54741517075482,229.0560294389411,0.9516719617180913,50.98801165535389,9.405716809512963,50.0289514379341,92.73210537952744,231.56944849917934,-4.030357086853873,52.788762324492424,8.496210164970579,49.96033536396317,95.260299254133,226.7113086195034,7.602999387159493,55.97317562864964,10.571898666196995,50.028592223842644,97.35151867620091,230.20809014445624,-5.874627750557523,51.97377504474733,10.670400398638737,50.01311637405484,97.13879249734795,231.2954108929595,4.421232285723197,42.22128318887706,13.008117095565375,50.02338127482842,95.22466529067232,229.86201884444733,-1.8854408163404914,52.31645112245828,10.44702982892153,50.01181345960355,96.19544574454386,228.47770211072265,1.0343218650365706,49.64041703879519,10.349150501293654,50.04647288262812,96.5167521592043
230.38294293775343,3.996458058832486,43.93541873574826,10.816899690930567,49.939924641514814,101.47636194293149,230.6303517357736,4.453556709384044,46.10710781395665,10.182068052359403,50.01125228511521,98.04733558149597,234.48282758369592,-1.6920197302286346,59.177904115624614,10.822609859784105,49.98042717955374,105.21125318905669,229.0446002748728,-3.164742624134945,45.670874826889474,13.71390781741493,49.940736204734,94.85466501536528,230.56337911468026,6.756824197000192,60.15075080330602,12.632314218959351,49.981001332055385,108.39534168286578,227.5085257983967,-1.2768929106826854,48.2671291264751,11.011042811135027,49.913683863693166,97.01883349790172,228.9852135064118,-3.092794942879235,54.64434816908476,11.101349496671762,50.015034883846326,103.70681734084727,232.85515928736928,0.4612019967724592,51.788321366952026,6.229563318230201,50.05265497839508,106.57011524403275,227.7857044423299,-0.445433646706069,51.43386751485047,11.03478890663505,49.979022133718864,103.68082823610649
229.9972505505817,0.013726154524773305,52.272079282472866,11.885978137652494,50.0724025083072,106.21322922960965,229.72116832931755,1.960848860991594,51.97260945973337,10.600856388184742,50.06711636645466,100.40345107154052,230.84600346739407,2.959714813098309,56.09467048683503,12.782339440335544,49.95792066508132,107.99544956914148,232.3298151804662,-2.7185647033463924,50.537725564855606,10.799809653204033,50.04599905484053,100.00704067422735,230.85270969819325,-2.504611006803291,40.34697349548083,11.35574060454186,50.01957580732318,94.47789842533349,229.7032242486569,4.837283677832146,55.981237773873275,7.17968102300234,50.00270916090698,103.23291717899815,230.33648381114344,-0.9199954890423013,49.86232950190512,12.239275007004673,50.04722360958405,98.98052228776686,231.67863636964174,4.828188612794239,50.49630936274609,10.731806889952939,50.004345087991965,104.57973672198355,229.54127610728082,-3.4269945436103777,52.54845110602861,8.860372535291596,49.97765006592409,100.4943540338219
232.09435863700736,5.031338502743779,60.61051987685278,11.917110189815858,50.0003095419095,103.0772742404685,229.11451120845703,-6.6219163151116405,50.0983423622284,10.35535228887391,49.98399685618285,102.68691800729366,229.7487052707774,2.812099267048601,51.695821306145945,9.357022200757276,49.98816350013485,96.6429918345667,228.12283302572953,3.575794335804962,43.05418812600961,9.855133268175088,49.985895242752285,93.01807358820719,233.03730408666942,3.732777231826432,54.85624722737322,12.099996494266941,49.96244463034251,97.38246861044557,233.5901461411216,-0.18664298641150745,52.63275508823098,8.408585259028627,50.01784120416389,102.51553177227788,230.14706156581545,-8.94256731280929,51.96306407523864,12.795135479392412,50.04673511538701,100.30151038854011,229.61106143304534,0.039384096971160604,52.46565590484065,6.91773891344755,50.03553049270185,105.99981807955062,229.87443885264764,-3.1462566665085423,55.894909374334986,13.141288211176224,49.99826051678329,99.25175885574569
232.7948489779345,-2.651950294887864,46.042716197167515,5.927428858803279,49.95748009629543,95.4111708286636,232.3843763066581,-1.7501680072083834,51.22686748277803,9.528450867143256,50.13846554752809,99.43313714518888,230.08039448843058,-2.2609914201159254,47.39992317744861,12.182763423196903,49.95241024558887,114.31825497690072,228.5099571060264,-3.57277180629964,48.74697453011642,10.145010361005316,49.96462530928389,99.85411209743029,230.79575589592835,4.367360459401794,39.803773491195216,10.32643503129887,49.96977887118119,99.0085988196408,233.7710106297735,-0.6930701007848477,52.71760410045489,8.009096049939533,50.05366315238673,95.3041077832659,226.30938765488486,-2.285288487114797,50.04062064923303,13.733789202073828,49.98073418364822,100.96221053607105,227.47290674662486,9.942512718228512,48.03239629301738,9.049844476042104,50.02923145887759,104.00948456689198,233.0566944108899,-9.989355969490031,37.414409478442884,11.276171932233986,49.99059547122311,90.47165549199408
228.4355653343334,0.3076041086011636,53.112912926504514,8.879483324575132,49.94900143846528,104.1602261972137,227.81693562010585,-0.7201322909326806,49.4564422786494,6.056450284989619,49.99935538042391,105.39445490452323,232.48080248909153,1.9766665822087657,52.53373643194522,7.082540098355033,50.04672906636068,95.36882000425072,229.41249695561612,1.2270039467776335,56.820473571251284,7.97073093475584,49.95254015241969,102.28307416952926,233.9522203835111,-1.9130831381542595,55.99343287447687,11.312244087725015,49.90548445011748,100.77699268947515,231.19235478044374,1.2307574280351103,55.380556555144594,5.55089530841075,49.99667496224633,106.7679967036229,230.9440163064635,-0.07051412607842752,43.64321121927213,11.745896199713398,50.07109827304812,94.99529593437339,228.59526692322783,-1.6081322249222743,57.94443078131212,5.325569397290754,49.99088504490719,106.22357483093438,229.720155163702,3.840685329628326,47.589516397151066,10.219589500842256,50.03370652507648,98.3009571113321
228.48272815319518,-4.8161387066848516,56.747961802119875,11.506871259925246,49.99847929691022,103.80968252457171,231.28481403646666,3.348021332511897,46.82021880486647,9.510588997260319,49.98545909785469,96.6340783405993,230.29318616539038,-1.6528009118318145,50.58913840137496,11.276352759532424,49.98860608674232,97.18297613346483,228.4816614218077,-4.564881513902041,56.30690385992357,12.338027250833685,49.91793856374594,96.4751390881486,225.8593629121438,-0.051045930389792965,54.24052214934002,7.118308108880979,50.0252878675772,110.23779789081694,231.54109757019302,6.45342936779163,50.1169654894943,10.167575929792601,50.084788797783574,103.4220209952801,229.3007031773027,-0.057018993793996,51.497769916011066,10.211740677254145,49.98260742318108,99.60273022964574,228.02399193673895,4.920131365138543,50.229689563153045,9.572611300143272,49.93548097583054,92.09609469066902,230.57349849058173,0.2701440540212036,42.915756714044136,6.089490167836431,50.079244602588474,108.78242492026274
226.9605706804213,-0.018406680243154786,43.12040602534625,14.246677330090728,50.02783529003818,103.92574346888843,231.42333665503645,8.017339695988602,51.424108435195095,10.67369174277341,49.99450705654417,94.20151013546038,232.84295276460816,4.530711291010086,49.91547586486567,11.570868694258508,50.027937668915385,104.73540098711113,228.36965659304155,2.151746404769755,53.475454290991784,11.61787073399176,49.958639079891476,95.15986748590097,229.76635642380188,3.4569359367358627,51.79409415701806,10.742407479424347,50.04367866738354,110.20936343251796,230.4465895830702,-0.9172395302020351,45.46468177415464,9.852354486864758,49.96377633645832,92.25393598709928,229.68449871979843,0.5245675580480547,56.55680460003791,7.985375656542352,49.96980676850975,109.5394374819026,224.92389607491987,-0.12431652610181207,56.08638108877678,10.15981672197902,50.11466884693007,105.16392645730308,227.6701138888659,0.3902066905737806,52.94945496697169,5.7486992679007605,49.9443802898523,88.10456536555722
230.33586454575453,-5.611060365110689,58.91641209214403,10.448324307798854,50.08610421776847,101.66702724641478,229.80558981362384,-4.745993342297765,46.96390772871155,6.327390934505344,49.96166337390013,91.029267301603,231.01720991217255,-7.878251085373124,53.18968532437428,8.223234333113862,50.02028607647364,103.25132445926307,228.5297170447292,-4.793554837537041,50.49946917764372,10.788418254374074,50.03691028037411,100.41412930009504,229.18074473697288,-10.510179617727939,52.79004942221452,9.143942194998887,50.01814907934596,101.8054906542364,229.90123539025365,-10.162879463425647,48.6092765804608,10.799860335538021,49.98315106171334,98.43634888292651,232.10865350896262,-3.1636690989278153,57.69252758906839,11.439269259537744,50.04267993960257,101.31020876565366,230.69943583394436,8.351198464609716,48.479622511996425,12.467723183710497,49.971172585978586,104.62086923632717,228.51205992881899,2.324853896612998,47.16505486122346,10.59489648874528,49.95799876430308,105.28496487638832
234.80897438831747,6.8004191371333755,52.7550717882061,10.16205828128422,50.05575536820594,105.87811381330971,224.87265330124765,-2.893778784333562,47.54526727026745,15.981513435289443,49.997717535776864,97.30947769140252,229.8287004419154,-3.5014091795941855,46.95553209905918,13.995388971622512,49.94162117187457,109.25873435727279,227.52783711712746,-3.6863215197519272,51.475953202418964,10.204910747539062,49.9603910220437,105.96021357270008,228.30475182712914,5.804000504000145,49.09873204095022,11.859807075752064,49.940727053285194,101.38277460545767,230.79675276960967,-7.5682250435599405,52.24177867540997,10.912771024690704,49.97270366701965,99.00420154141975,227.84329547647994,0.5042792516647544,44.612471990663565,6.847832510386652,50.006397954233556,97.14756602266375,229.3741024312189,0.4671415640865696,56.40547859598533,10.00191913977509,49.9852874487587,100.52159786641728,225.80739132615292,-3.8424662697731,52.03210845397824,11.722331112524387,49.990821850746705,102.38417754604679
231.723122688819,5.383258461749389,53.23999909883479,11.098431572987325,49.993580191289425,99.7818733502953,229.1058191761914,4.051242637392164,56.568165464000856,8.695526344774798,49.94515572343784,102.11840225324815,228.90457774711612,-3.4205649900298614,50.773369134112244,8.738612155378192,50.05849150806234,106.45745584275286,230.2651258020225,-3.9877121265715383,52.67006654807904,12.694106960803714,50.035203642679775,104.9926023141001,229.07301481812627,-0.5096213044138986,59.92941744348533,10.821108565026469,50.083122653724864,95.36041542052892,230.0939784494064,-5.729945630593608,49.342216963078364,10.08664590173261,50.035993074134076,97.01060429378543,227.35191943091934,2.808398901457412,42.01201615145256,9.45327965239557,50.004448689565635,96.97232520408848,227.57620849089616,-6.123559009199329,56.38704374745787,9.242736439978314,50.027449408761655,99.89073138954922,230.21777072018307,0.3129315444446595,48.141758755407835,7.9940249091215145,50.121123745800574,99.19741039276461
226.53468306080288,-0.224718895646018,48.24321235673226,8.895574487189473,49.9835380403445,107.97305164316914,230.75166395492457,-1.5643139257217922,48.447228383973915,6.603758984679796,50.06473070818793,104.23766131287539,229.64534171246908,-2.2078239752417828,42.85566956618426,13.28371210170367,49.905947410354344,101.66134459124338,231.399856926255,-7.344296279354085,51.37245210239592,10.291770791204515,49.95860555037203,95.2791954863303,230.81494285821793,4.861061902523016,42.57821249143571,12.566935676660448,50.009952721204534,90.89481762529469,230.3382957390102,-7.047320323824511,44.559496018110536,16.001334543107774,50.02300393546055,102.6207361292035,230.28014087131208,3.738279148544483,48.1060218561316,8.742943245313093,50.10517347998255,101.49384589615099,232.56498804254554,9.455193254594425,49.97040600859829,9.542667677909709,49.99061741575483,102.69321874463924,229.49369299463194,-0.23971529082460136,50.784569255145456,11.045709989229158,49.96442822784332,95.38817216995402
229.86337401779653,4.505725345705816,51.986489309079566,8.188334530160194,49.906537043654524,104.7220836333604,232.2988182076869,4.324218023227154,46.97367084208218,9.814312427481848,50.05048402731025,98.68796939742543,230.87961967777622,-0.6347631526633745,54.20872392699969,5.940719287396408,50.016524523984266,95.05788862959625,230.58116486136072,-1.5994773481922018,46.97801974797054,10.079494683684574,50.002851971434296,95.19399643700066,231.34384130383287,4.561168229997484,52.96125691958764,10.806182530013775,49.9461830546146,100.7977509459091,229.74314011996768,-1.6413109310965515,43.9799952906742,8.871571029900121,49.97595381222554,90.93605890358994,231.3822153461755,-8.230428591964131,57.25257194953266,12.854876190808428,50.10433899585622,97.92833958458012,226.54923295594136,2.3668097602578806,58.237791424392256,10.061385961110595,49.92170949562316,98.1206734823499,230.0486539244283,5.610690658870151,48.09449754746071,9.535218256931683,49.97647687623303,96.83626038787062
226.69310353458226,5.683323701662584,43.12843734697801,9.487077290887601,49.915900993670945,103.83155147574442,229.5531870249981,-5.405512610958372,43.09492198040252,11.176444616005972,49.99430414762402,112.10527799548089,231.15757459221433,4.229010952323619,42.67447217043194,8.861272480415543,50.01556304111499,101.56754320905152,230.78893673497706,0.3581882869032761,56.12631906223134,7.257014783807987,50.017869869107834,99.1981594785741,231.2224737999356,-5.807103400974512,53.63918988108031,9.748365892673643,50.12361440581253,98.36666018349067,233.90248815515426,6.2789538664634295,51.58876877375766,9.67753443958369,50.05174109382167,99.05224849196404,229.51688325700093,13.036228986813345,43.83257672435259,9.974324650528645,50.009972659090344,95.38112532023985,231.4294419656106,-1.8523211065768288,54.82431004941856,12.387096012215878,50.037299110020726,102.16939176972024,229.96515060120177,3.214673695983519,47.500418939032436,10.41958716216583,50.01785120726746,100.7714927138523
231.62998859741694,7.076476626291707,45.7956197920974,9.077244294077829,50.02960389286834,104.04123950194086,228.47419986642305,3.0993848320661304,44.49621667176784,7.486610580153119,50.05076710733201,93.89800321084478,230.38996391551413,3.4759348122502036,61.190424668045075,8.631647784368775,50.023923514546475,99.9582507548685,232.91248374531878,-2.051521245629065,58.33472441970443,9.181585398782872,49.942542277733715,103.8016478954971,228.7933094553466,2.5658681097149767,40.88995984880704,9.606545280828747,50.004843426134975,101.0571694881809,230.34633326516837,-0.18143065734146446,48.67559887959686,10.125349632109815,50.01468455718529,95.52350874860066,228.93401099981932,4.065744175708853,43.41930285080131,7.522463617550146,50.08893978874092,98.40519232671346,230.14555819990386,7.5639117391877155,52.87185825354639,10.157037034975312,50.036962414294635,100.63851074411463,229.6382328997701,-2.187629513705804,47.21649683548107,12.1123534552849,49.99790360080936,102.93771627954057
230.23508206313426,-2.1164875644841654,50.70177897598784,10.894273893281467,49.9932855883461,101.44304403990543,231.18473928877088,-1.8977445418722574,43.97411722074387,10.37071177286719,50.07864772362638,99.17949790802373,227.20032348482306,0.5196859995440302,38.47938114178831,6.963654856259652,49.919897559618256,97.27055977618897,229.99807657743617,-0.5344583067383305,58.32322855277325,11.993977486398975,50.01227639875208,95.77613887435409,230.21062396705963,-3.830584590989327,48.16321025676796,9.087077760657762,49.97612586057335,97.80614374884952,229.2987480450508,1.64342315988821,35.353076443492384,8.86638052480564,49.943050957530986,100.98114938253686,229.52061280232374,0.08573450898472088,46.01811230662027,14.192232971838095,50.07755099268926,98.26339751347282,228.0522381605952,3.895207310077888,56.69108260210094,9.145627665205014,50.05891921307776,98.79620244461933,230.27357728427486,3.435980661765333,54.9218888334046,5.834826576358244,50.00868154049563,103.4522662477016
229.21007854799976,8.186363617260465,54.95583287029824,9.902958288390726,50.028414556581225,105.13862519078336,230.9993649341853,-3.1691251696433183,44.62112407182332,10.530697810745684,50.02088330664102,89.38550426983153,230.6438860346437,5.7305971507160525,53.840059459614785,10.556183580434833,49.93649407425029,102.78174499413362,228.12848612600146,9.392861548704406,55.523125226874434,14.549935254965428,49.9511196343142,98.68048780103513,230.59260954235154,-6.411603371835027,47.29374758002485,10.60943231608879,49.97487908179159,105.36814364627513,233.7809243511616,4.726271521494801,54.97329301587028,8.166996549315575,49.95416723370098,105.37967903858635,228.21746124704782,0.7177822974750767,55.48438242708691,12.459400055240643,50.05592713910812,99.25875245016566,233.52772789815594,-6.577232017994403,52.19209240432878,11.968805191640884,49.976069958675325,93.66233851143012,234.88704879934122,-1.1535817231962597,41.28846318236756,11.256489068951723,50.03929749315968,107.79694705944797
230.45993806829804,-4.639779747181216,56.81459841591774,12.579819900229772,50.09040724591709,103.69056618083644,228.64397143217434,3.290603982691981,47.092561575515816,6.548352527029455,49.97700593195808,96.17569973422357,227.51622805382547,-3.6775447382388156,54.29503062311143,10.137192240011391,50.108482413284975,94.16939487365622,232.40959640338085,9.013119812843343,61.061086438237304,7.599581977300224,49.87693899771449,109.45965910956662,231.8195753585182,3.6068243625491423,55.38874448175933,13.803794575333686,50.11483516498162,99.44874152973571,233.5478535257418,4.659923549483623,57.1520348766553,5.114147598643008,50.000465251109894,100.33340100733007,231.88238667635056,4.165674881719301,44.593521100480444,14.336315945177912,49.99602880940216,103.33572682086762,231.61974810172197,-3.9716842487550963,49.16033022383179,11.047382018835734,50.004701968301276,99.20257549443915,234.567486738575,3.5356225538564914,55.536075785871475,11.98634946221006,49.98333945973141,96.32932604203793
228.96599194776604,2.4488989951981353,47.79983355379771,9.00840818039999,49.92666722647486,99.57057117693788,227.82565041672177,0.12684289842535354,50.71611225825362,7.8206943060751275,50.03278812586142,109.18388479741368,230.83915146662517,0.6254098107467954,60.28767334109097,11.903346900482024,49.928307905680164,102.13384092507454,227.85896217908694,-8.624559016477248,48.318456049870264,13.420792456861152,49.947441466803596,95.68031684325916,230.07273599685462,-6.309524843241629,55.89764570000508,8.034579468377181,50.031705707095995,101.47414712013087,228.9627919210964,5.296308031363118,49.42800502657338,10.629287033089556,49.97514598368845,87.96117601126343,233.23409345440683,-3.404114676313093,49.65991209557025,10.293610685878736,49.96058451447777,97.85817841007234,227.3070540099649,-0.14761309723111898,54.47869142826595,11.185446345401058,50.076283686182556,95.04733526782366,231.27470797178464,4.026874716457865,53.52174779831283,10.15243562616944,49.97500079657049,103.1012808028001
227.35803387797836,-3.5143122387015326,43.7603575343273,8.066489324053832,49.98161671170321,99.49434311751743,230.45442880737508,-9.035845173209479,58.42469802803919,11.235362346796725,50.0647740770865,86.38623424815316,228.324421567679,-0.6457960374092733,42.34960672268393,5.354724916213425,50.037030051328436,96.255073773265,227.2750273487174,-2.83386879533595,50.78203955079593,10.784946547464385,49.98866636114871,100.03826069875173,229.14740119812527,0.8536269404054446,49.74347194645632,7.412944564848499,49.99429664619754,98.84275570925247,230.8513172283861,1.6738542220545227,42.801253402138485,10.0386936853231,49.97347244939747,106.20190779436567,227.2912305961049,-6.138674370312498,50.50975407321542,9.668077899065135,49.8736783700682,93.63262169440223,230.16587371471167,0.6189580167185854,53.08831654409186,11.323546341958071,49.9890177208848,99.50444056839119,232.48366302225145,0.8733677074182629,56.47246726496489,12.307906775076034,50.07600421175515,106.50205194448544
229.52530648318833,-1.8903609817689366,42.7937505217119,8.961010809765662,50.02458481143948,92.1699933916685,230.11732049160722,10.146367777279492,48.488740529486094,11.31289164001533,49.893808475943395,99.71406841764643,228.4419252300408,-0.4076145525891966,61.84992053894358,14.06454931858377,49.97684925489779,101.22791040332828,228.32723067933955,-4.674401032965666,45.758042569682374,8.838546011120346,49.95975051907313,103.47533515249381,230.98549039258882,2.4718406851265713,55.27919565463496,10.894544672436957,49.978911713790225,101.25203062961826,232.53547665756096,3.4857889437161544,53.24256597029736,7.934304796988714,49.95907056156225,98.45868349731873,229.75213489280455,-3.963292983128606,44.04329288838894,10.951776423247852,50.0619933481493,93.79616467316097,232.807680862196,-5.60203894463484,57.36269850546204,10.137793282758679,50.03602588839339,93.30360877116995,230.50141557870572,-2.999491373508114,47.60265698695416,8.38117997493262,50.01059803459156,103.59598593249096
227.99911964952537,3.0817708708795304,57.88561555637053,9.894248807341885,50.039792326459654,98.62380294364765,226.3937710789717,3.5899088004502895,48.59702392649234,6.885957879382102,49.99570217189436,108.05149140386305,230.60158886083542,-0.14133385001915785,50.70475601589972,8.22199026784077,49.99826313105041,106.00567992419019,229.422832554259,-3.6400296118458453,58.1951195128143,10.070772176856,50.018607522232244,90.26040559859169,225.06673341433677,1.136044169177219,53.204259379207976,12.883099368450935,50.01873773506331,99.6152649245405,232.91758767906228,1.7332345277038042,44.128318539126745,9.393095608165972,49.974538753379925,103.49492732996103,229.45016208869387,2.985966665290146,51.36724727034317,10.853765886987416,49.88689639127606,95.96412478152341,231.47629435331717,-2.625323903953003,50.07930123256136,9.778251929724963,49.909545214872935,96.28712936392489,224.86572402288277,-4.8946175066341375,47.87384949296233,8.08419179175736,50.0518649030106,105.05260506522713
229.52756089632373,3.871629517754693,52.64768783509249,8.257194006286827,49.824528562458845,95.07254344908345,224.70709171176392,-1.4312934668515425,48.87219543611113,9.32148151358551,49.93378803265481,92.06797604821756,230.00805043445445,6.929869102894884,50.19109752401021,5.2213618361612495,49.88410721873354,94.10756260490284,229.02814505229645,0.42534256939016524,52.908109590044546,9.475497702226123,50.025950881990134,99.16954009190859,231.4262167360502,0.2780785087172696,50.37504332870447,9.764887469836435,49.961963947906206,95.6192626074704,232.28124465470148,8.621783686866987,44.017154394124745,9.715859657609217,50.044463489437874,99.91980823954466,231.44885190402903,0.8643933952866191,47.10540206593546,8.889149436671023,50.025023566138735,95.44269652662248,230.13549183352484,-3.357068768821798,47.4734219748562,11.25335335673286,49.96140737379189,105.69275348770975,231.16306318886916,-6.8279527403582785,49.56165074380392,8.085341649446047,50.016408493286704,103.70740312663251
226.37768591744924,8.300561554140678,46.962856320287294,9.667346653962698,50.0002909614818,94.08293179811629,230.74743271882818,-6.532242631741796,43.355736498453524,8.098774051109631,50.080997426801076,106.62213452884981,228.18355175448832,-1.0140925432699146,57.53412372308662,10.021017088344594,50.000965719190404,100.97043071058407,233.13652387460436,4.758145897048981,51.79410221050962,7.749579921472088,50.05146898035078,103.45379201881633,228.80667485293588,-2.1459551053605477,51.990615976241514,10.366879130831201,50.05258866626131,102.59488639082167,230.38390597555767,0.6167544616972911,46.31964711366918,7.865564440893403,50.065346776900796,98.78361199004429,230.426998320037,0.26303337065393034,52.824326605326206,9.0797126536903,49.98740231877755,98.27433624338327,230.06525784614223,-2.3668412116623934,48.29715056057452,7.102373952237576,50.059920246602594,109.19426149906265,228.7121097641977,1.6851664700334101,45.49694287767582,14.502655465379952,49.92573330698307,101.22285399796685
226.71281413194794,5.600201000315406,45.985038912190944,14.709712001271765,50.06244788104406,96.30903977551841,228.5481927279797,-2.4423281129338545,56.96800532105519,9.03182051285617,50.02309343328579,102.25778448306171,230.6227319771317,-3.0253555811216275,47.35906945877349,11.337205081956547,50.03531592081564,100.7700386480953,226.8893072232463,1.1881005010207821,49.836569280745465,10.72944101081758,49.91555548910434,110.47052376041796,233.15380004210508,0.291706020733432,55.105458828488935,12.250647669159054,50.00711516055525,89.57488578773237,232.9104539442198,2.7016319215926483,57.41924739671818,12.332894724185843,49.99302923286342,95.03254561872481,229.69588375385766,5.909731804915367,50.82198255156511,11.900252523595274,50.03766385987547,102.22385118341627,231.34164672888346,-6.098528436021819,56.49872786080376,11.100913297852676,50.04165188270167,94.4405276226536,227.59773286398396,1.6408280340105805,48.125244225685385,7.811107560895224,50.005901281792866,101.36205906212334
231.5499059536577,-0.5752941805373899,58.29243692669057,6.386495004731291,50.017523159685894,105.80421657500443,230.85198801736198,0.8591656662003179,54.24166004740403,12.317320706104997,50.05427305706311,101.61240552123621,233.67655350233127,0.006701757660210493,60.19285102986273,10.177628835835137,49.97425820981874,100.71541898739463,229.8057059313504,5.858616240741091,48.25222438396457,10.09263210165415,49.91182101323782,93.12525102950758,231.6221699251706,-3.304611516390174,47.194951911773074,6.763717548847493,49.92757775524837,102.63909829806327,231.278388942877,-6.043792094527772,51.18447930533177,10.863659001647065,50.06186809541687,97.38743261309722,230.24126645549845,-5.804964715783201,60.53985863491027,8.867641106811814,49.968829318427595,94.65188897003796,228.02204712450524,1.6637977196415865,51.84514153052526,12.67235478629547,50.01804978078678,106.01901875022939,227.0717762168462,2.6970552857425782,40.66040113024212,13.579264745645878,50.07545969249734,102.14771557803998
229.9598806067512,3.088253516898194,57.09651150431457,10.161983523516625,49.934154144376876,93.83830862841943,235.334511974879,-0.8790459680178158,45.79889515527653,12.648623847259916,49.978397967835896,103.83642911974071,228.50920126905243,3.0322732539965234,54.65266479633535,12.466522422938281,49.94197110964966,94.01183769533,228.97920793300244,-6.56185569376949,47.742218675531596,7.152070293897426,49.97060952611493,107.32759782446242,227.10376195614884,-11.045944715559415,39.39065338901926,12.116488642895767,49.95247143721845,96.92641647730667,229.2776153029847,-0.6280982207660257,50.477305367260925,10.820727506915722,49.90481460264801,94.90779665539009,230.2828034674941,5.317804890771929,49.51865870211467,9.363320257678073,49.97027759187849,92.29648383033116,229.98275971982278,-0.6227461553742784,56.22196345033953,11.165467063595052,49.941287220521545,103.94784217647725,232.79542964221937,-8.46188273581175,54.19235888756194,12.51161092367271,49.95922232473893,98.42202144025931
234.06434818979196,-1.2124664388543829,45.94933113606457,11.050317536061822,50.06359266916759,102.44043241090615,229.57834475030234,2.345177252338152,55.561735774508755,9.350585015142933,49.95479212891161,103.71299497894198,232.91834902246012,-4.5669505444857865,53.88912272983771,9.71197821213474,49.93126531284017,112.94033923093176,229.0451593053949,3.5207210803995874,43.838240648073395,11.040933765954968,49.9985165808568,100.92132179347021,229.62133608742568,-7.95567751155425,53.47021879907658,7.608925556769091,50.081813418834244,99.77629345544854,228.94805382521372,6.854112321523907,50.92450136038671,11.628475604189504,50.042648618849064,88.5315102778454,228.58263076613432,-1.7572301324382988,41.62355600037728,10.368662172599649,50.03547065666893,93.58487243993169,231.08366708591927,2.6994094423925525,44.61729935564909,8.261143421831491,49.978942067523114,93.11048187312849,231.2292968538326,-3.1931339693186587,45.42231940323525,10.50537610603917,49.94453437257855,100.1005974665157
230.8118417890238,1.0592771580433364,44.975360783581344,9.558370299719286,49.953768850202714,99.61878744634464,227.11312667011623,-4.889951293762583,51.20833167849072,8.98789472341839,50.01785431105858,102.33256845749901,229.16235899710793,0.6542192678522363,48.96835142362025,10.119187570298864,50.06083775125854,103.87761687847176,234.35580664454847,3.1031507648858185,55.128661225890525,7.763581036741609,49.97082982732571,105.78441690005215,230.06183237739032,1.0142940619375644,52.97930657747369,11.159747433999758,50.0020058198895,103.63183284690929,230.9870977248152,-4.712330202840226,50.02602384038119,12.722026865141974,49.95365923628945,99.32964404880897,229.20837507208861,-5.640863613533118,52.70508162083169,8.433350190451748,50.09422478279167,110.87691517126179,230.66063476790842,-0.34405105571070294,59.0175621041996,10.212729138800396,49.932527485107386,100.59689363399099,231.47091537590723,-3.5810077536372646,51.50748531095584,11.772045815981812,50.04478736049683,110.86414279236013
230.17451538305522,-0.19319606891645724,46.46548950022273,10.218664712353444,50.042706398513474,104.44799923937381,234.78023031183503,-3.1782960561518636,49.38773873695918,8.25405598863572,50.01504410130394,106.28811150948576,232.6109007600159,5.168937856470723,49.948748694869565,13.164804324112906,50.05652708367381,98.42057777234777,228.82858632346375,11.04764202446681,49.16168877022164,9.75453753387853,50.031133716495596,91.53937338836384,229.96048817644333,-4.669669898658087,54.61275983607905,11.709932498512163,50.03085305271135,98.94367420750093,229.75878964486796,9.818048391612454,46.14437784616274,10.638873244912432,49.97767121341793,104.22816531593948,228.17396300101507,3.4007715917497734,47.14266157256899,7.9637138843545525,50.00613026691553,99.58201711174775,232.36788833121625,4.118075007021001,45.18006316058958,9.239011280002927,50.00787272981444,103.73929037588584,228.45765931056192,-7.141074854165881,48.56495323243904,9.17908686047723,49.926180739230496,107.76239867086547
232.3089715581335,2.5818953562967764,46.3159457921782,8.156933607331068,50.03473564699057,102.85943402053387,230.9367157432121,3.2117335095666126,53.6463305701059,9.711076681958879,49.98692009434785,93.46607757186412,229.52483023856445,-4.473311003713059,51.30877914478249,11.786858701425784,49.99062292816585,101.25583030623373,228.91466843945426,1.1955797569345887,53.08589655648958,7.539198970976295,49.958230174121546,101.62545223954626,234.6812068182694,3.9104934357078753,41.77449513797471,9.303862901919391,50.00672202424352,100.36543933843905,228.83019244032928,-3.811318204074663,54.25093664543823,8.869050613579413,49.957412761152646,96.962863541165,230.32867487671683,5.190765937088555,57.25180862458773,7.14501161341464,49.98187300490948,103.62574238004699,231.35234097696494,0.31564550446609413,52.30200533932762,8.077577326477122,50.018589260778256,100.8985114725727,229.88524093804898,-6.215193531946665,52.87596131035975,8.635470870529023,49.932627286020995,102.17401446931355
233.30806985336022,-5.592931830286131,50.00282520955215,8.816942568067518,50.003241362897,100.3663543207694,232.12006986302873,8.601973280885948,47.21854694456398,9.710637008674993,50.031099179511585,112.27763336323474,231.97483499101733,-2.321645694907458,48.924308418365754,6.886583562519268,49.99363136030713,113.83952053669974,227.7664674904761,2.3881083248042065,54.622088225303884,13.028207867925143,50.07082497584,102.21581401556934,229.98714602485305,0.6508046027993597,47.99374724372232,8.24199524124424,49.958002255950916,116.83329775022447,228.74103407269038,-0.7008792336390282,55.579806220755415,11.290701127148884,49.9616360772654,102.8424466448666,230.5234582300622,-4.771875712824901,51.18185870422314,10.69509161374157,49.91734310740419,103.51100776150743,232.88983910452714,-3.1958448127120356,61.868030465589186,9.080761346118464,49.92929028160959,103.67231399468513,227.9549222461437,-1.4605799378755142,50.14031981173849,12.746354768460867,50.01501663849409,93.45332398358809
229.2957991143694,3.3484846838901388,41.264959219636616,11.261137543112078,49.971510450812396,100.01749927079564,229.65709787912098,4.388967768023565,53.2432260981055,8.922883824243332,49.974245405353635,94.52274472382877,230.3902737628284,-1.9938373301526469,49.905444387612164,10.26064957040632,50.04151826436064,93.68078378909088,229.59647382973938,1.531738681146284,44.541163824432054,9.997765022954649,50.03564496462311,97.9766072131605,229.04629515269664,-0.2896066824529069,41.39323301021909,12.150667389761747,50.07300962490751,97.8413699122901,227.8678194096877,4.515806787790191,52.53001669958996,5.351006335446903,50.03449864472058,90.96845459529766,230.04326199822518,-1.2428261853527993,43.16512120155537,11.599879624555372,50.001250386697436,86.08516682142164,229.93780913086292,-1.3287646898598215,50.960274102463195,11.887801821477078,49.95428453203756,88.90133745628714,231.15733575769838,-4.285302898306172,52.71297328836321,11.070818947542424,50.039270502546906,90.08137700899006
234.3602699225887,-0.09375194379010812,50.6536324599845,9.60011951026459,50.06525974889004,103.28320684037774,230.0060652462663,8.469170923617552,42.35533708051473,12.854150542841033,49.98750856239624,101.74688549284653,228.26597491215122,3.5102519870696396,51.797388382530784,10.539338735479989,49.984544267144365,103.15761717536932,234.06533401488886,-8.523418352251394,49.15553290660599,9.350380027398174,49.91377694841099,105.61011969990471,231.37638384944896,1.8349952537507521,63.660112735811765,10.699736763629799,50.002135546522176,93.16588390045449,231.21216843659522,-4.122703696567589,42.73961661101227,11.605327089040888,50.05540991056665,104.2744690985245,228.4492994108168,3.954158468952534,51.6185703552802,8.703373915860604,49.949638392953794,101.73453271500301,227.3347863035798,8.742094656946321,50.455900502333,11.85005288368534,49.90001187301818,97.02653658838899,232.74699909240718,2.3145200272071316,56.557292089825566,9.478389171565444,49.964397062339984,103.71879168542735
230.07650978594438,-2.735121311697555,53.728006513130865,9.621943542682178,49.9586054156361,103.16953953767604,232.2006797063439,-4.6906293971572195,49.87801399879773,13.848708085540427,50.01368625991158,91.47193758611125,228.7238810065084,0.2775357114198511,45.738074151439086,11.616050211512952,50.017117934389205,102.8644988265603,231.33633281610818,1.2625514509188256,55.95587812840047,10.970004758876465,49.99645656258303,101.67746593346085,229.08972611749067,7.523687123162955,51.74414635424402,7.101199993713282,50.01533777059716,89.64129396087876,231.17465091070338,-3.3834404716444104,52.20217839524904,4.622164099315834,50.06649956434803,95.92514868532487,231.621624062251,-3.8254982348013256,47.686179479642604,6.4572805865287775,49.943680077070006,112.02791913392954,234.79071836640946,-2.114242741469124,51.08553645884919,10.265489135190252,50.00684514389557,102.37085269815502,230.86576118908667,-1.28883685426347,40.80642269971818,8.329374134127066,49.99319438938634,98.00938153486894
230.2438381571533,-8.919473704052162,51.525920544846855,9.6525059317959,49.96671654577231,104.33993987675854,229.04939421551458,8.212766391107683,46.928683343825575,12.597753781483323,49.8966237809473,94.07116789806628,229.9680772823066,-0.5512445156377793,53.151984442254005,8.2674202021526,50.06841170039861,103.06424810169314,229.14341289076043,-2.94587138648533,51.36888111573982,8.305486063186564,50.05106187342966,93.60373036289778,231.0532114155316,-4.589091423249758,45.00554584076124,12.069979518802578,50.02811911425828,99.32811813771417,225.836540253849,1.747626053953173,53.72897315783756,9.380841754907246,49.986578868865024,99.6898870385184,230.512506664707,-5.451853745372365,50.049856079290834,12.475711826223701,50.041685673011884,99.66557899660077,230.6277594328439,-7.233862865918471,43.03803165948811,9.228169884701776,49.962011545743266,100.5649601261852,231.8476178705151,3.9173120344554424,51.907096151490464,10.610294596159337,50.08694161772292,99.92097700126386
229.61923678852335,-2.6555116509511736,46.4174012178149,9.959593578932202,49.93007642790836,102.74366819837373,229.9665702917409,0.1303334740574004,47.213136094269544,9.791751606834593,49.95518022734281,103.17069773549758,226.8928468245505,2.066899504045508,46.74937030357209,11.175418043680832,50.04528345952317,95.66525520188658,226.61817640430704,1.0737186304418271,53.45956728729091,10.920857461462656,49.94833604817147,97.71889605560354,227.47758676410754,-1.438903970542709,48.24400338242031,9.958272679902457,50.072866877085694,95.7107674779841,232.9904858733445,1.6310118583997235,53.26416566749721,10.754639454151148,50.03986465596771,95.9635916650409,234.22594756420438,-2.689335296320378,43.29852381799118,10.137387180022905,50.047953277979985,100.12980399385285,232.02650368407777,-0.5949701843791845,53.25360928317947,7.783324300200136,49.993380948235924,96.6992314523835,229.03715653121026,-3.2518856718213733,43.397945778700375,12.68199349681419,49.981618543365464,102.18394475839713
227.73708994857822,1.4141732404827714,57.101486024664275,13.371613777288212,50.017743716015005,107.58639250222701,227.586623893838,0.3831916506017857,48.68968476024446,7.0856690378940215,50.04997610107635,101.58059912490263,231.90632970668338,-2.7866975956305313,54.24663919093132,10.93467936129008,50.06766332187208,102.58155501248858,228.4813710190707,-5.537969161483002,44.99536657899474,8.88004703646455,49.925385421673745,100.83960647529597,229.80891199635113,0.6888463595767205,47.874913098901246,7.432534028468298,49.976318126348055,107.10402863641494,228.59053841054182,1.9071479928767188,51.423683480466,9.148755947923828,50.02519457221306,103.77145164933313,229.72940669728723,3.020312935727662,51.40840219935219,6.269406596699584,49.983892616837544,91.15657146335361,230.57703262444915,1.632463592837756,55.88176652654574,12.807505441611637,50.02474225324748,96.97366441356648,232.8877987809258,4.895144444965504,49.80655560225052,9.823639192812346,49.924271540339895,109.6923187624932
228.00641304639325,-3.891689600835485,59.477587661916715,10.326072646973088,50.01505671688146,94.05735869068148,229.4985171138556,1.088231367717172,54.41490785788331,9.295230811343437,49.99326858571839,99.63228209043687,229.79974049136325,6.351726320165402,55.23460225034145,12.576527764598385,50.03570556430796,101.00943232852447,230.47831737422263,1.0666334696428494,46.33489345166187,12.227099839514844,49.973021111475276,100.2362259005641,231.0141876734675,-2.2285796898688446,53.02991997960464,9.10290608899135,50.088985590189985,98.28093982569291,231.21131357479598,5.364469115272488,39.18984528749717,8.096558265341034,49.97861688892914,111.42975927429704,231.16178879860593,2.6259518666240904,51.72045449013702,10.234391687219881,49.92392164520467,100.84634041108201,230.0990393157529,-2.9980675132706662,49.42134821386558,14.211877796875577,50.05336239018787,98.82296655371937,228.54970513405974,2.6031978357287966,52.073870336987994,14.22755743530849,49.977897524147444,106.7496105308101
230.55817035379056,5.9417008331628125,45.34683837230076,11.557766670972697,49.996978405468305,106.28839212757296,229.53582119224475,-0.6600853858222051,49.36751580780544,7.220763763068627,50.01675738977451,102.40573778523671,229.68995512100537,-0.452068253011042,45.455827480743416,10.554286819900156,49.949842235528386,105.14114507540748,228.48118408518218,-4.8361499195418265,45.52344345682687,6.82919480116132,50.060729560439505,95.92240700392932,226.39022682629417,-3.453879163183538,56.00212539711858,7.105997499318508,49.99391428258094,96.67107192842096,229.75064083643218,9.241039146576552,50.926420436932034,10.50376654734416,50.016004705764566,102.06248506589493,231.27912971312549,0.48885444641430137,50.50936998224128,11.004012443287946,49.99299152008594,93.59901652387032,227.389742333397,-1.9041296517330406,48.94355338493738,10.965104212756735,49.92117628894717,95.65323405559613,230.08023071468952,0.6130234783176667,56.46410145011356,12.801538313335309,49.94228250847792,100.50920640711357
227.48037796404626,1.373717453071118,59.338910746161645,9.805150101498343,49.938593616597636,103.45990973901452,227.4823896038723,3.7958296590536107,44.637495675905,8.454846482619843,49.99835152500674,108.57070433480368,232.08348503392858,-1.829188414265329,45.6542306282304,13.360090620721955,50.023673721850145,102.25550307484045,231.0256329776019,-5.7127979590787605,46.41368773653947,7.506247615917102,49.93066326892531,100.87613837706432,229.65724593002142,-6.860229448685105,45.317696454257764,12.561848655966505,50.007809738814636,110.91331934403092,230.2916882364548,-5.322034062968294,49.78705411021118,7.717100953026828,49.9779018248966,96.611315020625,229.70776680952753,4.060413333175578,53.128457488366,7.242308252167492,50.024441331877604,96.98453621699865,231.25043563569807,6.793893819680036,53.67592386602523,8.799538540757187,49.9773833220511,93.5907297237714,229.41682169481837,1.7094926890234188,48.726517250960306,7.655586160916435,49.94160517386249,99.44568770482934
228.38528747276314,-2.8754729237907894,58.691529021769696,8.147648059629352,49.9784282499013,103.28419896053765,229.80399651596815,-7.3320933520015235,52.273014801363026,6.318106191719149,49.92059867521901,101.89574352211066,229.34984128362774,0.17060028696634558,49.79637865269623,12.30481218520596,49.99052924240095,111.21104833174901,230.1957079622121,-4.607384329237275,44.11313517049652,7.0375270367075675,50.08405432350502,106.23335441193055,232.1141942285492,-2.830633369149415,46.54920321423928,8.11400929429307,49.9802123180329,102.3690394903235,229.0671218259279,2.7386922263122844,42.813477283108384,12.416910071210555,50.09707783462324,103.51373510155365,230.38235278445342,7.207370549723768,47.51116721419224,7.396634229003434,50.055185383081124,101.36743857841998,228.04441889681019,4.131740235809964,55.7558208103265,10.921680860178673,50.006352768425124,103.16315325997061,228.44859940711675,1.426175952341786,59.01856155722321,9.628046689348974,50.038269794167896,96.97138002707663
230.72577501826487,-7.648699066559713,52.0570304189752,9.977231120836715,50.00383570050105,99.56566014193223,227.28530605819185,0.561326862875237,49.80700297314534,8.773615532743435,50.10411146221545,95.53875971400919,226.85752284544273,-3.00718042358325,52.419719712147405,9.131950875520948,49.94352077375228,100.66907486035703,229.822894950432,-2.82569682308274,50.18787900266563,9.584621975732839,49.95517742302527,106.27085342274928,229.25230100295764,1.5688297347578684,46.97795767831412,13.08573737601367,50.0072808772394,98.45209191552189,228.45671280669583,0.5484112193191583,53.632792737445534,11.165984003626459,50.07182910825441,107.57569914492589,229.56094239905573,-7.357317228602241,54.81238686760625,11.314554188037631,50.010143027156076,102.9014580028601,232.47235289982368,6.165934158150498,43.68135441558748,10.319779164976259,49.99559151324304,91.85918748404683,228.06007046631703,-2.043534415414117,47.16010969526748,8.608732917086543,49.920552291955055,102.03696776051618
231.26615911824155,-4.256997434432127,56.520451786981724,9.564611082506989,49.97852336672138,95.97241517918344,228.7191367933326,0.9503800982521525,53.384649906190674,11.703475698480576,50.05448079015738,107.8756936557607,230.66544832056303,-6.592212245195186,50.904738461339946,12.979454925024807,49.97265555788142,105.0754513307093,229.56806152162204,1.632212594723167,49.267231606636386,10.319884368263589,50.027724003231725,95.22435486304819,230.94387464717818,5.11553940332906,46.569769728401404,12.150199041781361,49.978242966222396,95.83233001260615,231.05993067404697,-3.8076920129766956,58.696539660686085,13.445228719510261,50.06140614333624,100.19681842154759,230.98671928913717,-5.399891229389794,48.53924335477291,8.528331543903304,49.961368478199994,96.58659990991018,232.7134480792816,2.4349410749523694,53.118891931970246,10.341898586373294,50.00206466568805,103.84718109805522,231.1746146871145,4.914726239072833,47.91565277233454,9.638989520641545,50.024841231571315,103.89886349192206
231.15932750286368,-3.9795145698435874,57.269181984951814,9.855969458669067,50.032043524574256,102.22930994400132,230.5043284279308,3.298598093607559,56.69283138845178,8.798116693025472,50.020431989956826,91.80312896374534,226.1693214778362,-1.2842230629448044,61.239745042872386,8.168023722218425,50.06197727997764,101.5066262593107,231.21606215634947,-0.1906027192380465,47.36733776783078,9.744939495692824,50.013184810617275,89.72784919247772,226.5928604899376,-1.950171569655488,54.856830185856076,7.6259309445081875,50.03100386299528,103.20795883308018,231.2155984071418,-5.115214372182796,51.43113639563248,11.104684903528092,50.00636574930721,96.03474039696532,228.95683069450087,-3.8785033718169903,49.04916125101159,12.077201608912553,49.97496587520954,92.51615377488115,231.12303720041027,2.013881232018528,53.548644575386184,13.2289633774133,49.97179476037605,101.97725079858496,230.15092055745808,-3.863429937296001,45.84374141888635,9.03883566574711,50.040522057838864,103.09701040408576
230.2498356721047,1.0720676910680722,55.36653658145631,9.885721970635155,49.9484421627829,101.76844871796149,227.73220982870106,2.2176732896908313,44.15575742679934,8.397120147741003,49.95323739853767,105.13972730073742,231.89680839729596,-4.8198923242434795,44.35690786061056,11.449619721984206,50.04309755293124,101.01440569460935,230.29236519263134,3.594914584519477,52.26376566485202,12.452297708632523,49.99709817418245,96.20306015316949,229.56103703339193,5.7144962805435995,44.17349470041789,4.495757366259229,49.98807254598792,101.80956954138155,233.3696388003542,-6.068859851801735,51.468041869796686,10.266650650064156,50.08136742786571,97.05317740247624,231.4600766255404,-2.9330413504400066,41.2178902265542,10.581745810474443,50.014832348773815,99.15147943977979,233.0133097852568,1.2165658157417656,44.68289639723428,4.874708042190976,49.90314807419964,101.39003869733091,230.57946571832662,-2.3143194862670695,46.329675798421654,7.244048713151502,50.03448002037035,96.63936610058495
233.12182231519125,-4.9763837860752345,50.32151810378874,13.78326207512136,49.98241222200195,100.46502625695933,230.90231631908605,-6.405321142762334,52.65441434365576,12.164102519530346,49.93715633978687,99.16824785064993,227.65445198705288,-4.576144515356073,42.94645218387443,9.106269830179805,50.00970394611903,101.49642354663341,228.51420643317914,-8.10013894057132,52.816447983670656,8.479238808001192,49.961911734747105,94.36706436096983,231.98740425589304,-2.7529905176423357,56.04045913004327,10.410288836417125,50.07472148280126,98.42234075417068,227.74184195658043,-10.635392198583705,49.21980085459659,10.034230127364966,50.05206702852322,95.29059344401163,229.4699342186644,-2.1504577475553335,46.82055243988305,9.271122669879865,49.99610647073228,101.33162479722886,231.07649804196117,4.494873515845363,39.858119885023044,7.520121737041814,49.953983235517946,96.18513825490392,228.00108492732483,4.9355823360355275,46.40899497835652,11.636795154149414,50.025512697500304,96.72915480148886
230.43976104988343,9.893043837299677,51.33061142555621,8.955125124510477,49.935553459612116,99.52434566847376,232.98816637931728,5.143472760073959,48.914194922321705,10.494224048396974,49.97802393618208,105.76106765708242,229.32313936286874,-1.9947731226192644,50.83158048117999,12.937514456471359,50.03768101898062,94.10395872400258,234.43587893793514,4.684885754554603,47.8619830493055,10.616480694110942,50.01045517818944,95.23429717502651,230.86848860896893,2.377973135528952,48.49702087124977,6.595241718893524,50.034708387399824,101.47438480456219,230.0548759139055,3.3223170332287486,51.23498235946254,15.119551361131645,49.922304920592005,103.1170919639918,231.51727093704653,0.04567042463192259,50.13283100265637,12.158585314491848,50.01538382216069,103.6098076894552,233.28211945669418,-3.0196442912323613,46.05498844730834,6.177020231283636,49.944157387711215,98.36008156947834,228.52350493655499,2.3764061572672155,47.282068732963815,13.111993359843598,49.913355325143165,96.25836000874988
229.0239445356023,-8.480604585027532,50.96310628333511,9.534593385498432,49.987895175881526,97.51019719058264,230.91304314124298,-2.5209163464110573,41.76958212811,10.562918248695311,50.024172859299576,101.18291674476536,229.7871866199364,3.7504407503293424,51.35614309849921,10.044797890360673,50.01898669048961,100.66697048900113,230.01414639629036,0.6842845107123614,49.876474339965725,9.10293412382758,50.07718043073615,99.74278761576305,231.63334617978433,15.423920229684251,52.055365457472945,10.35329456733455,50.07900482230211,95.32017002124326,230.61185641225785,-0.7057366053868498,57.56838200963509,9.185516384424748,49.994783228359026,97.2349605487295,230.47978737770487,1.558357798904995,64.50747745507681,7.806820105122397,49.969166943886115,108.34207666806087,230.07059203238492,2.055697398410637,51.208436678733186,10.2696912383581,50.09104150277332,101.92530471389053,228.00831591410494,-1.5481696836721843,41.82434733155176,10.714311569903392,49.86787311272332,97.19687702651181
230.0997666953611,-6.395156759875641,52.53170034180452,9.868851047635317,49.922471775845466,95.45298067348239,231.79708827718943,6.028792091688554,45.258817125903654,9.819216575284909,49.943593840438716,102.94171293184213,230.85806912053803,-3.0771018722798993,54.83492347449729,9.213957319768468,50.05661545988169,104.90164662159597,229.11729609463345,0.7775470616681469,46.55240624553609,9.065463124085364,50.04422656420822,93.02684451719728,230.230880067967,1.9419731263669804,44.068651551902974,12.652823633657857,50.07237766343822,99.08616688176011,230.99864299350418,8.52138260221398,48.74888744936172,12.922934234266238,50.0231176676363,99.8521257876304,226.07862605728832,-0.1784034795282134,46.76372352502264,9.9041907447009,50.05791117359556,99.4712334805425,231.23300414632553,0.4172332226246239,36.910382719705694,13.396341402568366,50.07838606424487,96.39885599047864,231.40423671762034,4.132861925541989,48.18172381729198,8.428858267737574,49.99647531164484,88.29447426586839
231.6678520058242,-10.70505675777465,52.70467198409929,11.441014485135597,50.027870783904426,90.8490074892559,228.8126252169897,-1.7982856061757189,45.062377381575914,13.592457306202412,50.056113584984104,104.71822244506417,228.7398140428719,-8.693448793807505,45.80421342571057,8.201195190204599,49.973935240967656,95.03571036539604,232.93475033212803,5.017346660519575,49.01209174123622,9.065069718548202,50.01192251631949,97.45134062265579,229.36086377332285,2.9834307696363718,51.62221424881629,10.775826163632846,50.03824081154973,98.32020064424985,229.7011345189444,0.5749196693867935,47.66534220395914,7.317536986795938,50.01203571775513,97.92086843626987,230.3604322004217,-5.370266062277942,48.30066402534381,10.08579260308014,50.0009336622185,105.32432992143565,228.21997664114406,1.328003704217187,53.6234815685565,10.413057226539983,50.07729322443156,93.17797666970307,232.3687622161025,4.268102354100366,45.93541850040748,10.072615132639804,50.02335287129664,102.86185266211791
233.21137804280187,-1.1424750434745952,49.92544818719146,7.5784899975602995,49.93998199207857,107.00447329236808,230.07646016647485,-5.919407758783696,48.50513455178215,6.7468821855636705,49.96612917536684,96.67179205245921,227.8573621130852,3.8754239700427218,42.43388687195621,7.399366431889859,49.990233029783546,96.04713418883985,227.09118445040428,11.26185697586127,50.772448580247016,12.352243223333328,49.90715988876044,101.24557102828662,226.23627176406032,0.7588639539357923,49.54059849471676,12.275930266953045,50.0618981034249,99.14656999555206,229.39435161381914,-3.833348201199903,43.794233043903986,11.150612600241843,50.032102449781874,101.80484677970905,232.15490041250845,7.2780095733782115,44.82545255463691,8.283382429492992,49.919043789850825,93.80374599389671,226.5786153350658,-0.4526614435062988,46.002033663736164,8.26174533932837,50.13397512720893,100.62591871291652,227.84189181646207,6.6404823037064356,43.51143153543195,7.037722895702938,49.95702293214153,109.24330499662378
232.75620366402626,-0.25560863828881486,44.28830017534203,12.254191322089516,49.991312124877886,100.85408078963722,231.0072588604506,3.1691058100735447,58.739834171794705,10.060226547094485,49.94736927861236,105.85387860968596,228.52965042425353,-2.2212278085453403,45.12318513530024,9.888252920232643,50.064639392025526,94.70975701143209,228.56587782322316,2.6740816813591066,53.772202100453306,9.185672401451754,50.019180822404635,87.91074660014674,232.10001867742466,8.220802576744802,49.38836332748299,9.271720873943002,49.99487232645273,100.70983258895977,227.75496083895376,4.73264908966756,51.57705002140545,8.579835508481972,49.99062965080168,102.28714557159027,230.18046891354712,-2.581037560420825,46.54161376706208,6.579453049233092,50.01722241698589,102.07604256100477,228.57985317422472,-2.7042394206759415,42.436182335107986,13.22667611791793,49.99384405610606,91.71811610977636,230.74293465933246,-0.8543728816343449,50.66400491942895,10.482122381982856,50.0202991493883,103.65641367558194
228.9186662499507,-1.470830980474673,44.34140276304033,11.49978649123886,50.0424703528944,97.1196167425647,236.2053038384164,-5.539861202771423,45.98779665799986,8.252296322158049,49.929672461208405,96.52631859496809,231.9222927516444,1.0615634996776442,52.04014280250443,6.609254124014666,49.99640309539283,103.49617832943233,231.37137067348058,-6.950163209803019,50.114351053651276,7.99289816805892,50.06385078188858,102.63676936195749,234.7129740358537,2.2701066256642903,50.5769846004381,9.776166398001381,50.01870250362213,108.07488396039365,231.45386059413534,0.33876847634697704,46.39679520236888,14.680116289200136,49.94858683575087,103.57404259520871,231.00246771039352,-6.3450896432661965,48.98783781636986,7.028184873538577,49.96712748855702,99.68716438713221,228.5351279501214,-5.69770157107,57.81397351461435,9.512375827192475,49.95086238057721,97.35641364173053,229.61575565492768,-4.340762622473373,48.138769693781846,10.412958411720291,50.07839722924491,92.73971756214435
232.24762292556818,4.1962692164217055,50.28885194715629,8.203894810724389,49.955079051356236,93.65375431061265,231.0952938473267,5.520694603227005,47.40235791545612,10.191151058056645,49.94412816328818,105.32694530244795,231.99937008272553,-2.6634088999758725,54.75590334859256,9.148184673291292,49.887869983986846,94.65362185732714,226.9854706535561,0.1962675263346346,53.741348555991706,9.763976456339918,50.02411297494796,101.31216138812574,228.4402809583743,-11.036765160657506,40.924705753330784,13.147694672609571,50.05642335765061,100.17766604506735,231.37371165777503,5.592838633820808,48.1323692927358,11.555576869485932,50.021627018069445,95.65946985049791,228.5816017983277,0.511000957202679,47.578869093355074,6.898590270364467,50.01797360000144,97.55067575784192,232.22929741404445,1.3163041591576907,46.338956082011066,11.101687468661254,50.06640223815944,99.95877653968407,231.1371405173771,-0.26813162614809694,36.02445264074984,9.711656437208196,50.07209940777694,98.78921376343963
230.14046354102743,-1.0451076276389017,51.54465058347096,7.0804208973100256,50.06557694861236,105.46626624034198,231.69188127066593,0.7975827802830617,46.208573510134194,12.541751097452476,49.97491429103744,95.39962925744456,229.4137391001366,-4.763415569754521,53.27324130372925,15.065882939954587,49.93245919279615,109.44939421786354,227.12030921865897,7.9114237230102935,49.024667654047136,9.63710986876743,50.02889663926313,98.46511449111965,227.53766716324057,-2.81719780503368,55.29353324904453,12.348491045261987,50.00030671385305,97.12959742664228,231.97126862452643,-4.91173857516059,52.49015350434259,10.865491325416395,49.91312748037794,94.90832258285074,230.89675929692282,0.08331438596563982,46.604328916789456,11.660424399998197,49.961807846156965,98.64719065338733,232.27246357142758,2.0395368184721416,50.202021242379395,13.873981296686496,50.034887772598694,99.55965843772768,230.44964717382447,0.239724244213319,52.82504046500397,8.340080334426307,49.94435053878422,105.49441208826704
230.22725449605804,-1.6875551421718782,46.41497692831481,12.515583944793104,50.020873322378506,100.850450960061,229.4742935158748,5.573829967865878,45.01836671641734,9.45900352907959,49.97982140964355,98.13605104078061,229.2726871308992,3.983765228649265,37.99908058549656,8.693590299116222,50.07520205730998,101.18230772650033,228.40349505594617,-6.290785787566939,48.313448802503714,13.248602357250249,50.00087356129484,99.46594529052379,230.21672259128846,-3.7041010013836257,53.63651914655937,7.587580668439331,50.0233283673966,98.78218534978987,230.01409580898147,3.8486918394774743,46.67751481452878,11.02346061935322,50.0182025724579,100.96829448562656,228.83500004603982,6.003813913740825,60.786012123716574,13.163297226669606,49.953129272723395,102.63970631296178,230.13134765450442,1.0993989859409206,47.80388918073246,10.439749132615507,49.931129032166794,102.04026931678563,229.34692737994456,8.418894359394924,51.50283801230273,10.50258779569081,49.935175102446586,103.66108805054058
229.3507213918097,2.5359838600280082,49.672643559592956,12.798696964464737,49.91550348007867,102.82804435718418,230.07819437190565,7.0165460106362145,47.00162034392316,10.308304885167047,49.91528376091015,98.17606741667032,229.36625932570098,4.033689402663801,51.73484009570012,11.909378525888746,50.01502428222099,93.5303031640335,229.9989088397506,-0.8056876755168391,52.546150427740805,7.58772107364957,49.97848427445588,98.99282574839131,230.67425345463124,-3.3478168608191616,47.68403663912615,14.522549384066107,49.88726293692551,97.08877820875045,229.95857547769367,-2.923470565007232,49.89990908370842,11.006652897620304,50.00884262566939,106.00247533182561,226.20078227475392,1.2586449982476937,49.73195528977223,9.233101879657,49.96473160663519,103.81265623400955,229.16597808255196,2.7179252265217797,55.982629551412224,7.237025927806738,50.056040834290776,109.23488629837637,234.68238285000857,1.4984182449680947,47.660103391746524,9.718632322196587,49.95360692330666,101.99565059129705
231.62145871185393,-1.4594866844641394,49.74512006636203,10.387524896768946,49.99554366260371,97.56055731712854,226.78996113531204,9.374857814633458,49.03026793250578,10.054355602682538,49.99384034906215,102.06024709421948,233.68414937267457,-1.4678696080961577,41.92391123041632,11.046275791409943,50.0478239199066,104.19353816424065,229.34700098597887,-6.913831878501266,55.578445224154436,11.220669677033477,49.96463515545227,99.40723077896763,232.1130251337648,-7.040999234819668,59.24459119214035,15.44131662067409,50.0417732899783,102.0408313850246,233.1933055051201,-4.139871194971739,56.21414605727639,10.180265636825526,49.98988989396463,95.62450365054168,230.77608230679428,6.587676389600565,51.2994121601857,10.791446709283727,49.9619712891402,99.48709752541637,232.4717293553813,-8.537512715297158,50.941677688999015,9.049512304496194,50.10149500441788,92.88001461208117,228.765572754218,-2.2838104960312715,50.25450644615025,9.55214506524308,49.9889161839516,106.87707665102211
233.5055380767485,-1.4824906562152254,54.660294743132354,10.47053453308346,50.030386882857115,102.62971065997672,229.05370099745932,3.9907375225857527,53.58561417805937,9.735648673220291,49.946568442501054,99.90703470934073,227.68125227982893,-1.0241907657836402,48.42003899080578,8.247306285904004,49.984630026709894,94.9245604510518,231.5413980184521,-2.3022799886941847,43.13829638668409,9.540251294693629,50.083135979657996,99.82213230595694,230.0474281428181,7.367792831978262,52.30062245372747,10.44080925306715,50.01398346271113,106.46623402035367,231.64979844883302,2.1818733626361455,53.60082477690284,8.27907307152183,49.986580729813554,100.18015614335964,230.40484504324536,-3.386266953643098,48.26407218509824,8.298206103547866,50.044397031182434,106.88165775833846,230.84078055027493,1.726297979228819,56.1431821831268,7.191730883661535,50.04480339221837,105.94290092191291,226.64224091814418,5.044938911503189,52.620931793263225,11.821883002336802,50.0052198131281,108.09853424615248
229.7975808224635,-4.765273254743923,62.19638817787705,6.455845317808617,50.000045819630785,95.18782759258869,231.16655070616457,-4.572263446014532,51.99519087952031,11.400819466932195,49.93053414617424,95.34381580238818,230.88362695475817,3.2332573096777,54.18199974700751,7.050910592204016,49.98520663827975,102.39024239021111,228.5631580773858,-3.996147444898417,47.14227666246311,11.356261871762127,50.049723824217786,98.63741433673887,231.40291294179062,-5.755855711960976,54.16374957764218,9.47023448671951,50.007490276671895,99.1018845559826,231.08137435533078,-1.1953667968287793,50.99743481403773,7.301117579848514,49.98779718394527,96.00924956143157,231.59189619250807,-6.650983494692465,47.64227911338947,9.79089351357067,49.98973446368273,102.74163538628649,230.13014901151809,-2.0354668029363996,55.97510744810433,9.35876708008408,49.95733278463803,105.50908301292151,231.12595299653825,-0.8272871904808072,42.646473530266526,13.476872660635614,50.00570402130287,102.5951575370596
226.62556030873534,0.7964955130752824,52.58881346711385,9.960839730892125,50.05803710130028,99.1159104702096,230.96260228339148,7.4467699278766055,46.7123049234324,9.684561435682832,50.02843275865908,92.39846385550476,227.31757994157354,-4.583430482403742,50.05989952500302,9.718191132928304,50.01253983704055,104.273355950124,232.00070030533178,-1.4181474480527048,51.61140908163352,6.439929058532238,49.969580148950506,88.06386431832605,232.04354488375446,-2.001050277794725,55.60519681521765,7.9470715902021665,49.98825936796692,100.52748794144507,230.74946926972845,-2.784093362984641,52.68053642896568,10.742626971787688,50.01840958484128,100.17592234701767,225.4745547879327,-9.068287243739443,48.65013469258118,9.908168065693776,50.084981679698835,100.45158070870517,232.08180057616354,-6.946203941055659,49.350705639310846,12.61031583663096,49.95388629117877,102.5378795062111,232.90482303787923,-2.980392716997965,46.814545593599526,6.928259847827675,50.031652618379994,100.19997596937621
230.55213650241419,-0.8604274725323491,52.78769264167886,9.111274588797851,50.026633825781076,103.3674387160319,231.17815797384782,3.4585542286888944,53.128143924531074,7.448295620867313,49.97851511144018,105.32971439293141,228.1648412819839,3.612295094464773,55.84594016334837,13.000306617053408,49.94826474834779,97.37940587492363,231.11862555785726,-5.099904088503543,60.11999071870643,11.292242948745464,50.049123683774695,98.19007621009978,229.02821856711864,10.688300774064066,54.411318045543666,8.663798176961205,50.04720639701918,103.86592788225664,229.57845777584856,0.004798405163616827,54.35559212785856,10.559203906076773,50.00354990201282,106.14979740057504,232.3411590779011,-0.6177134846770692,48.83267004737078,12.617417587217655,49.98940804626142,106.30711111455638,231.37716508302228,8.775294013127283,57.50977432907615,9.780191891437562,50.031283489739096,93.8533236292929,233.73467242789098,-6.32552794089353,50.71191691434507,6.885654003287891,50.00357640980154,97.93515186134378
229.31639232680482,-0.9684536106292125,51.40253305413465,8.203396087274076,49.9402839456642,95.21201436647237,229.26237241020166,3.365039611877961,48.739366219195794,12.102323683824352,50.09446916604579,98.51768701145365,230.45548765943894,3.8216350325160335,52.581970872488675,9.378450944219654,49.94877608013675,108.30849586318979,230.32326963637468,4.732560898982969,51.277423970886204,11.74880197617494,49.93185716102178,107.76808856646258,228.77780991363358,-0.6284213294616285,42.76198576002949,8.458206656556863,49.959297589006354,97.64390064981271,229.84544702099257,2.674853546149762,49.027724277442545,11.307208640018517,49.935204478251855,100.7833711692641,231.38639636345144,2.8957505876101832,56.352699704685136,12.393918530026662,49.94491996997152,98.71566983465705,229.4132045952916,6.282586031368551,41.7478281958267,10.45577158362723,49.99085697229327,88.57437447017185,230.75047674754794,1.9322308638706323,54.47849991549614,12.883581664933121,50.00707801884757,105.78948755153861
229.8241167461759,-4.422338980646629,59.018774993342745,11.613589607354387,49.996971252489125,96.85499993289336,225.91609151863474,-9.071504173502502,48.64345137819523,8.33551014266719,50.06889223036241,102.07570494813662,229.35734325333215,2.8600450989920656,55.71929035222322,7.630287572268525,49.98487917699411,112.20312547028965,227.28175450478187,-6.09964995772815,41.998665048842966,9.857284133107704,49.967411620203684,109.77799290180806,230.60732680187365,-5.658785798350867,54.220077166940015,9.000015874969986,49.9384967962698,101.57850791179176,225.98211287486268,-2.1885428846559236,53.96800853963363,8.429770728982131,49.962867737086924,87.06969189738706,226.229606789316,1.3604090651794114,45.624372214485305,7.633234937082346,49.97040772400757,91.18057729515965,230.28526137485397,2.8846887215803383,43.137165981920546,12.28707148665766,49.96918570035726,102.8205752038437,230.03177873732224,1.0166979506249623,52.8582693273303,10.754352573800244,50.024867572123625,91.98238974563613
231.2057641663013,13.03744800310331,49.67982965569234,7.232914753437536,49.91830551376676,101.33116696945983,230.28900104871602,6.296046408518623,49.67077784296554,10.760772082521575,49.94098252349059,103.20693479176529,229.40793577444347,-5.89963544811204,47.948625011669215,8.819017612213226,49.950940023911684,94.55423556179886,226.72647007878385,2.9317107477263002,50.92714480894197,13.179979251728936,50.00516276405987,101.41565483701335,230.62987005104054,4.136943499763597,53.65868897181621,14.251680261812371,49.9865797552234,92.12875807375211,229.20046844229702,8.324618820441529,63.535362880814034,7.403207248028965,50.014136703430566,97.51305826009752,229.82384150126072,4.591662811163743,44.293757715143315,11.804589680640653,49.92688862810909,99.10606234155995,231.63605541628522,-9.857524958546298,54.83337606101802,14.199226115627827,50.00807047009569,92.84620210488086,230.13437317009235,2.3485557622579916,54.14748964567087,6.807840781824339,49.98856956449736,93.61718245574984
231.47506910826448,2.282711820792381,59.26852761731981,8.007149449487798,50.00919394799668,97.24434170687088,229.54857942763184,6.794029091591551,43.01325404768388,8.6743642127812,49.98610948044932,88.92169866769511,232.62659033370934,-8.218697966519786,49.80305636711166,11.489137402915139,50.0129103161223,101.58125310001247,229.81930194450112,6.151458091590401,46.9217956981493,11.155745165089538,49.97865678885358,99.55190623037059,224.36578803512066,5.866227332054057,41.38518176759197,9.670346466006395,50.10229966723836,98.29934853737765,230.79939632665148,7.059952702200403,48.69090804061449,7.150922188415992,49.8976734663547,95.9727461810373,229.41197537325155,8.243715463402422,48.990860669907185,13.313985942581144,50.01326256657061,97.08001903502678,228.54958475021405,-0.16935734036564035,52.06888925615606,7.412517770208185,49.964764345458285,97.02577726688027,226.99766222689524,6.239984472406933,51.06008241593853,9.843067407572024,50.01182785396798,102.72789581704006
229.84956549502135,-2.487377601539197,44.48621298157245,10.68293737137137,49.991890543624244,106.8138270538959,230.5067439808507,4.154008428627935,53.706221536577296,9.943977635546345,50.03274817068306,99.77769387408222,230.46952391543343,-7.959155590344233,49.912097695209994,9.28808341114021,49.917256253240225,116.30650370181635,230.2533517980737,4.798081034140117,48.50025529942526,8.838176164715307,49.980075593423386,94.4915712874692,230.47613875134368,1.3621760214606167,50.333745530155866,6.736477389792458,49.96167935016898,107.58352168540779,230.88656955678655,2.0491422727555304,46.03552920790549,11.093261916197648,49.91079624766095,94.52303992871173,228.82945083371146,4.0098225885261645,45.98956526553729,8.892971197186492,49.935774945219435,102.1271713360006,229.78351964503756,-2.3288151172228813,55.15464758826313,7.93579220061774,50.05317179155799,96.10545402338784,230.7435697405612,-3.743904550185366,48.31737230124113,10.482703939979377,49.990117395698284,96.38077338279167
226.74144724982935,1.4515120309802163,51.72792704608593,11.094395516507676,50.06758278537081,107.77772479383304,229.86446473452565,3.8931120204659146,51.246870527105365,8.366939208922563,50.06882643406838,94.79609430991054,231.20639367968934,1.3237788779308592,54.14118284966428,8.052619019376014,49.94949341694128,102.31255345996716,228.77022382845016,2.685542397980592,45.56107708964657,8.782705118835231,49.98848902760796,96.40519559991498,231.87005935127152,7.435596970046015,53.8923388403915,10.581569732721691,50.04266456107852,103.98487437597353,230.7856022797913,-4.579381617925781,51.357951895300616,6.907413415072186,50.01158378707103,102.86082986770266,225.53086055758004,5.661307533312783,56.50087850706725,8.797663737031211,49.90925203447841,101.96667652948676,235.80744568116305,0.6851383051092337,47.612566196382296,11.664563482643404,50.0113396231108,101.07043407972083,230.4992757133753,-12.965348896455527,48.99419534338364,10.28971542958892,49.9973570065006,95.89922615902469
228.77936122921525,-4.23651841905853,53.16982507429882,8.35407573182131,50.06813009611795,96.4448926024617,228.58257697343913,-1.6467016844230453,41.01918161060962,12.303997577833481,50.02506618153844,94.57442139399453,229.37718714788122,-3.5164447228271674,55.91948238825179,14.067200685590016,49.96274278234484,95.08929218748702,228.14815980158406,10.30295542590224,49.686743953178606,7.559746913002642,49.91224194671705,97.99770104364801,230.15145634153274,1.499710189169898,44.46030953390674,9.006449790314301,50.034142442880224,95.14577931003824,229.02596593064342,-4.335893105025424,52.92351225055785,8.87283547809983,50.031012784852486,100.8976388662557,231.36835140110753,1.5853198975341256,44.952213840997025,11.451989304343636,50.04481799550839,98.79067528876314,230.15040515954357,3.5735056382544217,44.25540898587081,14.631207028765987,49.96598718325335,104.47695366189733,228.9897893969934,1.8487318218920026,51.23934059852715,12.281489959071937,49.91496124389742,101.71142210481142
228.9588110783856,-3.910114251392494,52.38820278472669,7.620805163425267,49.96076956804277,106.4588440983002,229.63011619294656,-1.3109526374624567,58.19060679367112,10.149884417072851,49.98305792227729,103.79663597968303,230.55615059741697,6.7099612403411255,49.87362007986659,9.500837436215498,50.03208622638903,100.20023236128019,229.18932309282135,9.16040498010574,47.48252638555985,6.975950490305356,49.952147274006514,99.98766973055439,235.199796295109,1.7822036981692535,56.34644470839176,8.169334721013168,50.00201747488674,97.8378510759984,227.75993944810548,-0.045998842054892825,49.9063529452964,8.551727131565638,49.951774484676974,100.41210101832695,229.1430103506048,0.19827438142446283,52.71419529186638,10.95877269165447,50.00176519042869,100.54595101185829,229.67573789606163,1.5820896494974286,49.89005112686293,9.598987375769598,50.07769948684014,101.57803469652579,231.64957958781767,5.621751846046354,52.07006245165096,11.974023948200834,49.948580019241085,100.46752025310201
230.6589458971176,0.13400440641159245,52.63000215344694,14.661221521432054,49.957922511146805,108.34406241536884,231.59461391099853,3.718415037833485,48.287097813051204,8.86617012275477,49.94898049142002,94.22090213811651,229.73014681765306,-4.785174381966871,50.256501278793486,8.756439633996965,50.01389531780289,104.51155822558576,233.3556082765729,-11.179742286277069,47.733762859110946,7.127499621770171,49.974816222187584,103.1942226406723,233.59534703985244,-2.682681239886968,50.98303806028615,9.206926507425086,50.0405139443141,100.60250349010394,230.18576446742392,2.8975373193546314,50.78531166959566,12.425877628139046,49.95998619913209,100.88853439317285,227.7671234684963,-1.5111946529988087,40.64536185817663,7.739140613050325,50.00748084685008,95.87804787000175,230.79263031814455,5.998950766526026,55.46930085757936,9.175660841489583,49.93860328119939,93.92918872418423,229.30559694513747,1.5059387160828832,56.29838440779276,9.61632848854654,50.04567674234709,95.8917229053694
228.8162916613612,-0.7552504725694076,42.61447595019622,10.276032921905566,49.99467720093774,99.1513461969245,227.38101881719334,-0.6134614055494672,49.283485587489075,10.794572667214787,50.0605090078553,104.22855270217778,231.1434150662062,-2.8377223917366052,50.56003141951098,8.996282233003654,49.95882987819133,88.52113939290236,227.7446809654187,8.554586409757437,48.86284602219403,10.591321349331253,50.01811308683839,102.66878105813123,230.81428134438306,-7.904155372906773,48.765779901715845,11.287319001870058,49.957747193801765,102.14755690801255,229.6030540518537,4.756808704154261,30.93458975700438,9.765410772666659,50.02822007916486,102.38754418632591,229.9262132258834,-2.253403743728905,54.62281913023115,13.802363056704923,49.93945667133544,102.2820701131236,227.0216217733176,-10.113311337652826,53.64318411606557,9.645362959523524,49.85845883595487,93.40314550719951,228.18490380448458,-14.208910192994,43.88779042115864,9.010668223552331,50.00377633688624,101.69610968106427
233.4145827448156,-0.2685308337800988,56.81066155437928,11.154030872885281,49.9319294121632,104.78483097068406,226.66674405045129,-4.525880111138141,55.71305560347123,8.05831894878808,49.986798577289015,103.36313495566593,229.99016471400608,-2.0347859027433057,63.163726316397444,13.058395731609814,49.99028348559886,109.88700661239127,228.49560822119804,-7.337961115916059,43.891167679712204,7.825101508596507,50.00821642199173,107.96727866814057,231.07003879638333,-9.565324837972858,47.57354261612891,11.33486825014014,50.002767733607,89.23303491901122,230.61893078484067,-3.5810345483225756,54.550783858907245,7.0386674372543805,49.95290114555317,104.89260097298963,230.2054277677082,1.3011670020915977,51.98271628488502,8.65735827746098,49.996452600560836,97.75459394334383,227.67198651508627,-0.11594127988343308,46.94426888496753,9.422749556107384,49.911739338692094,109.25573309988032,231.8909485115113,-5.242431676200309,46.908606364978404,11.727067719450575,50.04210977386511,99.56026606639307
229.46915331941887,1.0612113217255432,58.65494352308501,11.886968310536071,49.9600590740062,99.89113093417502,228.5044686061798,3.0877468646229995,47.26067263061632,11.277764589190566,50.01842041007467,91.93724079174024,231.82548415013184,-2.1887372389825783,45.93999662787697,7.572067524065785,50.071074672637074,99.71544209623673,227.71817707760349,-12.699086938926731,52.33926294092115,10.7396246325477,50.00291276651904,96.64967160533351,229.8096540475574,0.5570256753623521,40.79434774053344,8.96663152804863,49.83753670603317,99.71928481563687,232.46147068327156,2.6624462922399506,63.43699603666162,11.079898485879117,50.03628325847314,86.8644209093178,231.62582950998345,-3.147866752422498,46.479134017462975,13.814554266301823,49.95550660761203,106.13068660759332,229.97906098019294,-2.5595765902202476,56.85600647580104,15.12944593082753,49.91926425868143,100.36010462836877,229.9017942419794,-0.48885510970613893,41.40836165069704,8.71585099297567,49.97089559620281,101.75904530309172
229.54509719001018,-7.701126377132571,47.008798504271304,8.372289088291362,50.10483629970231,95.77486609092611,227.94143814797684,0.3996145401955864,42.61741277161642,11.892498994446866,49.95394862813556,105.09065996075326,229.30331234281104,-3.8649262686200894,44.19111950446588,12.798781164509952,49.88626517718444,95.53858790974664,230.9938434543952,-1.4002705615170408,51.820526789720894,12.811926677047573,49.9955978409984,107.51962946960506,226.98406608753308,5.185838256286344,58.28803768911702,9.847258605320816,49.91783133390902,102.68428950335608,230.4588377590867,0.9536700317476997,52.02715887645313,9.314915213849249,50.047225144166084,100.30841766439427,229.71684543807973,0.05663247263121201,55.333394388763175,13.102870244210209,50.03947802406827,103.20363703214477,227.6420635752636,-8.82496850204922,49.13860369099851,8.673215061631833,49.943335054575655,96.34436241155088,230.07865877627418,2.9702061739984646,44.66837483836302,9.941188618973753,49.90722161275597,102.23048019854495
230.9134671471871,1.5726836757295592,47.29796055090737,9.632093749359361,50.0125591010159,104.87502487938717,230.54229851124393,2.1551178762422056,46.862318482299635,11.75473810491095,49.9557903046969,101.74350094805784,231.55524187300702,-7.3173260445593264,53.43938010517758,8.60101756991651,50.02590727882785,102.36585289533801,228.96205798523377,3.2472036337868264,53.18239860349953,11.130574837167257,49.98291254308753,103.63835591865244,226.57142021119736,0.6155875111066684,48.49303684581047,5.97896556387477,50.028000918583,95.47194017626562,231.24485996635886,-7.101196521660604,50.33958596575036,12.409816364943392,49.918351695376124,102.93260994795203,227.16603655448685,5.590075277164086,49.95653206747849,11.574594026342213,49.99708389662465,101.9111496576411,228.73671390083229,-3.855484399644229,52.489731252110005,11.244353056260227,50.03912526021882,98.78474170999642,229.44650060862602,-1.1322928222140174,50.50570253323603,12.504271254014068,50.069728579271114,99.96855899768939
228.175555503067,3.5469031029258034,45.37552461613406,13.897550463102574,49.887120038587895,98.13632062959984,229.48601193778902,-2.1512152810354683,46.73444069538719,13.132676826290776,50.0478777588058,107.34866731800388,230.6594958878149,-0.1287286129568827,49.45986740553319,11.747166881747988,49.96605329739255,101.81816946399758,231.48899139242292,-5.83596135895296,47.75624456181622,12.374431486012092,49.985572279066446,104.78999353608766,231.3670845600544,-3.161480734602172,43.13318522969873,12.645855360842026,49.9611905160188,92.39945593783186,226.83424670408772,0.8964996488326454,38.45599979780053,10.189739282369445,50.0517694499751,98.14102744669658,232.17169633749242,-3.2674683746967306,46.90263259863878,12.094250130890872,49.985756106919936,96.293450572607,230.2113101394446,0.23441842552237518,58.8031156474585,11.896786607618429,49.983203657783065,104.17979939547277,228.60158437028485,-6.958470963767135,49.79662026900456,12.992135991438387,49.80512415145889,107.79162967610685
229.97928243846047,-4.412352543457815,43.52774693615933,8.028219618004485,49.93703507357162,102.92696295985115,229.23403347759086,-9.28155587238558,56.52676294885476,12.707489635855879,49.97387607673045,96.0306242705593,230.36906098630354,-2.1093343965869362,53.24141209041626,11.395109988234584,50.0613645683707,96.37113771185757,227.95463666672634,7.152929884951522,53.94482799708485,9.694255295999993,49.976857070267734,102.922749790637,228.10453217633062,1.0211760986421963,47.853757047077174,10.620675040813136,50.0858806108357,102.31645342781155,226.87771798458252,-3.5098572442229825,50.2840755613953,11.960162576374735,50.017862690487696,104.54347538284487,228.94254902335624,1.1623123612437922,48.630188918830925,8.948553683468944,49.923849133326236,100.14715365474102,231.0629180293077,2.906348196388566,43.25848520133488,8.11484578029755,50.01757191800636,100.57661518725777,230.46001000209162,4.085255964525915,53.88384575271972,9.279228275801767,49.99305772412321,99.73554037947692
233.22138294056043,-4.049814634180864,44.4307906343702,15.305430761330149,49.98623334991136,103.89249310747685,226.57813607524807,0.789993360585163,53.433202376216734,11.960240371024767,49.941009557369334,108.72836960317287,228.6721089428175,-6.474561840987566,44.23360843640025,13.020465606520112,49.987334205657575,103.47346265861677,231.51235679359775,7.114974668468211,58.51548387803993,9.403138734089175,50.05524769720434,100.34070382732597,227.05767991384045,-6.151243551913955,42.93063305260954,9.798996790456028,50.00377841710324,100.40432381381677,231.0938976420144,0.24785757619500492,48.38115654465594,10.402784601932664,49.99532353778351,100.5408809665252,227.87322469626642,-1.4359000168883775,50.48679696227508,9.715978910439864,49.99213598441821,102.26529048507906,228.85785107124403,9.874883766658623,52.63309937368121,8.849070513663893,50.030267095700275,106.34775953679055,227.63395791529854,0.15081948525530073,49.07674977899341,10.155830089663679,49.96134312142245,103.25925467810313
231.99052640908337,-1.1726420307412901,48.17985913079982,9.039498045161412,50.00654501931937,100.24445297969568,229.14101178455036,5.208973895261489,47.03283387294381,6.672280190639775,49.95369242144422,97.1950837085665,229.9991105158844,-1.567531057531859,55.28427762933028,9.076172391317888,49.99617869901054,96.96497281978843,227.10504911989042,2.4480825044732732,55.86221703485194,9.30167468632401,50.023958869699136,97.20143726037917,228.047725046616,-1.6618704051415976,45.73491173502791,11.82658234963801,50.035720480255236,107.63820795749562,233.42708840824022,-13.383833502108647,51.73724780772205,8.385019084025405,49.99521941074855,104.5319956789194,228.09047461043755,-0.27380151315641,45.36074724288216,8.137398236154997,49.95491772002302,107.78826239756282,231.12572708160758,-2.5486924377363698,50.56539616237572,13.157404186106545,50.034228057932594,97.17631815199044,228.99738341606843,-1.0203275670930978,53.87148050761595,10.943942610364187,49.96916689578265,101.03554215678858
230.75455417308666,0.3657955864957496,53.70158065895377,11.470466886205177,50.00747026605311,108.2729687029956,228.80042213550104,0.011787549017673198,56.294389894935655,9.058921698772533,49.993565682621565,101.83531531722106,228.0998008824976,-4.858682799159187,43.29534652150922,8.674168718022477,49.95218292392956,107.95695175609029,230.75664938278837,-7.332327468010646,44.32301995178588,9.279428234316669,49.87869014959123,106.22250620681321,228.58787983355828,-3.938370868747487,46.30658689836292,10.631065003564355,49.957195016629335,98.55768777798806,229.2782966006644,-5.703356940582081,42.42897115745978,14.25335893897125,49.985419871064344,100.50062374955237,233.48709423127266,7.712658284322576,49.33799892782669,10.016288243319172,49.98562230132513,105.57034227095353,229.96426662129056,5.302924192316738,48.54089015571593,12.876971227493613,50.001136979340934,102.20249732287235,231.92671001223118,-5.204019024845213,41.14419102514726,10.88895030126288,50.01041490278555,105.19269275401959
228.16832198929987,2.295332730326463,45.86413544866819,9.582607976954245,50.04597797214028,92.92524133100191,230.44239840113025,-5.267025517362232,46.10797548433144,9.655960336738879,49.986910639293164,96.1347048407833,231.00467615017214,4.46303994545856,41.5764519265131,6.452220279565624,50.005864067795116,95.6586631436999,228.65271008066836,0.872519355087677,48.689909557836344,9.42904124384184,49.994025404884596,100.92710343578229,230.3130985119168,-12.371317427879191,54.34629210214458,9.800738591576469,50.09193735768281,99.14228673358458,230.2947902368336,0.5074650334840183,47.426836759399094,12.005366200319665,50.01487759272628,102.39804858707936,231.4589076440585,0.3503725947250538,49.384379390496164,9.384378994682164,50.00023692790483,97.07784703373623,227.42153691500351,7.063979826438947,42.66338558681598,8.780003854967013,49.994675552068216,106.02276383736725,229.76241165049086,3.7251006604354857,49.788665930020834,5.962374532948176,50.03593687267028,89.68535618311373
228.62938855702376,-5.637799960120724,46.57381070970971,13.317875916786848,50.08226183962703,104.43958498323192,227.64759093693982,1.607132161824088,45.92060585353889,8.485661847478541,50.01878768210603,98.91122998358804,227.7371093219791,-1.9574731730515407,52.24713172011662,8.666095608636972,49.89905649641205,107.02195374107477,231.3941944560116,-9.286076521736446,57.37767760120239,7.412159604633388,49.973449724516634,106.8301661060837,230.74675668540553,-1.9376406352090672,48.596939113734415,8.630390128212701,49.940970468792194,108.99579548205597,230.35261401116787,-2.181487821595389,51.642822407335956,13.015506515180798,50.03339780054235,93.03278412115355,229.5069637623443,3.0279897227448362,48.366909110465485,7.285430963082234,49.950249443446666,93.44065652131663,231.12276334750962,-8.166993984543888,51.5532696841455,11.415638452992024,50.02186177240347,95.84190903847532,230.65543614415924,4.46108363406294,60.004708870490354,9.57135333603443,50.06993999637305,102.78780639309778
230.40182504522582,0.11632308114944329,47.39418212720683,7.397774548248881,49.9633008541264,105.61329336808627,227.95535754063675,1.8712624010952459,53.16739299407879,8.086075327663238,49.91889596591394,106.95050199614151,230.05463301420306,-0.5799438367836572,54.378910794595534,13.570704579945389,50.047748503211736,98.79216102946174,233.9691591891379,-3.1728836440030177,50.24723335159247,10.774523490179886,50.00686249730645,102.37091647039263,229.3951464471352,-8.062555851658384,49.12851241299061,7.852892052073784,50.03117469114144,103.06863576927559,235.75818613081626,-3.8009057347717876,50.15393911843318,8.978811257583049,49.974401263314775,93.66559677259205,230.23476387414826,0.21535709027301275,47.22528660268253,11.55354138317292,49.98335028843796,107.09623216372442,229.34233677312574,3.255131062479055,50.99302066728221,11.754328547502897,50.06178640811937,96.54522194377259,230.8996982207106,6.747436850467797,43.02313362466657,5.113284617812592,50.07263955341843,94.04477405858395
228.32244296466794,-0.12739501520470461,48.29890018231477,7.160753793341458,49.991784188711094,103.34332395793017,227.10220189447446,-7.334764082006899,50.44914462650299,10.957297948639187,49.91634439596206,96.53386411483173,231.34326938432523,6.9498661631411025,52.551616930661766,10.985399239344979,50.042249226370146,103.21959372315979,232.3651781050534,3.085397224799854,56.82445605258927,12.241379892851825,50.07056831582959,105.73393136380409,229.8758961491716,4.324441017954129,47.021217003871456,9.36118056535132,49.94059569617387,99.5410095632397,228.19819351251232,3.6014981018941823,56.23072382721424,8.641836053233888,50.00513996574816,103.75814944952324,226.3972357476272,4.034856495078997,54.201982473178944,12.366896245628308,50.003560405547844,104.33771572696935,231.55723383177107,1.3652048779961974,47.81865436627384,7.98299004821933,50.00015350075784,104.86370271177418,229.19948660519677,-1.2025465523860839,57.924670303800795,7.109046514285717,50.08128832910996,103.71006549028512
232.51184928004704,-6.69875744885125,49.78761839724888,11.969199614057842,50.090721553962894,103.58381317237618,230.62652478678618,0.9878775680915629,56.677421134786904,8.738025259884523,50.1160615257559,101.4842517527551,233.53657927648973,-0.8377497902295754,52.80294236610946,10.20126998355536,49.87398385989577,109.00140307879335,228.8759735136274,0.5809780065878124,52.4930120679619,11.316608869461682,50.043950738477186,99.65917183799087,231.14462956716892,-14.422591473757196,45.217666910513536,11.97175908325767,50.08246114975662,103.34383595350232,231.1859577660682,-2.8571979723173886,53.56461967217277,10.787279252223128,49.94425045292659,98.59734259156255,228.06847663497769,1.2040445150051489,47.215714306508055,11.606965264477154,49.99717713605574,93.16004604710643,231.49905525862917,6.094602632028607,52.25143537697414,9.805006112415585,49.920438493423944,106.72314949706542,226.5697684609315,-2.645519270244241,40.5311920124815,14.052419547952956,49.99729800349191,104.9778722456875
228.48383518180972,0.9341743709998078,50.01190452773487,9.259021770953545,49.92309904144169,105.15630373204775,227.36417606675428,1.3559221406173803,44.640236475693754,9.911996953254938,50.05084071440142,107.1228649906057,231.72869825477528,11.561187992206039,47.61965964418828,10.104521231542936,49.94902232073217,99.115316037955,225.59800623566278,0.7516486385947728,43.246696709971296,9.38314647486018,49.992613862312055,100.58953735738548,228.20610773974116,-2.609766252190637,53.85624917053243,9.43982856220489,49.96079135927872,88.57835216496485,230.0820784831341,-0.7558527716221757,52.12983092501627,9.8772674754918,50.00382608348214,100.12889851272023,229.05094033589975,-13.524853951027879,50.902982068575064,8.426271712985539,50.05296310928034,98.308564857469,229.01889256433483,-0.6252408744723659,50.906453670762446,9.4799293152604,49.933470500888475,105.32453330964833,230.30270041436816,-7.241393803943126,51.64557094265075,5.0381158812925335,50.042981555059995,97.54365777587329
230.965064846611,-0.6269586236196834,49.20796331081924,13.16322352369786,49.99188838526027,104.08045022490845,228.7258416665713,-6.848414095362846,53.45147285103572,10.225323437351994,50.05576384307405,96.59873908945134,229.12663450827336,-6.318851644175688,43.77270326267001,8.473216962832447,50.029197650310245,97.2485622193954,229.54272422353242,-3.756199560287209,52.43974390940988,10.342392541827282,50.085009631919874,93.12130142819545,229.86683577816103,8.397305836797681,51.076460171878594,10.21598346592255,49.96311198204746,99.26258791113058,230.36804868076726,12.772755754054305,45.089978520665454,7.7208643611915075,50.010681392597135,106.40806317219402,230.88046875938605,-9.536329671367268,57.689118270769114,12.762171872248901,49.95369336086184,105.61263960149101,231.07162066820024,8.015744335804593,50.45083194924219,8.751343225550231,49.979946751430404,94.16877375850328,227.68264833162124,6.336942987370771,48.847802454167734,10.222780891625945,49.95427308100728,105.47064777494273
228.99703447174713,1.995852657102479,55.93457340168108,6.570937991558127,49.94600284088209,103.52499211741436,230.7892909637505,-1.2355884995181001,44.62470795967869,7.996451271497896,50.02630983790936,94.54588328181933,229.69203737437488,1.4033849449981481,44.69693667895173,13.669217865667033,50.04706073215952,102.05421506362944,229.35534575369616,-2.0601357882082723,50.5988715182153,8.920491078427352,50.13764191718417,99.81356418247411,229.00240475878994,0.9561011601017064,53.40261275073531,10.07128033892673,50.02181199148048,93.50005739202489,228.71856336747894,-1.3452306281471134,48.05995545844738,8.482505840275635,50.137271103281925,97.720665524775,229.59632983862525,0.15551174870665707,66.17614592573308,9.58790635134977,49.97437503581355,94.27730791806292,232.840466999295,-4.742925576255976,39.952157786526165,7.209207593319695,50.01062848476906,95.68756474918386,231.04868625381357,-3.2876264516707288,53.86373123811515,11.2254443842461,50.05228299012746,99.94229068702987
230.3768506679949,-2.720894789623207,53.9947617252814,5.57144970730885,50.05181178235179,96.26554593486682,229.97823532279213,-9.360409796175475,48.80588556513676,12.451751124928279,49.948496171022704,105.98357168887092,232.11956165170272,-4.959787010918889,51.39322496283639,12.553106674870591,50.056238974044156,97.76137786558049,228.4280821923543,1.317768831473172,49.630712322901516,13.523313147214076,49.96458103365343,98.74927058975771,229.71366395613572,-4.074975320002975,61.17913335852897,12.29225049950132,49.90207294485138,97.18909722906216,228.2118154089675,-5.106723931072982,49.28516482183228,6.940288787099704,49.92197978701245,92.20923551572537,229.77727174257288,3.4573173205934133,47.289911180681,7.430139539734001,50.01735201095252,103.8924698121441,228.02417783092056,0.19812723366708146,54.18100972557027,14.073641588295207,50.0402171188677,101.21321053723678,226.91100942254903,-4.155222422582422,50.84212927192762,12.039127236317876,49.99251513305657,91.0403744542892
230.29659935636747,-16.974719743996324,53.6754297005551,9.304450057512993,50.033624729971166,98.68146526468203,230.09107521930375,-0.7427758679662723,46.283403764045566,10.244880073786284,50.028547062883796,99.23887206081916,228.06619211988738,-4.823239473784779,49.045759952291185,12.707080887519105,49.993375514170154,106.57580006458633,229.5538872592316,-13.434446985778239,49.40813932440205,10.029515794691836,50.01812972627848,95.99530678931407,229.59042065727792,-3.7833197627133552,50.56144071537872,3.7040714311039746,49.96505763090012,93.01956355262185,229.95773242656168,-8.02109627637931,58.37346962595157,11.228242126733624,49.970890980561464,85.32229884183425,229.36878042393715,5.756465188041848,52.52841605107382,11.394946092961717,50.040975294680074,99.43573821299714,229.3048644292296,-0.47340413050995356,44.46889869883908,11.60148157999676,50.053610565520344,99.52351990109231,232.6014672529317,-3.1413823507959715,46.1353768725126,11.443475995297565,49.982077341454534,100.51392952444293
230.58560777999745,-5.3394933007549366,51.43751712167887,8.167925382315753,50.030766051714615,106.82418353227719,229.56482245477096,-6.929387349234084,43.86173136818357,12.677905596129557,49.95633805688332,96.85488595312403,227.91180417211365,-5.884038707289513,57.42856795229297,12.284463627440076,49.9564406491914,109.04271750477479,226.87292070541028,-2.1075666553869707,48.23908539322385,12.643856456741355,49.981502339194456,107.07451211528173,229.5924228619692,4.516929897907243,47.77969304341421,10.725015998809841,50.03484009193653,94.62719389640468,230.65919295903993,2.043844406957285,44.54775378279234,9.064420778521336,50.01865813375731,106.54494983450236,225.06791028869284,2.3176928239673904,41.64169234179776,11.157674844583097,50.00064627668673,100.26355130698337,228.83913861980838,-9.537582178969377,46.78607735705356,12.803748268132315,50.002155825147774,99.03546993108716,232.48502480064286,8.545289006714881,55.336261451681786,12.338258809121063,50.007147956278175,101.63435620128467
231.13420781411264,-1.4899298071360099,54.94195392054323,12.454653052284542,50.024774441374944,98.03537952907891,227.7542648136193,4.922614733021639,51.38461842483321,11.837807555226028,49.920530837326076,98.95502644824629,231.47821987913724,-1.8490946312218293,46.33280529635601,9.245155571066054,49.988336004303115,101.97727147835089,228.88945249548678,-6.634098307681762,55.85135180735405,10.68561672679661,49.96644622612441,100.45130772948086,230.21473193311016,6.92936702027653,54.032882570626946,10.09403188164198,49.96655655396614,97.50126932396086,227.00748619675602,7.3223065454689396,57.06879920184474,11.375213793238405,49.97314310173502,106.13194768622586,227.201999935626,-5.4884547611378895,53.72154509099642,9.075391780178283,49.99903378724167,102.47241726765279,231.75306376592548,7.974552198000167,37.27192706106875,9.57088856738507,50.03953130854384,103.40096184284779,229.66196831368336,2.1023007849408772,50.83015131953542,12.390662323455745,50.08542800099159,106.0177851670638
231.98340181392734,-7.740861940410374,55.316575491060064,10.690876123455093,50.00282422212915,98.91491232654793,230.89068889725039,4.105082710551839,43.562302109220596,9.102892547634015,49.98741822590164,99.51647605670719,230.58009408100042,-5.5895596054405905,46.90326584346436,6.397578868156405,50.041228422926196,94.68608661183133,229.26868513846085,7.779127291860901,48.373829931480536,6.789266206985035,50.051811532199565,101.03906702257551,230.24516363941916,-6.931194389669874,48.9759314200508,4.468726024770713,50.01315995081023,104.66607227768091,230.35844524537666,4.991986339319994,46.24976501505427,7.885325143884014,50.07084154380542,98.55250167911319,228.2725657961684,-7.767204540428667,53.634865939818845,5.1587334723381595,50.02325233755242,99.81977899399948,228.91148690104882,2.2074926023099497,52.634466791632015,12.992924149120022,49.90440914167963,97.1005003263975,227.80557667219895,8.555611244089414,57.897369862456756,7.858695554127534,50.02364329410325,99.60214581383437
227.5033553871423,-0.04058813572922913,46.133948037263586,9.885717660671723,50.156362268178356,101.49304114211048,229.39906162766138,5.075253019975308,56.28995194071316,9.2832933638067,49.9806823626681,104.31415000071398,230.61817216115864,-0.7427026224396193,49.07532252316858,10.035852480766298,49.9554057953936,99.69029019286776,225.57484041922282,-4.621677207115601,57.54986559401537,7.970552499025473,49.97984392886752,96.29313216015349,226.80155740364535,-6.218563890180363,49.715515282531726,10.14062626489219,49.993007009991516,104.80139001576279,227.1393745669768,-5.387576426832079,47.22919924575451,7.270373209938041,49.98541374186156,106.43697494547348,230.75418268462175,-2.1053962495331406,53.37370111013901,8.318177771002311,50.0601140802638,95.96791907256504,230.02248175754337,6.140059051228141,48.48476560478864,7.354737703496216,50.032499866252046,103.60422037616691,226.62794879427642,7.386822059166129,49.43158311859462,11.110949373074913,50.00478240006246,99.52477739801832
230.13173239157695,0.17843803399279018,50.01906699509687,10.730374902779271,50.030750766965916,104.52763268019156,231.79109080636334,-2.51625462670365,45.06325966837379,12.936868967278267,49.97914120722575,96.59180592795114,231.0084079719243,5.956732454148105,43.610520382571465,7.518908396568046,49.99578672441536,110.02496184262647,229.54407443904043,1.0478347311869374,47.387776873904336,5.899143609653197,50.00001915159439,102.40694239937929,228.89767545827377,-2.7451974465908795,46.86019619156311,11.749128909443147,49.86088932056333,91.35765122655478,230.04936482126166,-3.91183387834714,63.79225193778872,7.654157593320053,49.91827889795262,101.20226815726932,228.4163920352813,0.928869368735666,42.94612819193302,10.511707690239309,50.05165321493985,99.67578883650093,228.97913107232745,-2.8109721919531094,39.2405263639896,9.134708906260983,49.994612025564464,90.61615322466056,228.96040094638647,-3.63377253355963,44.42235081070913,10.846778936464544,49.93142737513644,104.85774347715689
234.21105145959126,3.7369299258668445,52.47888507297476,7.527542618499974,49.92158316728103,101.055120816917,228.78363770763875,-2.377453279050017,52.500670886475774,10.005014016496276,50.047168617387534,108.07009566148685,228.23087504732197,-3.326558634478556,41.67373938152421,13.882071265921581,49.998211024424556,96.19278973515223,230.24759529430267,4.359106620794571,56.48727467790222,11.243822512100838,50.02120162749412,94.89594705164893,229.83391008145944,-1.4237926013017677,55.726529675715184,11.98142258902737,50.079255280092795,81.16885662029446,228.21289170869102,-8.632620183977922,61.189890184941774,12.289589375869813,50.05344552903082,105.53202176672076,227.1989285295057,-2.212909526993216,49.754270387963665,9.013725402945031,49.94995644755938,96.6142420990002,235.1259011062074,1.178641654350117,51.42936579859121,11.531545372292504,50.0517503053747,97.30794336167341,233.83877976577972,-2.815444705539207,52.68836274564248,7.455500762965858,50.00936163062754,97.55952567431851
234.54412162887053,1.9669265850165132,46.64278494144705,8.83613361965838,49.906428036923444,102.33526017715042,230.66501399386422,-3.8807397779988,63.96746448584666,10.778055328940344,49.96436172047016,100.15467115928911,229.21353919852345,-1.5702458940466064,45.63706667108483,7.188401199912479,50.04267280219516,89.11205448499243,227.66599601516984,3.262444176068762,40.906702900373844,13.813793659746926,50.02361488662763,102.89152588565562,226.75933470801493,8.641651131634237,49.04536283018247,10.365797808235369,49.976806200433955,105.6910572777886,224.6393032845699,3.1022453745517025,47.35908042923607,11.03574999688987,50.03261956675321,95.17641433595998,230.06421843024214,-6.0240203957391945,55.27516230229245,10.707448458094408,49.97114567636833,96.66930457423479,231.96902925166967,-2.844838296183203,50.17260020677076,11.827267616338837,50.05549243179838,97.30255974407274,229.03741272691914,-6.113004231458233,41.44746600498295,9.037865426091651,50.0208411339371,101.86110119687122
229.07063636438266,-0.4432587539421404,44.98192105661251,10.615736251732343,49.99592050105231,101.73843020636792,228.44263955728417,-3.4673813268943565,42.562438800126614,12.070279343033533,49.976120613170515,98.67627010791225,229.8024423030538,-4.236705744063785,42.4701229379116,12.598614432781542,50.041328781669414,95.53263279689695,231.5743185670234,1.0843818440529436,48.83492356132535,10.874514416175769,49.95817731144661,105.20287747989397,233.20256953953108,0.7207563055174113,52.54082147549532,9.878889882319466,50.023543424327656,108.36102858405096,230.78640716471418,-0.6213579154544558,47.8390389469031,11.947333228802961,50.00454911008652,95.95727794068961,230.39169231758203,3.222658666069023,47.42132199796036,12.306308638029881,50.11614146936358,93.34178665838078,228.2500511650667,-1.4773661467805512,49.79452214574713,4.523357585845909,50.04780161835622,101.47740416854703,233.82172962069043,-5.654378022786024,56.794096928327676,10.49635385306003,49.96345389174418,106.72349712879854
228.67897158819179,0.7302138930638956,54.82461385708161,11.746159738382813,49.95642784293983,102.65306926547616,232.30404577006897,-0.9578492236783134,49.98382807001163,10.832557004100737,49.934153833841634,105.78741237554067,228.22883544074384,7.852169447734121,46.04080453406258,7.844025992525983,49.99897080453016,102.42300698290633,230.28358717230338,2.2900170692838158,50.460330418313276,9.94151536315716,49.96082060931623,97.93603816232466,230.23307908032623,1.029670361026649,46.75595553438388,10.776766418331425,49.930951282087385,101.20818869822563,228.76201587673148,2.1455051317396805,49.540549540356466,11.01371800804615,49.92829369452053,98.18469837332336,230.0730169253442,-1.98927842956174,53.759508725907445,10.836922406997402,49.964038077941815,103.9097821979648,231.28478696117637,2.797206287094922,48.38716878346687,9.32836081677207,50.04223643870887,96.15333038752908,231.96653453203376,0.9365514539614546,44.65765783816026,10.109100316639374,49.99387086258144,94.97156362049806
230.26652105500006,-5.0685666644223835,56.32114266170812,10.828969587403183,50.004817596010184,95.9961882361805,231.6896497312951,-5.034231891854058,53.95505737726575,6.996799918748209,50.03494969401989,99.49673724970981,229.29556097457103,-4.050416293870854,47.878427724029144,10.697346303040366,50.050136796481816,103.93481301518966,229.57273799520692,-4.612170133186865,43.18811383651372,9.987919600261298,49.96365652306813,95.07448835467929,229.86146444790464,-5.042880999820525,47.85191967008104,7.218722998472119,50.00911597888632,98.83971280528185,231.52925323733774,0.501268349563238,52.474565487205574,9.303807659607624,50.05585472550159,105.43020447719219,229.62292907154472,-2.5381771692125072,45.75868141013861,8.070456597928757,49.956375090233266,104.47709388325343,227.24031335172845,-1.9865899531502031,48.65712555039952,10.492043084840033,49.959885951607575,97.78002063848167,230.86382056172565,-6.099572024952594,62.76129453109471,7.933790451465086,49.95443670436023,109.70401164475886
232.1447802583609,-0.09209532068527637,50.729218936374565,10.1290042874196,50.06668238259755,102.10308380496896,232.14690271062997,2.3269037196814293,43.803351755003064,9.610846752290335,49.98045751771276,96.90446301483654,231.11094032246567,-0.30180955868049536,54.41414589078929,8.251702334999056,49.92686252311714,101.40876108455693,229.00603917714594,-0.32835419710430613,46.88525952971864,11.906491391758125,50.03861697328524,100.34584376226546,226.96503647882545,-4.341517540322658,54.15473407937227,11.690764831363904,50.03345236638604,105.85154556281994,230.67180983891285,-3.5080271249391144,35.46319340749362,7.9864181791742315,49.91677663553233,95.78253759107801,227.977808401635,7.530206946238041,48.91156669833442,5.217541616403763,50.0438847534461,111.90493706769679,232.71942016178818,7.040251273531512,50.893023555624296,9.171434612944735,49.97785338918389,100.06503610965211,229.05773544738148,1.2477381019918294,53.82930417567597,9.942645482373544,50.01314193449687,106.27286665189902
235.54139067547672,-4.03561196546779,50.43189541020392,9.820614099658286,49.97724318341054,93.97347431968728,229.8680207554764,-0.8870849576479278,52.58260506009559,9.14225510404853,49.97248391916656,112.97252490636758,232.73767818888845,2.0230130086502305,44.323628208398745,6.33039727309829,50.0060427308993,102.37530736003457,231.21603629672268,1.4373706228919725,52.59523264632773,7.653866958465306,49.99611562407639,101.00052663883636,230.50123328578425,0.1404041943640155,56.86906104698302,10.566703967900237,50.08264452409841,100.19518905717221,228.50801864336552,-0.7936042584900244,43.80544434898992,10.130314180887263,49.984581198102454,101.01256510962867,228.97592720096418,1.309202571760083,52.32380467611312,9.301316470357252,49.939060224926024,97.3989937784363,231.93488890309357,10.861870535819122,61.65238518061943,7.254025320695005,49.909277611039705,101.35664421954763,228.03236531462468,3.9120797582468714,43.198833145261105,11.159257229631535,49.95847771269889,94.97387603768053
228.7079254524362,2.244625809594247,45.61072221546912,11.508536055842582,50.05428102367566,97.96953525279676,226.50424582408945,-8.644029225286467,52.98229460329365,11.93537522137173,49.90294996339253,99.29226135779624,230.26429164136673,10.204455894936102,44.79184708119429,9.882498020424661,50.03452272859253,106.71141644579907,231.11975989412872,-0.6800922740128927,46.48410365317811,9.824836405563955,49.915014785619675,94.94385166588997,226.1287090886703,7.975217551969562,52.519176409945985,8.516624099306727,50.02224308918858,108.83236733226262,229.83035790238208,3.6041349790674957,48.854538902940206,11.87032881630634,49.961690633957225,93.35769148193437,232.50286076693598,-3.6685535848986657,41.16624962469512,13.145158865420063,49.95459109943466,103.71183049042457,231.88636512160147,4.825749452957094,54.86576080785042,8.355614693310027,50.051247322428765,94.49139782264011,229.23537893455025,1.4145355070808323,51.69478065015705,12.620707065274155,50.01762824759942,109.86977502337973
230.16511743315172,-2.5361435649935746,51.28791532598143,11.997103719730639,49.998111369934854,99.40789290459871,227.54661540140165,-1.4157177101639675,49.06319265443558,10.76303186110429,50.00997803475679,108.74370125696562,230.44304955305333,-0.10551285224150475,57.85722408555033,11.881614637559867,50.059821129962415,105.07663778426843,230.3142231487855,0.09460723540864335,55.337162172148595,13.056367497306553,49.9915663125326,96.79735296898414,230.7112978669209,-0.02578069966994081,49.75936172257475,9.359573067815376,49.99370823979149,96.82197526351841,226.61677045063507,-5.5149446412928205,51.17237619562506,9.498214671216548,49.94798025085954,105.8376478373905,227.25649448610028,-3.6273875135597153,56.2149995264756,12.068576283871852,49.98744217747352,102.91445084126421,228.22670635736307,-2.134469854339446,51.45318044022874,12.47266043804322,49.968873673751,99.4602505047069,229.4943714017394,2.8119465454327006,48.7400053678915,12.59338518993941,50.0308353096392,97.28496369500022
230.46559442054942,-2.4285886153342267,53.26961417208287,8.579191463857693,50.03603484099139,108.05764323674066,227.598633552677,-4.3059710001651474,47.793985659090886,14.463342660410643,49.943974013620675,91.81105620072405,232.02044750193616,1.3853544372553104,44.0406387071269,10.640271019922514,50.04083508987347,104.72088378880758,228.18630255055544,-10.359157042349246,52.302613648576234,10.979238199770599,50.12738178639345,102.3224861449959,232.2178782150879,2.9845387243731762,48.29766328345588,10.247523123767897,50.01306187632528,92.73504659983692,231.05617144343782,-4.9997618372489026,46.959100519590464,7.307923570610365,49.93960915944066,98.67751898220834,229.36421467506335,-2.0392800494696277,50.738151220792844,12.579576158281078,49.955765746972226,98.81477985696458,229.4255048924659,2.971125402277849,51.6707231592516,10.110615118902905,49.93521502221927,96.23477254900085,231.1327665215921,-3.9092086528875125,49.62875637562428,7.444318548998103,50.049224826459614,98.59925264936894
231.14963847095308,0.5144089452665048,52.54464005000094,9.359377816578538,49.93198721246611,97.44961706448488,228.67287897086553,-7.39481238600145,46.029659973741595,7.933137181115649,49.95432156698329,94.0502016056782,228.6498523471506,-0.8423305214368725,58.344535384423615,10.992339523630312,50.03552015307698,96.9424471052522,231.18518278141912,-5.874341443980294,54.841451046109334,7.575544094476905,50.039388504390146,99.38963295175729,228.7631130463564,5.088183705436959,54.38303869531171,7.564611950790366,50.041840724757094,101.82038382393229,226.37694473719029,-2.7627993280822913,46.5650310032455,9.566145145509457,49.97695064131876,98.48312305268453,230.51284290836642,-1.047084335805312,53.01217055371169,8.562729000980072,50.02270927447354,97.98061223658472,231.98097738225871,4.787877922029666,49.669641471562954,7.136724374529883,49.962138312583754,93.79388144996796,227.5568538608897,5.984285073207217,47.33889418651206,9.648601941925017,50.093605239277814,97.62802186037804
227.4297243977564,-4.895470341723274,54.970250629567204,7.513350346919848,50.02673456455253,102.25705872334194,230.87283638471854,3.6928569896449055,48.92029629687753,6.869991413549588,50.0148848326842,93.98732268962556,232.12934081313935,1.908427564798657,50.29426951544617,13.249745566193692,50.03551093836848,101.93140609902731,225.85284202553703,1.4079036252610877,64.38122416154401,11.010084171819248,50.12159391399714,101.74934435590231,229.61254236717548,5.847034896490797,43.98207554547098,11.861472354569171,50.086995301828516,101.0760528364212,227.4833710932845,-11.786314867676142,55.7598813611603,9.857689709670769,49.989977919110814,101.41853083186366,229.59937369555735,5.256448861480302,51.08308287386118,7.952896476485709,50.01676329949539,105.4659369923778,231.00235683044724,-2.730731366782585,44.89911091487115,10.085327309773916,50.07105688096838,97.0039541656315,230.31901564672233,-7.704055462537748,48.71353470184052,8.03200679253222,49.9747346907912,98.50214864147777
226.60732410978855,4.964152409892557,48.61437028256098,13.452614720755863,50.055117652172484,95.40526576180879,228.27698530291912,2.77620728655225,56.95287584696713,6.05063669180349,50.00241645495111,106.99897029055307,228.0009608590533,1.1649147679959855,51.90448477481371,10.079130873383443,49.9901148042641,100.57593943699875,230.57309866422517,0.0792590075852331,49.21665325427601,11.063107480234383,49.91751399877958,94.78521298959255,228.95869676451474,0.03637608991906152,60.66233396603721,10.222234332654246,49.9614330446644,97.73656520910941,225.21114614026675,4.5479760880200635,61.75760126922887,13.330756534025475,49.98254994719296,93.24954468199977,232.30003902605876,6.6190961277593585,48.85948718991833,9.907964900779438,49.98295330152823,95.08371723109461,231.73400838821212,-3.841457296254396,48.52323080226076,12.326485551887025,49.99812584220257,104.83615573433111,231.64681888910488,-4.433115208682137,46.4001351634738,11.41781958458862,49.955453630961685,106.40416648883391
229.68036930637436,-2.239865898420175,54.64350938596804,13.802186972167242,49.94991726962559,97.51697904843928,229.30466045510522,-3.5536651115672955,47.928902456810334,9.90095153171354,49.92364565140916,100.70390291188289,231.37491847386903,9.226383335063497,55.20356335796042,6.154926975045084,49.9955133558239,87.72943045264071,231.28856594378104,6.0001202777177625,43.72980763552129,7.913416440083525,50.07714168229126,104.10093176274559,231.66106904684636,-5.8136548874203795,48.02277453725719,7.279388898831838,49.97917578662889,102.27487120515978,226.18812906427274,-1.4646771828718257,49.77595743172621,10.21884465993558,50.06801006330336,104.83099955582676,232.76671722924738,-5.424909452281465,58.41402013760437,8.282016418922055,49.96457588019964,108.37142673278447,230.32227539543166,-1.9104159933044929,52.58210599913019,11.566492276925656,49.960436251508256,97.960038610179,231.2652855646518,-0.322854537364812,40.36034640856375,9.513817996722176,50.04829612699944,106.63956180915396
229.73048703741924,6.58482571117477,49.06071896741532,10.57314918063742,50.04179944772927,100.58580981041793,225.63484455660642,2.188241584280486,46.74448718835584,9.73473675432708,50.13075240381398,95.03916169025548,227.50686188649368,10.239766920723659,54.47913679319932,8.301543094299806,49.97639195234745,111.17627716497117,229.6423513240752,-4.735778851425624,48.79069086968466,12.11260518428978,49.922774538444855,97.20574238197402,230.3872317485142,5.041252351335518,44.58511564211485,9.517043620593638,50.02016259105005,96.09938164384485,230.6895193892054,-5.084127877467484,41.70093708231736,11.184664538448486,50.055741013857364,102.15600684169134,231.58095827440602,-2.9929270940005863,47.70312383897883,10.66675154688981,50.01900348298334,105.08629400041266,229.918121230916,-0.9119419278101801,50.075344890038636,3.539230432525952,49.94480130842382,101.61431028662021,229.93400467254864,-7.170342162725827,45.72627462928709,5.904552345070324,49.992932756154666,100.68717979613237
226.99974989389696,-3.4612703808725778,55.5272512162649,11.31360951699267,50.00832502785293,102.34746228902634,231.60040410810186,-4.841449364880653,46.438095414495805,9.84988117378915,49.98597269166529,94.2834895160704,232.27004326759123,-5.434228669745076,44.2110706636298,9.386149192043877,50.10817148590354,101.71717131475991,233.30732598092072,3.333873884511056,45.23945106117731,7.011762959988371,50.025473095476535,91.86889833081021,230.35834339682043,4.34598975630116,43.194168740116666,8.39375061414392,49.999698255419474,93.27859067462501,229.46039863236854,-5.491932194450064,48.89821881457648,13.053026384730787,50.048052866608614,99.04446292041887,228.90977724690697,9.6533312361021,47.277220804110364,8.505351931244368,50.029272241050236,104.36269510698548,227.49969638310407,14.40743239176455,58.64067226262442,8.810318824138418,50.02182798493823,103.82581088741462,228.47119041985013,2.7566321969546026,39.87359029891536,11.23331695666635,49.93493241366219,98.14022425335784
231.40812283104344,4.596500054827461,60.13385133177306,7.396456815446298,49.98568591012443,99.4824678520761,231.52894398873585,4.216876583667231,54.558394687800686,9.485791660425756,49.90471746880117,108.21900892222409,229.19998224751544,3.6106796091750666,45.59058668468951,12.434216968196731,49.97848131657546,95.49768967773025,228.31899958628904,10.235701405494877,50.302931825269425,9.128466061732283,50.06983937237638,105.63293038167689,227.55761679405185,4.63996566635117,45.599586495181825,12.097163869837704,50.034111741177156,100.70080614972454,226.59591285035137,-0.039967412431692315,58.793145833143896,7.953520200489592,50.00684343781259,109.80680042659068,230.69656328273769,-0.9188708564644094,39.61014693702778,9.82338380700432,49.989264379667325,109.36881288602169,229.05136498740654,-1.3448896794255418,44.3209434360679,7.874752408380643,50.01997746641329,105.63568241006367,229.8196545655135,-2.316679865198069,53.495413101801795,12.87653826591839,49.95105600800435,99.64673584034848
230.88736449737468,-3.5250290779315403,49.194529815554716,13.28452952992836,49.966225050298306,97.70205565340653,228.7741935427383,6.756608668112162,43.25816563788271,10.98088197379354,49.91468537672377,101.3319317875414,234.30470261822364,-0.3253658990391203,43.83286293897203,11.193088125008625,50.0315608995796,100.04855602509332,229.22997593611925,0.3833704072984942,55.80751246177614,12.512385579274788,50.027713331900586,101.83896496780126,231.81536592358836,-2.911644524207433,49.897501323560384,6.681882012085641,49.95454309712746,95.57463621464264,230.94034892685323,-2.8681640591545947,46.09287752562953,9.185862397662179,50.02271062415925,97.11116144338418,230.48160170445493,1.1333777793438395,46.79248911898694,10.44031324542169,50.0039476726473,98.78739714261641,231.69477253132746,-0.01869388023076291,52.7885101290041,8.925546457973093,50.05689931488138,96.79443648035465,230.93738887736598,0.7873675188819668,48.13324901944356,11.811501248502541,49.96859178245608,87.7176463734863
230.42861458120822,14.178245447231543,51.60792741951027,7.842151452798155,50.03190456115672,100.97203225080263,231.5238384279323,-2.134632281399899,57.78274054638853,12.206069996418874,50.08457005197163,105.31269897697685,232.03207358656147,-5.154512339126843,44.43655915465454,13.922771475695022,49.974599076172815,102.90566199481836,231.01142789830206,-1.8150229809130558,51.30367906183353,10.064749024617129,49.9950217430531,102.43199706368023,235.62520106897895,-6.134113855975354,44.51268338195412,12.156183477939896,50.035335154252245,106.48301637608981,229.6809333811183,-5.853645266393054,48.73703957796178,11.661430412881186,49.897511414220055,97.77511508291357,226.96941636095997,-3.6220129894836117,49.21199948991509,9.815863779040749,49.97243378141627,104.6848113407772,232.39324574290325,0.8085584290154736,49.33693241364551,9.697640118726767,49.94183002124589,92.79433031402246,228.1271799269426,-2.844205566900838,45.54143946952347,11.096949227352852,49.92849957851825,89.32100657552247
225.61253962088244,-4.870268414334244,58.99013340884905,12.548723378167201,50.10618376072296,92.05062649670002,227.59659818417268,6.8828610398381365,56.53068122566653,10.796565216567998,49.96473886164286,100.95029609650932,230.17036604001638,7.513582407205972,48.65488705489357,6.44695655439111,50.01574842381114,112.40265346410435,227.42991354889327,1.8506974364396436,56.604786135927874,12.189646756323288,49.98172437279805,106.12845659739239,231.10288504633024,-2.183744721957593,50.45801247803012,6.210162601712565,50.000718701447006,94.90120513404352,228.2283592725539,-12.735699777971174,48.510121347590115,4.157509020998997,50.052206265311014,98.80020848306346,231.09228954482293,8.00619097011547,49.17065401261969,11.881477980666324,49.986027100162595,108.26671866385695,227.2363309707174,3.810313034475063,45.43013329280896,7.793128281630379,50.00450881564388,97.4828339736978,231.66777954647048,2.5879678759209175,47.35904888120799,8.963268922109073,49.981213849435306,102.97565175418424
228.77407012799426,-7.569647794953827,50.61308119037802,7.886664312159596,50.02073390683965,112.7944660112159,231.22565289478578,-5.660503391859431,48.69766545757537,11.470678294383877,50.10347585837998,100.3177049959821,228.9979265404992,2.1897745080559803,48.61961515498137,12.184461725473469,50.0115124801497,100.90691577708613,227.82157687925204,-6.391145208242996,47.01895114141332,8.991139225605233,49.97477734425572,108.5106541535242,228.8734674698686,-0.6568489493485894,53.852740974789576,9.08509496303467,49.99367697135324,95.55068428497462,231.0915237259914,-8.53930718551421,40.86037167299479,11.10225506372814,50.01243453157855,91.24771096562819,231.3290003487901,-9.752179228196775,49.761764217060694,9.316072243912826,49.95368540496434,100.49907656277612,234.16440128730676,2.143401719991936,41.06789944006752,11.50895633675119,50.04102978634887,100.51199527087742,231.65354511768734,3.904644643565456,49.181730658109075,11.124024710988444,50.00723510003043,95.7703520413277
232.8160183106141,-1.8632135694713303,49.604538053416604,10.7233720635068,49.94671346060339,97.19444789054737,229.63802171387584,-2.9412779064588523,51.60197438911561,9.340801746506584,50.03205123049312,101.3693178360599,231.9350581708831,-1.6315386785344874,50.680784565954966,14.188480110059706,50.011220421140365,98.92146457491341,230.82124418328806,9.633227010950762,39.55348907334195,8.732806204881527,49.94141313207482,109.07284284446503,231.60434964119207,5.26781453437559,46.46833335502252,7.877728423365727,49.943703800578106,98.09985434214198,233.21288695777082,-1.0631814181848134,44.18491473043995,9.68381329101815,50.01364081545265,105.76390615600131,231.0841722928802,0.6206812724195271,58.38952621895558,9.414348028266351,49.94516330395677,109.74110909456952,229.57082889022857,11.236852004046254,52.48252963357465,7.3255080234375205,49.97449881720254,91.6686658370307,232.83766305825088,1.9078723484351277,51.98448948757229,6.5417438990027925,50.051139529083095,106.84309670863132
228.8084547050753,1.4295575569159344,53.84630947695943,11.990665516524578,50.02357137690535,94.3111608914862,229.5862422874589,-2.307923265492767,45.81070568809184,7.59758000903536,49.941681543640534,109.0025545109289,227.05303913859217,-0.678905065546342,45.32756866066818,7.333249594106309,50.036560118135796,95.00254908427964,229.26387921609745,7.29266457851158,44.95519349990393,7.16091221958216,49.965960512365555,103.03171922665057,233.25240085357348,-1.247938127661401,51.38160392256874,10.875780093586377,49.998132349532604,106.84300104452907,232.11140968991785,3.48600934403016,42.21991873977768,9.832077250428323,49.9836931433503,113.42454741455559,229.51621488292025,-2.895525666464349,53.758911522335296,9.141247194388685,50.06063048491598,97.72446756527313,231.35828263071897,-1.0029668612210214,46.205018261503206,12.701024066393392,50.0209483755088,109.36898843308147,226.03026304570454,-0.35396191455397474,49.9565949513974,9.602980031956204,49.92279691389375,102.84209940628246
230.50728476702446,-3.0541577272292066,58.38772794333258,11.506439557686207,50.033432923808824,97.62609694609519,231.92171967065445,0.3500664664762986,44.542526108423516,9.753562378842215,49.96293160538904,101.71102524887186,229.73850118752713,-1.118783480162661,54.463457355695105,12.367040423662743,49.98469507196605,109.8490954539115,228.77889296632995,-6.1474838568395205,41.444321090559534,9.108922987280593,49.99486763163921,97.93094291330615,228.2572168835327,7.844030714657007,50.30236461322971,11.308764855114793,49.95889364728123,105.43038621530577,231.85051241743645,0.7284617762436378,46.36901357593128,8.720214741280566,49.98481312711077,99.25109442640608,228.1915139061468,-0.12178630048399704,51.84135736416583,8.115872802770546,49.99884335005143,100.6866797481608,231.72387246180173,0.5460990677791439,53.630049222914316,5.187497860653913,50.05700193427673,104.19567072302554,232.0635085623227,6.3400692292208465,51.590396583578915,9.615522047422374,50.05162970365259,101.6159870582392
230.40644727730353,-0.6109107881127822,55.94451004809748,10.992629584351857,49.9977816591437,103.62721800432156,235.396112181568,6.574817912053027,46.80166095633374,12.720839320126323,49.96667741507126,102.30284320852061,229.125233452978,-2.494468776800016,53.418931800591004,13.299077890708844,50.1121581799768,97.7708070979833,228.67731325608764,3.374790906072777,51.055390624389744,11.02877511118989,49.936192003940526,97.49937015243582,232.39831213650302,0.07036792913885453,53.46172328547534,8.729670978448246,50.018067501639266,104.60634413357457,234.9056441807207,2.018119916061076,53.549766837245045,12.459084028238438,50.00460984423836,110.16990998811707,235.00143851194554,5.894664741476188,42.59805414577744,14.151892985741163,49.942721180019255,111.11792999882198,229.43712998629363,-2.44031089925297,45.86400375609995,9.981213872847682,49.98743811556319,96.76503461696514,227.36343826297275,1.0866455221133706,53.37360640446991,13.794633373706915,49.94991850684331,97.77869942282317
230.17374507846515,4.106401905032398,51.32299092905205,7.436086018393217,50.067096482909164,99.46690255955698,227.20443556284107,5.7661230589134576,49.7425265223982,8.52895589229645,50.05321029877782,102.86591963957183,230.0751510722714,-0.4259148878432339,54.15262100871714,9.385708883475559,49.936060903005504,91.17034863968092,229.8357090758142,2.761716090414591,56.19730252521842,9.292821189503687,50.043276989905415,100.53370571641067,228.63781075232018,-1.752817109967698,56.209919707419296,10.123461085546788,49.97462504866769,105.27841638753274,233.71720960008605,0.7924090026414368,51.63804145030772,11.312216306574715,49.986900260782555,100.27907221701135,232.70997091173805,2.739495099567975,56.23860393488829,11.6024046399728,49.94875387936008,105.01986505273237,227.63813965051992,-2.5401434878784057,50.180777433391,11.463036291379625,49.9683794895235,96.67742232402048,229.556557219691,4.114145212441521,59.97056603128767,11.160210847544695,50.03333147781668,89.66690097660367
227.58370558865303,-4.129358024374452,48.839319444182685,9.235567849367762,49.96039643952324,106.07694866203062,228.81599709893482,2.0770435806394736,48.893600342438624,11.372704718859401,50.01575649232514,98.49075876282271,229.54370604052238,6.01867452594751,53.48775479527661,12.653481409360886,50.033004792020456,92.84570669565876,228.89494631224096,-2.942288170934285,46.86450031786062,9.07620029139016,49.99918597797737,101.0126873063939,225.44562554683066,7.5219337067671255,47.75448053606067,9.26336175270468,49.98280624838401,106.48562425296784,230.21053071432547,8.027196570314919,51.246287168745816,8.413674119984043,50.026907346698756,99.38824729223207,229.31717525296045,-0.3690764479880948,51.92965263043013,6.633709868996583,50.0169557328067,100.13416742909676,231.77374167071034,6.5091908347676695,49.25609444280705,7.889719500797266,49.99479085784602,103.65616089345254,231.7094771285507,-7.0233311865049695,54.47448884128194,7.685005486541002,49.96523743110568,105.18156174074964
225.52503300956454,0.7408447773466892,57.45242659406692,11.20460025292777,50.00254408017333,104.58377667373982,229.72418278410183,-2.0215393196258566,53.60739583191742,10.599244730467477,50.04888350277301,106.57209194477443,227.52494895480748,4.853908476641484,39.48627501201092,12.419361943428676,50.028612527704325,100.18228980626374,232.2040341355057,4.151183554002539,55.06950428567576,9.298727932805539,50.11494859716645,108.1031074836658,230.13242631607008,8.915212974688783,53.030628529111944,12.919668513630182,50.05278398014725,99.03432906917816,228.53148050005754,0.06788455495595695,49.82253033141086,6.73871275216681,49.98696252339759,106.45780859299741,231.6092457272782,5.1807940424370855,46.1668122328709,13.240232179379149,49.869103448994615,96.74050198574275,223.9960268735093,1.3829043261404221,55.45785957006541,9.626629459507829,49.96456240385966,99.08316476187663,230.02099052011965,-9.692543044783848,55.305480664916914,10.327788512337966,49.9720266641418,100.61639761459573
229.08836193850524,-5.862470227252553,51.33670091911657,13.32468325892837,49.89763070838896,95.64328629541026,229.4346898804267,0.13050849204744477,54.06980570214375,10.62391520385273,49.84393448000088,98.42202245196903,230.20517439554436,-8.913181967884233,52.031124459586756,8.721817553551311,50.02265765207072,102.25974803639458,229.68134581204882,-6.056672021828815,49.13067438874217,5.642141789570415,50.00985923713905,98.08502075269212,228.10566289361475,-2.8748458773684455,54.14374017698389,9.464723369913942,49.95331665326496,90.07738929938328,232.01132928978527,12.55538889585541,47.43066308656784,10.659920505991353,50.00130472176386,95.38615769001866,231.21990712413452,-0.871591361264742,52.90255523745955,11.527641255353245,50.059575828118525,99.11888665393181,228.3738425982013,-7.704162613324421,57.40369290819708,9.999739324507244,49.981332171317796,96.60268814402983,229.80009284237994,3.1298034869226745,51.202991234678215,5.91625944095417,50.003463153660995,97.9716319819397
232.0864116644338,2.174579720430474,51.787580193257675,9.40062626023641,50.04650957096656,110.25738315275377,229.1404956783936,-2.7383921401534557,62.49770262417795,9.878209249998358,49.94468923960115,105.82183990498123,230.5956719063275,-0.9262157596306121,47.90721751013904,12.109868413132713,49.9586024988036,101.72106358561989,232.76293325151443,-1.990913143827974,52.1882064046886,9.347742566860049,49.93072525688728,94.92822756548347,232.86640203890383,-1.1410008046157691,52.78209511343989,7.395168836489206,49.99585482557244,107.65130364866246,231.189657954599,-1.1824717138057173,51.71174418749582,10.478479823029621,49.92533206263887,101.3848886149997,228.2008327356745,9.481851091306293,51.84102586679014,10.429124299264705,50.01195460572694,110.87187563919551,227.28808533108202,-4.469020093957506,46.54288599357076,9.478186402189273,49.9939157112122,101.16442523695017,231.38043011019425,-2.6451793332306512,53.47386665159642,7.472735597187848,49.960347550662036,100.88505283826188
232.25874259228814,3.8677890255193086,46.16539040634968,9.67319712705751,50.01998277942246,98.75156106121196,230.11068984464924,5.9264559622831126,47.27359427541525,9.654016632401644,49.99657833416714,94.1668467229275,228.2893123035343,-0.7901323762650626,53.568902758646274,11.69461690818113,49.975085696552306,98.44407751464405,228.9962306404609,-1.0581344154680028,58.30890426957797,11.972902819034374,50.07382233636462,96.4637243303622,231.362292002979,3.1468545840025817,47.472655829464834,10.915410042485918,49.93172024852815,107.9553398237835,227.93959515018508,-1.1270532952550316,49.3019735257373,8.419532413369904,49.96843056028415,109.64936757525572,229.60264135022686,9.118360891220211,47.64164241161924,6.452481354284255,49.99333359065191,104.8294848716009,230.07863133266838,12.159890311412587,53.29630990931608,12.48527388440707,49.995303987526995,104.61615077870943,231.4868382612344,5.32166402168175,51.33055262295393,10.20001532909226,49.99562910257557,97.92832921854101
233.38038109790872,5.930698152078181,50.03182777868715,12.583411721163689,50.037547301474206,101.25339932349125,234.02502806281566,-3.3534960515537877,59.328206789780545,10.217569655123366,50.00841922834317,96.80698168274569,231.5089038025221,2.8820205902779854,47.96087153355579,11.265780065780934,50.06319039221357,101.7039141952544,228.07734681481585,-1.023270345117553,50.8689697592232,9.948619367661784,50.01564393875357,101.82914750343667,228.07565389667565,-0.8221591912235604,46.835840700101905,8.899774571861304,50.086787026794255,113.37450734114876,229.50565839584672,6.456575810794868,45.182607966560255,10.520801287724304,50.01398516937336,96.54432089444087,228.35506233989423,-4.860835717364239,52.00131193587774,4.856768111472405,49.8954667577495,102.71212622722413,230.03323615744995,-1.2945082844762392,51.78829729371788,8.415907959234605,49.85695650093715,99.74938761243214,229.07679103133435,7.391799550947958,46.38167397366153,11.160162058495677,49.951304282768845,101.59207760499677
232.18575250446452,8.44611546543594,50.36404246501165,8.544089981777558,49.969856483346305,98.42089197561764,230.07770537485314,-1.0298310663051604,45.029072344784936,9.750899846780328,50.076404959668295,105.13163796022494,230.29613451623703,-4.66963594123449,48.67661528088138,10.210396165535595,49.97629710211511,96.76039912768283,230.98925120010432,-2.627108113519105,55.274749005673954,10.48375433799766,50.06990929668575,99.75236315749795,229.17804262741046,-3.2195122228101254,43.152403485501274,13.282754826123982,49.97713792589827,98.44114308697029,231.14814921423633,1.3467966102130957,46.51611157893914,11.119621844175244,49.925442701109596,96.85001418188278,228.52946989650076,-8.691000490596494,51.76790295722163,11.669592465880342,50.021290902996995,97.52617931110858,226.10467579296298,-1.4264545179695451,50.4843010940761,10.327233060283508,49.93716932826164,108.8634586646248,231.27812857663488,-9.154673753021017,49.11876260227206,11.030724874983513,49.922955355702705,103.0572767905901
230.40390997186188,0.5586454997321882,45.90471110568731,6.841008034999994,50.006367539694956,100.64421654790992,230.22020555462387,-2.189584736692041,53.24373004103288,8.588005242357793,50.03058755793727,104.57749619706043,229.56088118492124,-4.03748176341192,55.72899209740276,10.017419070421118,49.993332232381064,103.3111239849468,232.04514057816687,0.12514014583690292,44.02250944003346,5.830515485404663,49.984547888197284,93.92098782605329,232.278174035034,7.6802152224595845,42.586586157447634,13.997654262025813,50.00309642100909,94.3361154391754,232.8665885437846,-0.187436214211685,51.24684424895896,9.892552247832876,50.01117889137706,99.27875696841612,230.49142833477455,4.856245484069535,40.88056943825732,9.90816992815775,49.938701439283825,99.07715083283439,229.4589947094357,0.7028902348986209,41.94879067459269,6.488413846166775,50.03003375327835,100.03565526688189,230.3799421997392,-4.661224567999779,46.6918006535275,7.585404639226839,49.99074657830085,101.42891679768745
232.90953480898048,-4.248612657160608,45.279971695298556,11.978007164962037,49.96866381363367,99.37241328934542,233.98919112349256,3.61090475608411,46.36882159596433,8.152834138887659,49.97426965059172,104.54917972701566,228.61708086957555,0.6756332990241499,52.3074282740481,9.279445179458413,50.05077803633316,87.40518217602997,229.98016606387802,5.178887515054887,47.07015885160546,11.866754184593255,49.969042241986344,97.26214181052593,229.96630106299628,-5.143322442554922,51.90213346384752,12.84249792369169,49.96277372667412,96.83565288416692,229.6902298703301,-2.459103825437402,49.54537651444709,9.353677668599941,50.01471585351772,95.88037840629244,231.29967383516185,-7.61686510754231,46.902406675660835,12.961987949614393,49.946047431961155,105.55131181142693,226.1916190938463,1.00821052292282,57.22558923653852,6.715491089339967,49.91941589444258,99.97630316101424,233.85773360289164,-5.541467428356105,53.68793397281783,8.112587464196206,49.97527483877471,105.5957053398163
228.0579989322374,6.635760998022487,58.26319747383555,13.665488148688897,50.04058296411389,91.39866072815364,226.7539378055167,0.14816988476672466,52.85268198968197,8.191027681897715,50.02064565415569,105.5887189610787,229.28499056990916,5.836325848738647,53.443750780592694,10.103958192222866,49.97504368932839,94.59755758453335,229.55034646340454,-0.5080800076887737,52.01042175183309,9.463435650628984,50.00449948476674,96.39546067714632,229.34188601393785,-6.206189595185878,41.63855337501977,10.319459609831084,49.959899306113165,109.59707428763855,233.2361297236678,-1.9470059724792956,54.28810655116617,10.679992786479586,50.00892361739085,102.71858066345037,229.0641093123883,-5.4600226761000314,55.30819500445096,6.8546794892314775,49.97608158479429,94.01047919677531,226.71365415112135,2.901212201445513,51.54364054385702,8.184150850339915,49.97960743864422,99.26822053910465,227.71523157067347,8.266611615003823,54.81901219531026,9.747316828032835,50.005550400613686,106.18477205442505
227.65766223743478,-0.9718092266949768,51.100042572391615,12.999838745874186,49.980186808476184,98.44414456952605,230.84689585504262,-3.0729755244630845,51.05669056951022,10.435990065359995,49.94205950560782,99.49501001137465,229.28307775158854,-4.818763290230437,49.0262539909701,9.604375923925316,49.9151375447253,97.89004063774499,232.1796601272006,3.5046111504247297,40.20638242365561,12.22560982877269,49.992625179746334,99.91665857195173,232.12137132965648,-2.124196730260635,43.01912792906493,10.34950089913205,50.07577572716057,100.89012641309372,228.33996380975583,-2.818083780482501,52.70986037601291,10.152541047783432,50.05479849253205,90.34344681497987,231.84581452855525,-8.63396751432087,57.1289411931194,4.866568150795217,50.034517332861085,91.38575942197927,233.53785845943705,-0.8817547466894491,47.98678117181553,6.623944769181636,50.02603642584385,101.26544351255689,236.17752972276796,3.1860203858817977,42.611494951801646,12.411851475305266,49.92934414515282,93.62124879524235
224.87942986642582,1.4522439419976618,47.805293533696464,10.60129401177764,49.958718277948144,106.31155110616447,229.89769891636607,-4.537882958201975,35.18703746684548,12.940282645624958,50.0535256241182,99.18945744586969,234.42657451342794,-5.6348112392847955,41.615831151966994,13.124219233642023,49.98379446968804,103.70938829523496,227.99855552510388,8.886603838361754,37.871860052042955,8.783736430257429,49.95905353180731,90.2474039492255,230.86831011240386,-0.04455278658157742,44.7005792781201,5.229980870708432,49.975022074420785,97.88663902060284,230.8178430387619,-0.42900820114579435,45.04680849365679,6.904157725519616,50.0430195025084,90.09968676048604,226.26026677072903,-2.396046815407268,44.87415412281043,10.658917499158656,49.99839966047197,93.71527907469131,225.40389532641146,4.432574813785071,52.74316107879308,12.39021949348508,49.970798765831866,96.81159741241531,231.0484487360677,1.0147330063516826,45.88393740090319,7.860283257969719,49.97814081070337,109.08870050507221
230.91700094359547,-5.427390861481945,41.47761207821729,10.696869814271693,50.087318230867844,103.32355108553195,232.82391811315065,11.279574484347517,50.66194042140724,10.28457286675779,50.01084325876861,95.15321960142185,230.69104175899417,2.232381644660222,52.408431890338974,6.683952204152677,49.900718069902766,111.58965797621664,227.79063995417278,-0.9626475513131961,48.53162392864989,12.906078564508766,49.958447182328825,103.6683730879875,230.5392543042321,-4.2093044213866655,48.00415018396215,9.29297265733511,50.02665511264434,99.10925173059186,226.9119136111892,-1.126696908316461,60.038811489611774,9.345399910454569,49.96314301012804,105.32227107614546,228.4499632157877,8.603116775760514,62.166401020121356,14.653162769411189,49.96066744881291,100.12511663717076,230.4447784344916,-9.53325050279836,55.54139164259705,10.475830486642215,50.127140707495975,102.11780688639404,232.47648703757793,-4.576383033929723,47.824503047287635,6.379926331186203,49.95892578139488,102.13590592898586
228.11381709264793,0.8692314195423463,54.755788350564494,10.075986740737441,50.03998332855917,98.20874549590653,230.3716076821758,-2.3098571732955433,46.41224994998809,11.427689826154772,50.05872540941655,100.10663272637123,228.25094714540984,-5.2885513500621615,53.751308969315005,9.033760103559123,49.890735188779935,98.970714223672,229.7659172461424,-0.20900529564654183,54.26384445375677,10.398320215538938,49.99230660121407,107.13443903425072,233.25327275096996,-5.442260830119964,57.04155110798967,12.068135438442493,50.03132176210246,94.58347413095743,227.45549037196466,7.17851187205947,45.088673766005165,8.515594467054889,49.97090567379449,95.79350422517072,230.33040064789236,4.399668313638637,55.34453767767529,9.43830805235778,50.01614524048058,108.14651924079135,229.31850211712162,-0.36689437945582115,49.49005799821857,11.643783920531744,50.0313088060709,105.20323866740814,227.66314747293967,-7.125760976214888,48.624840306986975,10.314122117366237,50.11140847187712,98.43950660387267
230.07497337263015,5.554555770029914,50.81365572823061,5.790240666523487,49.991984869405364,93.08245939162764,234.6380723442186,-1.568681673656753,49.779076470020684,12.68910269344241,50.00106459795454,91.11858853539519,232.22724328719147,-4.5512875330752225,42.54573626067189,9.62579728681717,49.89410677315299,95.52203613767249,229.55192628749063,4.082103647536284,43.86946069977896,13.0880631193517,50.03001954285429,99.28543145231316,230.97357795768872,7.819009653596249,56.84322308426992,9.048706904962671,49.92228312152328,96.28118564720224,225.98951111310421,-9.271229653198526,57.50416988630707,8.878058305265306,50.020559544035216,104.52731477048823,230.464504087232,-2.7172231325237135,48.77343839055843,10.366007089764318,49.97191345394542,100.9582859400378,230.88681335395916,3.168549903184062,40.098108032192975,10.046824080976958,49.97835196902517,103.74133108415705,230.99361197511251,-8.912486092936783,46.86128941618786,8.447462446158575,49.98043132980409,98.07552797805053
225.7827600164533,6.6343419211874135,52.96142981546293,12.35051226892177,50.008132851326806,108.87247130912628,230.03408494287507,-2.6064505748969786,41.20313182056735,11.615960044080005,50.009080496604824,96.52600404739061,233.68787393206682,-2.51970380547301,50.85348589811006,10.420453524531831,49.871711348146306,102.7964947983739,226.84909262963419,-3.707578045582073,49.79966086804336,11.400787997492506,50.03470726654516,99.09787136130304,229.43700241896678,3.253863618012993,40.168771669658994,9.779473045829022,50.00646475858593,104.70447112182704,230.3855092131603,6.678870229854881,39.6114352458425,13.037624366769109,49.931407917594804,103.02782332788647,228.55451654345904,2.3514237644497875,63.77287443362822,12.011242261129986,49.95380231931111,100.7868671203736,227.36007764529217,1.07125455875278,48.947612280312626,7.8240956530183166,49.98832947374351,94.32666070778767,231.35080662985376,-3.246151764412834,46.85065692176417,9.588968864737083,50.01780919797357,103.21804956801905
229.45849767847918,4.3252665485783846,51.83078037280803,10.55916372044106,50.00107361945786,111.00994607421356,228.99265438540738,-5.990249833667516,52.694056139226554,12.736131002309829,50.0837789215621,97.14514661203359,225.5749576303546,-7.045226814301997,43.81197107251413,11.877749340781623,50.05151040573679,105.42122697163735,228.6495698417524,2.8891861285374087,44.50123276247036,9.773369140819035,49.979537725120196,104.1512441450935,227.24587500067446,-1.0252630076543643,58.73801237273821,12.11211695416408,49.95520804891725,99.02113116458669,229.18444136277137,2.9607294418313144,52.00669708700061,7.852049944702348,49.99268631947453,108.45463012881785,227.88769476743695,-0.8399543155181954,52.764374742947226,9.568229295770472,49.94564685221776,104.27730429348493,230.54298050923455,0.3288204287130853,45.01731426627349,13.527444368227073,49.92639098661033,100.59583256594411,230.49265148577265,-2.65491957878532,49.24043664283232,10.545224740906145,49.96866725303411,105.86184526031384
232.53117124615687,1.9491143658409156,51.15170962923828,11.156595066532176,49.985205873050205,93.12222205356485,227.91344868299745,-3.8095661034864925,42.84656103806352,14.159137763286806,50.02853240380305,101.46585087789715,230.96077359242798,-3.189370393692781,51.8692044370411,11.87151253825572,50.061238654017934,100.93959261393988,230.35842360981195,8.589843230599886,51.25382031863099,8.78306170786307,49.97578013035132,104.19542580839544,229.87758570336163,-0.03474565213261219,54.92995002384706,9.075041084157393,50.00590595071605,98.82217770066018,227.8699335169167,0.18014853840809417,55.061639677468456,11.831305191484564,50.00926826414617,100.21857832634822,229.64633629687643,-3.6994777132097005,55.66479244702241,7.316756590871025,50.050603622568374,103.11569061531642,230.3816582142693,2.90773611373909,50.28664444349343,8.249447541015725,50.00735455945317,100.0499567826412,230.7516473866103,11.456971509021121,48.662497759668085,11.204806148137195,50.06744813313845,103.85145450637627
227.40898686764723,-2.6004589755558696,58.16021804270525,10.611479868872062,50.083196643948426,103.27828505224899,227.56727352237831,-2.3139092012123115,55.131789564615765,13.941210175436808,50.064070141441846,93.56515832160606,233.07540214040057,5.253889144565149,52.11687045843427,10.68781152471261,50.0454097774251,99.43405708568925,230.16273747769057,-3.98956419561436,60.599048836763814,13.311507657894396,49.979870847490034,95.98349991864606,231.2319855769609,-0.10487213765823089,56.82919879318531,10.296665526056028,49.97505407569328,96.9649328328028,229.62394239146002,0.6886079473112982,43.93983265684181,10.331924816440697,49.9811382153779,109.61113955961676,229.93945947101105,3.5496609868107534,51.8184792158331,11.264199591597952,50.10677161078704,106.84504055219666,231.956994402959,-1.0708575633674515,51.51681517224053,9.30815650217121,49.98372665166934,94.99226916790009,228.8870247737022,3.122029466970612,46.70727215711518,11.38692275159485,50.05166634700806,104.94774868101429
231.09727586618,1.9113139099236771,47.89555284605379,12.925766633269708,50.060051352890696,99.59481095713176,228.6032407310762,4.865540503569159,53.33323094767431,9.97894298490207,49.955082280258715,100.70011727783859,230.93861804127937,8.010980769525935,49.169082253738615,9.725120990046586,50.050666696545385,89.71154063668922,230.04705938434282,5.4366551797791285,49.013787145232904,9.52025319551254,49.93677063012962,91.8765621628,233.91435791628786,-1.150495560225651,42.70369506908624,13.649935587820346,49.89880484227693,96.74321730220318,230.2139058436176,-10.756346906394436,49.069384383021564,10.407005772622886,49.95090955803643,95.7574658657658,228.32184988537892,-2.188077747130284,45.939387965740764,9.67774216484856,49.98978437481421,100.85487810885022,231.83801598032795,7.540844630008977,52.76182295568146,16.00481427774894,50.000374169652225,98.94374337553545,230.01024041877687,3.0181562315461212,50.31905197647498,10.458632023124656,50.100045722162136,101.07876756061223
227.79708669113447,-5.991370642258661,52.71486536046634,8.795539884360966,50.02908986091031,88.4335066599574,230.19979315596777,-4.456274071192744,53.715818631220564,10.879405698509172,50.013590241501944,99.56137315595537,228.1852320266364,2.3413620926458716,53.383396190497976,15.041618519482387,49.98950992733528,100.52658913095843,230.35120564330091,-13.552542015510006,54.37227267412903,7.14712362187548,49.92446912644125,106.99856572475929,228.4083595493991,-4.0147518864201945,46.58653868970187,8.762651981209034,49.969815952772365,99.53038420722646,231.82705801339208,4.640806010975923,52.21074354993998,10.09314902527017,50.055664330716894,104.01399675773966,230.58286251085755,1.075224285572018,52.6589301116446,3.5864603660955794,50.0009907880319,97.25923271853921,226.4914567501304,-12.000028351278026,54.121012128813064,6.671746370497676,49.908324413837725,96.46892476253485,228.8544647998817,-0.0388645898369143,46.61140069286266,11.486572905682701,49.99363662100127,96.8504643281772
230.87423881658214,0.8011322552385675,60.52114869997766,8.09086104871444,49.94798559994362,91.92057363898456,231.3352850308518,3.6141669501553113,44.03647610138573,10.40149805172457,49.98980712882304,99.41751007408439,229.64083577524246,-4.030761306340605,48.38756837184573,10.993465681901204,49.917298251315174,99.95951559571023,230.75846698952836,1.8238756853329898,51.20769434596096,11.650074439875324,49.966960098547645,99.72905138283241,228.47968957560465,1.4702923869548212,52.37598753726934,10.687337956107466,50.01551562283835,89.51741953711638,228.71221367644893,-1.3773398686730904,50.968598278828615,7.612410565727446,50.03238643887129,100.51990854447585,227.37641487079128,1.293510712095993,49.16925738748671,8.567691809058495,49.93923807795902,100.79227330274121,230.9568092104439,0.7145319594175041,56.98582237423132,11.66768239230643,50.02571797025748,94.97705054239366,228.87646517134354,2.0980826664173393,52.493678666745744,10.073062929939322,49.96392054105328,112.53793832503233
230.00640307177986,3.6458391911632093,51.443714665362485,7.122459946508402,49.936618316389705,92.71332962460421,231.90344552910506,-11.111308750921143,53.169385749717925,9.302673139720751,50.03732011486651,94.84130743521219,228.19790241294433,7.031348479110463,58.98717558920258,7.772136152294103,50.00634292468241,92.01592932668646,227.92691926662974,2.764585179630919,52.2499930742466,7.323474606229105,50.0294600931663,93.75460098419312,228.46960606281735,1.190407187033994,48.946028822317444,7.887912559398307,49.99949082227251,92.42240194777793,231.28156200298383,6.768732788249564,44.446696441338595,7.479020200359933,49.989515566795326,102.01574269317868,227.92949621337962,5.908768472764242,38.786877179185986,8.526763071952836,50.00784863305455,102.9597890894322,231.446737760427,-6.876302614829707,59.19181231032693,6.169286223954847,49.980760436313695,106.28380992038468,231.7202873832941,4.123124938628686,46.51668487689052,7.860227424331117,49.98630269386765,100.21137613212245
231.0906511096475,-1.5153808424608373,49.83073352063182,11.085853609294883,49.98807827283527,102.56453918166916,229.52791147501767,-7.564467624730863,44.04388724358276,13.510140126151708,50.056431826839514,102.44040089895918,228.79879595513648,4.019799268222001,52.98043300919966,11.333585660096519,50.02572923480415,99.1852889422781,229.68939521779836,-5.95901495876313,45.39043096381502,9.998708734004502,50.06258329808868,97.46934723248934,231.15247428554073,-8.294707376629464,51.22517040131386,11.882051012611813,49.93546027029082,96.9510660682548,232.0628121267691,3.1701899349190086,47.84684666497577,10.229177388829475,50.01195272245979,95.21701636180542,226.99896893489841,1.5112734382427613,50.10725222167405,6.718757380359435,50.03384021382437,103.88824870678393,227.3463203693448,-4.6435140750789925,54.576023807543386,5.807893752024118,49.96103456036812,103.25252965170495,231.146816450963,-0.19056031266038667,54.069010342760635,10.288945493287429,50.04124096767067,99.30758637231185
231.7222967668298,5.379031446302632,47.32324173502035,10.65274420257318,50.035902705632466,101.1115011329245,228.13113062908792,-1.4701294996034389,51.111121529425134,6.517596871535059,50.03160133641347,94.81813887413253,227.4395563046707,2.639226482753772,42.3095573947814,8.11141878031489,49.99984480227773,101.05810701073297,230.56988007017696,2.062278669629362,50.73666859743878,11.785479935827016,49.99515323160734,99.42908967986438,231.702658704757,-2.342023469461905,51.088262725365524,14.052291157458328,49.946155856851114,97.74339303220394,233.83149279956345,-7.4273712620909915,53.71592715129738,9.125767364061954,49.98590420409235,98.36527451330433,228.50847563696246,-1.6505321997208686,48.09924626339548,9.769979073446608,50.06574776434058,100.68767348918875,232.55459959206317,-5.287169463971902,46.281598629221655,9.310548499424069,50.00856372687646,91.86103406418809,232.6429199779486,-2.2993961313325855,51.52504544747414,4.95219133635872,49.98057255203,102.89809183726013
228.46460985222367,-1.2483262656911633,53.51804888012755,9.750879778376484,49.9715041278099,99.94652257182109,232.40917606937737,5.5190150262095585,56.21951427065933,9.872530081934547,50.07623907362399,100.61702873025023,233.11328911444778,0.5638253195170599,53.9016702842281,8.798279478634859,49.94205507587184,109.05918147241901,227.84884348700587,-5.725653155787862,47.957086997185925,15.405141853012688,49.96031693687797,101.79826695144057,230.32863954669253,2.2668014723530385,49.15687308383673,10.823088652397857,50.029737770067555,93.05627515684368,232.0113687687224,8.869044309368176,48.21781033573591,12.058274834189326,50.01568309928532,93.50908930408303,231.8974674088136,-3.0978856836184505,51.16760777934369,7.655510053168668,49.96776944997182,97.9738238595731,229.53748217219467,-4.6883260089604715,61.335013084248466,10.444447941044054,49.98485871429237,95.49723632679864,232.7797871492927,-5.093186297353604,47.06641554804902,10.989305618063133,50.052561182406514,91.04596996085186
231.406321353962,1.4796907421742487,53.00842213152112,12.149860437487128,50.01681579926639,106.70780886776265,230.17496841578617,-8.207179834486894,43.54809032802367,8.519138832019104,49.97659291708752,98.40063189161779,228.27849154541232,4.533735745965775,45.596411323153866,12.703278933441963,50.03216582027581,95.50853151142243,230.58203643294806,2.366987932336339,49.30544464737409,9.557374123651273,49.98102896494589,103.373571223244,229.5364282905932,-2.300127767999988,50.61915112984351,8.40940820476161,49.890513491918156,105.69718770945136,231.00595689453033,-5.964874719590596,43.859522371858574,9.802092223769042,49.96931338534496,94.35088081162576,227.44038641133616,-9.192089342823602,51.7326824336576,9.583321568923264,49.96489549035144,99.64084949306573,225.82447582723242,-5.2732075284519295,52.02357170340052,9.52855437294207,49.95218498307268,96.76067604977936,228.5686067437132,3.607932912625158,55.02091516243712,10.303046343280966,49.98715367073134,101.10041684339612
228.07287482263928,-8.367850918988163,41.660723949290926,10.733461408243837,50.11129961583744,99.5862470143905,230.5762188702468,0.6856763891087048,62.32765167184279,9.535213470861923,49.97008622110947,98.2621916484277,232.09486813385402,3.0952250613685024,40.5052440246797,7.728502986082732,49.903682282367114,102.84067791685484,232.40185900124152,-5.931972038789066,59.05135590180766,11.558105584767675,50.01323013351359,95.35766386350697,230.63015741488752,3.2474058154356196,44.373443674495086,14.60153768580707,49.946406772766125,94.1665072667046,230.50899562306728,6.261503830946857,46.75750865569213,12.856701100850096,50.000665890882516,104.20148518773102,233.530671742762,4.0858774915437,49.81426939058904,9.52968144258633,50.000644969900364,103.69197846439936,228.62359498449771,-3.3507501036864262,56.418166664237,14.059641484210182,49.900432782979614,95.87902132225233,231.82407206285416,5.066059075050012,51.54000887787285,10.214566710514367,49.95811597783581,103.36182921506193
231.39816116420747,10.62277733270918,51.40893524400811,9.304789180558162,50.012466603818936,97.38932756675959,228.8760516837964,-12.967542340551761,51.0100884452278,9.857955251253415,49.96216470557105,102.09405701359572,233.88341325962384,3.2399310465911535,48.06265777843485,14.400392963147194,50.052342538976454,103.3990174690145,233.90541393420585,-2.02696769195499,56.866829002945806,10.82120904635339,49.96810051533581,102.06900957396857,229.4371153752626,0.8862105716095275,46.85388491779589,12.538269839245451,49.94625291300972,107.038032276488,229.68705973413796,-1.7824152088841112,56.021316752099565,10.600221259679936,49.98883555099837,106.38879007238322,230.01073092207582,2.537453533373532,43.936394017008084,11.983179323890715,49.971159284903706,100.99919149392636,228.82645316424444,1.0698381476807102,55.02444542439325,7.798307492138997,50.03355281178227,102.7806802428048,224.9481145663253,-10.932259945036545,48.66406165482996,10.413942068629638,49.91891157575783,95.2664508379007
229.47150527847262,-9.6881625607583,51.6456996096419,12.813889089158929,50.000071213321135,88.82542761215339,229.74263457922652,5.011341525147088,43.1450010384871,10.394845327584305,49.95474444195099,103.2153084984516,230.1168397315322,-0.33218160371759703,57.16806500185624,6.06309759764641,50.04381308852879,104.87367707744677,234.3509817892353,-1.2039014961289627,56.44184442561216,12.86408131640583,49.99815422783933,103.26112571453396,230.42502774188094,-2.752265761400032,49.79750043344805,10.083130250813364,49.975389623165746,96.87321752072666,231.40009958703504,-8.353527777387276,45.2782372807759,7.614363363627909,50.006028048493675,104.414778210184,227.88479250822962,-10.814687677452355,48.16966947933992,9.786658798164678,49.974974717008735,101.8759305931847,227.49518823551418,-12.092363641213414,56.34437086687522,10.208168626881418,49.95432052783418,99.97931124856292,232.54268516678016,3.9627047247149467,46.21701842515416,11.39381694593675,50.049126328795126,101.32848914709437
227.61469055745042,-0.4695029676152898,50.756113214437526,11.330720954090713,49.95454549405578,102.70789269738742,228.6077674228464,2.043194980069981,48.702156832928004,10.776163162586878,50.030357864652366,96.4483398981151,227.06790157229526,-0.9051743162296642,41.58631427145251,9.03065595222565,49.94969500008977,95.9196429831153,231.71571080617395,-2.414746553385107,49.00239861008183,8.51836838212057,50.00129979350487,101.67102662723717,231.1550060175856,-11.954769979272298,55.85215104685692,10.329803842434751,50.046719636437295,99.47173360057526,230.89829024238733,1.1465511927038379,53.59144022112148,7.399403896195052,49.98475577496441,87.27148882814164,228.94329906795375,5.069280038862347,38.79483400665347,10.172053474344844,49.93937566978684,99.87469247250122,228.23085786767163,1.5766415268100458,48.89156352424648,13.168201654590705,50.03205462427047,103.89140401935911,228.90673392366668,5.214006659653138,48.094738965987936,10.313999088627622,49.99938382881504,84.97913498153578
228.84062880619908,4.748990510900017,41.65339752214989,9.523411132624867,50.03161704468106,104.30961736684841,227.8422528078706,5.866757902768143,37.47941889168001,8.61047039421973,49.995197064863355,94.81721582341444,230.5283667780903,-3.458685510403212,46.69503755895803,10.267938306721511,49.98532081698523,101.62831575296771,232.6209065773829,-0.43660979271147715,51.03292946793244,5.884367621996818,49.93445465379856,96.9877004942176,229.4472137490164,4.368060538035977,47.55603364194555,9.531604618743271,50.0103136975315,102.8130792920409,230.8303978557926,-0.15264076700181534,48.654606290808495,12.535949444595124,50.086053988768015,101.26911278681314,229.20878715934367,-2.9025006803027917,55.582575427358265,8.025088623034247,49.90639834207483,96.54362871501742,229.0929032146856,8.679736089132259,59.68892902719035,11.41729308690201,49.97679991650555,106.07012065162631,230.62215314231082,-1.674763846079871,54.57142293039651,13.162880714485793,50.0485463323602,100.08402942612078
228.7366912092105,-0.23515053261655694,50.51345277508858,11.967893329355382,50.089177288887846,98.21658940054677,228.1931235941236,-5.048865418262151,46.83426201290906,9.504770294436506,49.98324115596253,94.9080840395439,229.99682349264452,-3.9881243360738057,48.42976151136917,10.180892795905512,49.95260259438854,99.80321594929097,227.13341516783288,-3.093499069949817,52.62811264758445,10.36336969155336,50.000921081126684,112.39279886478266,226.14432818817744,-4.640846911530363,54.542696959019054,8.447201837807397,50.033797534274804,105.6315089335549,227.7419349966938,-5.633982989540966,56.980349039865594,9.067988802451167,49.9897238813001,105.04821911549189,231.58758411155964,-0.5097777194970798,57.45198433131914,10.697026758462906,50.01277079867216,101.6451423093884,228.19743987675346,-2.394812443214732,49.881252043233104,11.674134012197658,49.99526552185855,92.3569289409794,231.3533337517959,-2.8624806859340306,53.898712994659185,12.812477233379674,50.05276599469305,104.51784778487567
229.65431669234837,0.7683280897268008,42.99919120218182,11.127868107514551,50.03149739900437,98.76910772510202,231.88503568407987,7.834506370808065,51.989389355776545,6.374065344250626,50.014814448590926,98.88814839826989,228.59468739044542,8.373825137637596,52.4061190809105,9.724326202280155,50.00965660432945,94.39658153344352,230.41311685651934,-0.4689550280532151,50.38295308858775,10.652982289550328,49.98578606145723,96.21078842300466,229.39671552661673,-5.037611776123981,51.40802309050973,6.950592268574773,50.01977960379525,101.4501676418736,231.88842449184386,-1.9471950441883363,56.67638877963853,9.058808411476386,49.98841362572784,97.79541591045941,227.98817116966373,-3.1995914426553136,53.82167521495388,10.350490989689867,50.070150974404015,96.97476085089207,229.26362459037807,-2.306954321870542,48.52831085903196,11.459805420592039,50.04140354849819,101.99867114382587,228.9181023615987,-5.462513989683454,52.90284672417169,10.888800975767165,50.01419958389539,102.8654517294504
229.92334967146317,0.6764079313222697,53.24879196996727,9.465650149288692,49.955675177190095,101.47558552378582,228.2831743159155,-16.31994831220578,46.00164120753102,8.131373596009011,49.97587967716898,97.66711850078347,227.46517101077626,2.233458167687774,44.40117866007222,9.399800159784231,49.972308612174636,100.0341899089663,230.73501737280645,-7.0764394031455,52.61279209047698,5.929171402381633,49.965825905409346,109.78852295018102,232.10029227359135,-1.2144187933926445,51.551092183050145,10.238682140425297,49.99146866352076,102.0542443335381,230.7067591380868,2.581454735966842,48.82345436575813,9.683571062261842,49.970718023355246,96.67156024306456,230.99799558057543,5.040185021213578,56.88846587896482,12.331132589764527,50.14160066735592,92.99311881875187,232.52152792932606,8.857061346637016,39.27818812222287,8.771220892500388,49.96099822989398,102.96400961386017,229.36433590907916,-8.3105637371505,52.5296676633537,9.89411702820297,50.07894405671069,96.31317247497675
230.85882678060406,-0.8910965392776453,47.91813799774496,12.813057404382524,49.99596466040524,105.80218693082618,226.14211244930502,-11.738467038135656,55.567340187008696,11.963877328320299,49.982430781606325,100.93232105704728,229.36674645300135,6.868495550417881,57.67087869573236,11.893302198547321,49.94429710163231,97.18406458776276,232.82373960705726,4.199100420332921,49.78017415449119,9.647549391742775,50.03523815541336,106.48531312165682,228.4839664515356,-1.0983581283909154,45.573453204934935,9.121379331321176,50.0083933301974,106.66731810993292,230.58500322086792,-5.5159109426332495,55.752973826697755,10.973937847034922,49.97986834815919,104.3392222885087,230.5856812919534,-0.44369598856684006,48.90632541149372,10.362828997956683,50.10019472096271,97.62666122326445,228.2740421902253,-3.891867471110597,51.883856563415144,9.511014608559366,49.92736602271966,97.34030083637853,231.5541415971151,0.6580770813695855,50.74675088402715,13.025882464886793,50.08801401492251,94.10163795241809
228.30625480930132,2.631972737677106,52.748926478580955,12.148066662944762,50.050612180509575,94.6172805075315,228.17413910530868,13.083699405030744,42.63083329216962,4.504412488187768,49.96352080368241,89.17070676092406,231.1286514162484,4.435071098937872,57.14401566431031,12.952564312976929,49.983360411513495,98.65588528496016,229.7132310931368,1.1690099867946038,59.48207157435846,12.24634119191365,50.071010591330094,100.7501128384371,226.532093438046,-5.2686689005688265,51.71923748652085,8.926639508294253,50.01659393788573,105.78114409155756,228.21873434691818,2.619774604586433,45.48927807669622,9.77044332924368,50.036241508827075,106.76594171104975,230.5067528765689,2.7978474336458747,53.16175280559861,11.808403503115207,49.907837367286845,94.4583090654517,230.35426846121806,4.918630733596384,57.44404952701187,7.60938483449144,49.99177846534051,104.5387801921615,230.35415964489545,5.408342377379501,50.75724053366324,14.901655062709544,49.97565480680355,100.98029570602844
228.03263475257,6.723040856472018,52.61360418965929,11.346703973760292,49.924786511753986,106.52255007067984,230.89671466104315,-3.9883950325598856,51.823625074387394,10.950304179255994,49.98939149876461,102.23968628658669,228.1290218209105,3.0642762487173973,51.89961407306506,13.216637575151795,49.9386814615635,105.77767757645458,227.1165590770682,2.6378584852714964,49.565380469084666,8.877469138900015,50.056855143458016,98.85998294505359,231.73833620621477,1.21457531845614,52.88557456605582,8.344048310052093,50.098135661214016,92.59739557872417,230.43041141297977,3.103717277846467,47.92524285237425,10.026812976261244,50.00700507922232,100.81003371570401,230.87359960277973,-6.982688041660388,56.24381806964815,8.34670436809572,50.02323435646962,95.96959084107264,228.7122065480104,4.368618423348321,56.53535269873963,11.049389552549462,49.97369859924692,96.43981859332314,227.20100182995594,-0.592863916520595,46.81368305625604,10.689241963038304,50.01033079894581,105.32081677217954
232.10833733399542,-1.953847873359642,54.01692585457853,10.199551358831707,50.114382174507945,100.33769826572318,233.073715906284,6.366543053273159,47.63133982058282,8.776532280030496,50.01669299391495,100.77841683534187,232.47582173516682,-0.8461327618224572,50.41174835592147,11.7614066770239,49.98605005173522,107.43075148903979,228.8652846357809,-3.3218658851641463,48.9068482856911,9.651342971220611,50.050398666394685,90.84673436170466,229.40185074087407,-2.4083243069392775,52.27664090303202,10.447911140418858,50.02388230699502,98.76503808584198,231.52091470969984,-6.766345572612565,60.58706080672507,9.597089636952651,49.966984416693,98.32292947661719,229.9466586762429,9.678010424971434,52.022441233720855,11.84675867498555,49.98275446102798,98.06705633850507,232.21888062349504,-6.665162224898485,51.75331819498912,13.13609134798628,49.94919547683236,109.29102730992528,229.8112303595825,-1.8347037474867567,50.13492572953973,10.793165731643755,50.04031594416324,96.5787668113791
229.1810296616337,3.2489831335237858,42.40039961461318,9.808150037843307,49.947908967105,109.07105286400723,227.44698540273717,1.777336437828376,52.90397307434178,10.998365236434605,49.96852587695802,96.44418203554778,229.9969855812424,7.601194876158686,45.78806832385207,7.123952520203074,50.01390966082637,100.22404311574508,229.02822189379467,2.6712584327869955,50.917240347322526,11.237923286355873,49.97085165370529,110.0679267954011,229.5887757425366,-0.40529276606151865,47.884695558237155,8.93473641542605,49.99235974577273,97.49430713836831,228.54284666744036,0.07723434523223444,61.73106556788923,10.788726181654413,49.96478805830495,105.00262404044965,227.15358727220848,6.8274951821105105,44.96222539045437,9.557115223639231,50.02412822987774,106.24250042960838,229.13013618652047,-10.045614456554555,51.6078140379502,11.19291131142433,49.95904067141556,98.91426945035377,229.7447051657339,9.240413230726293,43.2328705243165,7.342036692306669,49.95674706154286,96.8674480714049
231.10622522293122,5.492888229481153,53.28120807792712,8.526848795000758,50.0233473287881,104.18769192031303,225.92651662283194,-3.025939500475694,51.70732588423774,7.116732352729322,49.97645046745431,98.69989221802803,229.7555444509859,1.615279450276358,45.13890016572746,11.463841314767556,49.98152847859359,97.60682104289933,228.8545294220046,-3.043325875638821,52.944433246005154,11.379927107503192,49.98791372439033,101.43571830011597,230.95242052078405,0.767112253358694,50.343364208793254,8.859389403366496,50.107959528538636,99.66229834775848,231.98771310547417,2.3996723853285298,56.70379721282614,11.244521774662921,49.9404392879991,102.37352610518919,230.9770130603509,2.666519011784491,47.76227516132599,7.853540357332438,49.99595657223248,98.78241174733414,229.9124318877205,5.986058266748819,57.75888814910604,9.562188316371383,49.968606098873884,96.33236335528821,231.26363615281127,-1.2020373240298796,53.658539775206805,10.628595012396902,50.0653638698934,102.97697704407854
230.54796571627173,-0.024094270367003675,45.333485578625385,15.32977295850245,49.92843097972827,103.3433961563326,228.01459398296387,-5.524702701217771,49.674145351125865,12.916635921858433,49.99374268024186,103.72042061702606,230.91003859397642,3.4639246638316306,46.59632626603488,8.82917912981485,49.929027858618326,97.97270700072268,229.48375118971222,0.5662002957612486,45.4129908469325,7.829700307919156,49.89791134108646,94.90534260529341,231.2994082225637,1.207119257054282,51.962892369573055,8.419106265249274,49.94734368754063,98.52949571504791,232.3419246297698,0.8570236504483629,39.37034411524556,12.389689225979499,49.99634020145161,96.2369845002534,229.96441610784123,3.5518567512935943,48.189258996317704,9.099199239564266,49.97499636332585,106.85287138842439,228.73793880638493,-5.125241970447596,51.94607578293166,9.978543111299201,50.01733472747288,95.24291765923613,229.66544252061715,1.7275894557020621,37.60814947414865,8.593947826997388,49.965195760636966,94.4808829918126
227.64220124118845,-0.0011114786405347836,54.77183944528433,4.925251647254261,50.12285526764491,98.52164847465092,229.5545197409408,-7.94192340850714,47.129268252546346,10.298030859214538,49.98614421326667,96.17905599364008,231.21875897111016,-3.3015235425106177,50.18169903826177,11.885919662885712,49.9672251668802,103.64391039336176,233.2259928068333,9.171168695588648,48.90224051303554,8.94338578109237,50.02881768046614,92.52250268765172,227.63429923133197,-2.028702218345847,47.69840137560631,10.2585110236236,50.064391428538364,99.65087110725896,226.03521072545394,2.2400643639794855,56.414671407425146,10.083733634908706,49.946583542985216,99.96517400899961,229.88806331040828,-5.84838755322172,47.495706756691334,7.41763945853363,49.95512705668073,89.76189171822101,228.55357832464736,-4.6602676172790165,37.04214923396044,7.40055996494247,50.021184774254145,103.77916901360346,229.1341932568737,-3.797680597088596,55.05897209914868,9.30223520027002,49.99860661294339,100.75001789632712
232.57056359467117,4.466602055158516,57.75500744190053,10.351408925160833,50.095740271299334,95.60974269011533,230.44563183302975,2.2722241461832806,47.88010737391288,11.288262913976471,50.03490056058101,99.00791179547737,227.21661731340697,11.123455281274255,45.429222737164416,11.460393397205864,49.9619565914002,109.62461283671722,226.96069870332633,-0.56330865777068,55.91303358715548,11.149340335533273,49.96787384953906,99.54342482691399,233.1496039135408,-1.2390143701358265,43.24490936361795,10.280195728529202,49.97069241891384,102.10641790312748,232.17274825102163,-3.8007426473187254,50.51025992619145,10.306778826457132,50.023703870367314,99.82878692722325,231.74807664955452,1.0798447514915253,56.36571354306493,10.456978620770828,49.95597828758937,101.1997190827744,229.41033253348974,-1.2342764357194156,49.44647686179036,10.041915586758817,49.94623906067314,99.38797625650797,232.12906916955816,-12.397605688907676,52.08272608825126,11.50900527605192,50.01466889521793,106.16857747060811
230.25981458827235,1.7575066959091692,51.76179388677183,10.34182781206548,50.00959856487709,101.57086453725745,225.25971201824066,2.409568103677235,51.21748344646181,11.850694266768837,50.08470590696798,101.89501510473937,229.08331310742903,-0.15321300169405822,56.12937418670911,9.885851577699183,49.9913926964217,100.71409614934014,231.1872433890372,-6.515227490991332,53.52693232240677,10.285513106113779,50.01994553884639,99.26536678273168,231.01455852038544,2.922341212183259,42.42443460217497,9.401947309580372,49.98694053398106,101.93880151475562,230.8521402465617,3.060226411617707,43.37234621900846,9.851987270785816,50.072171749008824,93.15747586601293,228.51577645116174,1.2052511482012338,45.84475352556629,9.89418255990436,49.95601957422625,90.90985776768213,230.664220757601,-0.7586545657930293,49.17209458582877,9.105146193753901,50.01367631703334,105.66787626274665,230.21290528297047,1.9904769084360676,57.99685238026452,8.421903675329013,49.96819204193835,105.38411316311934
229.78979130968563,-7.280304919893965,49.0128986815475,12.903495820750576,49.97241512872548,101.26209463550195,226.3735899130359,-6.320960021493141,56.539740745521726,9.73979490975927,50.03760159568653,98.6491248066571,229.97472462803793,4.272281376192814,48.35384052231543,10.153419511291153,50.01756856946966,98.62981263568643,230.9954952464136,9.685297463773537,47.45862214206114,8.177477001144444,49.99238513927929,110.69953475610531,228.66520593008238,4.5110824029293815,43.26103006801534,9.814302756262299,50.04703653192618,97.62192562583556,225.91229035781984,-0.6770952614612931,52.46361648890366,8.951814270223062,49.9306370767633,89.66234585256507,228.42337099506526,-0.14697008741528672,47.977414938462026,12.759089804579201,50.04394022927282,100.3784640078284,229.89469963007036,-2.3356281307370623,53.64202928193744,9.913020210617804,49.91974130981402,98.22755118316356,227.87506661966503,9.058235434156733,48.613468502264354,13.510654812999757,49.98348442328625,104.67737183320352
229.7209557098605,9.924143066114741,52.27282595938874,10.672005799548927,49.98494846783252,104.57579945258296,230.65800756209634,5.6057034098906655,52.47881261475124,9.922792100679866,50.03317602364261,104.94373602327856,226.86839558011212,-0.13113053811165656,56.50284499870812,11.17527173731792,50.05729682679444,104.50853292051167,232.93160836719335,2.40707118172057,53.688352716333995,11.313952521946213,49.99794592241898,102.06644993239217,226.94042685424117,0.8386687780451527,45.621992411343996,11.442597997822647,50.06166045369293,104.44979243322446,228.0388356374164,0.807149750557372,44.89798112265465,9.68296911988153,49.97839745585513,110.2537841307666,230.68118723251615,0.4293187129425849,46.243259074061115,12.059307644141903,50.048214382445096,94.19758900514424,229.2753763596366,0.10696374172954055,45.436351117633244,14.668315619648144,49.99410324389207,97.37140248410235,229.91958689226237,1.5503675221371382,52.006780382587316,11.748185919060054,49.921121368947105,107.77533436798065
231.30039217968928,-1.581694495104814,48.88578082721122,8.003236275959415,49.9990084349834,99.13373375967274,227.7304295561447,-3.453186901500023,48.57158561716184,11.234697467309422,50.015405751959605,101.21149396319579,228.26329357355593,0.5394938561569309,51.37304673919482,8.24659152220281,49.957111039221154,104.18532650058631,231.093976220163,-0.12391083833396699,58.94158386823699,10.28713251497881,49.95456117457775,94.42489144552476,232.47915498302882,3.930473640685972,50.72445866902161,11.781643411259537,49.99795128882677,100.5980380190876,228.10447258250258,1.5978470088036714,39.7161492309623,13.125629857409969,49.98207846023258,99.61830251319131,226.35620899129088,-3.6166407509856047,44.01104029896672,8.586696775018622,49.96654368919652,102.80813452871742,230.92076334526357,0.3508493988746559,46.494280481861495,10.319070329876839,50.03787316307143,98.82946937821765,227.61626285623257,3.4306766227317875,50.96974888800803,6.502095344977186,49.94504763212954,96.3792813749966
228.276847055541,-7.213522680836899,45.17387320621321,9.342152450335453,49.959542192283905,105.32542340636425,227.12837633089677,4.182906418104383,53.83611888478014,8.79985541512656,50.06773388281448,93.41050711072872,233.81646731150659,1.3737103631591476,44.71696143448835,6.68163415007757,50.03340879753021,103.01025489467645,228.9256774043356,-4.607751260297301,44.14854107200599,7.527883030117143,49.99137714066447,101.16893254758627,230.21265968400942,4.371053880474128,48.952886872502006,8.018436337363234,49.96118394865335,96.01501632019719,230.09517917735369,-1.21093144283379,40.79905019442863,12.826595265628288,50.00145771910088,107.414014563675,230.94248907288278,-4.889744416318438,47.88520867795086,9.209027256397357,49.91132385482297,104.1387160180223,229.35746601856965,-0.756543297859791,50.19143066413846,13.688709198259838,50.03999528109584,109.767150142884,229.51162955814178,4.122289005007579,59.36387725745858,9.619193113191255,49.926094419193745,103.22163405287463
230.77918325893936,2.831460262955518,51.986130551926415,8.980625390742988,50.039170965780784,97.33114570911981,232.18588777012008,1.6830456865975876,49.040370070178824,10.758875377208783,49.962457862951965,103.8168778330826,231.47654296664558,4.8268802593950415,57.01195744199428,9.233019704087127,49.99643942266389,100.61755128430099,228.67513684975165,1.5209544829935209,47.15579800624811,12.119416026867924,49.95030782214931,101.56612293354839,233.91063873910193,3.5295341094173405,54.17333857494818,8.994629674958777,49.98170475953217,103.61885721450204,228.88231979400652,-6.9687522009029,53.85879522302707,9.917536494028612,49.997489762096116,99.31965779659855,231.5597584022082,7.227959051938337,51.7390513436686,9.532188423083404,50.062889669991506,101.49947734151426,229.3628440299234,4.08467494885285,48.52064241392249,8.813093971139,50.06675668386857,98.86842755792473,232.0883580187929,-3.5361353265217548,43.99645058268123,8.382122434665694,49.919186632923285,98.33174215233105
230.42623845631036,4.278690797180232,52.7897025188408,10.406537313044527,50.02638779320628,101.97816981255184,231.58769257206222,0.48580476600809375,58.054612306731066,8.957485818760285,50.06828974767292,89.61893321176017,230.16109964934284,-6.9436377867601475,42.62911150073833,10.582011006747878,50.036748151589414,103.4643150156667,228.03905040612483,-1.629825951365473,49.29202687723649,10.36783341362705,50.06170340865858,100.93342590352772,225.3180815791016,1.3751463982474097,49.62444031504407,11.044119103611223,50.02590995425991,97.14733321776136,232.15984798054345,0.20958826268720565,50.17416919303156,10.183570714303993,49.98192594993467,98.89921262184086,230.0854767440742,-0.5118939391715174,56.08841549533441,10.560065549007238,49.92354104066715,96.39825304351376,230.23288111365423,7.321394441101456,46.23647669262007,7.924501270429484,50.054511536379906,105.73613675507208,230.55059192379775,-10.55496376329674,48.69259912856486,10.389638428137998,49.98836512271778,88.37518635760681
232.05853945754987,6.910006364396151,44.58423778789252,10.442664430924752,50.07679601250363,96.55649685299164,234.97829449709775,0.45316027240146994,55.692282072620955,10.823698509822854,49.93881408981503,104.12882178340757,230.55279973386428,-1.847453274995266,46.06967974808218,11.746821968752363,50.05659617835069,102.35894727633904,231.6932359896932,-4.105489814429576,55.83575118328918,10.486368100609749,49.983173411030016,98.01696548922592,230.6727541957129,-2.7493065967115733,41.82824790737274,7.736642047816408,49.9648661825665,98.27560919337203,230.3559255496496,-6.5154197173121915,47.21201574539122,7.083975941279044,49.93916721416847,101.32311294154272,228.32755241473413,4.2914320063062,45.39817934478796,10.69229538579495,49.93259983632701,98.43782673711748,231.4313614005473,-6.331966372180489,66.14116008349717,9.812343468932857,50.0203557374939,104.40771944205422,227.67310451098422,-1.383030430497133,47.03886623818067,10.214810025141194,49.99765411566796,109.52859985552877
229.20943985106646,-15.555968185811173,49.593812319470494,10.589433688143544,50.05714080946825,98.72088716372414,232.78080089011624,-4.600544128851019,50.99272739967581,8.020779080061246,50.03761691376175,98.60222270304722,231.80407845745427,-0.6079661696701241,49.936340461342134,8.26148070536787,49.949851975668885,103.8198342093787,231.22291544983787,2.241780152025526,52.814982171818315,10.94797871252614,49.96349086987318,110.90821585865154,231.37448185998136,2.3483448814145884,52.76140625431287,13.90446370957844,49.9564358838793,98.65378090295766,229.19662975229306,-2.9433039277472615,51.64343737661108,5.728880608770787,50.06945627137913,95.84803645825484,229.46569331423854,-1.702442543892578,62.097437186965735,10.117791968033641,49.95332064657194,96.28885831280624,227.77136171236424,0.910663876118884,54.75054640542654,8.869824967265462,50.03162510001813,93.3004883139652,232.14267280360602,-0.3025985820426866,49.03333309290187,7.788294838645646,49.947916538759465,100.7635879861462
227.8866593699329,5.746802564477776,59.94771263445805,7.244359293347015,49.98443581167415,92.44210013032652,232.97274281482788,2.768000322946007,47.365412369815395,9.85020934821733,50.06924352206845,106.64380357206485,225.7305881454526,10.23118682567528,49.218174474389585,10.85325107159058,50.12552033018186,99.63288359798763,228.33042627306017,-6.19581744379156,50.8556033309868,7.4626879551832435,49.94668497260979,90.20189893054173,229.63963977098334,-3.4793680723364706,56.77910509365103,7.845008684691333,49.97120403763108,99.88486002191596,228.79986364213372,-4.77845878238534,64.48395298074004,9.035715147463236,50.05342990662335,107.25456890254239,231.47631297002803,2.2116963026210765,57.42808584891671,9.02827285057662,50.10282004765417,103.1347049991911,230.69872257433934,-10.671879086775068,55.850500570963376,8.324447441766301,50.014165052286096,93.61599141983501,230.58431159180282,2.821101273012052,48.788047406415416,12.748023936732643,49.939208019364884,96.50197493361318
232.2681368071588,1.827344068793069,58.946783000081496,10.529303934103588,50.086929268983035,98.24521310370878,233.41736307922218,4.287434770269077,44.77269874403859,11.84506264880896,50.022711718132086,96.1578601482968,231.72783916927355,-2.786066471736817,58.75811640162742,7.082338023311864,49.951685638509154,97.41091128931637,228.83898171105213,7.519307601922875,44.12261653229277,9.755774707248545,50.074526033355646,100.61203024138418,228.4795176453929,9.9271289523341,55.94009945396311,11.946735769792886,50.05767699868843,102.86765808394196,227.581338654772,0.2142416617678876,45.223018520672134,8.627756228918544,49.97126708537106,102.13784925268804,231.73797122834253,4.045769022434637,45.01695022724947,9.23808179674492,50.06306940650871,105.95208542176945,231.6655015827536,2.3842732670406668,47.403839501573245,7.82016671529597,49.963539321233675,101.34764925961683,230.29994115879816,-7.840362433006446,43.89139342643127,11.552941780970603,49.949201240704596,96.79192179500465
232.31627295713233,2.4111104212344556,59.9663750035255,10.036962301116988,50.0202588900765,84.27915313530823,232.1452411163751,4.549273279400784,55.38507231832377,11.732411958047472,49.97124771105296,98.31080800615884,229.45916108844756,2.2660142722926757,50.5708420144794,6.609215658788149,50.101243246861635,100.26216470080811,233.90010644951843,-0.14450326629802387,44.44511903761785,10.072741217986415,50.11057574459377,98.32771991807743,232.06705889731626,2.3963483505229064,52.68064482233428,12.457507221514579,49.979482726711005,104.15556659409978,225.4741277401475,-0.4584682983955308,53.950959235648654,10.394714716450544,50.066669090788956,93.21620160273152,231.2200648280318,-1.6555021011076743,43.790904268074144,10.170000515125036,49.841845085092025,107.48671735622212,231.09882811070293,4.598939541663889,52.069721616834755,10.532218264736755,50.06274294099648,100.96282419818871,228.70756457630935,16.07168640467484,50.53828621730716,7.09117012276269,49.94643783388345,102.96031715622212
231.09734670072692,-3.4355098835688085,57.9353617096869,10.949635645097464,49.9490503958173,103.11282635624791,227.42323695476162,-4.81849029558786,49.38897858127795,9.096730266804203,50.04697672127396,102.22829984097181,225.8523805268864,6.8277543840296415,56.04004517533238,7.193710329904327,49.970302640083084,105.15496440780262,227.81484490930885,5.6621781622974146,48.17433849288955,11.696406601076783,50.055668816833396,104.43961754180405,229.29578012859383,3.4790029146146653,47.28677715047921,8.498727322376338,49.97647543538995,96.30253955224305,232.61440266281429,-2.734567166687369,48.73469343906788,7.254361596280166,50.07934191882658,104.08610904331734,226.32916069353374,11.695480522195155,49.76989148299659,11.268984742802155,49.95807413782552,100.50416821931053,229.65773404688096,-5.8872949225143625,57.085526739792776,9.306619092181982,49.96056357966197,102.72897116305951,228.5866059548214,7.068703158855615,48.08266707151304,9.594968147192663,49.97699991099322,93.91689139348176
228.37967125801495,-0.7401256378769184,47.81262332064066,6.812677975346562,49.96452848133029,98.20516268896698,229.35354611872455,2.5621966410136396,55.628359589100064,7.409918196600129,50.04243787942112,95.0367971848204,229.49684149245047,-2.9446340291914472,37.17638071173417,9.703562730995628,49.953004144615306,106.64885438862761,230.8876638963052,3.6050547842802896,54.452466223293506,9.265599851575107,50.02466614967359,105.44529042049123,231.623403193079,0.8253322879203984,48.214786819564544,6.136453207590964,49.93143313332357,106.35315970514128,229.6643715648235,7.820571923401724,42.78511683594471,10.644232729401669,49.928920147583675,98.22497634625613,227.9920653974714,5.3626324036659145,45.86827826055587,13.146453922171187,49.97845734817636,97.25308514691184,231.4049207572254,4.475338314121867,47.33991491603822,11.831500109628852,49.959874697964565,99.32575929449307,229.32985833457997,-5.280863481868655,48.81890993148998,7.509357612106918,49.91143039139655,100.68077182756312
234.47280688326512,-3.933851742208701,50.789927837447316,14.426531576987898,50.06069964179351,98.18605054903438,228.93895400913163,-0.46953271315141365,53.58931741154424,8.271664447742173,49.85238272222769,102.87501599116493,230.94049198046145,5.528489020116601,51.95308087837263,9.749852745557762,50.05773682987416,98.97638349215688,229.11214436067306,-10.11187553049467,49.633117939000456,12.656686803398328,49.959554481629155,100.23469202114335,232.94971647265413,-6.1910609764536515,54.37766728298787,14.663020490142916,50.00942879258204,99.1256978340771,230.1159015038052,-4.06911153521685,52.52002833424259,8.432618817053559,49.945758299692145,96.70588694847233,229.81815829859292,5.722972791843808,55.74444718367798,10.786781806715256,50.00595444770992,102.92946685385465,230.7238502651945,-6.349368933672483,53.02238757097252,12.079738180629183,50.08735506927169,99.1923876532624,229.92269490797779,5.138142444598913,48.77455615814116,9.308647414026597,49.986245532052344,95.55471687044252
228.58333165998036,8.863451392313381,46.921440878525765,10.403176873818152,49.96587483576235,100.4347955755276,229.53905551174475,-2.393727953994639,53.87162242916804,11.206712852594418,49.95868880416116,107.83658747438446,229.5152086117727,8.20217656052191,49.243245955153945,6.999590050724445,49.95988378051997,103.45830541400767,232.8845587939848,-11.072692670528351,54.54534091282122,12.996075323342012,50.02627389804575,102.72467760439717,224.1432536607765,5.283101963672712,44.5104079241792,9.489643734807522,49.96108742709507,102.87330003071914,231.0532316802798,-0.05864458529703998,57.62770117612253,9.339723615594872,50.017156649594156,102.19875860679421,233.57328002435827,-7.2503502929155985,54.74579465763891,9.18011150627668,49.99831543238358,106.78903950324421,227.35913938548484,-1.6665338415535453,62.006262919987854,9.205668880128572,49.936711506880776,101.43613233660496,233.63320124013325,6.646589538318483,54.5922310131868,9.118558614791796,50.04808810038604,96.09757004922453
232.60148329834448,-2.7626521087215457,48.80526040586909,13.377246611151389,50.06806169257128,106.18798705743002,231.15936919140327,2.8493024756471885,52.81447531348945,10.962211263467436,50.03886874448754,96.60113627972241,232.6283376547121,-11.561002206126975,45.906111448601095,8.391703565875638,50.05413218571064,97.96209847574784,231.9339624343132,-2.5448100043398902,47.33489182504672,10.158736003021906,49.988623027830045,91.62938773490374,228.0761205810174,7.542576696925708,42.818761825028936,12.523545792235547,49.97085095933878,104.06937981634056,232.708058815291,10.604575365962209,52.81018618218938,5.6075234819281,50.08397113080025,104.99364324248073,230.39645797387325,2.7867640462102603,58.52479096994137,12.62104926896703,49.961016888383085,100.60425278064534,229.6967791225795,3.0563030422781887,54.09314660725828,13.186331219140715,50.07192001777233,94.63369793254803,230.23264531137607,-6.742602171543548,49.67354573186373,7.399454726203457,50.00204188332599,96.49211194231543
229.04054073943666,-3.270979216845062,58.592614984982845,8.103414064928407,50.03792824003699,91.02105443585161,229.1387600995404,-6.700200952582643,58.64418684930349,11.526023597977286,49.95328112766063,98.34589945660422,230.64245069286568,0.40673583658747153,46.00611690588405,9.884537840251923,49.99892337275412,111.5988800272525,232.2114958592564,8.146044762114645,57.62410610199399,9.997931382260559,49.92331191802562,105.75649315560406,232.35507433743268,-1.807885336098995,44.19745451350214,10.311403888780985,49.9597486472185,100.68693871711241,232.6806349238981,-2.8913784156993976,43.58366831569687,9.668757990051624,50.04990066663083,96.55531308270515,229.88118072493555,3.9491308126214024,59.195528059713126,10.30069058828387,49.927244182745696,103.05349392820463,230.53143742366868,2.128243517771913,39.68913211822592,10.73994377806863,49.97122114461641,92.37345997097684,231.93268803135567,-2.862639734056538,51.61530613325281,10.1418649439321,50.027519353261575,93.58359722792757
229.40654316543737,-1.428389401769747,45.550328429514266,6.392466803778252,49.961208167660075,99.87489258308773,231.94150326224693,6.12046534230026,56.2221416723234,10.628447549845072,50.02826600237891,104.05349931178773,229.5315683676444,-3.9239357601085567,43.22616356273533,11.599227620341946,50.082106580501474,107.28733952071198,229.30293915406156,-5.774069374412715,54.19031495074574,11.845407090949172,50.00162203494346,91.02490554382304,228.12334765507117,2.8521061993557497,48.77874451847354,8.70888707396351,49.97890194209046,104.70217425276212,231.03458538524126,2.854032805100956,48.594345382820535,10.015121716212914,50.035425125513605,98.37346501930901,232.09110600743816,5.787416504902344,46.38035322867581,9.944762898642741,50.07140725746265,98.42627178012408,228.54751402497385,3.9765871345509107,47.851848226405146,9.355670819476398,49.9377610241708,114.63481348581196,227.22365858940017,-0.15763505909657663,51.61546258304179,11.148927211965272,50.02616290707313,89.41763561001673
230.87955176511227,-1.3313080716045484,46.38640838142791,6.8803909693030025,49.9668175790315,89.78013367048598,231.52850710783352,2.9156459618274284,49.99764125095085,8.614793073564565,49.98489102659329,108.70308335728315,228.84793277690204,-0.3076442258859795,50.37689107915065,6.5478451808213975,49.96792294062949,97.00668780432011,232.14246457669756,-6.919168035549065,58.371103493971276,10.930930936130785,50.04447712921102,100.93931038628226,226.4165261593899,-4.075985307541339,49.38834313707427,8.826235814169895,49.939385558691214,92.01254213380562,229.19405102358235,5.861693079569114,44.74941690741154,8.842155285733417,49.9896797809057,99.51496421899262,228.8879719028919,3.8129529720163333,45.301015762042155,8.59026106843739,49.93636148775412,97.5917981776195,230.51343511980116,-4.457210996635115,53.07320189871394,8.685857996744149,50.0093693259184,93.65743802095513,231.3242601781492,3.512153658300778,40.419768920285875,11.183281152905508,49.98052360002886,104.52149535970466
228.02070367756448,-3.34377121305004,49.43604480122239,8.758002629367988,50.1067838464654,100.94839484392705,233.11958694785028,-2.885899108057008,48.08623354989525,8.50190588984178,49.99633505503717,96.41321790083661,227.45470280233664,3.9540773206179614,48.67573515404085,12.868980975997882,50.03999513998228,103.38225890010385,227.58531181132506,2.874277400584839,44.839835972002604,12.116631273523309,49.98755288001301,87.2932794333751,231.69311385179088,4.608514434450822,54.413879254016535,10.033471081720025,50.07687005218244,106.90799915159648,225.59125741817417,3.646584525735961,57.49171179675626,12.025016722119064,49.921034412672235,96.60605705078237,229.1649621247343,-4.734654847327546,53.381400704566296,10.967705400615948,49.9910080563794,98.54892528604066,227.46665472769675,-7.398499497387933,62.58454837662043,9.02874661405873,49.99665984667945,93.33530783977297,232.55380833281964,3.7148402418682593,53.71044951157363,10.611299683475922,50.013323859839325,102.65313472018181
227.7014682202394,0.494018017456201,49.98477641349503,8.893024432196187,50.0034487715084,93.2151547573619,231.09748826300054,-1.8463038738487727,51.84119221690447,10.585464022428066,50.023958276706765,106.57344816788856,229.5525024793187,-1.8754514687723112,54.94267043303381,10.015728570998107,50.03916295354294,103.86138976607201,229.7085007734684,9.493156253897839,45.11461203740912,6.9156480160218585,50.005557314371366,106.14114458877336,232.14250527863518,8.149527385924047,47.75947104556657,12.787657130514631,49.970342126957824,98.9777498058411,232.77186562238538,6.802102147621794,50.76811776532376,9.218092743646148,49.88418000312465,103.5084353327144,232.75019236927315,0.6267393178548872,56.28302269895071,10.928237969713262,49.99418749590979,103.77729991253946,231.01115395725031,2.5828616476013524,53.10100169348611,11.169573860644743,49.98751736217135,96.66911327070851,232.27125522923345,1.150062316890881,51.6132839567444,11.958019177169774,50.03729927527182,106.56484767923298
231.54249573306535,-4.2236992751267515,52.32104947831435,9.054367267719856,49.98240839160555,95.25199879225093,230.22510410914668,0.6294612672620483,53.936338696368665,10.920632482563377,50.00907156762942,105.62214098598346,226.48158552744914,-3.0817785376888605,40.763421319714084,7.911101417484877,49.96700573243048,105.23225661994964,230.21557202856877,0.3627168119139537,42.35788993246516,11.523560825286648,50.060871060236536,104.42413229025128,226.9765862439464,7.1433233231813285,51.59390720886593,9.851494335132292,49.99593973227868,103.79900834753576,229.17189734756735,-8.54420370677064,51.25971420769463,11.42149644576709,49.934777706773865,101.19688448549016,231.9604328079394,-1.5182199412145978,44.996022827495686,10.484654511496402,50.032086130240806,110.82907909148629,233.99162150985512,-3.1078155972683326,53.02725518114192,12.490186817408498,49.97156403422165,102.13641032350007,230.22291563863595,-1.1013134121825467,52.13426509563837,8.139926903996905,50.005305913206165,104.11857630925275
227.84225957488036,-5.34305389490431,61.908957644802,13.006735539187073,50.01904110463473,94.1052230552501,236.2642768368053,7.510387427144113,44.17470112463422,12.475749948905815,50.057423709212635,92.59968793736073,226.23311739720526,7.3282494226021155,44.78901482910122,9.564199341007091,49.92897867033243,103.22482362357594,228.7665531811849,1.7194454480909813,58.35268419848722,6.195977785297039,50.045563937023424,105.9088941402904,228.66531813016115,-2.7951465281102745,44.313453493152096,7.596022050668948,50.02189796415231,103.93779360063496,232.51744233849288,2.682646693522596,43.39234993788366,10.355123043449936,50.0143738202323,98.03740852574713,228.90327970464818,6.605184049283982,56.50732603778727,12.345621878085156,50.07032171845166,97.35476788997035,228.33595263691078,2.6681136054310066,42.904974532353776,10.416226699944556,49.964487556316115,95.03647512692437,231.78989330774965,15.100791324784872,46.363173310959596,10.009721192347575,49.98702932296326,94.79121114627327
227.8736757573052,4.471469786871291,47.41888499646736,7.473689664834639,50.009132319053556,103.36918213917393,233.06525263417865,-1.2760484910886598,52.002126871742405,7.245591260061827,49.995585762490336,91.49419157257208,227.84197746158014,3.43730881705558,55.463233198425996,10.330192581963406,50.040743260779365,97.03051430447107,228.82701086622845,5.737430913309119,46.6726347861924,11.818624861338145,50.056128565039984,92.29465954813091,231.11096740976137,0.45742215887607357,52.379490104914254,8.76187462155553,49.9420621101531,97.61422939844705,230.09801414533388,-4.143885441373019,54.406986704910544,11.345397946269616,49.84405106423521,109.3144533299385,226.6019828751732,-5.751665173290998,46.41105813318933,13.456156832299285,49.960408753373564,105.43507080528418,230.17701046461548,4.492082799493399,51.51895741943713,9.144090429233213,50.01472899314275,108.70799986176397,231.43716406353997,5.666664198711269,54.730428971637224,10.731909248164317,49.91007463671214,106.92320552564493
228.42895273062152,-2.705245850536256,46.688790355393984,10.994329951783664,50.01313971529601,104.18007726552348,229.14231022599935,0.0041052056174278855,48.9535882608708,9.33931574706412,50.02399114693902,106.8829416612594,227.0772723696646,7.705560497301932,45.153074993625935,12.229493232040191,50.00013730955381,96.09528152117744,228.15100578370678,-2.2602131258734888,47.71263354474321,10.186656567182894,49.9337026403125,98.81908957968457,230.05435580644408,4.3225038812897845,54.85244327153827,9.442072219678213,49.915500542352135,102.78158639745597,232.33350703766513,0.19185520663373007,45.38899706432013,12.017693765869339,49.93326115752849,101.9057473385794,233.14557446133418,8.098986168811608,45.76064901872495,10.305968993833439,50.010305899227355,101.84206482714103,229.91054713461025,3.4681233681120744,54.83729120573702,11.66258115454668,50.00706128033162,101.36003178825366,227.68343101162426,7.180946731932626,57.949529112353304,11.07517314785767,50.075436323295406,95.43169011524866
229.50260794532016,11.789796056625818,46.62864854503738,10.622964992769738,49.97651042229501,97.9262698874089,230.68401410261217,-4.127555333757133,50.418494835189044,10.053519352787426,50.030682897975026,98.50631892715113,232.77293763299946,-1.033264104825051,46.82204076895597,7.832943142858224,50.066311660732765,93.69160752454522,231.7205426969328,0.7790298798660795,52.31323735825492,13.897786107967027,50.009519391250684,94.576798894682,228.13933136408954,0.7705536729182937,48.14211100857473,12.342347190339002,49.946453837988166,103.13183876752998,231.5323463194965,-6.777292130078748,50.55775406660282,9.428347755679303,50.017919626279756,94.03827443699784,228.25915169742845,-5.078563369780462,52.360594685902434,9.377488534387762,50.02039949135386,108.00247678584297,232.89963039419476,3.211008372153384,49.69189845507886,11.62439262542787,50.02530622323771,108.80603523717558,228.1006144779813,0.5742990888781083,54.51609288801038,11.380074623236272,50.01020353076581,100.26093305817894
229.146331572985,-3.2109494851808105,48.60022491231128,13.592353302880838,50.00074547086502,101.82067871607033,230.2657342307318,-3.2376335419138087,37.7464667961072,7.8501400968687705,49.98491479063604,105.49056095559364,228.66290822422079,2.949005713118309,46.07979100105085,7.686279903242107,49.986687371024686,104.41842084874057,231.8681101524524,0.695943668968369,59.12826942791836,9.815286797995398,50.03553916365023,107.86738314274373,229.38869309217736,1.3744446893402553,52.99532813357441,9.836738783617424,49.98188065432186,89.07401929733781,227.818341642005,2.802891495829173,43.316072861253375,8.478494340839786,50.01120357700928,106.55315739565565,231.91677326591764,4.974407182012133,37.11486529851558,6.770407440669908,49.94986646664394,106.69739158415652,234.5784046748752,-3.4938552309140407,48.87189386537479,8.121734138601068,49.98344853721852,99.47013693622159,227.85060516829412,-0.8038442685711129,52.47167401927599,9.998114897396578,49.94432349885708,98.14928346756815
227.1099334313467,5.333659260922693,49.58300852297577,10.49529543354774,49.975262374104375,102.68105572272124,229.99930808484544,4.8968465501041685,47.12713270794879,9.91696171796787,50.02635708775523,93.48428944214213,228.7400199650698,-0.7184956595611605,57.52461744319649,13.652353102734887,50.090365358288885,101.93446596094401,229.7227341212813,-1.4573834541485173,54.44324477783125,10.893529796348398,50.0412455423913,108.60789919707082,229.78158403529162,2.713613344198627,49.00103392874061,10.32515552148784,50.041552887160385,100.87643159288798,230.9910026037593,-10.42477792592932,60.29030386666281,11.689078070275277,49.99404776147902,98.78796941272124,231.32244395364393,-8.426513923966537,48.3254755850845,8.030218585888559,50.02336373324922,104.07003860078945,232.82483329290585,9.302594494164191,47.820419197245315,8.94727668500658,49.94788126075971,109.03087873172394,226.87635092107178,-6.211545025152423,48.63874310690404,9.475436161374637,49.96676558300495,95.45740437811266
232.06566165186175,5.867793526742099,59.47897233720289,9.501092053940406,49.93931657157985,91.43870098199508,232.01436625802592,1.190292613414728,53.56548926055553,10.534727377500843,49.961276524501486,96.09271010801416,231.83775961127978,-7.118518375330444,53.74753007527159,9.628780433552183,49.99499992464368,98.4570086481853,233.52664432994555,4.903225257021758,44.142675551269285,12.007229969300395,49.97487597131264,99.26617887205896,233.71343062786008,-4.6734243796211015,50.17902618511738,9.953782222699898,50.02677932331487,92.31604495949234,232.8717807408074,12.466208423481396,55.082374540783604,6.444686792659216,50.02245701073056,103.31560220421385,226.29076374231394,-4.812743697392468,54.348053925603,9.500368151851305,49.987141725887135,103.7054444589583,228.16669687935402,12.500788856934758,45.958802405203414,13.3105934482345,49.905668360393015,97.5384388502349,226.52018415587577,2.1943871481141746,38.159456222101454,7.801244022646884,50.01350234272243,109.06735218638875
231.3504038603018,-2.4270908762157877,56.21021675624845,10.198502322999076,50.045632119756306,100.50948811416185,228.98158242961028,0.6473021700569257,59.14208608629332,8.17402911676521,50.10409775988601,106.83769905381351,230.36684840743845,8.94688884843877,50.24290553157661,8.384933939041499,50.01742582691259,102.17961410303994,230.6037253349628,3.923745569061974,50.329589950945476,6.829433096624047,50.090041163768134,94.57186875672913,229.36998301884947,-1.2228704860517863,44.3274054587065,11.90689692359104,50.0411975016718,103.36523167252395,231.52731781511952,2.7220837814342107,46.59154106426208,9.403595849285859,49.99704106787416,101.37311007212185,230.34076566739893,-3.240753232595451,54.602186219042736,9.010674043819602,49.995488158805955,96.77039367709972,228.3939391470022,5.9569452264598555,50.1159838046716,9.774310470489858,49.96032303110961,101.08297086373369,230.14097550239254,-6.368271984961908,49.526827274170486,7.791421773387551,50.03753644314029,87.17203636301714
227.89430379062676,-3.380751223886545,40.421577606530086,9.876076835586865,50.01872304672931,97.1096887852343,230.01898471921533,2.260813308068056,54.47620279770767,10.076941223504246,50.04377448240229,91.08921816372047,229.3847610874529,9.262475673720287,54.035365434708645,9.532171590732194,49.957847650451015,98.55356820486175,232.1742339518703,-0.6016928145128546,48.01758648685146,9.955519599572689,50.01022191105892,95.68780857344437,230.60641901851264,5.82774595804815,47.018619883001186,7.591954767249024,50.0769203485234,99.38110645317389,228.03354768384926,10.566382051157003,48.51080356249224,6.798479103118979,49.887108218975065,103.08962571556148,232.70455716629394,-0.5110361370962964,52.12256046015065,11.425726216722655,49.928888737581396,90.32833508802258,227.97770090667393,1.425441697188106,42.471825801397145,4.797413951328026,49.995267899062,104.2764357819792,230.30378772934137,-5.128606845062275,50.5904430764031,9.980038074785416,49.96330817520072,97.88925337815353
229.78659744431897,-3.6619264863041106,50.654632938674006,7.2034415092365585,50.03854530405888,104.99939441244848,230.52203780930967,-6.744196435568829,48.6616955452016,9.466428564391002,50.00187082312997,101.46237481733078,230.50705599363835,-2.7545492705270576,50.426532753588944,10.565904195813923,49.913607765851886,102.22926759892032,229.19806385683833,-6.818048668023811,56.333260258869785,11.154045941276106,49.99259472623746,90.63373234191256,227.92280231593705,8.169124959935623,54.038110302157186,12.85852025257359,49.998691500672145,91.69424674585376,229.58960609030774,1.6976746992897953,50.68950733308077,10.233035091126403,49.98381564231862,94.01370957555254,228.6288036924165,-4.390826928270616,48.70033761499262,11.39204487495965,50.01438428011899,101.44695174142923,233.42975758574488,4.721909649246102,46.57321634603522,7.218576527559318,49.94245240513306,95.8534895845309,229.56000391964045,4.015901507651376,50.49586479884623,6.00120725293462,50.049076525933785,102.87193323354523
227.08762120831352,1.5665665463433274,54.3882549892471,7.398790392750895,49.96932515987471,100.19155450930039,232.8761424325825,-1.8186687181417018,52.48915320261578,8.546135465653483,49.98191850447158,103.50091587152997,231.33173444499883,-5.999944609092685,54.1580933936359,8.63540354592997,50.0304076078235,91.78513956786432,229.5171449807966,2.984772188985794,46.02649008045474,12.498435263016283,50.06918175003308,97.59657386549455,235.03370350383807,6.750547602889755,54.322613188093584,9.884802706487559,49.88145412715243,94.62694036562945,227.28680159426955,-3.0096513483376306,40.71205175789177,8.794315066125638,50.035621614238146,97.38971641675973,228.0978306493592,-3.931530894595881,48.72243819310247,5.669569452614832,49.97769963340381,100.513587943205,225.35734923295607,2.761361039731601,51.06125936032548,9.271820304838798,50.00584259581768,92.61734628777565,226.7530179771779,3.8149363255085196,43.19450377142687,9.78648726842885,50.007996587147,104.44715039674085
229.90337851180936,10.92624311495664,55.14183070270589,10.034069727147896,50.006988234924364,104.3891455212171,229.82192587186728,-1.331516160855379,51.61444296153183,11.963321740693543,49.988000192048254,96.91886280803826,227.70293050187718,-0.43651569251476785,39.015604043732814,11.743043525018795,49.94343118164421,109.80174835708503,230.1414434022623,7.885544107587858,43.97058860569758,11.352065671566127,49.9106777293178,102.15455216215233,229.24968205160002,1.9841762850618774,51.710833010794964,12.333772984528974,49.91406297684158,97.68807824377497,229.68247399895057,7.086304847467191,43.47370405796343,15.82102665017231,49.9728719987779,103.16591431285066,233.23343396999744,3.8350477302787276,52.26899066044325,10.086952982702572,50.0394368335506,100.51721089705282,227.21060187197875,9.874221752020917,43.12303940774124,8.631200075098503,50.07935756001802,95.98142539937311,232.7328847438072,0.4008922407807594,47.441655959149024,9.22222116738456,49.941547904877694,93.6468653802959
227.30024242222598,-8.060024921746713,48.48124396835882,7.370130750511188,50.01909808202421,102.82532393848058,230.75705472992084,6.727460216114879,55.78765903796998,11.208937398548693,49.98766643318809,102.33982026996517,227.94523851383855,13.190784396843478,49.92980558338119,7.226044871118724,50.02090888053306,102.82235956302638,227.18277266635758,2.806445794234235,53.43237797545271,6.758490920484729,50.02179499244947,100.71733368638822,232.90081633286817,-0.10635836816157282,49.16397368883822,11.813138373174617,49.990714795000706,105.78478103416326,229.0584924140589,-1.9762685633124222,46.76368028310419,8.87021161542373,49.99160977843394,93.13097054756145,235.55114585570627,-10.66403103396736,44.792524630142495,7.343758127093087,50.04702534068437,106.79315526325485,230.63730477179902,-2.7532441764007,53.56095302085967,10.319391028348113,50.021128053229404,108.33999669560798,229.4436495979703,2.568096968504096,51.249614487988424,6.533936706549062,49.99931466454261,104.77031914025487
229.3390108872165,-2.170607402419676,49.27862302759345,11.80089653011781,49.91635286200224,97.84163323348481,232.08590466944344,1.705258675400668,44.596956649343966,10.567720894967689,49.94459204620983,94.0392455585842,229.94079595168762,-1.0794329291928675,56.436594779127866,12.004264353325194,49.97558170538895,104.11844078038789,229.61961342957875,-2.0683124670624484,57.21152369319428,12.657622643632553,50.069479757920554,108.09365203969118,231.23998340449188,0.1456786924979266,54.71188228786017,8.700165010670233,49.94042889846562,99.98819974384114,227.60187729983633,-0.2533601533045258,49.4450326681497,9.443130042818918,49.943203036626045,86.4035669609377,226.77789691172268,1.8849618033023685,54.63369944742683,8.043564440882317,49.98811547291112,97.60755124062227,229.32203353118922,0.505442632290785,49.85378196331885,11.955380087899263,50.0123052255751,96.39189564662439,229.66789699405595,1.2863068963398452,47.56208265085447,10.330885749873769,50.037212416443715,99.34561761157568
229.20306522801638,-14.236616354069,46.47919354837726,9.63701281686104,50.02697562707437,99.04151805347543,232.38769705714205,2.667670248524911,49.286574357361616,9.490135717666934,50.002792175973674,93.79686744501734,229.1846266414165,-4.297474047788783,49.389038772990254,11.45299966526727,50.014903054265766,106.76592478879726,228.41142454100657,1.1139527839550873,55.371698082448745,8.539876785928751,49.918628525211794,102.15948488870625,230.9515108926761,0.4297662574470756,53.471010719648035,11.862088715799613,49.98223672167702,107.37281056800559,233.51622877243432,-2.5067202446769072,54.77949583835397,9.440336404098256,49.96309413876859,102.88898725851729,234.92466693839899,1.285857812214775,45.00080154139499,6.9702851696179575,49.99539354876015,99.30600943614301,229.32964644021985,2.2875604852145863,49.354376460915546,10.753035653604746,49.942056592529276,100.51763217123664,228.65206443492917,5.065502555334779,52.7316539449365,10.277726956112101,49.938582747007146,99.9038997586716
229.54320076531562,4.906783646051469,47.33627359101644,8.113418068909894,49.97130028323675,107.07066675676683,230.00349437760644,-1.757537649412929,51.99121746012275,9.698617545633754,49.980331677983756,100.06783283298964,230.0454612490822,5.730370454514146,46.032965033966384,10.59451169706919,50.030786121015076,101.61221048428162,230.41016036130722,-1.246573835775097,48.161189146283704,12.089373470071873,49.97844504862157,93.67899338882033,231.14919538013837,-1.6661134005223444,51.09453331473017,9.522898885164903,50.04790498658012,94.31292624709617,231.8629482991264,-8.244912852086461,51.229740238647025,7.4933299563235956,50.03612692096856,94.70559120740856,231.87458164729827,1.1916625882284089,51.455778616905015,12.040218738771257,49.99403397912062,87.59927737744628,226.48190734819502,-3.0177764793352195,53.47678997246717,11.21208299169189,49.98777588688166,97.41975469572324,229.005343783506,0.945587562097303,44.2673255776612,11.762677203194936,50.07834451342661,93.7415992297576
227.13802130599166,5.202414907001832,48.42549404346225,6.652812132503061,49.96194676336568,97.29918791687669,229.82804703883014,-4.953154315796078,49.45915612345188,11.217994376753133,50.035527793600565,105.1460089310998,233.3593943335761,6.90412403809848,52.126737816569474,6.562961168868125,49.99925467854587,99.61294858591377,230.65254289073,4.175178073648718,48.99602863411253,11.314310607735496,50.06921032108022,100.29492589388529,227.04719582169142,4.56049748798908,53.42775473589953,8.801666145246804,49.90365779688463,100.3829119859078,229.58238384561903,-4.8882525182822265,64.95808676700078,10.260221882185308,49.980538562032955,104.96199481114247,228.7191677285789,2.582783429619634,62.191737255023476,8.61340066787617,50.08978560858974,102.93360264626416,229.58702005179865,-4.290699127226841,49.268958129914765,7.496498724941711,49.97929490851441,93.10947688298681,233.31666318490898,-6.576275150561943,49.90154448877606,10.40420758692655,50.065990120916744,106.49608678235984
229.24373787200742,10.395650747332022,47.34056501444504,9.505358781144505,49.99318573933673,104.19870310405645,233.1227277088485,2.2606856160833924,50.4399738727911,10.292454367536527,49.9775334356882,92.35987529810963,228.12182175331273,-0.4158013660476929,47.506723217788846,11.772013830546356,49.922192207253325,93.51801744971942,230.5394937601201,-12.783755086249373,66.3930933633183,9.991592101725816,50.02079933184897,97.2146516514978,230.32068188071614,-5.569245626666875,54.83687640103608,9.890743581374291,50.004621631865284,105.25716947576166,230.37267109505265,5.120347651536258,50.723337704796904,13.261180843259092,49.9851882232161,93.16636081090446,230.487044010678,5.944384482364753,55.09847106430368,11.539747350877695,49.97689068946469,97.44402643828163,229.9348775194341,-5.096135326198452,39.91634827386825,10.745123410468116,50.07143235697515,99.49127285153246,231.01757235300522,7.466007976802144,48.25902965887649,14.566644626015316,50.008359854278034,95.7783851306431
230.09784882315626,1.1902470325729144,52.528430418769126,7.092624367176638,50.018180304763405,94.26768663872527,232.85420630771958,0.7898563511623891,50.97640627484424,9.406810312108313,49.96953332861196,102.36756940973235,225.23082188508712,-3.3563648057522255,44.63891900559278,13.5602639289244,50.06023464082572,111.79503857505013,231.28357407012638,-2.6306945409608415,47.72743194630376,8.698571784392888,49.95369753223356,90.07583262898427,227.83203734878367,-1.3694357592921897,56.3838633109344,14.410225433079685,49.95267819302385,92.09625025450939,225.8561725308618,1.7323863214489401,57.29631059569727,11.341413139142501,50.05963429822547,101.02276622697674,232.5607942369015,-8.908703002533006,47.95527084122042,7.510739330318277,50.072136373617745,88.30959728219968,233.05614653541903,-5.362557318741934,44.23370878656058,11.217462106329998,50.06420589339971,93.52024040146213,230.3639926233563,0.09551739738961007,52.04382605348856,11.476768595333567,50.07447752104821,105.4015510773631
228.9738319253105,-3.842698306928943,56.302265732573574,9.937689319639375,50.07916371469321,95.2370213722351,230.04901413422365,4.155588124843976,50.8198414671326,9.998232610265482,50.062765934984135,92.51780001164397,231.6046380851686,-9.32955278150878,47.16598932820684,10.834279583048477,49.99525687868666,100.48871066873677,230.84421340471656,2.9778437753432616,45.86615180715594,6.857192501145208,50.046465322986535,92.35794547950353,229.9401073597407,3.532929964832503,53.39577647484168,7.232022939332438,50.1162730699455,101.40641247482014,228.02102178694005,1.4028970954643047,45.07957157447808,7.552125728922109,49.9949421433094,88.12046355686986,231.06643850499336,0.23245642112781587,49.060157888544175,10.612625337653427,49.969692556874406,102.76230733727031,228.62248520672838,-0.20068775340911765,51.48196953740965,10.431136236290017,50.02024970237067,108.59468073013423,229.1964797780454,-4.273014902021151,45.57577094852694,5.740443834452647,49.9845789701983,110.23948984982184
232.19825718859457,9.7585420189165,56.636357244627106,12.58770998772013,50.03002905030615,91.18076269036187,225.47254577677666,7.827239203860507,46.3131272020762,11.564056134603081,50.02080749316496,100.42632129484323,231.32607637397157,1.1400440454893481,49.40101068730944,12.644722379391919,49.9677580906971,100.31170976288452,230.70475153529318,1.9212260943249584,43.0561940833248,8.869418092539103,49.868596739965454,92.48933993596074,230.98035368832137,-5.818616784230977,50.40865326909386,10.487745892019431,49.960258840287985,105.27084854113855,231.61149065016292,5.671375048035264,47.016312312213756,9.019607215555098,49.95408428172686,103.65644088279545,228.8771212068031,4.14521951174904,45.080191270879936,9.180744921028799,49.896850556404964,96.71840001614304,231.24971344671377,1.1627203952135516,47.86250801633743,11.894898329820048,49.99109670233668,105.82560813049845,233.41691238272756,2.5468948439240267,36.90041054345233,10.30016037458422,49.97517887797138,94.20077846514177
228.50529688957627,-7.314565633487103,54.39004566149639,12.642777021193963,49.91855543559858,92.59313505765482,228.47941880419197,-1.6620143031578767,48.23373998116515,10.757713434270853,50.00216219527279,92.22535406832208,229.58765754919781,-4.4855909138450185,45.366347321886344,7.209109671674803,49.93970060787862,98.63805344578819,227.65454914961487,-1.5635107205279946,57.01610147288182,7.852296185134431,49.99062953692599,93.56326546944848,226.75695241912635,4.22210694658064,41.638867196605766,8.458325267975496,50.02945251680546,109.6209848797733,228.21260697359182,2.3940567731818767,56.57859989256033,4.650151135324105,50.06828715802146,101.6410695726746,232.7827747543324,-16.2887154428457,43.6828394348045,5.241716213887448,49.88175380799433,92.16435876731467,229.1194711694446,-2.539083701044518,52.59395363506994,13.253627437519512,50.03663613490499,100.17761361599305,226.14845607692277,2.787177510851185,41.65088901456014,8.744581412094101,49.97583880344413,97.40720245759697
228.22393424458767,-0.07047152807157747,49.9276843268408,8.700637379192228,49.968925245749126,94.16298050166802,233.06971063381613,-2.0847624006121865,49.27403770700256,9.032699381657896,50.01957806390797,106.86961735114527,232.48623053899695,4.430101334817041,44.85896737610808,12.776870793821885,50.106295359056666,98.18289984221087,229.57226759084242,1.0290311107192551,46.37126791787063,7.683147156966147,50.02228746517294,99.4708355511356,228.97256723408896,5.086273597188383,39.40904283048803,12.483280038253065,49.948852562081775,100.0954836720145,229.08609571268613,-3.920042737696784,53.50455809580067,9.19231217776612,50.05335958049746,108.13493594900817,227.20002053439882,-3.2921833263175637,47.04682596906189,7.580041711695449,49.976731464498314,109.95767015645364,231.5659946699528,-1.416816430862415,43.779752882306575,9.661273565615744,49.92841715318309,103.2011625036055,228.67841232177253,3.0199130989620917,53.89213407380562,10.443861296992107,50.01989553296936,98.98855166098232
230.37781581461036,-5.225325732159418,56.78615131641577,11.505226662227221,49.995053678496625,100.13340637209379,229.73033255108487,2.8916601399276445,46.74929982977082,11.744970471168358,50.0363502592806,105.886526155328,228.11814093771534,-5.192361802161773,52.122744599134045,12.062541825667008,50.00020557894689,101.9541722355411,227.29983711741963,-4.855713839729537,60.134722414729474,11.99203574382997,50.03001593993263,98.49218941104665,230.71497020627513,-4.43314890478118,51.98550678020371,12.606328311157746,49.92141300453353,98.47613983662517,232.70619252707365,2.0649225893656715,49.65538712146592,11.512736224153306,50.068259659184505,98.36220714811584,230.13785441675748,6.076395751900826,43.84907074546299,11.486586121645017,50.01768901247413,96.43317616071349,229.1184612759321,0.1897877324878466,47.57343193640207,11.906030349444856,50.01961390756086,97.0303198504718,227.8066266727694,2.5974461650913683,52.97599567517132,7.717152124332522,49.99754662846046,103.46179356835914
228.19124932071767,-5.055312757474352,51.768024646871126,13.484549342510892,50.093660115880006,97.38510703445843,230.08927505227652,-1.1302242191800058,52.661921169758486,8.491456026546532,49.97887725579491,107.18960263502073,230.09514024187965,7.15457333700022,43.540804450953324,8.884767829083835,49.939018026204806,98.41018597861691,232.9786260441804,-0.3211783659654128,40.80933685345461,9.998091294482782,49.97527075838087,103.32132540752838,231.20267925016796,1.6453846671822139,50.336250105024,7.061942976067185,49.98852007018178,111.13520154199448,229.7238124740213,-2.3004140336671384,47.80346831388713,6.8326526178869855,50.001791485892966,95.45288064289043,227.38180139118015,-5.95604569384535,48.07926004137397,6.5600660577520635,50.014764187679184,108.37738197995144,228.40087469339747,0.7523931189404289,60.59236611674558,9.271903216118863,50.05120085479914,104.46910623720593,227.42937625702268,-5.0238306791327165,48.18721735612744,9.418875478797489,50.00952833459083,99.26714424426041
230.4725305844225,2.038239792635161,61.331041853139936,10.013425638419946,50.04256333643239,104.54986248316037,229.8830231069241,5.630816440159579,47.14170378928788,10.39826884121084,50.00567209459343,97.93714156272505,228.4576966219019,1.7785474359223228,57.32015823479682,8.534336059584092,50.07444794356086,98.09212651799669,231.4009290675772,2.4605337550361925,55.208767628716544,11.486227797121876,49.897718951039,99.97409179450719,227.19170699056204,-2.2975601727869623,50.01538909460012,8.657082605237497,50.03600353265179,99.09136886210042,229.13555277725297,-8.690644072348949,41.56950158876414,12.861115074727758,49.93835448123954,100.31109049980812,230.04879825483124,5.274601845834102,44.12033522083802,9.428653090145263,49.99475966629368,106.35100699731451,230.3424545192823,-9.913091345347713,53.559181806423716,11.094650262465425,49.97975497827692,101.06261293265244,229.00299183103292,-6.829761432056526,48.06411696124226,9.373168957753544,49.97027167687901,102.01129303360351
230.64974634860786,-10.9213648950608,50.025769926303596,11.398302519434939,49.955331594396895,97.77535950658611,231.80330838335814,1.3176965728627532,48.26841757569874,14.705712027713929,49.97677943090019,93.02315577526541,228.28888860789576,2.0480934059250164,52.848419131155715,9.063790444983484,49.9651639338276,105.94645600136887,230.56347242003923,-2.1634641802608066,41.66285288645118,10.33556341131253,49.956431183446526,97.86534669346119,230.6675019838208,1.902041368662096,56.31611454296189,8.577483751204754,50.057006012317466,98.97844378331048,230.283541035339,-1.709667178710888,54.348691153920285,7.672479295879501,50.02463682694821,100.9768095183631,229.12008857309448,-1.0454049758763324,44.75108932379424,13.685521916295933,50.05373913202056,100.5297620740753,231.01213286046465,-8.600279562858768,41.49263857939265,12.700951688979478,50.05193298746038,106.81109605250668,231.19179200202467,5.863443571111549,46.54186874120477,9.493482120804233,50.07461196565089,101.83801409881606
229.00300210026762,-5.206979966369019,40.73616711780337,6.974692169403605,50.04889114838824,91.25351166161457,230.8472180154718,-0.4764382743338155,52.004273425325984,9.743830071698936,49.94651537634274,103.73365812011441,226.52014249720526,4.209052020735699,47.5824349115099,9.544228177806167,50.052878470836454,102.85484567020413,229.16235732785307,-4.526249627332566,47.82217504490747,8.06308632602684,49.989301495345515,97.01335288402566,230.6610665077117,-2.5206389094946835,53.4465326733057,11.621553279281834,50.037047650165086,106.49113244995124,230.69370938934068,4.272261519325651,45.829203778885066,8.066185903356201,49.9368392573882,101.90902266931572,232.86959862059942,2.6027125978288668,48.25654153538892,12.146049489405128,49.93151214527876,97.65692460004075,226.90651718901069,-9.753093177356734,45.310219488903726,7.742542103869321,50.07455924775081,105.10791448523483,228.1153446523103,11.71662960827341,55.873450735982885,15.112610597927814,50.0589398323917,97.4471652454983
232.47282771023913,-7.496317885268614,57.65507355437068,10.095626911009635,50.01373798102828,96.89755470877452,230.5850466282041,5.563739571604418,48.632777819742,9.822137015447183,50.03158131953523,105.95790330103995,227.56418807730304,-6.694382793064658,53.10971818106748,12.046419349318883,50.00393653348579,91.57768177327625,230.989141657676,4.884236426065256,46.31313555677686,7.9286058941059565,49.99825288257039,105.3318095201164,231.376886850622,1.7895948799754,45.761348273259394,10.098922119407888,49.919930719894765,106.04892668076698,229.31232401554905,15.005606456025708,53.67572294228715,9.658793499133088,49.9965457850669,99.07298731695494,232.89274752711364,-6.681391699528981,49.29325936247065,7.412327118341579,49.97509624974776,88.88329405911644,232.15185980450025,-1.8093628726799518,53.56239021578226,11.22762991378349,50.04393311905934,95.09797455468153,225.10774036801024,7.8703933361533975,51.772713787348835,11.625053360709515,50.01659111928573,104.85455458492046
231.05398593917351,4.659443770364123,47.6487889644401,8.5048257316313,49.96444317425594,103.48170880771042,229.43304946143147,1.1275409452468548,46.59526051234834,8.006667055962948,49.934183981847696,104.31739798893591,230.83809790040385,0.7673920092864057,51.58183884984546,10.186295132203835,49.99491073282117,105.16185812510943,225.4056984666219,-2.178874219236133,45.40526189912651,10.301949153866552,50.02398975292073,95.53129834676251,230.32651549694785,7.799779148969527,42.631968066385504,13.31275085144723,49.92745145686872,103.54604748911758,230.75386195133896,6.096622596453102,47.42495561619253,10.754753512430748,49.880918343229766,103.62951218707026,232.91320283282883,-5.829874676867506,48.51920205409591,11.517302678491006,50.0848642445283,101.64460278653122,228.28009246676973,-3.492732494483099,47.0498901600332,12.473778267019945,50.03491982186873,107.29836847334977,226.07819966791493,-0.7618058473619544,49.94044882874064,9.588212848499197,50.08742518754193,103.06067831163156
232.1590848269543,6.120909849056951,45.5945303624978,10.695195605657194,50.010395198840015,105.57316173055786,232.26017541258082,8.330090161142401,46.61120237466472,12.994414972037328,50.058700295624206,106.87570293781963,227.2163784811228,-5.354733951379902,57.375448432118645,9.754804199304337,49.96112894771338,101.27779073305186,231.64033150952028,-10.837572993341315,51.03980672932789,10.252281695490865,50.05545637353203,92.59586478856104,230.8551492597911,4.737822043565119,47.95519295002033,6.765291874584575,50.01390031450226,97.63369684422186,231.5176473343585,5.528148499103283,42.82447252000515,10.60500134413079,50.03759217644911,106.10333771183528,231.58992741932536,-2.0455479934872827,56.47209978179055,10.361771392988043,50.08130457050261,101.91402249097388,223.82056513953611,-10.027330197695473,50.625868217833705,8.245264300289618,50.03707625751933,106.8416846028966,231.08033303686585,5.654566708198114,57.06081167978287,10.326145583376267,50.01465432382788,100.14584215822052
226.00401693332935,3.1439698815378554,53.52326193212512,13.026715279211347,49.95408478497869,97.11257510970952,229.71334247002002,-7.583257469379579,51.187378292174905,11.013649865935765,49.922289087334846,103.77375256888729,226.95950941958162,-5.662925590168638,50.68866248799529,10.64878532887613,50.05506501765266,103.7784327107149,231.9927236671789,4.806692116446063,46.88581687538506,9.052556750837915,49.95433869569276,103.62388680199244,230.24706011930553,0.1821145460720729,43.624424073947566,11.466624364946604,50.173191298278525,101.12744228039655,232.8274987649378,6.404263564227881,46.36133933460029,13.145649290315705,49.94455686221213,98.34131304743042,230.03860143180327,1.8211255480298996,58.67770708016098,9.72265383649264,49.96701288197594,96.56128900332398,229.12557125835252,-5.562461232054881,64.44490190451374,8.135514695856862,49.96193923597098,97.71065724101703,228.568880857754,-1.8869897917092846,47.731683514476494,9.382964896331643,50.016599563181586,95.84501741990732
229.59225297858038,0.7912498159051223,51.217028055898275,9.363619138425763,50.10894474685909,104.29473851360586,227.21135559935288,-1.7975121992601293,51.42614485028813,10.707096030718104,50.00413478081232,100.61710814597095,227.7758760232526,-5.2653894729970885,50.51738193204973,9.836676932939033,49.98175177456081,94.2005985134441,229.6761060973676,-5.249944446876368,44.87919636319374,10.568750346079657,50.02412179842457,100.23093975105513,227.21636196709588,1.0184237019885352,51.7896635179667,9.310599529136356,50.02295525378973,101.97732176220097,229.97306013362308,-3.123979514406307,48.95446531160064,9.763786758035248,49.98199722105986,97.8966129900896,226.80641999695476,4.183133171580787,43.73114068027498,7.842261326486789,50.02131619092399,94.94454446532426,229.01428268330406,3.3828333172613423,50.721509727739566,8.45313784066057,50.00890191770565,101.78182005832512,229.59375213942292,-2.5835020519779652,48.2107831330941,9.91214516462669,49.99360630245441,102.29346685181655
226.21875409886363,2.5642174662439303,50.70876296751626,9.548366664169585,49.99871952419297,101.1127556736428,231.3264843829198,1.2697692043994637,52.91532472373197,9.397018759613374,49.98847278391471,95.81334346549951,229.9672870530444,-1.6771843602009233,49.525033553788624,14.202789949476422,50.0525492194629,99.76032424072744,232.08619988986203,3.043276147034794,49.14544829390334,11.96309901553978,50.07143761142455,93.39871764626452,230.76289260676072,4.6406081559358645,54.296598622432874,10.991645347416325,50.04358598936437,85.48328303231999,229.0489115186482,2.596281640289566,45.74474371150164,10.48938389617532,49.98266741911618,100.58068820481942,229.39283002326326,0.4572173050057016,56.49580196702861,8.843913739912047,49.93110891048747,103.60618417656661,232.449960255562,-5.0514839144944546,52.617082976248255,11.720724262586067,49.984250154928766,95.65665753956578,226.53151847141595,0.11434673415605874,58.513452645648236,9.130875353357512,49.88110340838591,103.41577748285272
225.74085253061182,0.06610679275470938,47.06872935507053,11.420328961356219,49.982726757919515,102.10185002471123,229.9356390041219,-6.301415966082027,53.81838132801512,10.429866804008729,49.96716329826573,100.95316617303443,234.11614993967623,-4.742809521409888,52.817845540660706,11.785024771074694,49.91273119639149,107.94465621029444,230.51941237302498,-2.303459951113769,52.33466186396764,8.952326600698866,49.95037559089264,97.971584797488,228.57295476274524,-1.6110881261718646,44.94022737909316,10.555802145729887,50.02192801948404,96.90406097921685,227.1745479330323,7.122947217195926,40.25811546095046,5.798088351551168,50.032592673377245,102.93899275481193,235.94232017169648,-3.305998733311352,56.54725430162083,6.413943728381607,50.058845698632915,103.1807474407638,231.85131023972943,5.818306946223073,59.02285401153055,11.245702921893802,49.996219398663975,99.32532007315581,228.600473852557,-6.733972068309409,46.20474064245144,9.17169760621125,50.02904787478864,100.27866899984416
232.9977029834308,5.262443451136095,54.57805186362417,11.423041284657629,50.03501883294406,102.29472130355491,230.85374329987448,-2.1021753926240443,52.67977691039808,8.228640810738408,50.00796937531547,95.21176811640528,226.30711318949432,0.3012735956678559,49.454356171102546,10.296886011734612,49.9420923029213,95.4090041541282,228.40043191508659,-1.5628108545001351,42.68755824269047,11.203815900255956,50.00322942355976,102.21186891388479,235.45255488670568,3.785910644235289,44.044105189026304,12.472769292130415,50.07702585812063,99.97876844188292,229.56837002145204,0.7125394554878588,51.87698344116995,10.0445808785522,49.93727867221702,99.61619789356361,230.54850570665408,10.780659307682088,56.60959169950571,8.949428988969661,50.03429812979133,94.1050284060907,229.48570893300737,4.628802664171207,52.46578948153263,9.939108438883617,50.04121738425787,95.09755111551345,230.37938581832225,1.7168073580399612,57.62667967538103,8.059573372701635,49.99928267100784,102.65109904022898
233.37539502096772,9.545252819035838,49.12538334193226,10.814976436820814,49.97053085453691,98.3408165585871,225.85292488250647,-0.15056160315030642,49.16015806825122,9.71654300850528,49.965603915766806,102.08244070617373,231.11484941660518,1.0606135694629955,43.82179037952283,12.97225455688499,50.09605318475633,98.31248303730041,229.3105808047808,-0.6121316111377476,44.357275462837634,9.846318696685124,49.99054989343445,99.0195960908279,227.36342506195493,10.757908300579665,51.34225999529916,9.70241580453844,50.075015378407684,97.36455382117298,225.33183043174006,-4.057497007206752,59.05338806175304,10.856095032514682,50.00705418866153,89.16905637345758,230.86227703815976,-3.6349666502409006,54.47610242894848,7.754988250382074,49.972840576683716,101.37369077037862,231.45697337402103,-5.947978144033791,49.63813339585197,12.48067059490307,49.949005216049756,105.75130950497379,226.8453251121339,-1.8122586388555695,52.051057813447024,8.749945114872471,50.06926070976105,97.91180655774819
230.73577219367024,-9.935483258925714,47.94795031749317,12.028328226778553,50.039080238030806,101.25745998210432,228.96126368040245,-1.2466681524404049,51.130272262839554,6.92419781874544,50.02417963774356,101.31157555014704,229.62315045699015,3.080015211527907,50.09367597179569,10.743549883657044,50.00902159182334,91.60112873176965,229.49026871007754,-2.627945627806433,44.04938504020935,9.223787470630452,50.00464286619499,95.76899183262108,231.23258667049046,-5.291526030334474,51.03924633714704,10.770269657242618,49.92551385051669,95.853051047067,228.3408582143838,6.496334274625689,48.21804765689766,8.282936314728925,50.0461161933452,99.23845111993873,228.54001377504787,-1.0402865742791274,47.07043893329707,11.800515193991377,49.990956906666746,101.48213976767111,227.72702097408649,1.4742353171578972,57.387362788796906,8.966072614710189,49.9490982214078,99.906959514863,230.01773149601337,1.6883380245529491,48.204025218455904,8.788196293859244,49.981496425346734,103.02989826426317
234.66781026988008,-9.406210904580506,47.81524008945939,14.278632943867587,50.0240617211698,99.91572777758171,230.4777335298048,0.3622036419899149,53.17296563700908,7.405443858956909,50.00305712056353,106.41359863993611,224.87999255605004,-0.37090565596768327,54.653110549961674,15.863636143203347,50.061606967405815,107.83264861745249,230.28870044739824,-5.930575863882085,48.79113509032237,8.616247595475318,50.000111021857954,100.77858593119682,232.7869583848723,3.0166108458617122,52.72654287663146,11.070520775719453,49.94867257585791,96.98839218626027,226.28608038374418,2.390672376570219,50.6512847699966,12.9896872717476,49.976057954004524,100.59076738803775,226.92711170393855,-9.703994915455485,45.56912954292411,9.204581344823657,50.023124810600955,101.28876579486338,228.6158765624044,-4.922789002515576,52.53572765624351,9.490188397784696,49.91985379774047,104.7965830141502,233.60869029010766,-4.928392511655208,49.173153061956086,12.676405816964774,49.92423096953694,95.69344202296448
226.9072498675203,-3.344920625963839,57.2493453824982,9.978567436291481,50.111804835341665,110.35910901165023,231.08128885020122,-4.0491616353507816,42.23494283441902,8.783610318857702,50.02602556083726,92.92205716376267,228.00245068197452,2.4041804881760105,45.67569954882052,7.783643245575218,50.04741469111868,107.14768299971863,228.2171400836631,2.1387455186837485,57.064245717892256,11.256872966432198,50.01168238130308,95.36638620537671,229.39845533888746,8.22596040964192,55.33058827373256,5.940152130855791,50.073351364093504,100.21885012631999,232.59405690316444,-4.491511867062318,47.84914478833245,12.143984120756787,49.99183372089912,98.9452098875694,232.43586633272386,-3.933906167550392,55.12553904565169,9.91132317337871,49.96778246972586,106.07555135786266,229.39390563239843,-1.540545694309824,49.14650040961076,10.420383993001606,50.031031188366526,101.30958624434997,227.41394511087574,9.45354190055407,45.035737337956725,7.595187883214129,50.02910390675797,103.35715522915753
231.61593193612146,0.9039580604161523,46.08645085392044,10.66020636762227,49.97220854109357,103.46317582776614,231.10580630418997,-4.209489003098063,47.899969244168595,7.547555351566633,50.00805530560438,99.67767062307843,227.21526707513226,4.570834819617588,54.15520560867829,10.470250244686113,50.14145348676225,102.6274678849628,228.027155296342,5.565783532846411,42.940125161848435,10.027308787237983,50.017258385844414,99.62192649873892,230.1506327963373,-0.7589573905092811,56.10268401922387,10.305315899388379,50.00856186138763,96.05105239539844,227.03145896075424,2.9969389552311627,46.66478518966556,11.222582267838497,49.99038892030382,109.12341737991107,229.80567351068967,6.175373129032541,39.75365930979777,6.791937238192075,50.05402365866643,103.40307581248065,228.16193823215593,8.142379303718073,44.710105315767066,12.827515348095352,50.021555962607955,94.11544634570171,226.9434964007714,13.402298131386193,48.412943704515975,12.098093273030408,50.02404343519851,100.12195217905825
228.54287792430588,13.975149199948877,50.02577669654783,11.568245175071475,49.99806785066746,102.80413233719874,228.21569136010498,2.114409011744764,56.20652666005681,11.418989597092072,49.92396152412767,92.17600435970957,232.24182774339081,4.826618221729999,48.216439829622516,7.077845552114674,49.95635443601184,98.2507058454804,225.43684716903792,2.309550470557158,49.62982515128769,12.847911201237064,49.93991090076837,102.00159103303054,229.65461007449343,-9.860844235367397,50.1573663579607,9.67814038841824,50.107390966944415,96.61546755154127,230.10207266547826,-0.08799371561298815,48.31028635508566,9.856430004341158,49.983805841679526,99.85484581621313,229.28635669119043,-0.33167161615171636,48.92707745861644,11.397065339318909,50.03804262192653,98.65111076494303,230.779684470997,-0.1537271563999666,49.31718054998042,10.392576816568068,49.91248213875786,96.15178808234757,228.09604966917107,2.386022008986563,53.03660768277514,12.209095693916046,49.960088493695324,94.34461193781543
229.98642826794182,7.1210880352282215,54.82087351699917,10.696054462728057,49.992573419110755,104.65700597888359,229.921289271962,-9.933759618871399,53.228860218654916,11.756002282130192,50.053764102066495,93.26689458321378,229.3781173355455,5.056887866665759,51.80736421686451,12.101563658340716,49.98339204608493,96.04877857928429,227.3409726475756,3.4161791701879003,46.87250939555936,10.068242351547536,50.02218908475531,102.39773543968775,228.47083335692628,2.0349361169425553,48.19770803341214,9.55769154263012,49.99330795886425,93.86162023451325,228.8303172019896,-1.0034534107345157,45.86206841267198,10.390039498584741,50.019090843816436,99.5386132624822,227.94157984276995,3.6307015961499194,48.68145617529427,13.412513048365245,50.03583917742472,100.56396614933391,231.79083608010387,5.848336461529458,51.54460651521551,14.417093578423433,50.002747869819345,101.55070855650098,227.62376929530404,4.465365063329608,57.4749628770498,10.227584194868761,50.01423598354869,103.7389298762235
232.92609331872276,-3.0343961933924266,36.89357396139616,9.757361275981557,49.98995911421166,107.54763056075421,231.93437480803294,-2.884920811133233,53.43137882667179,11.254135824908394,50.01342942206839,99.55574141371065,230.80738216011017,-1.5608410230228662,61.42647853290376,9.912357102777564,50.085717444060144,102.59666369671068,233.61221351713255,1.9374804313020961,50.62474647562574,11.974328947267285,50.068449695984,100.12579366439981,228.42474149741008,-7.441563693282214,54.85844788110519,8.330609040966536,49.97331939372094,104.06645123563735,230.0329700165421,0.24948028007561185,49.790667137167524,8.392840846324454,49.98820788991693,92.0793696428232,230.7643492635912,0.6556431024014584,48.954194572627344,9.326247344127022,49.94636076997276,98.67952200364427,231.9200026087719,-2.690391909737852,51.92041976712704,12.894664856631277,50.003164274399325,108.63011295737303,232.23016325088767,-5.7723738350057285,51.817347973815934,13.523581508899623,50.00215220048747,100.00033978090173
229.39689773004625,-3.4494247869119175,40.67573278013967,10.81649635773469,49.91017469219766,98.89090790196013,234.14914287486343,2.770584604854083,56.26162921046594,7.8328221588349365,50.02378396874297,100.41885918301804,228.9857319573075,-1.700968992322143,46.99632189738513,10.525274012555071,50.064646139951975,101.04694156224639,230.4129162789041,-2.6414204737999567,47.33306550807746,12.441820415719448,49.90690846872664,94.49351383271907,230.3124230636477,1.8085699290035335,48.913147707261125,5.636650419689136,49.94477477275514,98.32930130644687,229.44961963030514,-0.04477326757918094,56.4437006748998,11.703045954424013,49.98700234558298,94.84236041322373,230.38905044487905,0.3311023557467001,54.9812090907257,7.582450950097233,49.95269797582763,105.48847279354744,227.9746228476557,-1.6385729170691066,42.29313825903863,11.49488644711152,49.98790463992921,106.30997443039898,228.46511535989117,6.416420594487024,47.05316437671441,9.159320467072533,50.0039679364929,104.35199123519743
228.8693881215225,-5.957140219292149,45.91622059774704,8.8548486759092,49.98520546877707,104.83561762684732,229.8324801250508,-2.925289176209298,55.75116096515271,11.204238031769394,49.994089768650205,109.30703285837639,230.4867989758828,6.3121386537182556,59.92759109518741,11.44673203233021,50.135819540363144,104.94757496705907,227.6904983228706,-3.0221971344552276,48.03746279933442,9.096570958171398,49.97392284349148,95.97739617725398,227.48859327619712,-3.9694341088522043,48.487519504395955,14.629093588533769,49.973745596254496,88.48007177835251,228.89766350212514,1.3289017486951404,47.32296181875759,9.092023556806815,49.990770972521844,107.66602661025549,232.16326484078604,-1.5758766815400593,49.113173933444976,12.906843237170028,49.994893642920246,98.32183405486091,233.58824508341982,2.3376885878574836,45.56994832608867,8.330004503415648,50.03798819447299,102.88493080486893,230.16083092809666,-1.9513667082111956,50.13778953993373,12.067200101710306,50.023621288709364,98.25573837235024
231.43814520915785,-4.9184923804745395,48.18438849599887,8.094800756375676,49.98592866404917,108.16964562634678,230.93381108193321,-6.001940512380802,47.599782166440065,9.915516900723109,49.959075671122186,99.16127893387394,230.8725820011779,0.1973195319682332,58.02263338090716,8.1436637752433,49.89449916261478,102.84503890166977,227.07264773400658,4.02521183506317,48.922193634581625,9.810269325984606,50.006467130274686,96.83410139089436,230.23295538015822,6.305334156065607,47.48297041118773,9.145830382549207,50.05356923061291,112.34628527994516,231.51990907323318,1.7013025029227502,47.704837047177705,11.75431753595371,49.93746624771337,105.16794906012868,231.3881704535529,8.179088699814589,56.94438858737342,12.620493569237826,50.02124616748322,91.42987575492909,231.14856565023857,-0.04236533716009135,48.05430533242139,10.919999645850842,49.97958065147005,111.09764447141634,231.8297811824598,1.575081442068531,58.09491878098958,9.340012421527856,49.98523492208464,100.74974885001856
229.56586948732982,-1.3071093766865671,44.26564597987137,11.399893938081167,50.001818225220205,99.73423339256716,228.420007003152,-0.17375642300890742,59.48607896576691,9.493642748723156,50.06708842019165,102.49692327014591,229.9018093337388,3.8995280731633173,53.94244703743727,9.302342542424931,49.894377784875594,101.69865487622002,231.1184095986523,5.194677683317277,51.71141096606221,12.330444723381628,49.980057452141686,109.45645068298656,227.58299433015762,-5.088823240155561,56.85980184188382,8.483139540264716,50.01437363070684,101.8639754523259,230.6349060550552,-3.463118783205261,46.77760844167964,11.473430223558918,50.017575093111084,103.81206951235283,228.96627858301838,0.15850918862108268,52.35966432744553,11.733143946687845,50.025065481882116,99.04295053799171,231.36457584263704,4.159423731166681,44.70458586385388,8.954527259817645,49.93160853166699,99.65288292422889,237.82671537092173,5.034804295004114,52.78277414829699,10.001345828455957,50.03268123010205,98.68959443958829
232.065564662596,1.5324781649591892,46.3287896688144,10.774112531826232,50.03191488265819,101.94619268921477,230.44238743702186,-2.9927921956266608,49.61231006131593,8.889815703946255,49.96623867905297,104.51680624261515,229.62498068288514,2.166159307350995,42.334549210215044,9.825642759848218,50.05471402354059,98.12004962431875,231.11686424561165,3.5020818409169605,41.617077080075745,10.277176435231137,50.04430230672314,105.30916063414783,229.98724889709823,-4.884371048171385,45.46072290848136,12.64891303482025,50.056012981688276,98.85380621019593,230.14149888304118,-5.522270034487601,54.81730190925713,9.186561532035832,50.01948303873665,104.9898803438691,232.94974481158113,2.599571703626334,42.65975750504184,9.290101593777674,50.05098232286892,99.53208727287893,230.59058648801434,-2.2790934327701593,52.16901014564883,12.819513709856096,50.02313577557883,100.20795125021888,226.57135372849953,3.505185048740313,59.50177988359422,4.676809180220292,49.895949840666674,94.09143001677242
229.6581968420104,-8.110756950905303,46.05206971408873,11.48072283412323,50.03049621043718,92.97856572771057,231.2240516221608,-0.9266158811636588,60.998479467950304,11.0218674140212,49.98115389575891,92.2913119985632,229.0382622757158,3.3108304666590365,56.397471163777944,9.687940184264649,49.936843850235135,94.35170617304252,228.18164031597425,0.9383471910317336,48.870195773551146,10.576045213635798,50.07079682140729,113.51104545271293,234.23309089712987,5.075215942792804,44.67490455687689,6.01210673190793,49.98747594106015,107.33323732191785,227.60291769082713,3.8495356301020953,47.45650613806986,10.584159728157598,50.05180624943294,99.09606339174226,229.4811148151229,2.2515363954306604,52.1782640815855,7.051164051745051,49.98278704730941,98.81296059021388,228.2202399518635,-0.6784015407732067,51.38748537882958,9.719893479270423,49.94142804727788,97.89143391622252,230.31426637439995,2.457511882347983,46.94482830517223,9.512945899320254,49.95560284493909,108.33688373429078
232.27127300682233,11.617276908466476,56.55161008780925,12.199244941369411,49.87042969262605,92.54469600702582,232.0385290875964,9.79020615757099,50.758408610687475,8.661253997053203,49.902582446146994,99.78224500751935,229.65824808001392,3.6415583850095885,54.957725145825634,9.904882453579832,49.93552337832374,99.71205880578634,228.9736322066644,4.613720814478951,49.143941274892285,8.27531118955825,49.901447916098014,99.73058572484065,228.83204392340238,-6.65473236453462,52.31797073989834,8.22119593027726,49.94121642324542,103.34376515025039,230.13832955867952,-8.683159632748602,51.21664586328396,7.179813790007769,49.96177451532774,104.5243039872162,232.52211694648946,-0.9983027169428155,54.76890689576669,13.060488494007284,49.99012053504313,102.6914840657049,231.24209495202854,-4.821075403674516,50.22300657482976,11.467285482676496,50.008059331895744,104.96719727558171,231.40256912543958,-6.1185429924963515,52.88598134870125,8.661050540142087,49.950204449171004,97.58497950816427
227.6497058538802,-2.695063106498524,43.79187056935809,10.155556396081462,50.002081021160535,88.33836387193344,229.5613391657494,8.030956173020451,54.90674509089658,10.125859310868327,50.000800973307044,98.09219005805686,229.21328362445982,-0.33834478338198887,55.76384967243139,8.738624913371666,50.09357914198571,95.76143190830726,230.87117478275445,10.61672130499839,57.82468637094303,8.934451805791017,49.92090366567573,105.8636474468284,230.2070868128345,4.122730218341825,43.9879812907834,10.271335165315932,50.00072294233191,105.63394192592966,230.11261827260608,-2.236619837939632,53.615433432632344,6.923416233442197,50.10572845240049,103.74682527188948,232.32306023268973,2.919840212528571,53.761347117606796,6.0828572570865855,50.05303294351101,94.9488343444439,230.96864781696533,9.271839541033394,51.719202202531655,8.274335028022682,50.06368807667224,106.36263301632493,228.8353591748455,0.783455635611679,52.71747291534011,10.98189229305809,49.995709732579556,96.39943947632365
229.65417522276974,-6.857633572256853,46.742292669934,11.097016535019018,49.976753942955035,100.78949257248463,232.12179997037515,-0.542165862739769,49.430973674109616,14.44483609272007,49.93882807672386,106.60084071155548,230.07579331291956,4.907643720908142,49.13853865716593,14.020445883688396,50.00636462047548,96.24185611669907,231.81199426970116,1.6726725590067413,53.07085751946539,10.623790267252797,49.95525637245247,102.15549211631387,230.23610304401063,2.5412862203174864,45.14525100311995,13.047849819419246,49.99296371887051,95.34834958834712,230.13991451685348,-2.2776288067185284,44.39655100610671,9.320521229424289,49.98904317998135,99.12201446369444,228.25735905512641,1.3927482063460053,47.907891955621544,10.375769080053898,49.99702891536062,98.48255072300636,230.06391172223795,-1.069959842931531,59.49163444647073,9.58476142766546,49.99090424826347,102.58543698510067,230.09274824803776,3.5164991212467416,47.62052349456608,6.791766158577834,50.012602749594585,103.03542447784969
231.74104775784562,8.810315701415888,51.646916828492635,8.201000237994275,50.04993048111134,104.70150643162307,232.73578806235602,6.663212722216794,45.404813361856476,5.8865059041727195,49.91124510931849,99.53013774265052,231.09491697359988,7.630443788552935,47.61501017614767,11.300808139929911,49.92421248314961,98.74317365927007,229.9377564079505,-2.9953063004262805,55.53407934916242,10.062858841187596,49.96221478894531,103.51563952895583,230.48757568882237,3.6757889102255756,57.39601042108692,8.29973658398242,49.94102580131032,98.43265400423074,232.3546867278202,-2.79972308739677,50.207057644976956,11.515175058142143,50.06641743342836,102.27724819737642,228.21859873099177,-0.06601375174489017,38.081034804269116,6.833712131076328,50.0342580048882,103.15865060496473,228.7495540426775,-11.207283692568286,54.979551142074556,9.540766224114783,49.974789721189225,100.83839924870117,230.6206360956533,5.0536320775422885,50.44222632152515,6.270055076405484,50.02919268427572,99.17672943471202
230.90593768682305,1.5250954735870412,54.29671340847122,9.438971470882134,49.976487245888435,102.45864721045439,226.9297070813203,-2.0365780645163407,55.917057864492556,9.604636410735832,49.97059575411151,112.34775074613431,234.50956634815856,6.631697150246486,50.27060165513765,10.616543240767925,49.962633740048965,102.2509199993583,232.40522080297535,-1.7945649544323625,48.28426636973557,10.67746309643474,50.05538702246601,100.91690192635383,226.81938859139348,5.985866529797051,55.90596384262595,7.7065741250586015,49.98147537454013,103.05176403495535,232.4778065624324,5.638907850335996,49.07810519623666,7.355531352404052,50.08277765545011,102.40547820925997,227.69710972398147,2.618293120039334,46.28207128780502,10.76315835233857,50.04937741880171,100.2635151454501,228.9232375263508,5.588989628125108,51.37996789675392,5.514599368701244,50.031100517802194,97.32934771879864,226.23221163013542,12.590525434785409,58.921397365120114,12.960924212389322,50.01977111353393,98.18713351635556
230.37489566980554,-7.271112561935525,60.00479872792401,9.149764982065133,50.07042052697094,99.86850214849704,229.78750402303208,7.596573789973723,51.47756579009747,11.24999334997347,49.964977962688316,97.59987821365402,231.2175852255168,-5.048553751317325,54.12069123622125,10.792181302918351,49.9269584804533,92.60449448995136,229.5597090798862,-7.132519900316706,49.69540157499219,7.729349691373156,49.88786426502576,97.13071764053235,231.55918913791947,-6.154542182501302,48.10118560536505,10.80483882409696,50.01567362260159,96.23865535797509,228.47840161372548,4.694593489633627,56.3075986190317,9.80289412202967,49.97824139025175,109.71823811765066,230.897741154146,-8.759959139387878,43.668736165312055,10.17793096937631,49.94022554665315,101.3898309372047,226.09411589816585,-3.689792321269832,57.72050539104711,9.742042849377537,50.0015108328961,105.83060622371218,230.05869811690727,8.679187635265123,45.17914782564222,10.518267488560387,49.951748700214466,101.18784527194805
231.58250760125023,-2.8430996749239457,50.49551604139926,9.480913960735675,50.048522836874795,95.73591229394496,228.00393962327954,-6.659345757042322,58.732592447114,11.023759962367752,49.98462000965836,98.71242304785429,228.6862122400618,7.104964001626474,39.54081653889837,7.337560130252934,50.00387371789883,97.7981634630877,232.24666348621838,4.752822605977382,43.59871453399327,8.932631771917336,49.917837278939366,97.5748317450608,229.50654866819764,1.2636628126833247,44.51989224729714,8.70005039171184,49.978596795980415,94.78801754373194,228.94803100337705,-1.707509562791515,59.664194577725105,10.191652511422273,50.02090818526498,102.597796260693,231.2478697990018,2.166231771529042,42.75380814992258,9.167432014763486,49.96642563753861,93.2055719114385,228.30892511973263,9.42258347023754,43.96696089348009,8.838165241910701,49.974007331963534,106.23110110160141,228.7798756802109,4.548109725134922,46.47245380498383,13.574845600448013,50.01421206852198,102.50644052265922
229.60606678168412,-3.4540476538066898,56.15878504376504,9.31708203753374,50.05861624436927,89.88602069220639,234.79976299613708,7.94714969706483,54.96073768824906,11.069383378324154,49.97614243432739,94.81507037788487,230.904410524645,-10.457085568017888,46.16525558943614,14.195181261920212,50.00668890163753,92.6656616898034,229.59849891586128,2.944633246402854,45.34484935458839,11.498234433140244,50.02679169813876,103.87585304599614,234.03468413636523,-5.036230602018232,47.76169004053553,13.148778956631503,50.090392730085526,94.45331343096485,229.07396754286205,0.3147830252900218,51.33594055169943,14.223931400002126,50.04704727009489,99.86453179333036,232.48740128238623,3.2549217700734783,41.18447325472866,7.774154161660397,50.01179257055983,95.8471892461578,229.614328484631,4.44003763657083,51.93885804623461,7.375031372662127,49.935911841913345,99.15911037466768,229.13349708745955,-2.695882957889541,48.73269570761241,11.155490294007075,50.02526493919708,96.70597123587636
229.91261257965888,-5.629189788765862,52.83905895847434,12.164165895379046,49.95185247247999,100.72064199828849,227.28549995339554,2.008180651662586,54.772962864641954,13.237729409380668,50.020860500240744,93.59248358467343,231.44351083724266,-4.518025670259237,49.21749041303363,8.636401433521325,50.02711583136504,102.11279065950882,230.00419660355018,-3.6013748760984505,45.88013007565282,6.6247156935393985,50.00760932073726,100.5500198058915,229.52535226088426,-2.5930327011034278,45.74285277235538,3.909662536133604,49.95400739921622,101.39087706305949,229.06906080853463,4.375608160710982,49.45438215680939,8.362429785229146,49.985900958327996,92.02239861776134,229.0909942860619,1.5976914098651653,50.641964621267384,8.894818802217547,49.96635270795448,106.69372456660733,229.0396060356677,11.21355078654636,48.62550848706719,8.241539583434905,50.08648550416104,98.77199327715067,230.40046963013785,-2.3789239881862922,43.72505748979005,11.89107134716028,50.01781384367566,104.54831597758519
230.8778140563926,-8.361484498923792,43.15020852848529,7.824295313748451,50.0593911208434,103.13543362828523,227.92678416624378,-1.830917927903553,48.31870382186643,12.159672581435894,49.921840918590895,99.49703573629924,232.6874539258916,-2.9216461601657207,57.69712800683077,9.824896228656668,49.98397094609627,103.40330829060488,229.73466082101598,-0.8967060977099008,40.740791609186935,9.615685527085855,50.00410854321947,96.5588715255289,231.3915567754855,-3.4982400160605263,50.87014537193284,13.991387180523757,49.96438515642076,105.62356983649941,228.57939659044854,1.8273537308403736,53.70007653385918,6.656209134906543,50.00291543717805,90.79276510088357,228.46468545567856,-6.30063324218297,54.46930450158534,10.125081790104536,50.062748304907906,88.73151261854647,229.42556600526257,1.2010756294124483,51.187425362655716,12.144328923057259,49.99985405671204,98.56143667477917,229.83368271263336,2.7249246189299123,54.11742376541267,7.033472878727228,50.01204752336741,96.6418554922911
231.89764787294527,5.421479392448778,44.8811892370196,8.213709572917937,50.00834157345084,97.64359288216811,231.04933812621505,2.353614694943725,42.83130915592069,9.861058515039923,50.04795270019022,100.26213461001768,229.76649581912275,0.24517030458913636,54.90988901652717,5.45818157750454,49.95263784940999,103.09615169614355,230.0145463463307,-2.693716151778824,43.9367718955746,8.949991824926157,50.01155886430978,98.08178427467936,230.91168723670467,-1.7640995853975558,52.40788864446032,10.446169891502661,50.01461671694561,97.454814609089,230.8816685777988,-0.6500223186630132,49.838664190407634,11.578695985319566,49.946636866011815,96.11794932988056,228.58690665203116,0.3074657014832844,55.720666113237556,9.454062482334027,49.93165941076168,94.20102318116385,231.15541351669614,-6.96808664632499,54.12240023091411,9.514515726056226,50.02397365228487,96.12583509564239,229.70510056428245,5.772139172342045,56.66891585078478,6.452999772507488,50.02202990336615,93.84997164083914
232.46050881360452,-4.376836677903347,49.61660178248365,9.920242013775026,50.073324037670844,98.6690341120331,231.87860577627094,1.3573850410311943,42.78923217450375,9.84409758295633,49.972256537252605,98.99712084667081,229.382311985605,-5.251613127148145,47.35174355785434,11.256003159546266,49.99178420751631,96.11804766488993,231.1917881021611,1.7758264716765335,49.33762067274329,11.841690296147586,50.05956319101992,100.22288310702561,232.5219123100607,-2.2644173284486917,46.62896972071178,9.529922227941118,49.95292118899291,89.80127427131458,233.0765806670619,1.9603665816358595,53.644083723636776,9.463359740846592,50.00817165998847,103.90017814263426,226.47902014011137,-4.130965026734306,52.64565841326498,9.545427307537338,50.00757491787084,96.00262299847951,227.8793131676256,1.9763661980506226,48.051086701565616,9.20869222423857,50.053983024764875,99.24395264539156,227.99140787356424,0.7168002299543107,52.69284858779304,7.298772606753392,49.98982595396542,108.61648217769388
233.30813887922537,4.7489702317118985,44.427418570671534,13.64046428094419,50.00399081299956,95.31297567420677,228.92286828168412,-12.271555836266977,52.11203000430839,13.08229628736961,50.0108819085269,100.57355441277691,228.24090632786164,5.4687937913595155,52.8049583364238,8.292049055493584,50.016322741876756,100.70955675839754,227.4558454091183,-1.0744616220623653,46.63668241829299,8.437223459189667,50.00216105753596,100.03043440333636,231.85156369803542,1.3388505142697373,50.28028178457235,9.837898571448079,50.103306603444395,102.9772676183585,227.68222813026577,-1.483508487059542,44.509357879036116,9.549869492004332,50.0085623869465,101.29800891935656,230.2286672769347,12.243389147012984,52.022920443812,9.303556765170887,50.021366889858626,99.6084260563348,229.06047361869324,-5.441605975417901,60.220508288602105,14.389512116923026,50.035219598363376,92.24013412917903,230.01791120035276,2.853831940382487,53.629816137108435,12.42763993150053,49.974339858660144,98.72578404043391
223.54251481093348,3.679187246308361,50.50305094808803,8.743024962481568,50.00130786839093,103.07488984133623,231.05764490999357,2.72625044906838,51.563729405757506,11.256953170982898,49.98197154839398,104.02556998333769,229.48474609909903,-7.079540326523408,46.27535026163251,8.630795429267677,49.85940460115836,103.75660832327466,229.84206860146134,-2.3652691651141056,48.057775031245235,9.714633352309173,50.03874144485898,109.63306650655657,234.0744613691806,-0.7047871775170742,54.823201159710976,10.542685486496973,49.98587016632848,94.01770304607527,228.60023280818655,-0.7307231758645016,50.88126651356466,8.887074291492592,49.950635008120585,93.90681171826847,229.88053380398316,4.6863587359136964,47.619208437174805,7.942377337582962,49.98749352750131,95.70668292757155,228.575750405658,-3.9943466431929857,51.5498316803704,11.81813815776311,49.98784315779649,104.41580357446536,234.2304169122996,-2.641873814024833,48.089789750552946,12.08802836562032,49.94733971176722,92.9315459795759
229.58806436925823,4.380635798670691,49.37483294275847,11.625273566758914,49.97857646031544,101.62515911722477,229.13773693742098,1.7415778484795394,52.557691209086016,8.423042373103971,49.991284391883646,93.53856149740827,229.11816356654404,-12.286163151264653,49.60305477040429,10.95387763194068,50.07510654765612,109.56942677585855,227.44513404069127,-4.170417822285856,52.521179937063096,5.696538856513534,49.95486096723133,103.25342315076331,231.45080232053954,-6.977448481580984,53.097297070476465,8.600235545284267,50.05969015355034,95.45106338728132,230.0328487501582,-7.083729489803837,51.36757717350387,10.26367042083586,50.002170489552995,97.76368256224788,227.9747379152301,5.3888070227408145,53.46261083484139,10.382354467419857,49.967935526098124,99.18391283504462,229.44751766537902,0.8536168401068998,48.59106413203004,8.31407508931214,50.036219907133884,93.16731185240917,233.0923949809135,1.5350184372801736,63.98918166929276,13.201125319240031,50.03273192704184,98.34637609009
231.00600117957566,-12.150108398399945,51.421541833790464,10.690313422551398,49.940185302475875,97.48904947722241,228.59278162678797,-0.7932231945731245,46.337356092160086,6.052945155901702,49.98957612603772,106.27710702339968,231.68655537350878,-3.2421582739420822,43.87378093393034,12.138323202602631,50.089551908125436,92.2497766930421,228.69058856517506,2.942086049344082,52.33976573684709,9.211029371490573,50.07002107748767,93.2293169695324,225.2859483134982,-2.119390522558245,53.41656945869799,11.470207913012217,50.036154657304884,95.49573699850369,231.05699402987784,-6.570522128027659,50.96868552517084,7.23309333296291,49.993300831119804,99.69701089486391,229.23044992676805,7.496440535543636,53.30205730459088,12.350821118088144,49.99969452314345,110.09108450979535,227.76900740032323,-7.060023211018704,51.372433159440604,9.785506093393979,50.008910688205276,101.1925880396281,231.03224437666233,0.5971797448177978,52.151701053966406,9.696668572484857,49.934203528279724,98.6243982440739
229.74480663580295,4.66685408176607,46.49682223119806,13.338525488827129,49.976093379553,88.7532478280305,229.95093852593575,-5.000828235157304,52.35061857465589,10.234414575720928,50.078586931637055,102.07972932171963,230.15437884715197,0.4038475349115853,52.999978796474,12.660286094023059,50.01113568364683,100.5646652336107,228.6601914616961,-5.722739106757904,51.19443542880566,9.417580948686032,50.0292330189124,102.82435249698489,231.21877505405544,-5.187984804692078,51.52704059116566,9.897824217405708,50.01610166294176,94.47064653258347,227.90606628283925,-1.1657878738028933,54.76668563489635,8.715262036543994,49.9001403455475,104.55177822655816,231.24165584077844,1.344068511903382,52.48305664307822,10.56373919654052,49.97038743845022,105.447092701717,231.35348170534826,-1.327712365554853,47.918031660809866,8.751654353516667,49.99649627277386,105.19873190424912,232.5194288440356,-1.8561000869097513,50.66354737855843,11.659293217682007,50.0449090063074,95.52736907079553
229.1266006552197,7.727014804298296,42.83103419908408,5.996739294425135,50.03477900432477,92.02624256344762,233.5349464570328,-5.7642928230302015,46.756316588522424,11.013549536716068,49.97115205470933,92.7960200361546,231.25972074745016,1.4332883533546559,50.977219976426724,8.102991006843595,50.03170471068633,96.15984634801785,232.24771376971395,-6.4551585113919865,52.05420860837387,10.953833425734,49.99729853960442,98.65799258831282,228.22423766850886,6.746180129127563,50.11526879280653,9.520671851179056,50.04456427865925,95.38791305955567,229.74325938265747,4.260669044249251,43.782518660787645,12.532369194365762,50.01471557951033,105.29630963050347,229.30825574120053,-1.1895590865954861,51.94099609095794,11.335774365626882,50.00347272378651,98.55067539370091,234.2962278114599,-1.98860078697051,55.54601855392164,10.843990769145508,49.96334808143358,100.80572631521079,230.91270604404605,-4.412305372482727,44.76323918161418,9.612252953630817,50.01428230633256,103.14195783197721
230.67471645788257,-6.296984588685078,49.80672830859412,8.930622919777083,50.05803499136139,110.8958625792021,229.46561926896533,4.683875747296772,53.375766034126414,12.122946358478433,50.003400933127736,102.28697673764013,226.3671852757579,-1.206642673019824,54.70185759299741,9.36496953631615,50.04989182016546,102.47755180393031,228.03561651857007,3.5901747609960806,56.87916171152042,8.597719307689982,50.00211572828748,99.85564655476082,229.36968103177531,1.1982221799930712,45.876533182301564,7.9046453476310345,50.006900413777146,98.2881393006961,231.23429308765742,-8.141384481000475,51.11754763939114,7.9039232580486125,50.0197741117387,101.62685654180046,226.79436777386098,-1.1007702671475015,56.47967906058063,10.265641994552793,49.94054187762382,97.68022276458038,230.51661311955274,3.4636332013580744,45.65453045297759,6.430700237960643,49.98708323727242,101.11649860632741,227.77013639978352,-2.4410798712929163,47.99671149414042,10.687934201544376,50.01160605448764,99.67107748645078
231.80418330985066,5.312478018481217,55.80133527581718,10.452692653943453,50.007735290748556,99.15662659633698,227.228772637545,-1.189189740074375,42.02014461335465,6.712573030232223,50.015564870419624,95.47430860134682,230.650027654877,-5.951160978510107,45.99979109648981,10.502605928186636,49.98556093375553,89.02502317881849,227.9369771616169,-11.788563549661609,49.73839321745922,7.473642229317473,50.03891458824591,99.89108921880481,230.88688591746498,3.0824589198534227,45.465038593915956,9.185224284882528,49.9917164074892,92.15442993721523,227.0464795964858,-0.7627103593027347,44.68325226190909,10.513764653526605,49.95163991598381,106.5074867745697,230.78363852370396,6.4178962494833325,49.91176168179153,14.913179241523192,49.92607112365439,95.95434484429084,228.9761550358231,-0.03036516539440677,48.431574229767165,8.165825355317631,49.99022208949168,94.9280785102976,231.13583342353672,3.5270653482499155,54.78911013915112,11.855643655815182,50.02526026555696,99.99820883587239
230.60764566912928,2.1839633075595404,49.07476439165052,9.839778526666676,49.97684939316229,94.4806385483482,229.060016448173,-8.387474282694672,45.67240035038263,12.32445649441265,50.0166483210479,98.23327810823088,228.09578234027134,-0.7497021048146326,53.687894683950674,14.722568322021527,49.97945855299298,97.63251560033851,231.18747713447635,-1.0674550256995858,46.382990396343246,10.395958850321156,50.06698655303426,105.73495476924064,227.49514523235476,1.1938650219646527,56.70509775471755,12.924391831139474,49.96883468274678,102.59809505322495,231.6360896304611,-4.470382794977369,56.66920880515219,8.337054907554155,50.043269871350226,101.80660505861037,232.2131066567121,-4.216393095107145,56.110162203457065,9.177529230033038,50.022103510705556,100.76823750688617,232.32548535935524,0.2003642236635518,52.14410629878064,11.10117826159419,50.00032380957638,91.85468061304846,230.0606925169135,8.524730983621044,45.35339710326234,7.711811549853346,49.94481346280266,102.6820102838997
229.8536327810118,-0.72328094772352,46.064624690074076,4.931939716262787,50.04178242842933,95.88610236876049,228.76370360059352,0.14876600378271934,53.668748022830655,10.39649938355952,49.94742177178495,106.30585535465103,229.2608479355092,3.5758491279679294,46.46329648183294,12.71546080123629,50.01129550195982,94.89211744117046,229.76537191449637,2.275159711947681,49.02085775009923,10.072225562284464,50.02465225202133,103.84430750027244,231.2766731534834,1.550212622405331,45.49510216409065,13.747421767169035,50.04250469440178,101.18228555220543,231.80229056651862,-1.407992747925182,54.08872859648548,9.084576677507009,49.96350848230732,97.18849455371729,233.53778748396968,5.287153776876822,51.957810068864745,10.756695697775209,50.05131581699364,106.230470951272,228.20202237595223,9.145596662827993,56.19475908485513,8.498738997146738,49.97036499709694,96.9353782025722,231.51462799805932,-2.3210387610719243,52.08604500248484,8.938648632474866,49.96243501920141,100.4538277035047
228.96575143900768,-2.2637976727546207,40.05129765315662,10.577971696627957,50.07549775812169,103.84633476350805,227.99304333239706,-3.682573652323675,45.233800666394046,11.324158704675579,50.025913498975726,95.92877402616817,229.04196826441975,5.909900838867116,44.3706929646574,9.450858200345737,49.960622305625144,104.04239296484032,228.96569458324106,9.811646705543076,52.297843600097565,8.06352719179409,49.96585870736765,100.238997667889,233.03296196546225,1.4696818502947515,46.58328229984939,8.18478353042856,49.95772448869364,95.90662748259155,228.8838855640023,0.6683990887477742,48.588343699998944,8.766252579127542,49.91174569637173,86.3257570799184,228.62448055513119,2.8887330304373386,49.42325252955374,5.729279948056233,50.03129207761328,97.60356233208661,231.43102111425475,-7.162321248721901,48.83137709079203,10.023822912343133,50.05694439816659,101.91767999107003,227.67573025137023,-1.0352990983150243,52.6148177072325,13.302484388932147,50.04041196305284,92.90048867925353
229.08449123232774,1.2257564397867773,43.91143443992903,6.882641138812774,49.957317030136224,106.01662079877315,227.66475986567778,4.3591367071678135,36.9929687780807,8.144327964237204,49.85436789468098,100.47436686557994,228.71637296004647,-1.064746750936533,46.72480040150259,7.228282358364098,49.95130475923374,111.32319419750834,229.70853100100052,1.2300627861783313,41.9198615525791,9.691382391605565,50.002882705482435,96.3142763066981,227.86616363587098,0.03601804368889055,42.62964407133084,11.235368506866351,50.026184703871984,103.36873601741365,228.40534989779513,-5.505486660435426,51.769772275477834,7.468123678761806,49.97243344868407,104.14026852858834,230.9255994152218,2.7583883102459787,48.66097483309516,8.666238823604665,50.01337034888474,96.88229814973967,226.9476382637361,-0.4159241220563571,54.311886558463044,10.309884973401912,49.97762502803264,102.7990788534953,230.28502342644634,3.429410553256585,45.98642648164503,7.873014101218895,50.031464177413575,95.63133653645382
228.17179744355474,1.1017959787809377,49.04233248595887,9.33714599716847,50.03202703899675,107.8147907207174,233.6263679311417,-5.043440209030216,47.259872955566145,11.27227289097316,50.022450343422676,96.26509277648287,230.54575605269903,-3.1591938745680497,56.99099951145673,9.181318232756412,50.04126894122986,95.76573378647797,229.4949412892044,-1.8103061980284563,49.59806666935062,9.310608764825172,49.96412658795464,95.9346777349424,229.2922506785753,1.8461933908600603,49.51852307947097,9.778560551847583,49.99465339748438,97.09590815033602,230.97691726621653,-0.7880807337180178,42.8673873924599,8.079006976078091,50.12881534486896,103.68216182264779,230.20579056191127,0.38206636421086265,51.744683272591594,13.647318596145608,49.99338402605087,103.22130729754515,234.41937444921822,4.156067722334011,43.07211965537759,7.149781357044975,49.93612196085221,95.39808956467421,231.77939285276278,-4.1125939611890665,47.819243340703274,10.449555417226684,49.99396040272768,98.43292998369382
227.41522592722967,2.7021707047753267,51.87677810463453,11.671037261829522,49.92925422099136,106.6509323662028,227.63965793674978,4.233599461205985,41.654580607890566,8.212441447864189,50.05209746943664,95.97201698104072,227.80124334746108,-2.0792639723985924,47.57050469060408,8.09401911745704,49.92720585002134,105.38577703327272,229.63412476741811,-10.898073355880351,40.84356998153177,9.792119525193213,50.04145297819068,97.06061490978902,228.9987498465387,-0.2750095885164513,52.62972803050518,13.550946842996813,49.96303025596901,101.36894973351501,228.39577334048712,0.030925297009941236,49.018107360883235,8.265980056113419,50.01759303368443,102.67789069652827,230.28693847638004,5.0982629931339885,49.8116636160177,11.667381694747423,50.031199064264655,97.83416330352574,227.0080168598654,7.167597684447494,53.65546264037707,7.913288674883196,49.984838943109416,93.04868279815852,230.85186776260625,-1.242086055065349,59.15880806226818,10.00818928403806,49.95273600229105,102.82178826555496
230.81966168599533,-6.587658870556946,49.553657128550874,13.0591144252365,49.914336641659816,105.87801689168238,230.54189985137742,-7.01007808242831,47.52074757319475,10.08790800157218,50.03848313215651,97.69220169433382,227.7317669999446,0.14486753509919628,50.51367620983911,8.604943541345632,49.95493507615585,99.77779100145581,230.62154946507417,2.6931685458204697,54.28717989703843,8.565845804582548,50.00009349574258,95.32666193095844,227.53642805414708,4.904404181414599,63.358521552986794,13.419043818459949,50.05854250387149,96.9806837750438,234.05102093559202,7.373359925795391,41.401995544645914,10.343277160563265,49.96580721771115,108.14860314664844,229.75554869419724,1.3787644645260793,49.29734398315984,8.173494415595455,49.991514885863445,105.7600286585636,229.36938400211776,-0.29871093304869006,41.608965237204345,7.459917381979358,50.03543323137072,99.5773112501311,230.81253740288267,5.131903425234194,60.008482088171796,10.905354259999328,49.918777782926966,109.16970669284056
226.72913034496673,3.0476589514141637,46.8617769948907,11.380525850918328,50.05658241412623,94.03390243410712,229.60273196392723,1.683792864848548,48.20694883376748,9.276880194907212,49.93366505444432,104.6813235135625,227.73728431579997,0.13558930008088965,55.20730299154859,10.22207289313539,49.9413110414089,99.39738982437123,227.2340950598618,-6.593293757781381,45.30015006035711,11.312893756445533,49.9724708793016,100.12387877216271,227.11328587383954,-0.940624632931817,51.80197870837486,10.926872533614624,49.98167376463733,86.41472362604384,231.65988530724493,-5.004140233468558,55.221788755466186,12.162444339551293,49.92753121705644,96.45975120477995,227.35644637485763,1.6905446808161997,46.807712834714444,8.722109607198487,50.06489121362438,102.68135892729332,227.79457141495058,-1.0608176428456149,47.910194200957605,11.29459246744338,49.86913579855777,98.89954200562892,231.8576147467595,-3.727822082924389,54.62081228010554,12.020004808160762,50.06628809004366,95.69559885825883
229.75308743920752,-1.1636120900074989,51.04523535344492,6.213156442209195,49.94758525384854,93.33337467030825,233.31280382468668,1.0421496804280739,48.739624231344976,6.897543412486899,50.04861758336174,99.72148036800652,229.42860226202498,-7.97010032153246,52.501139578243624,10.493960774862966,50.03961149076029,104.27225503117528,229.49898841806413,-1.9989492360808674,39.15350688993873,10.799831269240503,49.959830115141905,98.47679715677211,232.69168071060113,-0.4218504400149815,50.720839156885226,8.66450462441109,49.90846731772694,82.58292663981521,231.61370733354013,8.507456277669904,44.778021161019296,8.264054651400938,50.02434975433298,97.1361683191534,228.55808347648787,6.921756671225234,54.71239225753155,10.057309785442214,49.93814983299423,96.52947884725644,229.89677918630667,-1.9203400232735088,47.42364590040709,10.797210751513143,50.01115703501613,95.05069199090322,226.92496542793796,-9.081700291651295,45.37853802499902,8.327319261756099,50.02241104073844,106.47767145135813
227.34990357862534,6.709069572779018,56.611265438779974,10.444352412003813,50.02453362697228,99.54523901061074,227.99294118674695,-9.220213268942123,58.37608728165287,9.906657099849646,50.02314997128611,101.43142460911253,225.76861986305195,4.519645508972094,48.47191826595811,11.58452088090042,49.975497881745575,99.9421984656569,228.46456097339012,0.21725522132471292,52.497251983924244,9.420029700192051,50.008032257638355,97.89198470295761,230.45920483543495,-5.404961775741146,44.03529278945731,9.404193714446777,50.01434688861583,103.26517275663836,228.80648478691893,-8.5305036098454,47.93658090965962,9.60394630286072,49.96811481068784,101.63004055417017,230.37037892293037,-0.06260596698377428,50.458967912337286,9.22871837576829,49.987645215793655,97.0403442609518,230.2428676324485,5.650253981080436,47.231652780689764,7.85134990126836,49.99999978118581,102.28212945300741,230.50605750847114,2.0514215925291546,43.66079584693293,8.945059000940105,49.95600431839448,96.106866529787
226.67425840629048,-7.622739207230847,53.63973646689681,14.372846391151128,49.993772749479255,101.00018452127848,229.11072136021727,9.454273971097146,59.65901723657998,12.26270516699286,49.964885798649824,95.89546807675255,232.63676956402222,-3.057572350438437,50.16207630426926,13.122973412172634,49.97432614541805,95.68137281204615,229.6437135669259,-2.2904999179093397,57.00672244277434,9.320879211711627,50.002025799016344,102.89264400939526,230.70806974135274,-6.6064610055891695,48.21403421030217,7.135463723419295,49.97074198180151,102.66874461584726,230.74323160790968,-7.201341946034078,39.88787884684861,13.952985785686213,50.05916412036732,107.28650813178321,224.9734704341598,0.5185002001987744,47.70325859510627,9.77206349204701,49.9916404713853,96.40738460537575,233.57157284980752,0.8975992017009233,45.43116730257081,9.718282313936394,50.03842742481225,98.35187693563252,228.28355360482286,-12.964189977844867,53.48397870796161,8.240890012419328,50.00573883497645,97.62572042077723
227.63896053051025,-4.099015970076911,37.23022471342642,8.3048524106069,49.91392480231099,99.43859744758736,231.11463987177618,-7.445326628492567,45.821208882884626,14.369889748392008,49.99289601152036,97.20060334209217,228.96878820254182,3.731578421330794,54.37119157607508,8.189616629619902,49.986695846921556,95.74197871729001,228.9128055633967,-2.859419852684627,52.72611687138574,8.769891786003695,50.09073721536347,103.878005299204,226.11435785643573,1.0394048458027274,54.139872733580404,7.302010135417525,50.03245882888872,102.4316314623137,230.12814290427863,0.6736305639442226,51.61459950272571,9.594842678992455,50.07324533549756,103.78450814096486,231.90487340827147,-1.5554014386628472,50.267362990610074,11.842789288161342,49.92980501205313,91.75401788731385,228.43333588211001,4.715800771906036,55.58745355516386,12.105251297380727,49.931212445412044,100.31353894852138,233.40954531208877,5.739143934988418,55.91758159217732,11.049661263721205,49.96512725010224,104.669363773834
229.7735495557164,4.181513011045544,44.60682346018177,7.938660573837415,49.9556000064185,111.53854182360762,232.6648661369731,-5.67586017691182,49.214559835931155,12.610045044037495,49.97873913550645,95.35214787611748,227.12184883892175,-4.960224428140295,40.624393623500055,8.475915174964296,50.00327328404683,100.07727522368259,232.7351792657055,-3.984598142903304,50.34366920930138,9.895474828294596,50.03684900246563,95.15044422047998,231.90036986497188,-0.4948101316100189,53.177415855151885,8.088507879516222,49.93564720595413,93.74933473770635,228.51889467255876,6.361530507637103,46.92638762913013,14.59676923222528,50.064665567132685,94.27265637203759,230.17326628012967,-5.838126520973367,49.59403234315275,7.584063431645891,49.94946120446672,92.05541340246921,230.36451280903015,7.304921363287762,49.03002906476521,8.880148247933976,50.01345644444185,97.61351889497169,227.77754947362286,3.4496687334703475,58.78886209992504,7.191042374109523,50.03614357659179,104.79665511341835
228.32697631946823,-2.9257965080939656,39.76184423865073,8.966808535522249,49.98724181814213,103.72210427088488,227.8307476639951,0.9899645023604684,49.45416721004514,9.846527957417972,49.94636845054767,94.71482747712494,229.49093913086097,-3.161770199471812,46.851927449811576,9.617126648874406,49.995737439878944,100.22250473834214,229.5073853644806,-0.5648448914483187,52.060736054393765,11.53153179766053,50.00695184985622,98.74185798059325,227.71460708422117,-0.981628652037748,50.728520795879234,6.08436659717373,50.00382425383997,96.42311962244759,228.28724863834603,0.10071617759795629,54.06986718744293,7.0721570608094595,50.098725342975605,103.49139455088942,229.38285564684526,6.005539026568486,41.74743155774735,6.031791052586238,49.96409276508176,111.85055564532398,228.6188216464431,-0.5561770092187808,61.73966459080475,13.392979666370508,50.00041964381306,99.2014236444206,230.19979332832034,-1.835942208947763,51.83727384959998,12.883050536849769,50.050815399454315,102.6598419701939
231.07671940893445,2.9672400008059423,49.475054720398894,12.678256788811247,50.11995026209581,98.54684987933497,230.30473466638836,-2.3478491696574744,45.899168089942044,7.042233613113417,49.9839567352511,92.57732422105782,228.41094621631197,-4.207377578027712,52.18435115841558,8.897900097162083,49.95101614117095,95.04501820420724,231.5816993452268,-1.2390365221220854,46.9013517305209,9.898196086915398,50.04364548331213,86.40597744360565,228.55897873403092,2.299844978007406,53.78831701903848,14.338700857101744,49.9155590698009,111.768306788337,229.85676709235048,-12.41864920428169,49.66227109990209,9.295411588601382,49.95239205504379,90.75829419935987,227.9043307291106,4.707133515280622,45.38205916024507,12.681179787537454,50.007019809357224,100.70859823087244,231.1946791429778,1.4173477096745164,49.718434493088075,10.58655394752973,49.97355527263488,93.02808728087061,232.26177022173485,-12.722443976539942,55.62939285323256,13.195475155233217,50.02826690050314,94.28921458344513
232.40841933940365,-0.5854609403760657,52.64234062201983,11.292778176704141,50.03020510693247,100.49030921066165,230.832016518199,6.1023131582660675,42.30473178912679,10.136454837015673,49.90736900223989,94.7641150285402,229.48351893423072,3.2334894169547628,51.70477059144361,12.665253575459204,50.05079430455015,100.68060175693412,232.38471540376133,-0.5732083304501047,45.69276968369487,11.964061091740561,49.89054843540885,106.19489061613434,231.1773589555736,-0.7724185396521356,57.23866892627999,9.606016234987557,50.05911364550864,106.38015387615101,229.55140768930082,0.7888287528691705,50.13999286978833,8.860175629591865,49.98633788976398,110.5389122153866,233.67501418836474,2.4528743206984287,52.60706216399452,10.18030038562692,50.04727021694608,102.25500284756961,231.58326185880418,-1.8752629989336405,52.34148875442571,8.599301831192346,50.01675565731761,102.26127074903476,228.14010403050986,4.1254838915345795,47.481171826579235,10.980861755535434,50.011826188846,91.9023973701276
230.4715803692708,-3.729632010267389,50.212991323615,8.43658407112149,50.0410218086618,99.9964422635562,229.5057336419523,-0.8864821186228213,50.29012167057678,14.035406299248447,49.93029264357506,107.28500301021796,230.8336469529203,-0.5760908478030347,47.063720165735816,10.297945294241394,49.92387055713792,103.66259414221543,230.40220834025962,-3.3499613260268823,43.98780297619783,10.556667344982497,50.008968100032455,102.429632215386,229.79300010040754,-7.889313794023512,48.94361736307104,10.544336574018857,49.98753291086006,100.75847351227048,226.69416554991298,4.258795376407548,50.4968174994015,10.366406778322576,49.98611511874511,105.9626672778417,227.1772378371525,-2.405563405370931,43.348739606796485,8.719649930138644,50.026162795564204,97.52434554057028,228.9142561409956,-1.947568699058553,46.27172586053928,9.812283299860482,50.07608475783531,105.79248703948905,231.5139983122227,-2.685782282553941,51.710724716103634,12.224663066459977,49.956363143931874,104.69053632885667
229.391691985868,-1.7930046412800407,48.087691339038535,11.62295278447085,49.98699856295386,98.36390534004548,226.90085859843632,0.33847209540420425,58.19446454162091,6.225489037143035,50.00752129311314,93.54098496192816,231.21735326831728,0.6282378181677435,51.999543468729726,10.483044958931327,50.02064072450984,98.24417626781678,228.44707059953973,-7.4275819443711635,53.09472765942027,6.464718523061931,50.024792374916835,104.70318682720787,230.79334794441303,-3.4176442239954126,52.64641591753865,10.311070411321802,50.029749683329094,96.59050139456987,231.0836264122504,3.516514844556692,42.22005819906355,9.927532077358014,49.98731263560002,102.8505696490322,231.7699481614146,11.389190064299264,56.62751901044635,7.712012478747617,49.9898223982844,96.38121076466362,226.59794301907772,-4.254802749510923,49.963729576303805,8.191003983027922,50.03868561793436,94.05912851913708,230.3361494285795,1.586232692716584,42.07204341885616,9.722939465662606,50.06164820909543,95.96765385334459
227.96718122959248,-1.5685252559500642,43.79029655201847,9.620809530711435,49.98721084064281,98.03769621486977,232.29108173113198,-3.115415479302122,56.57022702477841,10.727218705279778,49.97977015768391,89.3263207716704,228.78150831460712,3.6522085157813673,43.1214345655747,9.48025962984283,49.96786550244266,94.154923264549,228.77120028402734,3.174938708441557,50.74180178407281,10.728148962643626,50.00880732280819,94.09227761359855,234.5480558037047,1.7559812713854739,47.87825602747952,12.235584452728679,50.04891611757964,101.06950426280982,230.59162180513448,3.018284749639724,56.67902144368475,7.991749871787835,50.05234873532502,99.32240565036,231.99262689971613,-1.4835380246565926,58.92202061433104,8.992794384435884,49.93812982143806,98.88981477780499,229.4494288034758,-2.4328816631064667,49.20955242102679,9.516514241109128,49.99495568002562,96.89841897946643,227.2469510060304,0.48185982778619324,49.22389884792414,6.495725415977228,49.92463278143981,105.35273026542899
227.87407405404414,-2.680060829705335,47.035133642223094,8.23995585399118,50.034102912966006,99.75912210768183,228.84460777186513,-3.275492899582913,56.728642486788644,6.713443440136357,49.99075409754444,96.91617968856407,227.28918442860555,-0.11116186990666005,51.469022313812154,13.185899878740546,49.97629173030818,100.07094847401993,232.57999530847417,5.2674788574715645,44.73596723973736,7.177152110768144,49.94073701587552,103.21060940513824,227.39742106024588,-3.5722435867710836,52.33150948845308,9.882839715459735,50.11914513361274,99.58600768024833,226.0281463240101,3.0833157802224442,44.58982399252217,9.964015265573321,49.97209448375126,101.16820637621069,231.1782630020853,2.3156094540597523,51.19968117106136,12.443938765045054,49.999736668016794,101.05432318736285,227.46187645886937,-6.71188784514659,55.85587790040958,6.526345868504598,49.9395965733128,95.2611401915283,230.92551176066928,-0.4069982745037267,52.73226142573863,8.050394390699005,50.02551252001757,102.94323468950991
230.72852256335412,1.0866099284782857,44.36551802238307,11.177120771319919,49.98489102873624,108.24743870047989,230.40052987157205,-4.584627046212218,51.496571255594475,8.24203738485979,49.901288679151484,98.05232031118727,230.97220635349163,0.3108503113315755,49.59531270120183,9.868699888337085,49.999444844360085,98.96822054719682,225.0241958966454,3.0361584133017905,46.511019903537914,13.06638272479622,49.975371681110836,103.72536232461728,231.63174203038162,4.052130447838777,48.879570704868975,10.977746588232897,49.916941695592094,96.76452996073483,227.4986043996635,3.86074444566676,41.574472171616264,11.033356213690004,49.969069487157675,98.9231074870912,229.6032284687899,1.4138731401756466,44.773194471609614,14.761947491340209,49.93290369870219,107.34325878847278,229.55438364382542,-3.1393618148480815,57.37297367977473,11.298107219254538,50.00596156042564,100.75918931802157,231.0745281591038,-1.5785177482658446,47.838580701480126,9.947074598304138,49.94694937060137,93.35975340027554
232.4099619148817,5.1261582208881595,50.179771484554024,10.364493572896448,50.01955072024176,103.27918394605982,230.90000064815035,-0.7044398505975845,52.03233569367022,11.82413016645306,50.006660680182094,104.33786315674061,230.44923395810122,0.5669888221383228,57.967819928631634,8.551988934214702,49.919372424095386,110.0584078189238,230.01913463327674,-6.9748497514369205,49.01288965227164,10.806462634727797,50.01744829917133,104.6329767624078,228.0972005731309,-3.530220364466226,56.28203789462533,9.346705522322033,50.08682981202887,95.37161635597086,228.32929703924222,-2.109204295425431,54.26929569141957,4.26103663948249,49.96837303416025,99.12750614394838,232.3809000037769,7.758892902834535,39.16242653072132,11.263115002886666,50.08195010672737,100.49973518705457,229.33599660762502,0.026354012948487715,53.765688991417996,7.471459035354104,49.98144925261542,103.29351804554578,233.22811712823173,3.9897727001288446,45.015372809102075,10.366712880316042,49.997016778104175,100.65167399814041
228.75319873567935,-5.816224806480175,55.26734590839014,11.964258899389089,49.9779832316626,110.66695166341692,231.17447845093037,-6.751693158844368,50.91234510132524,11.817333785955052,50.07065284003447,94.61339802640846,235.2728218740899,-0.3571873250889143,49.59022182538894,8.97386179444064,49.946365155068555,98.10601671946864,230.64617004399855,5.155479052374297,50.70464619674472,11.547346553101363,49.91723653654537,97.71271919847385,229.42567243794636,-0.07724722589790485,53.48876580022992,10.63473543731616,50.02373535985667,95.3997848056134,229.31295568912876,0.19646722796796712,43.94803076541609,9.197526247077207,50.05552372532982,92.32890201829323,228.5682497357763,3.5901538561711455,55.334620521289075,11.431131740421325,49.931451812945134,97.72054811522992,232.48827796401957,-8.320486514660411,41.45728263160456,8.225882181598685,49.97949444963217,101.96379049681374,229.78869918749152,2.9424576255432666,49.65642539398354,6.917225034968762,50.037284671570156,98.66218662553577
229.6918959001388,5.569623522151625,51.42240890154224,11.069505671412015,50.07034362995713,103.7551207582106,231.5094739040879,-4.963134509148623,51.6745924725144,8.68895509267824,50.07772116760484,99.76507150446483,230.03600206862922,0.3618927575000279,45.64830659864055,9.319337741150882,50.02386969056957,103.0491169271247,229.4615376839771,1.6535031574594132,60.03155261089033,8.35468726099613,50.01525638708748,100.14872125514582,231.81984197984173,9.029822272604882,47.7436342267861,8.100664587471115,50.060657581091995,98.17116682672663,232.26754138485722,-1.3358366201582204,33.11010380162277,10.82715698121389,50.01719550362021,101.65311486269889,233.72452987743642,4.2853989935874015,51.751569177874956,8.232228652287072,49.9344595194959,102.06195582043074,228.32572268693306,2.9031782558496646,47.81532915956043,8.306312533490122,49.96428015000109,104.86829889194067,233.02369436568577,-2.0888189826664547,51.18309835801492,12.769944583261072,49.99258393240158,107.85050237408251
228.58663734080665,4.883360935259591,47.409393141658896,12.48388070902065,49.98891294724211,103.12178216174802,229.62779113806562,-0.25776727714658465,49.28937293629527,7.9751450385131015,49.97847744059727,103.7935278569314,229.82580517379824,9.50490583958729,54.80173649673328,10.96852688490929,49.96062783046855,104.61350694887116,229.77808735832096,7.137140758951847,51.14548569057134,8.895414410419537,50.02662573054905,105.68266779048793,230.5967038151442,2.490647615787812,47.27986490792878,9.104355109899426,49.967620465176616,102.65179128438464,232.80823191490452,-0.35510650923250153,43.6805980023038,10.139071611887502,50.006051965098926,99.18398664660268,226.7844994214629,3.8919209643028703,47.840516824391834,10.814888889702233,49.982691329531,96.87225027747526,230.82730714898167,-0.4477927661752981,44.29147939073772,8.59260766839851,49.9881899215898,95.21839092595526,232.02242776366253,7.88892215165411,52.73096766100831,9.222297408089869,49.96705671306989,97.42023493250424
230.1553338450569,-0.9565807910550507,49.94992617175109,11.48534150174167,50.04918090663477,103.67870395961604,228.82416924137053,-5.231306222829576,43.30095097588456,11.738932862022608,50.04332223416608,100.13112240807826,233.27912020205744,0.35758951877982414,55.41195874747895,12.106392299424112,49.99337588555163,105.14059881032072,229.9343213011604,0.9019344658857091,43.1896638333119,6.840126586970649,50.00491070946219,90.47684910710879,228.80112561634854,-5.094009220526391,45.45801131713675,5.53285615331134,49.96423994814348,105.49909979609126,227.968795588225,2.6912075273918106,47.6616423226952,7.557309549517824,50.06713585825735,97.09412681733212,225.42330722606783,9.650157776307116,51.68072552711297,10.919467829684185,49.98300504503416,96.74601374144001,229.48670648533687,9.78371245739895,42.47046913562771,10.088130820808118,50.015744973512895,103.8277257561589,233.43655652790224,1.560994639842721,44.68456485436398,12.583928049535436,49.97541030396491,107.62128963616081
231.424461340061,-7.558233360686353,42.91159326606338,10.313805463502458,49.97444101193256,97.32442166814027,231.80068656022993,-2.8859749029608954,50.389626778332094,14.8574991755431,50.03228158021297,98.72400872634174,230.83721226833842,4.994022322452293,50.937201064897096,10.265224408892562,49.99089826721425,99.24761296170261,228.10283720942883,5.64300787484882,49.441356998283005,9.473342952740346,49.959717962744534,101.39908998530412,232.6474151213806,-3.6643033991812874,44.199667525135325,10.733103047745624,49.9220521047995,102.13856810942048,230.84571338781964,4.289725893691795,49.36805411303958,8.955713702708428,49.84329283555213,101.82012521999066,231.73799035825107,-4.724210970852794,47.63584611834019,9.461825812788257,49.993832845694335,94.1516466425173,227.309810534866,1.4421738667663384,48.09235658656358,8.176661098422674,50.01599578301741,102.1633768128311,229.01219186602688,-2.7928439393269278,50.811175966107456,10.992030848276068,49.88463356803943,97.02474811984966
230.42659470424374,-11.790253912552869,55.41031043079268,8.716167857093122,49.9758816141483,107.41891682302474,232.95828340192963,4.595755471071263,44.15135171346678,12.990408350444483,50.05067466560535,95.6611448307335,230.28853138502333,8.640938877414,46.9663553609446,13.241699294139984,50.01356881358414,105.00170438113561,227.60035728361737,-3.718663535606392,48.29681031659624,7.184842825590446,50.03910433321723,107.45379373160195,227.3263331647328,3.6812934815660596,58.86512749664186,11.532064082207407,50.05451501952861,101.44881261362904,229.22120017207803,2.3135259609741143,55.57225214280092,10.217561835407974,49.97745587500999,107.1053779121886,231.87048886629978,-1.5984471213367435,54.68060302045508,12.072289748727284,50.026741384225346,97.78150911496097,227.5592649719416,2.7604746650981147,51.038008995651424,7.699644559005491,49.974456275136106,101.75820548343091,225.82606105342228,-3.164530362175739,45.70733540803088,12.344951360185117,50.0043798580879,92.43859916781179
228.58133606149283,-0.980140345972967,53.22719312751379,9.967890995797385,49.95708241205132,99.29634947102109,228.03413363926222,-0.0640161818814095,50.12455356580662,8.40771603453879,49.990619988599164,98.73036633826621,230.09595675186785,-5.2461363249921416,48.78750105122606,11.522433303008675,50.024941618773475,95.07834669242202,231.17109420938687,0.508753322131505,48.9885804584424,8.245977738149186,50.005985230810104,99.37771975074737,229.98915269025363,5.335124133079737,54.31625341549599,10.785999609925156,49.96104156540484,107.48143620619959,230.9742310557968,-7.277492884151914,49.78048947386343,12.898220645535075,49.910242603932915,96.66654003375078,229.24331744824295,3.0840690307516283,54.76793821777256,10.909323470695522,50.0280689951338,92.52641258780248,230.81321812991655,0.0041248108481551325,52.67541261155011,6.905671341481815,50.07669115663362,100.43670438322245,228.3059704756035,10.49521507657883,46.059984824554235,5.706531662886578,49.97297794871057,106.09503440726223
228.6925745529675,-0.7586764365611111,46.14108968996613,12.264340050700854,49.97246847197547,101.15540965214043,229.87430779091162,-3.008721221103394,43.420158163047475,12.679860535902087,49.93611456259575,99.53813602319937,226.28569158468224,0.9239858099120589,45.4226178642344,10.63539449135218,50.010922875175105,99.30415617640391,232.87089416201724,-8.217776478989466,52.33602044464326,12.070272451652443,49.943211118647305,104.50740532381252,233.20089432064677,-1.775748409556385,44.97208906383024,16.58681306768807,49.96206662219429,99.68535755724302,234.3949237280713,5.519191374278743,54.62250190442113,12.419541970559393,49.99554472307965,100.13863639800975,230.4255496198878,-0.27768378358962026,49.930534016950965,8.878657937929832,50.004133811166156,98.37527599400096,229.81496110544046,2.0398386389961436,53.60903067857012,10.71354342305816,49.97576036425441,106.13225688739307,229.21914622398458,-0.8248431389761628,49.50464051035253,11.348656368635595,50.06367643019573,101.13998308983327
230.93002396713203,-3.5106056098673646,49.990927894685974,8.887844767652274,50.151069055439606,104.22217977023087,227.63062585126477,-1.7279557969090762,48.850045534280106,9.751563213588359,50.01523334617021,108.13298706417733,229.55270516885727,3.976669722751192,57.50174598026061,10.891215921555336,49.95923006481795,97.21042026139291,228.66684903890638,-2.6627861566069075,50.16528172899175,12.576234577165835,49.95836872345722,106.15276147465292,231.12480555100296,10.932256381438103,52.65094976318132,11.37985712317112,49.96498754166085,97.90393656893534,229.76764582729717,5.672058160725876,50.83038699177402,11.740185025246657,49.940299334064754,101.40637268280982,229.92317436078145,3.969654287140182,48.02687763646854,9.803641734499985,49.97448632506802,99.35328435832012,232.5899290675003,-2.016892364175003,50.132590209955616,8.743653658915054,50.069123310236144,85.9509130139204,230.5936972767508,-11.074878966412623,39.22014099035721,8.995368574611234,49.95899239357499,89.01541944157827
228.0263639898078,4.217589993714986,32.77322770804507,10.383722031028721,50.01114710143108,95.39788014855857,227.80984863941507,-5.681984751207599,52.29902092853052,7.91029358898351,50.02483578745898,103.5267005387879,233.1764914758109,0.23330023078531784,45.12512732850981,11.082886613385902,49.99379198228065,95.1700148717543,228.15057690333822,-7.4761111371661055,42.03626272323991,8.862519974228611,49.96262695483646,108.42181195216236,232.27044665319772,4.1443156003256485,50.5522668460262,11.180253686254668,50.02328369833968,95.20888056025196,229.51928293624178,6.3082038072068345,42.45692777575361,8.307117701132704,49.98521830904827,105.15686615635268,228.69751091110706,2.6346316960384577,50.60925967879669,10.512435376361676,49.99691315988047,101.31249761011289,230.70758050899664,-6.518675731192877,49.2147158499186,10.544571046948414,49.94342240653477,101.36313445038103,229.92921158850532,-3.3275612058912096,55.97695398592991,7.533755263664777,49.86136204453151,100.68254941422528
230.41059449803583,-7.10181234921378,54.8909787403133,9.470858830820962,50.02022553929341,107.34226550336395,231.36907120540528,-3.1065023820549698,43.469813232404256,7.7528456806242465,50.03229708494983,99.28275260791364,230.82695805416347,0.1282522311987998,55.90460873728643,7.837806512922844,49.99216764133957,97.88186787545013,228.5088827201749,-5.586924289965863,52.66191408546902,13.391257360324753,49.970289864560634,98.29340430588047,228.31224142034006,-3.959227514162875,60.37316048041589,7.596760468027812,49.974939438981515,97.51785573875745,232.36124341602226,4.755782706823376,59.14334143269865,7.005658715966849,50.00989996983738,102.32974627080112,233.59603167254713,7.913355477856978,46.013819776921984,9.528813578897253,49.95794511304127,95.22003680339573,228.8244549465692,2.2219516712558143,48.14526562453075,8.243591860740043,49.968769370515105,98.91708943137489,232.6857379025259,-1.529139290743646,52.88350801432625,13.588986702551015,50.042795912557565,109.59844496373412
230.19766515136857,5.926756207682564,42.11094753245601,7.575813069918883,49.92586058789449,103.0970575997881,232.99199602161818,10.097704415652185,48.15889881377956,9.920564346120187,50.050868115547196,101.58636390163203,230.54850738235422,1.1706130800035905,54.60363920735136,9.574765360706513,50.00433199996159,101.15662163868888,232.211417412747,-0.8926089039054177,57.61829740047438,8.57596893610453,49.9602783462989,101.25419883067075,231.82847446287124,-1.972424591347055,54.13413276730323,13.601260094413522,50.018649200075586,92.59062138834042,224.7550285439921,3.9344028027040565,43.538393783037094,11.114530336366494,50.05733292278817,111.18308015787753,229.3865963678946,2.2788747505008216,42.655770379819245,8.081610320461873,50.02957820655011,104.07190815216151,227.82130722742144,-8.908716293372951,52.20825525090217,9.82883004405156,50.0448220980183,98.29260807924837,229.69605922975484,-5.39157582592213,48.76992582592688,8.55675304138796,50.01658958820076,99.78869180011654
229.90464773921585,1.0513796916472673,46.94494461019998,8.369431476591483,50.063651478857324,97.58610840659045,232.58896923601736,-4.51999868249964,55.735417846693736,11.221923245972647,49.99382076969791,102.43619114617346,231.06755770732295,2.39480754539223,48.20616627703162,11.514557044270331,50.008110368069474,105.3518073145416,230.2251866260714,4.721155319744378,47.752631426888165,9.724496130176945,50.044673241532614,94.25846863994089,230.440360769926,0.7680884214832937,49.96950287273046,9.82420244319735,49.95861849619212,102.61479340987646,228.05040871054655,10.546693409569434,55.89491738506597,10.680836402939528,49.987739042522435,96.23221419562365,229.13303942407344,-4.4740069657105925,53.41484569333386,10.276688614984119,50.02680634088892,92.47962535546752,234.90049658589385,1.6335139175970204,53.3902493628717,7.590825450913865,50.0375186907034,96.93591148327859,229.77937432080068,7.963586987123935,48.53174969726765,11.189724873349691,49.99187709948501,104.23276749149298
228.967042108777,-3.585951302502229,60.003788634934025,10.574921074269438,49.973729950531094,94.82237359101308,231.87027102610693,3.3252210139288625,54.13993580275549,10.022216510817984,49.99149265757384,102.87003647362297,231.1227482270371,2.410202153731587,47.743356950831156,9.180294696328719,49.98478481148875,90.34939189444044,231.1626018960377,-15.601974174765296,44.22481385220271,12.412054114160355,49.97106117224125,106.42615556494316,224.5032200763565,-1.747222368582189,48.99050058784824,12.627366268932285,49.86982348963949,102.75621793684896,230.20407831323524,8.496130208932584,45.97498491628535,9.039699926622964,50.03342354832123,94.15596840177885,231.78226743366028,-0.15901317440030155,51.7108398011982,13.002550217477822,49.967940135171844,99.65232618012001,228.9329679650976,6.927730563396496,52.01388679249226,11.929378422833116,49.99009081032852,105.93630859111663,230.4942276788255,0.7104319686631626,57.56619050592839,9.57319253473533,49.960982772941065,97.61015978938381
234.10043962758863,0.47515919760168496,53.364144054528104,10.51083187327503,49.92091981525168,94.78871018344377,227.4856861243424,8.687433441729809,53.52791514854664,8.861653144309907,49.948302824517775,92.68393354349249,228.05584924191137,7.6145931362101855,44.732035289096906,13.400675616521902,49.98928424946109,102.66483365833622,231.05526888809385,-1.3594612400386465,52.831903185616554,9.192286499251454,50.03178196962105,102.39685789440988,227.4366732819526,6.576236107420822,59.57776720273062,11.11549493899232,49.90034258878711,97.9881045185011,229.64267425551185,0.4251462394727928,47.35208247981037,8.502057945041496,50.04550054955562,99.19639566542962,229.88307937715803,2.655586606574552,50.867483859896794,9.76502738264025,49.9183738934845,85.42614617464804,228.8604900724888,-8.656592170176197,55.3205660127268,9.822840868974385,49.96902311395798,101.86749094889822,230.29822939933015,4.242087395690209,53.34616151699522,10.832491988990236,50.051135185774825,96.19714399022976
230.06248361523302,-2.8159009252765017,53.35835570604213,9.47584020375213,50.04496229574703,103.30623412170168,227.91705813558033,3.4757964054432238,52.95681447504363,10.092887493855374,49.97955838522397,95.37956737008122,231.21422239358165,-9.404337699823698,52.91303928010528,11.853227174855341,49.91796243091472,104.35130493861271,230.7375999663278,-4.1874343517712225,42.26710912594317,11.859112695627505,50.090255714301655,92.86797177464007,229.9278755944853,4.919452553920812,50.654432284065834,10.84987261813475,49.991461023862854,96.25059408784594,228.00201723026746,1.3284499165992238,51.78212766823062,8.609444011617303,49.98148786717024,106.82393907436385,229.22275191497172,1.0336808699973432,35.884630925058296,9.037367414658876,49.95729953730529,96.1252696407111,230.23142059329246,1.8689990544489612,51.55571808400076,10.266023197814025,49.96978449048451,103.6145627300962,228.2242539730432,-3.9237487359453525,38.3225796788836,8.93780561318987,50.053742363520534,100.0046049155841
231.01978039123637,1.4420235220124886,47.40690921734024,9.51115312860521,49.99356426727653,97.82407594208546,232.75195648561885,0.39610958004219166,49.57212865483406,13.559547275136303,50.01473523221246,106.19067349996511,230.77334487362012,-3.8779786917680985,49.35516334630044,7.921466159021994,49.96575669415916,103.3652981155695,227.29410938911997,-0.464338815095478,48.49417046115781,6.616459778758153,50.01290007875114,100.37369547251359,230.81699146075727,6.899071496809168,51.14894353424102,8.273268512814123,49.96206335174739,97.45202860845271,227.85238151174715,2.9680330933709387,52.546595382864886,10.108451964847262,50.006484472325965,104.14751389807728,231.42087278796663,1.7951628760711285,40.34042997752512,8.545826087783384,50.029500734981994,96.14775608006404,232.0834568392924,-11.847944969421015,56.14448661258425,11.047544491072745,50.03960562490433,97.46765786772744,234.58843042368426,-0.1468067309206164,45.520565125474164,11.058149795868013,50.087013061263875,99.05619357215764
232.31435768329663,-5.08529507282658,53.08563946986614,7.876697402991473,50.034908026539576,99.44877304986633,228.87137478791112,-1.4759494163801514,53.824040856209535,8.523879708840056,49.999213820452546,92.10510290048516,226.1918310091756,3.609026102458573,53.613719740208666,9.577815378436183,50.00111560483777,98.17606816026607,229.22321159369534,-5.002063793452704,51.036027877412806,8.729773266916007,49.938893235222324,103.78567073959138,227.63237107005523,2.0805426012611146,51.30121598725895,10.161867700568521,50.04622624469385,103.81380186146352,233.82137607988895,-7.829038942392329,44.58271651280685,8.42595683920559,49.97224940692833,98.49594362231198,228.0935753402029,-8.316060181129627,47.229371828774504,12.514163725261568,49.95096141916427,105.85065625312994,232.30423451867344,2.6046313021734715,52.05136814365939,12.29865748066877,50.04867501868263,95.72809055330674,230.40962675158144,3.943950532960275,55.79193149167982,8.005612728493746,49.976072654476994,107.83045019404635
230.93420338397,0.9191645761300228,43.00080331480263,11.166196344163886,50.077663976293,92.44168601157028,228.5343897973945,0.7760167937293907,54.50072692941461,6.579283897929436,49.953648242600444,92.3471278464868,231.99870946073577,1.0168642727275228,45.083630930908015,12.319150237113988,50.07763974936865,105.6504911878107,228.37876263793734,-7.38789753717662,48.264142002536424,11.441849174106876,50.075839211390715,104.8903063076204,231.7331857230246,-1.8158155307877955,46.14701460325002,3.6862612297493813,50.07134152061645,109.79439081405724,234.66577994984806,0.6175535079177951,52.303022969362985,12.039315126372614,50.03642704953048,98.27667431539334,225.84722860609958,-11.146137554213002,45.65675700038493,7.6385287023495385,50.01392515615226,97.35029661767041,231.10747430347834,-0.48544120652877354,52.74247034718378,12.33351219596102,49.93752121153336,95.60551184673658,232.06863352131722,0.878384322302038,46.54330544104022,11.175776643923307,50.042032492465005,106.21458006235825
232.02155609928374,2.0616515907295656,45.373975065511104,7.969122640025558,50.084666327494595,97.43350877133457,233.6007597077504,-7.704009886042389,50.49302527076817,12.515093546989663,49.96413586428724,90.95376463426543,228.33918953460997,-0.177999924313217,44.27123904042617,13.558229380429388,49.97291995115212,101.73073629738818,230.57864730817545,-2.956474250661105,52.82447702002884,12.004006693943346,50.07440530613923,103.87943349177847,226.80018797088863,3.3824119716286996,42.02938495900807,8.960270418221413,50.03714022739943,97.63936760344384,230.49567047138748,-3.5570782812597135,42.61084422490626,10.71715705394931,50.04413338037157,100.06555571193194,228.4689380820809,1.8001318130313824,46.279865865295704,11.43348303236881,49.999670749216385,97.08836537423623,231.9147873734246,-2.536683654973925,50.41551999275581,13.084747668365905,50.08378538064866,107.76127132238223,232.65688528282735,4.688348075766708,46.15972415368907,10.982604106268694,50.060488336959175,92.70023430117762
229.61767251483369,-2.3286444502005077,47.52336696997458,8.446452752532057,50.03703436715201,98.5412841291806,232.06421015494254,-2.0323500133867665,43.61302744257862,9.895976752069725,50.068791476484634,98.45640284006956,227.5093321013324,-8.101933788304367,49.75554323169697,9.864342671969883,50.00978515264349,93.26637841358288,230.88198824761562,5.560595453404014,51.212715628835944,7.757783373540511,50.011617746520805,100.13280460248615,230.56406815688698,5.142441902764529,46.749101507826744,12.530053164324535,49.99614921431008,108.57019353561626,227.7078584460159,3.5521385995660326,41.19145919652673,10.428238906308419,49.99876192710197,101.77216904671519,230.9912360924146,4.671492558450473,50.968570587611936,11.98433900464774,49.98285770190467,106.58089182186458,228.03387862425672,-7.8831970025638025,52.49955620840061,10.135172374695822,49.991581231115184,104.09988098512699,228.50527484629234,-0.5468113772336404,54.626681641546526,12.043125948596074,50.07358873437616,104.66724793242231
229.74483807037288,-5.046131017756225,46.21691850210468,9.454181514702887,50.03165202784374,101.5681582509526,232.88852147550205,0.8602778647250033,48.90421341731316,8.90860976068996,49.91237839609589,98.89279113009346,230.43015034739813,-5.082030212600301,43.067967870228756,12.471951964808916,49.96430932357942,105.21461202115626,230.6692478162264,3.828348472186041,46.39857825356476,11.104938607485257,49.98576396469046,102.92401232479136,231.50901599754016,8.15802243104251,38.848408514096754,9.182718380225461,49.967258720668234,94.24583998683927,232.71678444716295,-8.845401544872264,46.214094641274905,7.937950875503837,49.959208219746806,99.69585259453831,230.4374514395238,0.11960803593617862,54.3626715821677,9.947528962518492,50.00659775718101,98.60522032687172,230.9282454075737,-1.5499056930810817,49.21806046588108,9.076960717910453,49.90785246134685,94.72581393763241,226.08092584849254,2.6575439027584484,45.41620470195758,9.245120545392393,50.05727528395825,101.67928045326389
229.31996574005646,-3.240285349217873,49.5695585364073,8.672759939649072,50.06307839758313,102.18602905809115,228.48094917106914,-0.0177726526216663,53.828952673317474,5.593611419318127,50.023922637565676,98.45806026924541,230.1437350887288,-2.5216572019091705,57.39055382312966,10.121000359752173,50.06854529155667,93.10152625216014,228.42005208013342,1.626592133172462,42.877531768638505,12.417433068187144,50.006534534403585,97.0906210901807,226.89746994711248,-0.23117973421640262,45.198767477397915,7.854267558929326,50.01776477627591,100.80761901173535,228.82797844240446,1.910422368169982,51.05132867864513,9.641785972528094,50.02701443216204,105.17082220780338,231.83196817256166,0.1388288262688387,59.469675185914646,7.191672971274977,50.05712057250622,99.3108544309249,232.57310229767197,-4.8239608665527705,57.36134054593518,9.644051154962627,50.00581202886074,98.03030512837402,228.22161932780818,-2.08206460001314,50.27851914800261,10.763124688755978,50.08518387707007,101.44917113481822
230.879772268962,-7.362471551745466,52.14631733916406,10.93761302791644,49.987465272479064,101.35123444626633,228.81322101111394,-7.750073386500067,51.88628649740674,12.152328541817985,50.03690196499677,97.9897463272959,230.6941758604382,-4.230740086562113,52.138184503833365,10.9372723746762,49.95950306132426,98.85006382949742,232.48000996861222,1.3197914802508606,57.50282943757675,6.986789623077932,50.05516274229716,104.75815138182278,231.34579620899427,-2.421648855828792,42.526810589763,12.312015763969915,50.08927925504841,100.69794790422482,231.58796406798928,-0.7893290709577314,54.85354110101524,9.509656991528264,50.03733180629902,98.6122189353236,230.2891484742759,-5.337360748871893,42.795906578151325,9.744073569404515,50.00834070497531,99.601737805602,232.73457279821514,7.9466924141307205,49.13724983355815,10.445506571437967,49.95217374867351,97.35367307219073,225.9415743951682,-7.543877447250084,52.17178452326755,9.612909963715436,50.08999787114592,105.59468927937822
233.54990639285958,2.8980512462424683,43.03306147194045,10.370011538012362,49.97905893537438,99.726793469275,231.58138717989686,-8.458944115169933,44.64605955905033,10.97884406528025,49.96809765399694,101.73922751278064,229.6969005863375,2.524812994467853,45.7975474443608,11.624474998075943,50.024631717179844,95.32420684842536,231.0782068348826,1.689640519969779,52.77555159663594,10.285356654415525,49.93845042243465,97.48408722996253,231.514053569439,8.020562153383182,50.750380760402265,9.043737350189673,50.0254365540411,102.52680494882621,227.88341417084607,0.9650761639100135,58.59770636767195,9.365980057800234,49.991255645496246,100.52692629650055,230.33062789099367,-6.854482715294944,46.594253057268,10.105264234202123,49.95986053851529,97.58694446113262,230.6878019094596,4.374595927687583,52.74786630940701,11.850414515984957,49.92795257961899,99.1822591641875,228.56259101737342,0.06555704878703399,51.64931185823691,10.57998208412609,50.088909090307084,102.99406539041387
233.20476433940073,-1.9589208804261873,50.111565919351705,7.47107308727616,50.005030376729586,100.59587940397421,232.22698894326695,-2.3782733999213104,46.924567676463994,7.454146811540235,50.01064390765039,102.32281124255047,230.4448564650394,6.870899287229221,58.092129110398574,7.459449355279842,49.900718631032134,104.59426886257513,231.35659214853044,-12.274486249454545,47.41376399773828,8.903246640278741,49.99182958297383,100.24843749679928,231.05290653250623,-11.077658835569144,49.6886033987718,9.238422959021971,49.95679999857359,98.7715567544991,230.8244533451205,0.9339994723747941,41.29421708799751,9.981607683110092,50.1045485746034,100.82902910675065,228.522367901483,8.76481871874375,47.43221871203882,10.84288050605334,49.95794142843659,99.2750450103056,230.17208847973382,-4.768634808572883,41.77963283993161,10.687622717772054,50.058308348260695,97.33838029979086,230.9385259598316,-2.5481016082530115,61.05103503190594,10.323708268917418,49.89382118984451,98.62339116243754
230.31149925071725,-4.226352359347365,46.0780906188054,12.432643480138786,49.99063790192279,101.59843551476429,227.40696237029766,0.8034220061357988,42.29951063747591,10.144318856911575,49.86822401908063,104.84463932099385,230.26767038198656,6.453443904382516,59.33625501741264,11.779624830812581,50.07223328335215,100.53832291370479,230.13441366745545,1.8173612031704494,48.92444890379492,5.1579473073454185,50.01482281005647,101.35257788421232,232.8308815122658,-6.371121489205192,49.243025775906915,11.761288464550939,49.95619339153077,95.14430000737794,229.16782079600455,6.8396851974435,48.69641014931657,10.952179712389977,49.99158953937632,100.03267966711643,230.2026875707842,-6.9167877817427375,42.61983799700573,8.230468732144667,50.03007952521527,106.95363365198965,231.59880270937418,4.375571127984172,53.00358737127067,9.49083897134742,49.97825182576062,96.40978299376025,235.36411345251167,0.2869155353558301,54.811210645038,11.863480159726944,49.954656026507806,102.5140739329058
227.68472711070444,6.515007488697576,49.488237103533606,8.925538196799158,50.04853425412112,101.97063405778835,228.77180262884568,5.100384399789315,48.87590949443978,11.10803498025291,49.98022603757794,103.65690691141526,229.8279761733943,-5.368071854237923,44.139495482670135,9.90272118470959,49.97536837959186,107.10271329649115,232.6022623169162,6.489299598316409,44.376188685086184,9.039060461907678,49.98607453748241,101.67626228138715,228.72361785651637,-3.917531600157522,52.90567881982524,15.110440337585704,50.00225156751597,101.99397417032255,229.20729249558102,5.2098603758315445,49.9474263666466,6.866944401610371,49.98867109767871,95.14611083224041,229.90798862744668,-8.013141948057381,49.34292239326961,8.087016037270985,49.95860961665684,108.17531382082272,228.73365635698528,-6.845721938801006,46.43809448948322,6.989188420214741,50.08342417426562,106.98332269501405,230.95404306334638,2.7251763411472996,48.089408716584764,6.419826311482403,50.05352344688711,99.84252539035202
232.62023775425192,0.7747317309768869,53.101938555905974,8.389183351308358,50.04543527058461,91.65546547286358,230.36839090702375,10.018204766148614,52.18327392947367,10.600037716503984,50.073165352421995,101.57602635844243,229.13044079081314,-2.5838800849403905,60.830916176973844,9.775235832145961,50.03884229535291,92.40890161418655,232.09165075400443,-7.030980766082444,56.35396678409061,10.57163373471515,50.00621806631549,91.47183831053464,229.30640453008067,-0.05911582033383564,59.908300232620164,8.15651228656848,49.97566578535707,101.2853949555772,228.59964432186564,1.5986118935113525,54.042487140688955,14.198545704376599,49.97370304895904,102.67141572353044,229.6953727410161,-2.448689490922827,45.43748922915528,8.883634931878678,50.03655720807619,96.24502527403664,232.1540272890622,-0.8815698117477823,44.55304574378174,7.677609498710387,49.99156391857013,98.43776761322668,230.50569477687714,-5.1862241014156085,49.96014720838457,12.462666935607043,49.969259916219954,101.87343437403133
229.02268911459873,-1.3829204715947916,58.51705045652279,7.47679779296494,49.88399994089565,102.13942010764902,229.43789378837147,-0.12511373373276533,43.448896645225595,8.604545712009394,49.99219626268818,97.70584780890675,229.9492321544033,1.5378161191187627,46.55247792211024,9.202624487901097,50.048244383573405,103.04148504383812,232.15958004416095,5.547021911077765,53.58419697836924,12.416734115819589,50.005786365660434,107.7159429266291,232.13103703146513,2.4421436090561572,46.804690011294056,8.195241594605267,50.00647982754138,99.35342337895516,232.20897141287895,3.9658266568901808,52.69131096261741,7.3529333637019985,50.08267841493791,99.54572760114526,229.1407740099582,-4.181629825107588,42.85528928118301,10.4544330548831,49.98221058401964,89.87695204770695,225.69144704489065,5.964637565698821,51.9316549559047,9.088483160620624,49.965649928896994,100.98861408823478,227.04163876121495,-3.566106660586877,44.18723271074827,11.444752882388967,49.9871402908991,97.55044866075414
231.41826981651795,-0.051150237782094245,62.78413150921009,10.790962855671903,49.995215215058565,102.36858599160666,228.6435003593344,-0.5651435409526194,49.81823552916143,14.86955762797187,50.02269960869936,103.70522285977464,225.9782049810484,7.2002878241876855,45.003455515022836,10.448536278413835,50.06808394983227,111.79077537336933,231.4639620568262,-1.4046764492125996,47.10580843064298,10.335876594270824,49.9103305564521,104.9290249446691,227.48834279346678,-5.885456999780012,50.28707176866419,9.17347175260787,49.99227806459034,97.55117532208232,228.61219677784868,1.2601187039671868,43.51063905287947,12.644227028451487,50.05208523528613,98.98280125215508,231.95539885404787,-4.717804494420265,48.567427522034414,13.796807861000774,49.971769901055076,104.27302784143683,227.9947685645175,4.00951058691328,50.94698980113771,9.076931672753073,49.9715733318703,90.09579266932846,231.90687192135624,1.5323210999248067,57.68087068795172,13.566649755196543,50.03267697233199,103.6543307850287
230.63164025622854,-1.4434842439419981,47.79447958057858,8.969801578579961,49.94489464122015,101.5158527692636,231.12358561784762,0.8826185856908677,53.59178555219945,5.506421482092236,50.00107816939876,93.53819570426788,230.53463825071253,5.2104774364225275,51.06785760132858,10.808209852236017,50.04333234334203,97.04647559862784,226.05025534688454,4.516688227076634,55.72918792201121,8.109256450766182,50.057355352128326,101.80707677099524,230.53887507371712,-3.8625043254085716,47.458752225518715,10.781615327500651,49.97228784028601,96.87854333853198,230.43610842510535,-6.177363568354233,50.428176320606255,11.76882514037983,49.97498114983118,99.530308892572,227.15289881452273,0.3468967502527282,53.98981740622679,7.405889137270126,49.977642697210655,87.99919202972434,228.65435139321897,2.2490408710685763,50.98864011788427,8.002354378382845,49.96776939818663,100.33289640367778,232.19622711594542,-3.1990946799856967,48.41784753572163,11.138614940912618,50.0787973507607,98.02797469367215
228.36139552518668,9.757602857368195,56.986081811480574,12.773781404308696,50.02778145890287,104.82912666631228,228.59941315558703,-7.899319496645623,49.68014440601618,11.519013731643463,50.01059372215332,100.0117089936376,231.97319767099373,-6.257650558939042,48.5491852302369,6.262446444856228,49.96924774187937,100.89920919798554,231.1098765741472,-5.890308964054185,50.23311870285052,10.897974976829353,50.069179102048004,104.55963617699372,227.47465348742944,-2.7264547967628956,50.81553410300032,7.923669234417236,50.02579677374794,92.59438739116386,232.38327986563846,-2.5671054189317792,51.857836207364834,9.5491713646072,50.03758594768952,89.83656287512306,231.01564243229183,-3.427892190222312,47.23567711653075,11.781636055488203,49.983009569839,110.5518732749552,229.69750568732275,1.6608690265957091,44.68668135446665,11.19549267322178,49.97821847790214,100.03180490818346,229.51161543378797,-6.371979866006394,47.99250116902608,10.460470135829064,50.029137202085934,98.27034404376302
228.82847373302405,-3.046860992710932,51.06916979915304,6.214997053399179,50.047620404265814,100.09444756346487,230.6431297175599,9.331180248959074,43.200798993355484,5.829825346147563,49.87198185076448,95.25552441015147,231.35905966201156,4.199567608096672,53.11824063165284,6.86378693852662,50.0417827025043,99.35133389883916,228.0616102904927,7.041583394578247,56.09563043967988,6.315613185832633,50.036385677898544,105.32386077325813,229.99732833162227,0.8348872262061866,53.442857001063054,9.416484056068438,50.075088042759354,95.28376433067662,232.47993888049135,0.4728897506822463,45.20488311111283,14.71644892704174,49.93987663991412,96.46938863771402,233.32355058420993,-2.4158008604170558,51.28369508292918,13.180036803190053,49.90253592422064,94.28391990765168,228.6209012551516,0.6859781054966958,50.12973388262527,7.954616709326101,50.02076403487879,107.1453751791922,230.4221279553695,-2.8431600985178065,47.339665953440296,13.206798387302907,49.94642996386074,99.86184544892387
230.64571843641787,2.7517220599623182,59.09024673164521,8.847586965559309,49.993093761576965,97.43738241786149,229.331544499324,6.4377213966343465,46.42720538037479,7.956282432691102,49.99435882441111,105.28167828409379,229.49149367949968,0.41037854260984563,56.64168715830356,9.860984432561704,50.07219478239372,105.09232280731565,230.77184048859502,2.8663104415118723,56.70022853766006,10.649635429743414,49.96948274224415,104.69381457860914,230.16120183403754,-0.3198743022942829,43.73369279680794,14.130162430189856,49.94215530526084,101.02561872784261,230.56757473227992,4.757216453396639,54.95707643522816,12.649614188775534,50.06792482740351,98.56478516243006,227.9250568430532,9.342417055474467,55.64437568340573,11.951789803376446,50.00596278831716,107.63810213834998,229.88967003600752,-3.5596907573636627,51.27042457146201,12.51417059953007,49.92886341426893,102.40697599746541,228.349362219888,-1.2751205313836649,43.56921763966869,11.865120509226056,49.99355824616777,103.49103336208681
236.65660978787272,9.313661852786147,49.950750285552104,10.50890075095133,49.962621471677764,104.67042492681315,229.5069112610571,-1.359137054352898,45.852297366385706,7.785113923955343,50.07106331037887,95.56153009461534,229.40304293256693,1.3161553051515595,44.31226445701666,11.129049856960705,49.97246272400955,110.39553542273245,230.46546667229717,4.145698246524009,54.39154105704692,13.171742263038078,49.95188312457607,92.89207769501147,229.35597973787898,1.870545707282697,42.47850089131394,8.931894684960907,50.09448286551769,96.70322814928195,231.2102907344829,-3.4566732214676215,49.87388963145019,10.90295375899563,50.04825513127547,106.98712839148136,229.71015559159602,-2.733455342393728,54.82603610186382,6.3765208434437035,50.054850061325276,102.13924245168029,229.95298333382712,-3.6550211324151975,45.72582301073763,7.869572419360123,50.031029164910855,109.28030106692351,232.82954137618788,-2.527040826865607,48.02408620110409,6.531090460985655,49.973264548390574,100.19329028027776
227.2407243932536,-2.4196022540450173,48.80837355336105,9.103334814844898,50.06867411526912,101.04961646320243,230.98380789367337,8.718568198299643,54.291194370393185,12.110981019863223,49.9915327092683,97.71701852394338,230.41967523985167,-0.1666600170314147,54.53040018252955,10.414219104812709,50.07231842018888,94.16297282142314,230.5655994154165,7.032383790183877,51.741510394883555,6.258825512773755,50.05418884477271,96.49241791402414,231.4804847294975,-1.604048691649759,51.021174617088825,9.038811324069327,50.091809504144464,104.08412728451088,229.4993408385714,0.43702985035210523,49.1233310609018,13.099403933549723,50.00768078781143,98.81603055313201,227.85537983370213,-0.16894225635957233,47.83343891933136,12.794414186220981,50.06038636789865,103.74176729020252,229.7034842863434,1.6790234673089102,47.546818137849186,8.08871332833779,49.952112222805845,101.8041226086798,228.83275378123568,-6.4915730098790005,49.6477624367332,8.944462539678131,49.96079064487168,100.93422396451211
235.1402068533639,4.155568791695973,52.54025161798583,9.105716659180715,49.94353022066301,105.52986914156504,230.83476089079673,-8.260077312563656,50.87064123238714,11.884308931964817,49.96696825241931,91.53630628402829,230.9182064784108,-2.2507699774571237,56.10065617547223,9.89682610040617,50.03952468941046,104.66525726977837,229.9368116062207,1.2385406355285256,54.524503487566065,9.657199687323931,49.9984557019652,105.84330481745947,230.3417496327215,-4.889711936770496,52.29137556269125,11.698962743619086,50.023182132532035,96.82024853264723,225.112370165704,-3.2670745283811513,51.15033683317658,9.070706459143327,49.9738560017187,98.81131927190916,228.34586098113647,18.291228127289653,53.49888622107074,6.36590376234617,49.96365013463778,96.25868346066332,232.16867176103136,5.60150690639846,44.726073013094215,9.206078977942326,50.05067012575874,108.21618086316235,227.7955805526594,1.121556926258194,48.68794245399212,11.433762585631532,50.016974734603565,92.90168304189169
230.3863413828631,2.6214029331796747,51.26813824248629,12.550960202454922,49.95897102215495,94.28665722975677,229.5873559859537,1.0283921161363339,60.80946484132113,11.655463510537032,49.9836901130391,108.76242749691053,232.33354940377245,-7.468441448997774,51.58668422201999,8.491719324039256,49.859956864801966,104.18065198053509,233.33859720472125,-3.637740711302466,54.05339292453407,8.348612425010106,50.08685868914479,104.85629889727467,232.8236372918661,-3.1333415334253627,47.09218867588033,9.197139494660206,49.915061598804826,93.89495969469779,230.241284323798,-4.594439292780888,52.1032334423185,10.239918880822469,49.96517989025483,93.94279741030567,233.24360994319647,-4.044196438592498,46.06026451516659,12.675825876510848,49.91339894777041,106.30046069571482,230.71678432034616,1.4084195610546542,59.41386956963976,6.359872179425755,50.009946176151615,104.75855401479085,228.86249429048283,-0.6410373105238072,47.10550793418656,8.142814051584184,49.98240926526689,98.67927104561304
232.67483079443625,0.8842424333989468,54.90330905009058,13.519157328232122,50.01466726587867,105.61049987432206,229.49068084697788,3.90196892852934,45.891554621132705,9.605787806040418,50.03184472612939,91.25005295706521,232.3933906121262,8.266788861220528,45.399817356252896,11.186337291376862,50.01621434894514,101.91679052945734,229.48928543111214,2.510902275259536,46.0931274770083,12.407375123758541,49.969586254935145,105.83175405436128,231.18170120751864,-3.35204275153969,45.03726126272959,11.882738938191855,49.989821438559424,103.76697380840241,231.9795579553237,0.24384615358228456,50.64642282684007,13.122742339002414,49.932740117797245,98.76608917186122,233.68322441686837,-1.2406993485203859,46.102447571108954,7.679773859118324,50.091188422097275,104.06223034305017,231.36410868992942,3.2347819625911822,51.33219311696632,9.222612117129037,50.10398074612818,100.82795825478621,229.2600158413835,0.846983487715484,45.94044715932854,9.251341912532261,50.024348333124216,99.60745722961163
230.98947211282112,-2.2443016067789188,52.374342270835825,12.259681747019068,50.04239697916311,99.58548548863963,234.28766080277381,-0.4009548053751049,45.2482657731083,11.279549278631446,49.974600906948936,100.98021805619665,230.43703313562258,-7.615764032981645,57.85569407891922,10.977966131137286,49.94919064102028,101.35868933505402,234.54879413549756,1.9487980670973446,47.2524824354033,12.983500662992508,50.050331297675356,90.60266460626829,228.66808069339538,6.5071415326674975,50.128105971807535,9.833549036673086,49.99605537804316,93.96477953270647,232.74859564533884,7.347026894581834,47.22057638771955,12.827341258826694,50.001910017126306,103.192601881856,228.68829723085125,-4.405439049328244,45.38118342404715,9.614212526258969,50.08489555095597,102.89965084829556,231.94903608734043,1.6248870088995728,59.82812694579666,8.31201957032566,50.0439644126323,110.47024810659315,228.3177550196221,0.42867174829350513,41.56615609568311,10.722091287328347,50.096267799814974,102.47285188846129
229.1599002629913,4.1908521691913405,51.32055222972749,9.55517213157115,50.11009431752404,105.79317166219235,229.05488310700653,-2.4310392550180584,55.137665322228585,9.229583282534634,50.000175002587774,96.57388657850053,231.46446253482858,2.5433620153931575,56.34635615320295,12.097252638213956,49.98443205260544,97.98701511246449,227.82967988700395,2.611503323387054,59.8765692326422,10.666116645617732,50.02782946831785,102.51817087212522,228.37755138543704,8.440194928939535,46.15965736329068,11.216592150932836,50.08326000828524,95.33871735864324,234.22996369273667,-0.9001009753604917,46.797979310709785,13.14970509528819,50.00845012742938,107.85699078903849,230.7085181853033,1.8491237316637728,40.94495450964848,13.412258151003462,50.00749452534743,105.23829802051968,231.11744709362014,-3.9837012896242197,55.422427197181804,12.004301793395925,50.054122616223715,94.8148750737111,229.17017324390704,2.943615645246272,53.10968198045769,11.144680797006666,49.9334148063226,98.13183771998871
229.96650042952572,3.785443369050641,47.773767313369575,12.522401799718237,49.93424870703407,95.98717501393644,230.98618098946798,-5.856937441341935,42.580416612730986,8.461857893618351,49.99462751997122,99.27327201767444,228.7598163550719,7.862329343447259,48.72343434301026,11.905196209202465,49.99642446400958,111.16967976072493,230.26756596547818,-2.6165898646606713,50.69728914064508,13.765446746415966,50.00924833791953,104.3027131010948,229.63591116908367,8.428967578869248,48.30622538908906,9.678839516538025,50.018549930810785,106.39491452244697,230.02394104904815,1.9379908747574595,52.135446203544994,9.27854239309159,49.93543486147228,100.10143544653373,230.88575140717418,-3.339568096250869,54.9836846121499,13.642330247870733,49.863563114251725,102.96076931490495,228.62982078037814,0.5868066082279972,47.21222582143903,7.976416847132439,50.056626498236696,94.43833677941868,231.19133893634356,-5.527708793268933,46.532523504082945,9.658715562540316,50.01600219043866,87.84106841580903
230.49183763884432,5.872393874401528,55.64855758048731,11.7882001699626,50.127872006997286,97.47440847716238,227.3314458167369,-6.181815245405932,45.94228100907817,10.311001451579742,50.02632444660727,99.76824837481193,227.98505718657137,2.368394775074442,42.7871603289736,11.625273410434888,50.00301371591115,111.38023967569674,229.40912582664166,4.178090939622598,51.25137886022969,8.754169026034294,50.00796182650245,101.64916226099766,231.9148139007553,-0.34531803949898066,54.081900596285976,7.422676714696938,49.99693888805686,99.54886447579474,227.97869178529862,3.1712669902044617,52.34827724170937,8.61150348259681,50.069890005964155,106.77996477844755,230.06460640503477,1.4970391682849935,52.884395929836344,10.178136199206735,49.97597952456821,106.47264560368384,231.31773175308453,0.9638812855961616,44.192611119746864,6.747868983473005,49.92392531195236,91.97853089934826,228.89801060655253,-8.375664786969264,54.04597437504523,7.83490965791066,49.96622881707204,92.53678893680777
228.7916780542238,-3.8087956276829353,50.25550890169481,9.051794621066755,49.97446979662574,98.03126459158821,231.3481012804852,15.558647480058188,45.94001641761438,7.846662696695983,49.99693577857094,97.59915783517667,228.31837873110157,-7.7026004225248155,48.4019922435097,10.049423017009744,50.00525054508116,100.07111984945301,229.6511430141748,4.418745001139735,41.13878235886615,11.843230839314202,50.03074939065929,100.77877636709742,231.18288146390915,4.439843021553976,57.9555491203865,11.8151405558515,50.12847566756837,98.65956238003932,229.5330380073139,-5.341717070029054,48.805969112986475,7.402689855958274,50.0512024058985,94.55925672014406,226.9475368359029,-2.104063719926033,43.40952380944742,8.107543578917454,50.082561061065235,113.38112074340498,231.51301810432423,-8.898994109148626,50.03629989745549,7.822283250801252,50.02794413786412,101.32245232199206,234.44558379589222,1.726027799776565,44.49503475509081,9.396846399280903,50.000619976200745,97.60758243052877
230.995240490186,-5.021843350559939,41.672419321386144,11.308427887382793,49.90967225103049,99.59437546758232,228.80390436409348,-3.584066717515051,49.042751140052324,10.754091412696692,50.032387865245425,91.86176337575704,231.59515906131838,-1.2598366890139077,56.474839978684486,9.01164243642042,49.973083481880685,107.265058259165,228.31650499134207,3.03160149021624,53.800213087756966,7.886066283885766,50.063649262949156,104.4268642203929,231.91759428911968,-6.329466972166637,47.46739572267499,9.359005442829421,50.021778647310384,99.56687607053382,230.28287948482281,3.964578133581483,49.041167276499436,9.110277337002408,49.957707989949604,90.16095985510889,230.59017178822373,-2.369409366184426,42.539470164996814,7.13359710474006,49.90302993585683,102.97985423596491,228.84477408514488,-6.789100195789619,51.889519016071354,8.223230498916053,49.99197146092194,102.38361499956065,234.99650728516477,-4.944513677876021,59.58465648719809,5.133408139701884,50.07059153297821,103.64959030279017
227.55812207439186,-4.523007256099375,44.55130644875171,8.833827511747252,50.00160970879472,106.90160458928192,228.34418922938931,-7.607898042638351,54.72465371173311,10.51197301952233,49.935315126151764,105.41495271757464,229.44933451890353,1.5465771867029265,48.27349423069868,11.722603506168085,50.02605932155041,105.92491639169845,229.40105038351444,0.9317807302575383,56.25419577894567,7.915576996891248,49.938394428198045,101.52393154924304,231.82831783437786,0.6989816748477446,42.24454584808741,9.637050436832507,49.92144914242793,96.94127012736524,230.80698494589024,1.2384123254990895,40.63168447648261,10.83004820550834,49.98264088001125,102.31437823406435,229.46275203491942,-6.201804207438363,56.77909753959655,11.23502073711745,50.01362121070063,98.97659668830178,230.04162349506274,6.3019722993047536,50.72501949361741,8.851786689971245,49.97033279977232,100.25726712205602,229.6314879811725,-3.6243090120674375,49.91036425075472,7.748504156336903,49.92266375493225,99.74120721596934
231.93073064666345,1.08722192728911,46.046435080819855,11.990212192593802,49.985145204078485,101.50519013701071,231.41475003223204,-0.9969261383809489,40.73352630405226,10.843356343864425,49.94827908252643,98.08948908419715,231.79916944554867,-1.2084246783719463,50.17589667995096,13.000571900908298,49.95638425278676,103.4437013071149,232.56048147232653,3.1525879653243076,53.44781262739314,11.859495580561937,50.01026896918203,95.88522938440802,229.7207934917801,-1.884604171422144,42.319362397822346,6.138588892292549,49.93260431592161,93.81108965236496,227.78687772615078,4.673768038850184,49.234390414690864,11.75735235940944,49.98451731054635,87.11213354298863,228.99149397143785,-3.867385265952673,58.31819456149314,7.379410135940557,50.02059435611703,100.74526925751356,225.27415059463752,-3.1797663050596285,53.87301816322832,8.929734237041364,50.00767958733164,107.34573475270962,230.94553669725386,-6.499046808741688,51.4607753534215,8.598729356264743,50.00431253679835,100.16016085785212
228.67870896019812,-8.786126925622556,48.392367447171736,10.053918775456543,49.97092308827237,104.77539187240161,232.38714828594237,-2.7804775072004584,43.32003169998307,7.2041258526771,50.04949119088766,109.88193369736103,230.98672153121706,5.457341808164225,56.90962906941331,9.811901568747963,49.957038000361436,96.47873555900067,226.902149221087,4.776367699072043,46.36100720536942,12.646578602718924,50.049906182992125,103.39858625810233,232.2599220291843,0.6293836302680169,46.65102182870104,13.329492451981677,50.06301238463762,94.29838703205455,230.07437984922285,-2.3880466509463325,49.9914866784892,8.89586001790479,49.990806739345814,97.94269866054874,231.34504604637382,0.466530706087569,46.35776902615792,9.689272192840026,50.09191905289282,100.02664253737649,230.10423828703662,11.977287091089288,45.14767923116136,8.016815218243988,49.9481294425607,102.76214411883228,230.02434594328886,-2.5554210669577055,45.045080882225754,10.542680611707539,50.03397208873317,100.62304616637299
226.2784578378752,2.987914585340315,53.320902277921256,15.13680182319668,50.03208373821707,105.82959753990148,227.59359580945977,-2.6355820156973495,49.57111476763573,13.71570943845512,49.9304887492986,97.71619907822561,227.8756301529016,-4.517458162740179,50.92412075370682,8.53874534179086,50.00148088960452,103.89948774170868,230.85971821509267,0.046976904330491696,43.424316939061384,9.807306059451816,50.019600195940995,100.91774378213688,230.7862356205883,9.706705969447638,51.54813563282436,8.822883158732475,49.93361197927623,105.91409787438313,227.9380688725032,-9.941167620427331,47.07994993023384,9.712256923202846,50.05556354120252,95.73360396173427,227.78517872271533,2.362075216267112,45.39693562960235,10.750754140373852,49.9301822574245,103.9883969584494,228.06479223896824,-5.859555598866802,47.191381451163146,8.205352279067576,49.926332957163176,103.04727093590405,231.03779892804832,-9.454825883659248,48.70409742059952,10.488609448192847,49.97723344254102,97.62260526036135
229.75014383740105,2.548633858470665,49.46823820953466,7.61392741291071,49.99013222720768,98.1945451885983,234.0448412990437,11.925696116177733,52.41751222984337,10.488363168455036,49.998349555932,103.50444806507677,233.43537207616978,0.810830088095553,47.545549996022565,7.661227730733079,50.01589163529499,104.47878234219628,229.57165449714654,0.30570737380524415,43.391245315132124,6.8612343384306005,50.008805434445726,103.23796149032228,230.05025615646812,4.350642662951442,53.69557515085238,10.810508681871628,50.019965315853106,93.4835316107944,228.60550721338825,-1.3792819422546736,49.46789872681718,10.102911732363465,50.04607065144996,95.52559755424967,230.83606004330838,3.6523246779457743,53.40476374975183,13.527709272887563,50.055057296781726,97.77014731600644,228.0916121123192,6.460072201951627,45.022430931107834,10.867615508546907,50.00390690903034,102.97967972383216,229.20677842904405,2.5223846547672597,43.94938954981434,7.273844627711213,49.99150641947777,96.88308948675784
228.37155103388073,-0.09455046017265441,50.91295640218157,14.40164704966171,50.00548345679134,101.67975921339016,231.6902703590413,-1.6210981749242883,48.263103436435216,6.471283638982116,49.966641347874926,94.03052254279655,234.02508160754692,-0.6975745489564676,49.408565999553865,8.636009050678199,49.96326507056898,107.20748536325826,229.4900997619592,-0.7712099405407367,43.37559993583104,8.985622207878313,50.05932700230031,102.12186858640905,230.04780634524334,-2.3010695923400877,51.382744480918774,11.32373959424072,50.00352063741435,91.41619563372332,231.18203559057966,3.4186639488807833,52.46481687739535,11.43201276816244,50.04869426158827,93.19653048143005,230.31741615124147,0.0026633673589329704,53.215055666354715,7.737916922668747,50.001801675924035,102.8748718999881,232.22622487263843,4.973394139492141,46.98577536550693,11.742268898168334,50.00436752609004,93.81602227563975,235.34528910128233,-2.504221149471882,47.20527367943564,10.455217483251952,50.018120246939304,99.56250393964676
227.51083939676022,4.350061402719357,48.87213153717446,9.176078851133925,49.97452836398661,102.99137631489224,234.15727707031374,10.012900539860343,41.33028703182218,5.7897902201213585,49.96574818112185,92.2112049613781,230.12252238450492,0.6912539339519861,39.821373699446056,8.922372873269024,49.95409993472542,91.52958510132108,228.51446168148797,5.033048923247713,55.677171039060575,8.215042886089469,49.93277927580586,98.34279057783169,228.33277970264643,-0.24529514206077577,50.76104050170033,13.063646508225522,49.99722105276818,98.20890081073294,231.83932667235933,9.637739603506999,53.94103229548256,10.39490591671713,50.07076654312554,103.35732608431562,233.38870811356108,3.6838597220154305,55.6315436042333,8.441117511445796,49.95277358022003,103.12740322430687,229.91307648625818,2.531691339310696,45.286420138788664,8.005292996815621,50.02808429111667,98.91874277794878,227.5399447664613,4.698584823420691,50.14371796187709,10.205266462384499,50.08275355609323,93.77944723878328
229.49607605341598,-0.7135829034632425,53.640845253023194,9.603011230623318,49.96193571547709,95.5033278178282,229.2367774503709,5.439654424609092,49.29601821073762,10.55079022877386,50.0207631613596,99.83121259448475,229.93703679108168,3.1964180392183423,49.85954647020694,9.164648826199686,50.078293622613224,99.92399587911626,229.9232569900175,-3.5793595154572655,57.17461839850351,9.788761086987932,49.96836367927086,104.55394023406713,229.91380666352384,1.457212844956225,51.844368160610735,12.858458058074412,50.00988280404227,102.5992550023067,236.20306140442813,-0.6396886457469746,48.54372053483711,9.703666081864965,49.997393048209425,94.42644254283998,229.60755358285508,-2.7900058761026267,52.211882301556095,8.8822897267952,49.9592775760885,97.16345483523905,232.4286914322299,5.555610849969781,43.66498979251355,8.918929450162011,49.99219944854078,94.70855533424454,228.40516051069184,6.193869379826263,55.767846281366516,9.384475703633207,50.01059014324697,94.74051600393038
229.83539980235378,3.506568906801561,47.726107096621426,8.777655128502856,49.990209900813475,93.46538286258976,233.20780908512342,2.375412945714612,46.55335155968027,6.749709045941765,50.03998903780261,103.9926424258589,231.38498942247145,-3.4996560875348415,50.86705350386997,6.912325218692106,49.94213993807833,92.69818831342239,227.37325488071826,4.796661932455518,46.073755536642246,11.555052756975906,50.015551638391656,98.36306801340947,228.24374260805965,1.2854046112473982,50.49540293280575,12.73886374548203,50.067248396117655,104.33171286309714,231.43394616336985,4.327852663357063,48.928264783065,6.946676803888487,49.97451722692464,99.18524290738476,227.71931477528025,-1.064200894914756,53.39240217919673,12.377740856418699,50.040825836690985,102.93789345984113,230.0876609385007,2.6221685251887665,49.275351101065745,8.323231561861757,50.02879000688353,100.76948342974705,231.39135550324937,0.4685396481172397,52.95355047821135,11.10654399172305,50.01650227719243,101.69714861564208
232.51432634954895,5.628477250677201,37.62748621652811,8.992681615258956,49.98080585525953,106.89372911465965,229.49556619321066,-1.5127598710231116,40.44208905564193,11.397035846428809,50.02181637761855,95.39966966538793,233.77776090325548,0.0091869050655708,41.487888406739316,9.998010715173757,49.97034612249584,103.03892830755332,227.52513352452547,1.71252828166359,43.697053422751495,7.995373902425781,50.01112614514155,94.872428907438,229.664183402245,-4.451912115475272,52.70533120339839,10.05557298220328,50.02755372160501,102.2769524150521,231.40715033694437,4.155699093301552,42.986408251330474,9.239768840354149,49.97457562789922,105.09803473695285,226.52335935887933,2.5263732800533925,53.880062349673146,7.735630123688641,49.962359732669945,103.0035781559875,227.80671794065248,-1.8514014318577232,47.42203404549928,10.157058387155047,50.071425392971186,96.83765804844049,227.78596639160963,-4.707849790898385,57.0830135985626,8.01309370668704,49.954171178862524,93.7620014215851
227.88259413565223,0.22533194795229172,52.80397419871649,10.286766284937757,49.98282760575035,92.15687511169345,229.9445946332133,1.0640112289954087,55.22456419654996,9.855398994788187,49.995319901475504,99.9813885914423,230.92766019198433,-2.174378085558539,58.14939880532398,10.617500033483164,49.959653265585715,99.47455194780031,230.41675404250245,5.24452728321025,55.9823499866982,12.324517736449339,50.05464192696919,103.27706080277684,230.7126509666219,6.303726144010959,61.43905142894563,10.203826389086425,49.996771643837384,102.0967510257771,231.43915640998588,-7.074424856695678,54.65658256204248,8.114285389711021,50.120439987606446,99.75237660224475,231.93067979615415,-1.5630724278198425,52.44287442002817,8.819014596193961,50.051779249522724,93.82332671356782,232.81941996506868,1.5108463630800677,55.501438073156564,10.150943854667805,50.014942821157064,107.13583362081964,231.47112134237025,-6.083878382052765,52.83533083577296,10.899432161131983,50.03088631891556,97.81387623327467
233.31330617144295,-3.3899605420117873,47.42162790970667,15.186034674033209,49.9926278999784,104.53831165383534,230.6308200845362,-3.5221278646740313,53.9191363838346,13.57436960187303,50.049164748451126,99.77880025354635,230.68731707608057,-1.4298472877535484,49.57609296314975,8.968454784980192,50.01317315557538,103.33291033721088,229.89934699703798,-1.7411957370360582,39.93684290209717,11.820597685720337,49.885236182509416,100.25408643430399,227.52171060289905,-2.069873682314165,48.089404587303875,6.6938114162411235,50.021489747686395,90.93453842255693,228.32861847772418,2.8046239565922324,53.179368809854445,10.315109885769287,50.00815608188043,104.87665936567406,228.29428926598104,6.77088028029902,43.51750670490636,12.989356482590573,50.02235740316361,93.96187410548768,227.7087225753643,-0.962252698341855,48.19308699595318,10.120237148338328,50.11861250941235,100.58411404622271,231.02746426313013,0.08621720663325166,53.622599587407045,7.934272512299956,49.96616010840721,98.25001173330156
227.4437705552649,3.74895292204667,42.591600291624374,9.079314164200998,49.952509742575096,96.18400410528685,233.62842870819117,2.3084479418706643,47.62583730636622,8.990703715384058,50.06279712817544,103.77986321747915,224.03521269959163,4.196352201372113,41.51378316372241,9.312952400051959,49.99468812598001,104.83691783219868,233.4052366755714,-3.4345103632535117,51.75946764292171,11.640973222857024,50.03507130157768,100.90654080208374,232.20460560145574,-5.619682929276478,49.37536813573295,10.321326391462446,50.016983064735,93.60267037728875,225.46848831590435,0.3862881291746386,48.89961045007897,10.925999168062075,49.95591294592316,92.4900840470627,231.55392790480295,-0.6628555655024454,47.45874692104421,9.64464786180556,49.98926735939622,105.08033505629173,229.84242834746877,2.2812881953797377,53.232766411544624,8.344268235607538,49.991029973181945,88.9743667066546,230.21092127431407,3.3688057605046486,51.99203397876214,9.184328264303183,49.997134569149026,101.00405660670286
231.59853397382824,1.7040277220029583,44.25939195640071,8.218339552206697,50.01811333265521,93.68300494678788,229.59929243236954,-8.06715764588697,61.923551884925146,8.075405084285695,49.94102453398023,101.97717996243409,226.651658489554,2.123980759965256,44.48368120828661,11.193522300844364,49.98177072206292,97.36279494621526,228.04993225199493,-2.573025817588315,50.13806188290548,10.96702511790981,49.98285564940346,97.28921801953967,234.1205627825403,-0.8044737008166949,56.923627106128265,11.278336553438168,50.047392326269076,100.24913029655843,226.2302799317635,-5.339090303789788,51.024151863860666,9.88269164876355,49.91227865829011,100.26841912460958,230.9896610146557,-9.054451399469233,47.318777264311116,10.677909836932326,50.003399252292354,106.6079471076805,226.55888130545523,3.0070088428909187,52.128251569146286,10.876700947439662,49.92598247040112,97.88293564880642,228.50451935929863,-5.2782390632125855,48.449494059594414,11.685639077669325,50.06993111368466,102.61216898529237
231.39864927072782,-0.7531630550385233,49.8769756508086,9.879890973837231,49.98986199072261,95.01120774258635,228.83136783107793,-2.4453676437971623,40.720053352580564,11.69666175149868,49.97005273941342,95.63507316493835,233.41053520257466,1.2115993739270563,47.11879557078008,8.912798417865247,50.036200736254294,98.71047277118763,230.38503029020902,-10.43509418529629,52.8358180817001,11.28089038156054,49.96776347022706,97.32264165121539,228.67761992982724,0.4471273082551426,53.49649571742163,10.459819931214337,49.99120552792138,105.34260003682513,227.56520066118972,-1.1696995307121443,49.04346261470936,9.07921395174015,50.066754722811204,93.58917947085189,230.47719794918223,4.38087040580112,45.080723196384085,10.702766337850118,50.09437585578272,103.54882867508712,230.73584229037334,-0.19513212051945955,51.23198203460238,11.072157598498904,49.95469659218883,99.75509227519157,230.86423297948693,4.819355894985591,50.39297718172236,11.160605610454377,49.89355199951551,92.99148155549432
232.18078356121487,2.539850721824097,49.93579523725602,11.858970969020286,50.0333367271262,106.3237527647398,228.60964722418296,-1.0604118280191364,47.29445037520552,8.375592225704697,50.06457457709519,102.45546637111411,229.08800473450773,-6.290243842545024,39.66650460041489,7.590221092190228,49.987059215932526,96.9139864429213,230.84703883533837,-2.305740575221094,51.377498832840864,12.940860091756125,49.98187044596145,103.52776119117947,231.79430165866094,-3.8518985075200938,52.14659508426362,8.32097638646261,50.06769788593064,98.78804073442934,232.1515759154498,-2.931309837667604,46.608010923992445,9.558408508970889,49.9708716347448,103.17006636888352,230.5089203217067,0.6668023659376408,43.96017337835585,11.498529163844756,49.98714139080557,105.77908657685765,231.5326510904244,-7.461545642812384,53.02494232488581,7.875310707468637,50.08550093383738,102.70435912678852,229.7218410719134,2.8026655782687655,39.535635832815466,10.034914058099218,49.966085232570855,106.46836024542372
231.8371374364611,-2.242238092107388,52.26921267758164,12.420081141502518,49.99231291873748,90.94308144503717,230.85834902117892,3.848180549930729,52.94288358718478,11.983548465306123,49.96969869364009,101.72084578207868,230.79295307386207,-4.991546740158302,42.092630146763526,9.060211472261024,49.955041760648406,105.56088246026522,230.10009963776122,4.702514146025033,50.90571617111696,13.161263201710213,49.99736094731912,100.41503788007485,228.29451451760005,-2.4662932838989367,47.064906377166366,12.147943584601343,50.07198026204232,93.86339899151723,228.5542572638879,-0.6153666955212512,54.40245205589596,10.387871035595664,50.01631093373602,97.94345086930663,229.5710107347971,-13.58597300245586,54.78063892875174,11.361829087155947,50.08003914772366,95.41258498421585,230.4202545149352,-3.552213060265808,55.2024272001404,9.694789589632892,49.979085071533405,103.69517048944758,227.6607675622719,6.138155822646495,59.198460179900444,7.3547822920685295,50.00353257636122,102.92525751177685
230.38210815724736,-5.70196532178461,44.7083300191445,10.319964981714962,49.9881794777751,90.94049606530855,228.93145365367317,-5.900697442377285,47.19203552379595,11.58621122692403,49.98389371338548,110.18927106306167,230.14909113184896,5.308513200742261,46.76219183276274,9.175341039739205,50.01835813019549,102.32365075532692,231.41955544462712,-7.998487487488196,51.5030159343525,9.375087696108096,50.07831835728373,101.81829252563804,229.5301749372208,7.3536054112791565,55.0095782159291,12.097530309117367,50.03296125300443,103.05194826075348,229.26297522096652,-3.8901360188712393,52.99865331138835,11.06204220095526,50.02427618493096,97.07295048292698,228.76744980882893,0.7242751182473086,49.30698454886377,9.534563155098953,50.03670054524233,92.18803396943531,230.64682947070582,4.789589078717334,49.89604558979006,10.119700483250627,49.94279897582957,99.65979038866772,231.43421379377935,-3.2513271317819004,45.848298844650316,9.024233377459728,50.03643137195528,100.81540291103734
228.44939525466629,2.6777318175362383,56.72060713418411,11.672661611831415,50.02258850369984,99.1924292710972,226.84993207214734,3.793097876281273,60.47390254666611,8.081240459881396,50.004124142250255,97.95992736816028,230.6446913232523,5.926244439489783,51.25709599871488,10.43654670216273,50.010916396025664,98.7000505347015,227.5316619204448,0.502287969310332,57.08023558384101,9.319351953662395,49.94594738547614,103.2627807639957,228.15209186868572,4.23634597814973,45.61587854391718,9.231534651481168,50.04677066574743,114.4608905910817,230.75409635701135,-3.396632385529495,45.13637555813557,10.926873975332855,50.031672138635905,91.20545401324507,230.00558241449994,5.878346115024252,48.85963119914476,7.243887129943916,50.0397423893513,99.16175751154573,232.880213413038,5.767367274029105,49.77750800079386,9.00026076664101,50.00172444311101,104.09886854711645,232.6746712060389,0.35939307501527007,53.19278806264371,7.719448310620811,49.972094517331044,98.3491796363046
231.16264526132184,1.8740356850847764,53.2231653925408,10.888457327781571,49.92768236300412,97.82420361132705,228.39490271693947,1.670798178068216,50.51134525957495,11.5181967430317,49.98505814355131,89.80566569121113,234.70088904141284,-0.6469566224902489,40.42647596921305,8.727964299660158,50.026867218579845,95.80728875997777,230.28513137782454,6.926161132411497,55.59430123126255,10.654061392183092,50.04790332548902,88.7241264638803,231.92875061315004,2.464574881664491,48.380967587638736,6.6477129978311575,49.99337026331108,108.19140929726828,232.95623826544775,2.245797462024405,55.91074496877344,13.525947397444543,50.0699728545015,105.35865158510103,229.81085439758783,-8.77691562725395,50.153807231342014,9.086667626808284,49.82365161352991,104.49025078741263,230.51570636810223,-5.021334351053607,54.5303799190656,11.91326357213997,50.00620759570137,100.10499401892828,226.94589357198223,0.9681355765438543,49.270809654901626,11.335709506383225,49.943277443837935,95.53065113264525
224.76735113400454,2.481054229543411,52.44969891559363,12.54073680228436,50.02749669880706,103.08583053181825,227.10465989852344,3.9732193687554562,56.36829868913593,6.373307396831354,50.02383688905673,91.74807446695283,229.21809570862234,-2.0406499215866476,49.308478866133896,10.253844888679184,50.07066348894079,104.49712556339941,230.11473672505946,1.482859559893085,53.95700019108298,12.722549837078336,50.04462929182757,105.10268419372204,227.79712473739897,0.3364844507168362,44.58552792658446,10.45587778326877,49.96980338604823,96.79577213928606,227.62920578996201,-2.2849675518304506,40.44404172636806,12.045390868580578,50.13733048106833,106.76440625973949,231.29793674815394,-2.519067694839422,51.33179473272827,10.479304647195837,49.96232856722267,99.3587286363813,228.53265796010788,1.3704608894528039,45.51297813128445,12.1893463386991,50.042466814211714,102.70223325992644,228.96485367323726,-3.9911216876292768,45.365145173595344,12.75456789269812,50.01924099831542,99.94961241827228
233.22225439846136,0.6142205295358629,47.48183642709627,9.127348669029015,49.984678005125744,98.3096564135195,228.35308579060322,-0.32493594626810285,48.58279537545513,8.791412891288013,49.961302920761625,93.67668412015281,229.1856611557279,0.28712328841188123,48.9889844072755,11.948214888332979,50.050470558190064,94.0993824062027,227.35936123298325,-2.834669414907447,41.23549464865079,9.82579588216451,49.906752961243264,103.70796984118252,233.09400840543245,1.1332242197071403,47.94386364661699,11.120447717415342,49.941302762800866,103.04872396785952,231.20336267708544,5.307480514260135,46.73261084863117,9.176596253825242,50.03758175810508,108.18907878976229,228.79125314000825,-2.563805363703981,53.48715739811303,11.54202876011846,49.95938801013767,106.84094162305163,229.06402943471673,3.1479202431404114,53.03778786150371,6.765258081320578,50.003876216181446,100.58997223283653,229.59267232514858,6.596509222014992,54.89301328044479,8.673923996338164,50.01868233729973,104.49632376172092
233.7887519399011,7.2900260765937706,55.37490463895435,10.083392974049175,49.91820683613,107.776661104166,229.4913225311618,6.236772982506765,48.34978880056292,9.45795402296049,50.11401697968793,101.48656607435363,231.84262401317199,-3.459434051524364,51.08444975603002,8.892344296550739,50.0150851043635,92.22815758860744,230.646327239573,-0.3485957099308781,46.95439357966299,10.587189855463668,49.97207359968625,97.75759234086735,229.28794369379594,-5.515191205363962,53.50266724809135,12.228662434943807,50.01764933866431,101.57271181364123,232.80370122019113,1.054478094073595,43.91881012798838,9.170985612895716,50.00688944157985,94.67450839107893,229.93000359026072,10.504981549202768,50.46166292892029,11.225148712545227,50.0243732563086,97.02820781811543,231.74012014242132,-1.9832971348670734,46.563724632922145,9.78893577050846,50.06478429606836,89.0357611206966,228.54224395401016,-6.185952931191531,55.937602014046284,9.66135637895379,50.06212934534892,104.98001935421189
226.90659160499104,-1.274001010449256,53.29468563686443,11.085556071480136,50.01500418497007,96.69923472712597,229.58470820680446,2.506702266573676,46.56875744793662,5.93682015158813,50.00430678386011,98.28541283850592,229.7170037971243,4.146808120101057,45.946412422813694,7.781868297067469,50.00031562050299,95.88697985773788,232.18181301875953,8.460208297832407,51.72531032245775,9.789673278336178,49.99633389651671,96.87761742785065,229.16808823975603,2.842510216826535,49.14662481330615,11.49697940794587,49.97401140313614,90.56199037068322,231.0118779872891,7.580933623121998,46.427270753891506,10.592418384224588,50.065200046508686,98.37247428027854,231.2230554478935,-2.2519454689626044,49.31820198886992,9.294373523115894,49.99996676028987,98.76708024242926,229.12449239107107,-0.5541044902404013,42.83944909687781,7.754639655605834,50.00045863455023,97.8106908714942,229.76873760261233,-5.206243839109769,42.33535364173801,10.057501649570277,50.05020530890752,100.60052762845214
229.9059623898958,3.5723230466882656,49.57140980862382,11.272846057208758,50.029181726190416,100.3952579836797,229.71665774976668,-4.524329184102701,44.6413073016991,9.571854794528601,49.90958787780243,100.38331894418442,230.4275200203897,-7.482673632860911,45.519380655550016,9.184483462719172,49.906475789495815,98.91787796897344,229.8992525671456,-0.8976267426008429,52.82867246897522,8.20983984226551,50.11523689785695,105.65991554404164,233.05163671098163,4.742747122080672,48.79423129042295,10.336590473248505,49.931196580077234,96.5638014017213,226.78894013972467,5.716020215314526,46.65023867737,8.652622054801968,49.95241641115976,104.35414996020997,230.90872502850615,-4.854932137855348,51.48268356989357,9.085380756572011,49.99161646891288,100.86309829045268,228.24879659225604,0.6556573619067517,46.38863084349529,9.609588524318331,50.03367629033623,92.45098392549397,230.90577901542926,-0.9447069436236497,55.71427591132931,5.020427264392432,50.06862566897568,96.27887395383256
230.4804748113735,6.432315095740933,45.51912609183414,5.952056543522125,50.050643241382545,104.74754867218948,230.22236188126396,1.5218810730052656,56.49278929093481,12.458689671201522,50.00657675223728,95.98908720428453,231.12648244530018,-0.12183751018674602,46.00931556053754,10.748918652745118,50.00507954333928,109.68221969818816,227.11697833416588,1.4967299336535147,46.95227827557758,11.690931307889148,50.04505684030707,90.8758087246269,230.44628904607347,1.1412568869984159,48.86045228518828,8.104245253198183,50.00985104187221,104.39120161215482,230.20900822701796,5.37618932630472,50.89984441218768,8.569984967552577,50.009758558801224,102.24287979315716,232.5055132621622,0.9588924908595005,44.63433253232493,6.9854271091400015,49.97060513227925,104.948570949895,235.25713775048408,-2.1047434789028694,50.449353800794526,8.988167102837096,50.03599940223948,107.45863408277151,230.20687183090914,1.5454967193172506,49.01561596945725,9.396575708746946,50.025321823700665,92.03552099038765
231.25466252576254,-4.648158971798243,54.59253332823821,6.379150086615705,50.001409445038185,99.37477404350582,230.54537057882092,5.6867657622760195,52.49254105415493,12.151775863061445,50.010391093470744,98.6740854376712,228.5400358591789,-6.855772713706012,54.49917367045435,10.211472818952513,49.951234120400834,97.12121766475876,231.3311206851874,-0.2295064062383641,44.537581128813954,11.665022911217601,49.950244055147095,106.3892252214304,230.08339239199586,-0.43756051262054896,59.614657834781525,11.656060991831414,49.986833815970755,102.94099074864063,229.53202246081622,-8.505765001756448,53.296484527779725,12.242411033931399,49.92890059325329,101.73411154509643,226.26586391387005,1.8957028108235572,39.530842673153685,9.811195269361747,50.04677720826297,103.20684792552498,230.7818165255225,1.9562438878743307,47.21027277318305,9.748915376952452,49.97530720606208,105.67946978202043,229.35076170961307,-0.17126755694766493,50.58474860388917,14.125308097727473,49.99232682382762,92.1235885244324
233.93274987480777,1.3068527215016625,47.68576576839481,8.106003732616918,49.95000129576559,100.82556016353266,228.34014412509347,5.101344411134106,55.62199471232117,12.913545144933003,50.07086439126953,101.73464827120111,228.81675837890995,-6.143665535639947,54.12476898333512,10.243875817510794,49.986337418397305,102.39256158102532,227.2121747377282,1.5330315182141907,43.29311013074448,13.231959309807433,49.96122134949397,103.85470989962498,231.18789385230846,4.726860405864656,48.142679471772574,10.076093125651937,49.94013497625669,95.75963375675309,229.0638957695736,1.1015671881043612,48.73439065459781,8.860874209237362,49.975772507927694,106.73044584667511,232.0840173182272,3.174440975967535,45.858910325123105,7.6129761262887286,50.065661658901284,107.7848703967112,231.09669224716345,-3.5801940268054504,52.86150684631156,6.097058630324983,50.00337552127203,92.9326786942126,228.85982716508377,-2.4043046716292573,54.17023688507066,5.917716995800437,49.96796190092467,93.34185864029925
224.61546904083156,-9.12282161884319,53.48662769647444,13.461299229660707,49.96090548395793,108.60918408593018,229.87915605188212,-5.436349445149263,53.284676448527804,6.750756516135077,49.93449860031905,98.44804146286126,230.33558384365952,4.778920383525591,54.848430511537416,10.844615938094165,50.034307130844624,100.95327811467894,231.82287101255918,-1.5270966883381474,38.55885072585737,9.200613430212092,50.03409502863787,101.36633778439331,228.29635463148517,-6.705063203016484,50.518782257263965,11.46283100545744,49.882002764238635,100.16207122514759,232.71549484333335,1.9210321953846077,45.190100117377035,9.727304783513809,49.98724334302403,104.65888623620036,228.47466523069784,-0.7229483273361753,54.01249760154977,10.225023782437042,50.02702986874012,98.6044656698759,231.05258471923275,-0.9342263086831295,61.74661830595049,10.748262332978435,49.96316571676508,93.12316787411649,233.1006301648616,12.642403284655908,45.85486558548443,9.675501217210103,50.07618982818603,92.7114767289373
228.97435144911205,-6.512973066139018,40.33280586360988,9.682980663554902,50.0898013604915,103.27956443934126,228.60735208072126,11.054467688201832,48.596483025041685,13.70407223908676,50.05603941967655,101.18187141200363,230.15939639122954,5.490493858744863,54.64847896827068,10.988708694620717,50.02500353168694,100.5788220186244,234.211542635769,-6.259510847405984,54.78823418182095,13.20942101368797,49.97698346510798,99.26291036379195,230.54230081467634,4.793670313459956,53.39818267241422,8.64360066619491,49.990969533889924,107.12341038132787,231.70876874084854,0.07617679784777401,56.55625231966816,9.283598352049918,50.001435076582055,95.47582492870637,228.38032913962357,1.0641632817759417,51.89070979716883,11.921420689055145,50.041671464529394,92.34019896198588,229.29823967970935,6.643669870973583,52.16602932278369,8.392959423208945,49.99421581350831,103.38088483239902,232.89732423938557,-1.4859564237438174,53.54853663200459,11.693731284870077,49.98499120490699,102.31723372623144
231.07436394390035,-1.9595732072604843,39.58791260018879,8.114658501309505,50.00154601756694,102.46396339308546,225.87162769494364,-2.840478466086319,44.24020400935982,9.753163592710962,50.048809166163004,102.19378598439884,230.07193516004534,-5.4361203310151645,42.243644610356014,8.892300135990029,49.96098450261869,101.87289602250759,227.25597673818973,1.9671635735431199,45.90061216417149,10.519988385096223,50.00701910491851,104.39368842673233,229.86996501004424,-2.253622895895276,48.65662044699471,6.392243902529595,49.97057550169057,105.50583132301574,230.30853225036415,1.1691477672237018,48.56900852520953,12.6117695213197,49.94799859625727,100.91273804159823,234.36255034271596,1.2774495186952897,54.53482055434142,8.350114657761319,49.99009789127134,106.69864636320172,230.0463783269131,12.110539345836557,55.77011553079117,9.261643757552688,50.00556358977866,109.90591382266533,229.4111353071458,-0.45847681136102736,58.662060191360624,8.681637582551705,50.02896582182129,98.45155234639854
229.59988202689044,-2.1681146266956146,51.195263912158765,8.66100796700337,50.0520247741519,96.64326126535738,229.9340204883827,-0.9466077014348662,47.175625426329596,11.233461666338169,49.95930698585973,100.56515626555874,230.6225647348806,-8.9955243253326,53.40205397085914,11.879161911012442,50.004546821887544,105.36820650911825,230.18148545752942,0.7097104176167189,54.342570127542295,10.066309870169286,50.051569865915816,99.38948478961908,229.48397721119912,0.06393552322292341,46.22447374628499,7.679238476830486,49.99131397370813,91.88285100624107,231.12995602511342,0.08489824039769756,53.3366381650665,14.191567775108693,50.03552884071278,106.96328404058377,229.24618048796995,-8.022031992312652,51.65172382173676,7.557755926292982,49.98213855273683,104.52858524835032,228.3427229774769,-0.5781436672240482,51.95222176111933,8.43630748617873,49.94847509310853,103.20497405768975,228.85761027211697,0.17819214850951626,53.86896087495419,11.437523125474469,49.998336874630404,98.43039964785271
227.9048493289678,-8.43626472534402,51.767936622947474,11.120170580636927,49.93780832173899,106.10441019796194,230.40734672610208,7.271088479149254,54.48862967653003,4.603644277895329,49.95705512876607,94.86518353591005,229.01267087970703,-7.328932047348107,58.31155964121536,11.212342167717537,49.88873168190924,97.64480948605821,233.818484521791,1.090006192929154,56.5829041560625,10.31627496180599,50.005369776352794,100.68139940447637,231.77773564416898,1.5748190538161948,54.6541154856567,11.071107781380379,49.95980694046299,100.9949970725771,228.9436764599485,1.0848594150489506,49.19055603963981,11.425406525307189,50.028902345062484,95.11007262346399,230.69610758144992,1.0036500737424587,48.14062283447732,8.556960506439545,50.0529220515469,98.28927476859083,227.5085874424013,-4.346516187256836,43.176637290598435,9.543883822159238,49.94962309970271,109.99279639103662,229.66236067625144,7.988192756042683,51.42789935564212,8.935782506066417,49.965237196367774,92.23586813398035
227.74229427891044,3.8123448304405954,52.33701075274682,10.959995627320627,49.983793394773826,101.33306387407632,229.85905200574086,-3.710378668121692,47.442630186815734,10.764724752194295,49.978692906921445,102.45334106472004,233.2083499133032,3.503197649473488,44.90332082815836,11.962839891790887,49.98259004814242,95.37499235600878,230.82364806601782,0.3749356272367837,53.731626273106066,10.695883213465878,49.94143416611633,97.3477043023809,231.13332199664438,1.585782186482017,47.950490348848035,12.302424095393896,50.02367138950091,98.48325792299474,225.9679472164984,8.275967887687703,44.1849067409385,10.012105941236216,50.020443892348766,100.46849750382955,231.76424850232436,0.8260995036581674,54.71070988889841,9.123596813193046,50.027519119018024,88.19827844274593,228.1928910267025,-0.6580038720771042,56.24083153737676,8.052680340710163,49.99051428113338,104.47337610019727,227.22364959501897,1.5476217768294518,47.565208486333475,8.283661355338836,50.074550123957664,91.40175414646873
230.92059400032448,-7.350449971925157,49.844315546596754,8.654285137885978,49.93709157715012,97.46933584166378,230.15380119881127,-4.143591799040303,55.54711636353857,10.968594634896668,50.00999631684586,96.9320689494304,232.0212243652128,-1.7718453301854025,50.74096560265156,6.907816451833916,50.031185483065414,92.07874370366517,225.78767567467077,0.9402415615579202,51.95189439534068,9.208445179108761,49.93764462802693,96.20496547451597,230.12623314376347,-6.647082447100243,46.330632264177446,9.10887578271267,49.95842483145711,99.15785888177047,232.1627500144697,10.245695998429277,41.3548451469832,10.17878925120098,49.916667404940576,105.48746891771634,233.67569561083135,-4.4984268729253225,46.77290406253074,7.7413495014404505,49.98605815073188,96.25540140914086,231.4551632788041,-0.7315061679872925,47.19775059548942,9.747869783913536,50.02234710804644,92.43096811324725,230.242752553804,-1.5806920342186446,52.72540255082989,12.345544335990562,50.01311947591383,113.74626190212153
226.88230575489723,2.8891197358145195,43.22605143872916,6.096133189721202,49.98019471989418,103.78949947401057,229.847547299378,-4.030577135909686,58.56244970741737,9.48317901777888,50.02926088101901,96.2351650615693,230.944653243569,5.3533799810788105,48.79454638609315,7.500013181192357,50.10604843771651,101.04565951936327,229.48248315642135,-2.711232155064936,49.74224636677819,9.803810607150172,50.00364718030082,92.44628980803978,230.15534331807334,-5.847062847142439,50.03866591068497,11.028086396063378,50.06693773475171,103.72927536333034,230.31666116983115,-3.4132868972866004,51.636476576061156,8.213974319580307,49.97540687474508,95.51711908707401,228.53580430558597,11.178182681704998,47.30872265723107,11.421769621289869,50.01241484423721,100.08349511594245,228.5622142305873,-0.6852107948693563,45.01897586070482,9.311628146277084,50.014053823316814,93.36154086473643,227.8787404058545,5.213784323928086,45.569517546976904,10.821117450660285,50.01393388129627,99.13379917760037
228.49931827161487,-1.9183196089772812,40.5468157185415,10.772479140040913,49.961734041021295,94.2196352204285,231.9538424732364,5.526647235140615,47.90938523283932,11.708728818494626,49.97217348938788,100.93436187955821,231.48282147572903,-2.924909099610117,48.05611178590154,8.39961016685995,49.98681739896903,100.2464977290826,228.10409983630672,-6.175427365141028,46.41271980070552,9.30185439219267,50.013847493057234,91.99063807261336,227.58247148508,-0.4139961752080803,52.89729294617125,10.442605894776325,50.05416501985909,99.54406722267126,230.70962442222972,-7.627456764903067,39.73836334548257,9.247631065940679,50.00940539052658,97.6818328694923,229.73027311734174,3.5726584774302053,49.25806183680553,13.852061520265579,49.987220684880064,101.44900961626105,229.58455000824236,-1.7006542302687897,49.798629591224035,8.06721814844708,49.95822443552218,95.82168136868704,233.9287788143118,-8.444612538761112,57.935931800062974,9.07151013845271,49.965498924698345,104.56112221920014
232.9021275975299,-3.6952040998604674,51.86772905546185,8.82979165530712,49.9795836242486,102.80269950100805,227.80870723020678,6.01861673876535,57.97493557349026,9.389191717555054,50.05601091452514,104.7376179979216,230.47291505774993,-0.8035504317985929,46.30591104862009,11.256443406186365,49.98971109643456,105.41457390574395,228.34305718303668,3.7957493495846912,52.30768740208381,12.18187768580225,49.90126275447352,97.85048106711089,231.01086704418572,4.59494235795235,54.62296976800255,11.831880937434432,50.041159382913044,102.20448684591437,230.85736733715856,-1.7940859430292877,49.83677061004502,11.824943868790214,49.94866633237801,93.98656390876272,228.42187520369808,2.905489340509837,51.41684101367561,10.862039058422877,49.991390837594786,104.42083456518142,228.51424929843537,2.9560577761888456,47.058368279634045,12.533704636666727,49.9667948777081,94.89088374721396,226.6683523631835,7.87121831786561,43.59542807110304,11.746347356230954,50.03021083169728,88.51414916878255
230.86387108012667,0.18211233732601334,50.07501657355988,7.968733608448153,49.982423430810115,95.99353123777938,232.0366088017517,-5.556051274273423,41.15060099653439,6.275973917302697,50.04129592061181,98.33119956806651,228.3712248174729,3.518265930809536,44.54057871571565,8.333255726693272,50.05016312337448,104.11201519216422,228.01075856091913,-2.3422833072645624,51.952321945982774,11.172672643530854,49.902548826012385,101.36549223262901,229.09325190787615,1.3512341090621895,55.37638161260196,11.033853302168781,50.05035246084885,106.02459111120274,228.84897937564574,-3.7269277351539998,50.608290241531684,10.558132659720314,49.98229973431795,96.45547855910293,229.93305810678072,6.206626761956269,56.880674251401786,11.708092028762504,49.9930985155947,92.98081966971323,230.78590350222217,-2.9572294833780615,44.45358522560094,8.40209973484065,50.01738537590772,101.52657130492221,232.72747023917117,-6.406619113164503,48.673684349494216,10.597942934684992,49.99751052907962,103.62155482574272
231.44218839549035,-1.0832285900463328,52.203562296232775,7.724574056001833,49.99695775155726,99.0880687810466,232.3048201131001,-6.047719587985835,58.03095523184223,10.857413730284536,49.989168309187875,91.1861541528308,236.26471384299003,2.8936296474785665,52.45086698702167,12.918798873516796,50.011637565141164,93.95567830660417,228.04714038173984,-11.956235263052427,47.56361909023282,10.17108754391339,50.02481094253642,99.7346044968796,229.52114146444924,1.7734343928807998,51.43478199770225,8.655850495070105,49.952937224686295,86.76808805892657,230.7405217763423,3.3614940696973235,48.54464453223689,8.263848014162702,49.98527548684361,104.68802390349177,229.41588641511888,-5.01375901882613,45.37469994638156,8.445791369521011,50.07151868501317,102.32647073339986,231.2444149567109,1.4698915875845069,56.587105961654714,11.777030795736708,49.98765710708885,102.35470807235937,233.39229264288088,-0.14205708504464598,46.10144924987128,10.707283371221552,49.961238053994045,99.17743432631968
232.56228511389497,2.6098694953068993,49.88928808584633,9.56233185822905,49.96934376059659,112.57730030335706,230.56494135354606,2.5182561872602705,47.62096221200582,8.601133417571209,50.00528837888374,100.74151713004952,231.8228292317344,-2.6083439433282916,45.40185143911812,11.915519847297546,49.981646707583515,96.23524076278136,230.87124278415084,0.9919829616008019,48.7422496270781,13.016807344387674,49.88992189365973,100.88648250204218,229.82043871747115,6.34900838690191,43.13494745565943,6.655380203731784,49.978580618740224,98.80064468875749,229.4340150167064,-3.8991972454553956,52.102602578559434,13.162955326910824,50.003588855284896,93.28679067850686,227.5002120705065,-4.514419163550622,46.47323804261873,9.490375716917683,50.022991868537204,101.04775870534854,230.83876518073248,5.889718577691708,50.77054358196694,8.71031472065269,49.99564317879579,105.92428256931973,231.7181187212215,-6.707473762114168,48.60171308100399,8.326166557321397,49.99121459178152,106.49357919635398
228.8334646186788,5.985073542826969,49.757473961113256,8.588609846577016,49.96512476975494,98.21800136264643,226.7184374141385,4.436482485345553,42.38415416900581,8.311453751919798,50.010097199505346,98.73117976808669,233.1280625238886,-1.5880968955255956,52.393389905822964,10.451593294633184,50.015558847682975,99.96374364177571,229.71993791688877,-11.944712021799415,53.78763691621332,8.314562548749738,49.96430998978328,108.24493704124384,230.836755238642,1.7263424693375216,52.79953714317303,10.349690865429949,49.954391500547516,100.0110552039544,228.30158334778014,1.728667862650305,48.27820110687539,10.700010436931736,50.00613573790152,108.8752460168461,228.3050671219327,-8.65136771513192,52.46005288349479,12.139047553571581,49.988169854242415,96.97098104076089,235.7038293992493,5.288499064609352,40.85483922843258,8.144837082310065,49.93033166033051,108.30796522940977,228.0534473056655,-1.326806542283824,43.246039716752136,10.572333323887818,49.99091724671193,97.11046078227068
229.86851282070415,4.970407702617701,49.57290083665262,10.306893581343678,50.04276309682812,89.72040783981934,225.4244039057441,-4.30470228241497,53.242379548997704,12.422346539748686,49.964409131350806,96.09530910556245,232.82995559531122,9.646636758604693,46.05120360859302,10.416907738879855,49.98948603236183,102.06553450833526,226.62094208585034,4.591905713387995,55.14407044662064,12.991237007396132,50.041749920873976,101.9680240187043,228.41475382940732,-6.578923554058371,51.32724281148002,12.789383902474617,49.9455661012383,99.01734996424922,228.32047626426618,0.5155915733318643,58.16261501598638,8.178619084008906,49.93089807127799,105.61944769640385,230.46436022422196,-3.0396523993769184,55.99544980039926,10.232161086165034,49.90642307924326,104.60292343750938,229.28244267544716,2.7800983848762395,52.440333266040184,9.360584915628483,49.97167598143683,98.68635406298719,230.01687471154793,4.8908124743621775,51.6058914874413,6.429910041413753,50.0799327098564,95.45960942638611
230.79416912685423,-7.98622837345815,54.4714703122319,8.622264465988978,49.94543041963182,109.75838577226591,231.02899768535832,7.2828390945097485,47.69345786632971,10.764640430110909,50.03421172337059,108.9136718153826,227.84721753454346,5.646004176679613,53.14688920854832,11.689749880760886,49.94254356084553,105.68540379849505,230.87613498592023,-9.798441324408648,42.27191193293924,10.493618214978087,50.032832379768905,107.82555153524876,231.04383400718967,2.958357384428652,50.60052378247191,13.616432156628349,50.04228143575387,94.91090652682723,226.55283878172,5.876680713111087,45.48283375639777,8.729209678013845,50.0512506227066,101.41207757675772,229.70713617946382,-3.0856745865465083,56.554711643813505,10.750365850352752,49.94828731858246,96.5093759676191,231.9331812458934,2.5493084321646164,56.53540467266584,12.522112921675452,49.95421764128956,92.7032100873037,229.96377754171283,4.268644535298946,52.33517256483437,8.300060641436751,50.05291673762673,98.09655557143259
230.78863499759507,0.7736236623386041,49.2434104137788,8.754014377935919,49.984658482580585,99.9422310630478,229.53503512226644,3.045847023784034,42.9355485776596,11.236454910876297,49.99327414360336,98.88009524427083,232.82494536090823,-8.270217658678998,47.28621968272279,11.985169153472421,49.949449314373844,97.36843550853024,232.36642695449083,-0.149713136170817,63.531043882484866,12.174501254958196,49.997739244459126,99.18324336731693,226.82718521572517,3.6621668209009766,44.30524011937671,8.582364376528927,49.943041192801175,98.46517941293544,229.88764130365954,-4.915375549973671,46.49567436969766,8.644299849817086,50.01568633303049,100.97851486867154,230.0032931675044,-1.437446766741957,50.78851797454695,11.13808424809053,49.947129680892445,101.19656696903515,229.8032276001068,-2.7882039402837338,56.62302646664804,10.183967911510875,49.9291375769223,111.79850962271206,230.22592362650693,1.8995624255809105,50.77759685118942,9.163830511386836,50.00117871813928,107.86904837013026
230.47649565975124,4.252832638624629,49.00123606059824,16.17394264659913,49.94281269539905,100.22521367832812,231.49903340936814,3.931166318382111,54.103049353273754,10.497410447553698,49.904361731536376,92.8295129277156,227.70152005165596,4.004266526554374,50.4138676239887,11.760081288179041,50.02001654640296,102.2745346468445,231.89264785380016,-2.3457769280610896,49.319350015516164,11.344652728373653,49.98035025347303,89.13950647551968,230.86348194978407,1.9145399069041578,41.219887477392746,9.904363225903818,49.993682553102836,98.23185910827189,231.21871834941805,2.79315745569993,52.27862383251571,8.516529933210993,49.92950045832957,97.44846705867587,228.87569504052342,4.686705245907748,56.935514796420385,9.602543843092231,50.019082666605875,96.44790372457761,226.64505419869494,6.043053755423281,43.81176286595748,11.580076705957884,49.97707662982564,100.36715242430701,231.06181138377883,-1.3456488627999506,51.7789887580122,8.397765614334606,50.04212342081616,102.31647126214682
232.38016915039418,-5.734599776816507,54.968976625317,11.78548921529054,49.875495285770114,104.36815842255923,231.10928344106134,4.103165781525503,49.891900932173584,13.042394419682095,50.03118208454336,106.14698322197198,230.56607736971048,2.00957319110636,51.84698991313101,14.432071634273825,50.02676177104023,99.13344127574508,231.81290896375197,-4.330127107554374,56.76360986981619,10.495797906473877,49.99025826084849,99.76293219054944,229.47697464313225,-15.711079704849865,47.41527946471569,9.35229603637383,50.00048605495374,97.59000674507564,229.5662311314985,4.0782800199056215,55.58571386937313,11.998410122128162,49.98153828600775,102.83725664067057,228.88913765419983,-3.7064491366919516,52.69690794837998,8.339818602587869,49.98432646361028,93.82120387407312,227.64239330668858,-5.708595895591996,50.384726497497496,10.471141898755159,49.95133066976736,101.07033501931303,226.001218946088,-9.167000705231738,59.357199105224495,10.813494611520753,50.019523784352515,96.5995886971236
231.85864284941738,4.129985057355209,55.38430421478394,9.586947370614865,49.961095242167524,98.34379320097456,233.92802174494827,-3.3734679315343072,45.32710435359364,12.063183822285232,49.977259997874164,103.87471400241228,230.5316156372279,6.161929143125542,49.26630422409753,9.580943832369114,50.00991617965147,98.00505339803505,231.1540490459509,3.6942387519277387,50.41384218029519,11.325160166651472,50.00682398235007,99.82115801399677,231.64944098544072,-2.7576818901834295,48.59469788180625,9.776894056015367,49.86110085785578,104.84351528386496,229.79711692767486,-1.3593792308545383,49.33872715551879,7.250674923126225,49.94894777834827,109.29874172615578,229.07750167060024,-0.19278748560402528,48.02632735454853,7.163229169058122,50.02232048190718,103.54664957455584,232.28568487258516,4.186515467791039,47.99179282498738,12.076837677969564,49.997792270614696,104.07366684476352,235.32665637906857,5.083957890802095,50.77229892278358,11.966279993668458,49.96170822025281,96.23185403891314
227.26887148854357,2.2744093385116133,57.51653517264746,10.207915746474438,49.940133384462484,99.97983952335694,230.69287367589087,-0.808289017641915,46.247757964609,8.683408204411446,49.987897859411085,98.74658795406339,229.45625486911368,2.4386303391661315,47.89503191781954,9.469806650385658,50.08846786742576,92.3361231302627,232.33922398093898,2.774800806695798,52.232644773119695,12.751852289497553,50.0172697934585,93.35710089195084,230.475154253431,6.503762270507677,50.290729255140135,8.213098526671896,50.09182992252718,83.90444964454784,229.4511835823682,3.7607305154789534,59.52550665330222,8.016838465718415,49.97900999689402,99.23220228150421,231.34088946688036,-0.009020824309432693,51.131766950759406,11.995305418034155,50.039047644899654,108.8149585945827,231.40986366684032,-1.8943226955919457,45.267214476707636,5.807170394944371,50.045745937873534,96.5886315328886,226.78365283531036,3.4778685830326834,48.59515254547104,9.467477181291342,50.11997401295377,99.92240668802536
231.3031720187401,-1.7164472572470135,58.94381522892208,10.510940366424707,49.89525821155469,92.55042840233192,233.50372612564558,-2.688609272429952,52.23033435581186,8.628695378788375,49.99100356247716,96.14609455101635,232.00025894422762,0.9254489130749494,61.53831870179722,8.785047757855576,50.060052842092496,104.8529273991392,229.10991399684983,3.117995944007353,53.267467709073415,7.617654456693382,49.97768650789661,92.96632210304294,231.1910045117299,-1.5671011100575052,51.255084079649734,10.990346183709738,49.98852483425874,103.01334266678191,226.83675106197654,5.955183298608993,51.75133370606945,10.857421266693374,50.00280036219118,103.15964415668857,228.71748158428946,-9.326575267751222,48.83961183569374,13.048262205534437,49.99888720770993,97.8865749357067,233.94319219444108,-7.424918482631176,46.82306531737307,11.220646993633666,50.04113293625252,95.68543539548598,231.17938607554916,1.501463072492014,40.43709963415311,10.557113222680265,49.97850087758012,105.5192671500147
231.30913716589703,4.892513156050971,37.25432816990243,9.473189739873835,50.03150443071159,100.54196004245888,228.43854798704083,-10.531295029897327,49.90402202677466,8.330527162920264,50.05731929860925,98.67547472749054,232.9693657179254,-9.972102963926027,53.73897810610298,11.933955593836588,50.007918523483376,96.9702567764264,230.17016390521542,5.609844815489231,45.68563581476228,9.37608433768039,49.9944260260122,97.84966468110835,229.92400467645913,7.4900938854174886,57.41817604015448,10.989956831852849,50.03912679380318,99.55258428035853,227.09632901832742,6.249100210083468,48.17671556702972,8.366684990752624,50.01539780540105,94.28225649704608,227.33050862002165,-0.6983831041745858,40.32088896476219,7.67213640065798,50.00495959625825,104.70347819711253,230.57199074315454,3.5054908906294995,46.09358114436603,9.384582138043372,50.06195813924692,99.0807173328475,227.72578931408188,-0.13270862940653655,52.72375178743814,10.405539671638284,49.94404518265134,105.53160403651589
228.14102748664396,6.841700427316834,50.01958821341249,7.132418634963832,50.09736356585038,101.01206195730997,226.1442700560405,12.191491388863396,47.117018653472265,9.302169453723932,50.0241285858489,95.97929348739511,230.73303691564223,-0.8436145285957954,52.8197915419233,11.016349907366253,50.024495965142755,103.33125007298796,229.37211696332994,7.6081325830726385,55.185353981280954,8.878252826153783,49.99487694792505,103.73809671521535,231.15371386323315,-3.854251560453414,44.53788075868186,9.083767270158644,50.028853700402415,92.05337748440637,230.98368497069345,-3.297381487903706,47.58844313072929,10.488954165043316,50.03124117633304,100.23672761024845,229.2002171722507,-4.5698894896342,48.40010358806684,9.610960348989769,50.02209970694195,96.43752425934413,229.53786179667006,3.9551884685602268,44.875543197647396,11.303644599838155,50.02239623219935,99.79407532987334,231.80621522541816,-8.801737118118623,45.80103684110686,10.367036957826224,50.01880962020444,95.60102849832778
230.31701174200649,6.55661133438265,57.44875067227882,6.784693832351229,50.02577180372725,97.48875673035671,231.0383240338924,-1.9215818062926917,53.69356445767338,9.548754334293386,49.93515960172399,93.4039814847762,228.2070802996228,5.337381677937151,41.41889822905993,6.848868282205286,49.93490580517519,93.94741827190555,230.28456209328917,2.206814685963273,50.340840292706226,12.245500827672913,49.94422285411718,94.5845698750331,230.58648331636599,0.6179052428822439,46.2322834749309,12.763537199040469,50.015634486466766,96.04835795208581,230.96570320297502,10.303159332760929,51.240542706774455,9.523047906404694,50.05803889282088,102.85341251894265,229.6319317987727,5.27416183722225,56.65746718181515,8.381616893053836,50.026874232434594,87.03759422078191,229.1246538777082,-11.09974851679583,46.27594565290865,13.414826261037769,49.91223225211813,106.86864249540925,227.9802983008901,-4.740916696549956,46.44715584123535,6.847473476358468,49.98431201500509,103.414952488516
229.43626765427157,9.39706603094269,42.837923763100484,12.399031713172434,50.009912706015854,109.81671572317951,230.77851710485294,0.17261330863586416,49.777524476420524,5.48210024576748,50.009026590932145,100.1085235096972,230.9737735228937,-3.5482468418634876,44.71007440429457,10.505150092123877,50.00933131453419,95.48519635547285,230.18046375555454,-2.2586357428417707,41.67830980080414,8.120316926187026,50.1326873608817,102.1189097870481,235.97692450572248,1.8280888152588672,47.05202873663144,9.255856760620738,49.98683879501615,94.63981125864512,230.2539327305685,1.6877694922289221,57.67738895263954,9.406976111429163,50.05761200963459,98.86689908411614,229.16377118056045,6.3119215213472835,49.12068782707716,8.23114380429412,50.01233238741148,91.38428816901309,230.98683765259483,0.5138328645964092,48.16751715499521,12.153863594985843,50.012514917399024,97.56105942385713,228.97815992430353,0.29598551173105064,45.608656668500366,9.813253606160028,49.99015126201206,100.16429201271924
227.2358571572565,3.3100973408928476,46.417211989695424,11.978683223771467,49.94957097983303,97.60457554420304,227.35926526022342,-7.28605285923088,56.35910110730983,11.655759563231982,50.03904559549304,99.56855142612217,231.79365848289456,-3.881153403139366,50.16520903647796,8.792054886930451,49.94341066201651,94.41834106233611,229.2824982017344,-5.220610228730642,49.022298699310575,8.842682426342995,49.907119750561314,93.39373268043254,229.4066643972167,2.857634941504079,54.791189406565124,9.36178454372819,49.97014462459831,102.17387782374188,230.37776677047816,-3.3871338723847617,58.05285931921527,7.587071661869381,49.98116333560564,99.1990386884411,228.48427676576932,-0.578763906759152,55.48446276919596,11.528067328523516,49.97757109721552,94.86452172267433,229.1967283568331,-10.273660639312734,50.423817632595366,10.092966580292032,49.981957166785854,100.87724099803538,232.46273846521055,5.153658215181465,52.93657759138077,8.042574107533438,49.95206990743779,94.82404397735007
230.1303856114065,-6.229069984064712,47.747374286674265,9.556627104738817,50.034439487268564,103.56113929972621,233.47559750739592,-2.646232849269872,57.01843088136709,10.29608498051585,49.90830175562991,97.82467024706948,230.13854243398083,-4.103518407968069,57.56165043422979,7.202556070685823,49.99528099480242,96.26082690228053,227.7253245705606,5.062744631271745,46.19311334123418,9.009570283325667,50.104119247458016,97.72294627429267,227.59900485247735,2.626941073202688,48.57554751447352,9.15334783253396,49.9113463136384,107.7569845783754,231.81536941771964,2.77008676079027,48.56384444939279,11.916936820497904,50.00298445796184,97.00014015633712,232.9992310907014,-4.384461380415342,51.05909113043593,4.588870086993271,49.98165730410486,112.8626034349706,230.41375091979845,-0.43568668660862186,54.420200720430586,8.653692962732714,49.97502331335509,86.82760966846777,227.47387641881082,-3.3270097309231117,49.01873015442211,11.476597808399475,49.97300132620182,104.69694933438309
228.83315891024245,-4.677336521679588,63.43796886750069,10.726298813973944,50.06258889661131,95.07665247021691,231.6548291282189,5.037315524689012,45.16278836251783,7.035164398470174,50.02283430985049,107.74473337117627,230.55700787269816,0.14805826505325606,48.682712399207915,9.032302126430208,50.04085778550478,105.24252905986368,227.34968549225908,-6.622582612154629,43.72421260133823,9.857784206006565,50.046373818775265,107.07961959496535,229.13175664181844,-6.54611416502759,54.59908682167209,11.742479647071486,49.991754036869615,104.19906939993596,227.7198696670534,2.5334192853962403,52.05666846713281,13.539728268363366,50.05551533221682,95.3674869565612,231.35103558240075,3.1615280725488932,52.54760519717695,8.58669916459349,49.99895223303361,105.11326526254484,229.47784930416776,-2.085373816712575,44.05769360856128,6.986916242867881,50.03052590737691,98.25994477556974,227.40280639994873,-6.387100124737877,57.45121129274963,10.322306747677406,49.919890478220076,105.49078911118175
230.92260755633504,2.2660672657304213,59.875057458893664,10.55428255045068,49.96083947534112,95.26967929120373,226.04884234219077,-0.8871198590224543,52.79516704414716,7.4901739206854785,50.0372161908971,110.78237439754179,231.04534687628586,-5.946218300392751,56.458963896343576,8.965534844445125,50.00057803094922,99.63222576561027,229.82513779420162,-4.530933824411438,55.30286644937527,5.908704136857422,49.970864388207566,95.40065459066881,232.3052032664814,-6.2162870744602685,50.40655119654221,9.748154790710911,50.02706691371364,110.30611087765999,228.69217320466163,-1.0388934433532135,50.90907474317597,9.505062006683472,49.98187834724008,100.19826875272454,230.39808906834924,0.2608547715164195,52.66835674401247,10.660026318068695,49.99949870525683,106.74991272007144,230.05535855567456,6.797243529395539,48.35396576364523,9.823723097832257,50.063301825592255,104.87349156313476,227.98485305372938,4.885769997970936,50.425319304438496,7.625027529173801,49.90540227148159,97.99003338173134
229.41691052008517,-2.308986754868814,57.38106914596562,10.075190088745622,49.96178092750639,103.66332571484647,229.56360769496126,2.7101711262871664,39.17393380288232,12.463915341005983,49.988344424392395,97.39456221131582,228.85365097715908,7.0806566985741455,55.5927517822954,13.448857918329436,50.07803534067167,105.45865807003892,229.15084193304943,-1.689747938457433,49.49978923535922,7.830396443535749,50.04059666240075,103.44868732217434,227.7114513337307,-7.858208818479106,47.83591454383969,11.482315122352096,49.96014121038755,104.50313033928346,230.58456418277385,4.941341245965546,54.37064418437458,9.258109226641709,50.007448593156695,93.0639245233042,226.72492756200734,-1.4048877650639335,55.189417118929626,7.986923543680502,49.975251565297945,102.90112529824704,233.43858686926893,-2.025352356751433,53.95322348824139,10.057701207712029,50.018579239372635,96.94253959795853,232.60756151602018,-2.5608736927670424,49.427624825032304,12.70448339569161,50.012205659625494,100.43353791264563
228.97029852628978,0.3923898053855944,56.9091975741428,10.575016099943472,49.9809979680432,88.14097597121435,229.45919639048742,2.8548400830943703,51.003760696997745,7.556995196534331,49.981358060278495,100.48495104468886,226.8052283121368,-0.8831056216442847,47.57446777543043,12.277221264673114,50.0017878259478,103.04927520483248,228.6699040942304,-6.909050908142635,49.81390251249776,9.880662034334252,50.01975206823461,95.77531075485048,226.10108606207328,1.7175736007434437,51.96664571259655,10.2129722734875,49.939602036048996,106.53640412666377,227.4124712146708,1.270776506202827,43.37570331989156,8.793526632151815,49.982176889516886,109.14423619712893,232.19710405283178,-11.76932423958692,48.799844175374496,11.706598752850182,50.02425655704076,92.83168913179537,229.03548431264022,1.5811514979015648,50.13473829990822,10.437683891598693,50.10378229730825,96.20781123256059,231.1596133736274,-0.5421974148251927,44.73397974344988,11.707038141974168,50.002226668250046,100.98756785209106
228.0091667538277,5.808666207951435,45.22166623693423,10.090579759419168,50.03413955050315,99.68950243662943,228.3772979091321,-5.3072882049298755,43.54152329509175,12.690189218479095,50.047072558265405,103.1159735572459,229.34577492232722,-4.377671136405516,52.02353371809009,13.241761897456373,49.92937674363554,103.15492796203941,229.75600713102764,-2.018831405337502,47.35152286093788,12.87478840438743,49.909712064341754,101.37295884215193,227.5446109919917,1.9301425534350458,53.548437705208066,16.10706799420545,50.015101896940585,104.36561916210626,233.279194257899,-12.465306325768806,55.09235150601863,10.310195725607722,49.97519530742081,104.95383820634694,233.84067810658783,-1.4365182295948433,52.33097261769247,8.636373996764316,49.94160649876916,91.68396731505038,230.00661963587999,-1.372142493299017,61.81269283329661,9.42823565297259,50.016610561698855,107.02142236469528,230.6846465161018,-6.7931061934756665,51.74909371140702,10.016348970959353,50.01304327196568,101.04098817280331
230.40598533577864,0.4164850113325425,54.37766842184071,8.628003196834868,49.968321195783965,103.3810501789121,231.26752620363305,9.174395571021424,54.02586916430162,9.695638005876004,49.976885468103774,104.90682836189927,229.52621659937,3.7383554554952343,51.88396132704992,10.321278760705097,49.99511502476246,106.2653504747166,229.1694657668128,-7.066069921702435,42.29964505447595,9.008917003423145,49.921556350253745,105.53164376218075,231.76193648196633,-6.152652094528726,43.99533034744043,10.771477324708165,49.9707619089687,101.03254585813411,232.0065369981391,10.193083880013418,45.46980903059366,9.658629267604262,50.005437457393285,94.52113420777171,226.73158966128688,-0.3871434565983944,49.96033523612568,10.944796101822508,49.95521239531848,98.06426872630807,228.77157039586172,-13.734114879203197,51.72254774583518,7.361001628605683,50.01618836266376,106.22089721386527,230.63358568300563,-2.5818855274373953,48.837801828057536,10.087156192642954,49.93692784841402,104.62714982086754
230.90335614508942,-5.211273057343654,43.41416188881948,7.483422163607627,50.06798923254969,105.08826412364297,229.10207678124877,-5.9786844749651085,50.52052493041433,11.70316032881103,50.01909674594554,98.18384746867319,229.48020719839133,-2.3652390632622513,51.97030741118695,7.992260759866497,50.062279291208924,99.35014414306028,229.64102251514151,-2.6883510438790936,45.70819282245582,8.839779920892054,50.00335264968605,99.12590775738981,228.94300162118694,-8.435330151987298,55.82744216557557,9.732262693326863,49.95651002481932,106.00142513051195,231.44287292529938,-3.738106558164618,52.341108857639824,11.817726785116864,49.99110421743313,95.1183958618891,227.43418434765272,0.6755366454805783,48.860277405189024,7.078510684092997,50.0759755157359,96.12472155192908,231.84568440573244,5.897765306165004,51.97689097749944,13.237669096723117,50.04818743318978,96.91027311978756,232.16793633585095,-1.3843250692076667,49.83209854347476,8.653174958868258,50.077387654076844,100.30718544827667
228.5197466958128,-1.3506618913436723,49.15845177356072,9.321691504040398,49.97988856817857,105.9133910064767,231.3924428580951,-4.534901416319432,49.1185083567833,6.995611259903978,50.019504729427986,88.18116258310735,231.1396725664196,-7.450110715251526,52.94400408307098,9.236193527062449,50.04630049674828,99.6950851621238,230.04029501685548,-2.4342607976531676,45.83535624741913,7.959898722494046,50.014350664277444,100.98033220499839,230.85900014300668,8.394907623249106,51.84474747013643,10.165504536801663,49.968334819772394,95.16810873668757,229.5029431326881,6.5782142172669715,51.98282654492935,7.677696805379362,50.042140552079815,103.47009497147795,228.07653472204208,3.0275146963987116,48.12949058963221,7.900242736985968,49.93956975500266,99.33054120316193,232.72448261909406,-3.79596824894125,56.49985521409762,12.95629235829417,50.04311864598237,98.73282288935447,229.79736248606778,5.0543220082998,41.14126779362445,10.752543281156575,49.93966185249035,104.72090085202558
231.04023462897396,0.7943400323739445,59.38536210091133,6.109915106611432,49.99593624087904,108.58340786336353,232.80728486140777,4.565720629422307,53.74330851265945,12.580813942495508,49.94828120773237,100.46085585415979,229.94553263536613,1.5082359206873617,37.65171682506,9.00541443192317,49.98545124893262,101.56452034646578,226.43900290387816,-0.4103525847376902,57.14155064070639,10.52618032125491,50.04134007754468,105.00648763114683,231.83888894205887,-3.6938764806267885,60.83288640108864,9.42397517037553,49.980102263411744,98.81321759263669,229.36491898552464,2.074279231183028,51.569348715818585,11.93608489027864,49.87558831067827,91.63493736267495,232.09565900447825,1.7704104815251753,52.15964191235982,11.709542113221788,49.98525781366027,97.22945204134912,231.90583986103124,-2.8928282387806825,54.07111381429985,9.627142797402414,50.01050927101691,99.98002168635773,232.20062722885334,-2.7054339209607297,43.510153843671894,10.493619513835187,50.07440169216745,95.41434573579812
228.88847615242514,-2.1493189979073914,51.42000425663541,11.823354120723666,50.00332367779847,104.3567242951285,229.32611268224315,1.0732307924599689,50.66773039595393,11.207801076363289,50.03365033820725,95.40006076658621,230.03667909859726,4.325721463741518,46.70656334178182,7.843615765396658,50.08271682253469,115.8748915193782,233.2196404027993,-2.297512448751288,43.2363761025949,5.863252278269145,50.002263739479346,94.90190269495109,229.11615059078514,-4.386590989885678,61.18035955126426,9.984303150222033,50.02401626400398,100.08661684448305,229.67277831737627,6.886554924278132,50.090349916599806,12.286776149451665,50.041269540472015,106.5295161602051,230.52398883532896,2.325546884352125,53.15661201777989,9.352211496231442,49.924630550342165,97.56250020310378,230.3873030435946,0.02608303640810208,60.67745470786505,8.952491681457385,49.9810168749331,101.14048034709846,228.62132753905192,3.340334654334225,53.99870145548135,5.990623822532453,50.04510777379106,102.09783706754085
235.6612616626597,-8.33310609168672,52.74468226838228,12.237673978825011,50.041256377672624,97.82868690884362,230.8843179249142,-9.471333570168673,53.29877269110959,9.112599078874629,49.963942820816065,111.0522288043631,230.63823397999565,2.5320389031187354,63.238863144237385,7.672771056786169,50.027317473694175,100.93990481638306,229.5216199245537,-1.5988962387814485,42.71515625628606,11.739392875128226,49.97148609595563,104.68711156153095,230.32777986996123,0.5662558007353201,46.1984706496591,8.705054727146159,49.971107348060606,96.47562995370738,231.8592435899238,-6.049441179312618,40.628900715934215,7.917598161142088,49.85231505739842,105.64822849698523,229.51678686363158,3.501523672501399,45.32800175354317,8.359946489678835,50.10784871085605,108.39045293999514,230.37683693534674,-5.117106281561686,56.93603172299329,9.95511368188871,49.991822461917934,100.4061939146663,230.80246462247106,-4.230926225704284,55.26984782272117,11.83327399312733,50.093488384697785,108.2440081484206
225.90444711767464,-6.662740389057891,50.59703259045015,9.223586025276902,50.06010990824853,99.65563850958155,230.4692155139351,8.680902506421784,46.562042664465295,8.074177775272183,50.022241086424735,92.03966340864321,228.98485967798706,-2.0260065574693855,51.33123613220903,10.738285014826296,50.021823127478555,99.8152766191256,231.42716612697998,2.0880064634836772,51.94934110462012,14.48152883010587,49.94742250730563,91.12945091401,230.3767602737335,3.3878726221928437,47.20106232834652,12.561388716105558,50.09933161291712,105.69922607312543,230.08016136045282,6.740586557750941,45.849717918496864,11.481890373164088,49.93072487189873,98.84782821314381,225.83245780838473,5.653052461066817,47.1619425390727,11.451962732705379,50.01183700515881,100.85894534178142,229.135464655122,10.99994442971142,49.81140993700508,8.940971446845841,49.978772447967344,109.3013863109,230.1796052601276,-3.4959421552191667,53.413809093583,11.477580978795503,49.92288154199736,103.44108541191765
227.6901240637852,-3.2274618377098148,52.820521769613585,6.795171746789778,50.00468731772304,100.51979350496849,230.35480702661377,-8.269812478814316,56.52966353193778,10.607996082067483,50.00167028744721,106.81767025417292,228.7119798234954,3.035326512384946,54.03965196096703,8.603666080384649,50.04769075894456,98.28738788516631,229.75951393615406,-4.734556400834028,53.87992218746652,7.8219683457763995,49.98579395162278,97.15170920845885,229.41088013203478,2.8056473487356888,52.032876004702175,8.60997532789098,49.99415512778667,96.44245499899677,231.72788308433124,-6.703525587748995,48.85583335201411,8.568846014361473,50.01652383376561,97.93580854130498,226.94806647344157,-5.43376107186078,50.73379970126756,11.821690248960927,50.02142072344342,92.2360745416016,228.97028035154435,-8.062895169909364,45.054541131054854,11.968471125190447,50.039061163971084,108.5510550193787,229.01534916893723,-4.598126807664135,52.37590663434257,8.372238233268472,50.01056443551191,106.67561251317571
231.57559298904368,4.386209477587179,52.386709858550994,10.840604225525555,50.09108449082391,95.1956648008755,228.719559895746,-4.021059836833284,54.49543610181976,8.925140024666534,50.00322373703588,93.40832722120658,231.2787818111034,-4.693896571746828,56.04832942299915,10.443271095497135,50.06991569957501,101.89241640551755,231.41323995977808,-10.640932211868837,55.29284732638773,10.157545130827181,49.97163057650797,91.26421202322405,228.8196817586105,-0.26932042669499523,48.854632455222855,8.077568183702525,50.04360318756327,103.06457386080007,229.3520880071266,-1.8372173247687185,39.22402446383501,9.25939893052733,49.987786410997465,106.20388288623907,231.72843530300187,-0.7069650525540783,39.06102586563595,9.115821458034937,50.10440544380502,97.08423536887278,232.25265680470568,-8.615018677074866,50.553454166786885,8.301822520786926,49.95148262185878,104.8871901702042,225.97052935607866,-0.16748551362556277,48.19817871407616,7.541912913855358,50.00071324219554,101.05838427985124
229.64256261805633,2.1620737326809856,38.65566925393107,7.770776545341011,50.07428234373909,108.2398404018362,228.7354622031896,-5.458182290447748,48.709438051456715,8.045858802535868,50.08325345719577,97.09976087990694,229.29782219037273,-4.807819140830073,55.478691261056255,13.660445823972756,50.00203153203735,99.45860540455185,230.1001475522304,9.030164936669875,42.1358089290803,9.156376065161052,50.0287660995179,94.53716240988709,227.90808671998116,-1.3748319552737707,56.610379540774225,10.478615075237173,49.96091442718129,114.20557504941104,231.6327948586744,0.42079957994706846,44.946126677862075,5.470023189826957,49.94637882527693,98.33257703727044,228.02328988093404,6.181676484718336,56.055995334482446,6.630142038642701,49.97143949397833,105.134780948442,230.4893000099547,-3.378624082449402,53.35699150884539,4.520745714373739,49.951912550300804,98.12890771024809,230.99067718016917,-0.5809167039776324,53.78492588711488,10.16731672896407,50.115874384990704,101.74837591018314
229.0615892054794,7.244332424907616,56.096490004381096,9.278606066155847,49.98519138240929,98.48010091473463,232.80266512453764,1.8891492948660997,46.79042320258992,10.49856039057311,50.03803765243527,103.11022943180701,226.48926360097522,-5.1605538017028785,46.601250348989325,7.342636820756486,49.990854539381296,105.45590644541898,227.83164093761334,-6.2053794742064605,52.4655516061186,9.457544848005632,50.008313813538166,109.21284175210108,232.0291233189145,-4.281162575876766,48.01386218918114,8.648363156085548,49.968153343801646,98.34612758649546,231.45424747046013,1.5133162680360777,44.854549283690424,10.491019632688158,49.99847166120596,102.59684455343377,231.2162223285021,12.310450929791335,59.69685638849496,5.0355467571331385,49.99310031345491,97.08141901341622,228.91073386928204,8.797733089325506,41.627727838965555,13.983407162306921,49.959960565171784,101.91283910217317,229.87513115003514,8.28106361172894,58.59500769246437,8.526807152580856,50.01317092123222,99.33783645455212
228.78226874494715,-4.2886596589816675,56.30099018403682,9.762222723153958,49.966607670667536,97.15025542207378,232.60862441222736,-1.6063528528247037,49.190137252217966,10.090054873784133,50.066348074247806,103.71732008645371,229.35734477075133,1.2913644442345793,56.401887179141205,9.02298931195545,50.01048717443592,99.68563295335142,229.39735354617076,1.8099852656175428,55.40452028640355,12.650167821714176,50.04867526188604,105.86127706726472,228.23448795750025,10.568525045700596,57.19505589695424,10.210819883981229,50.002906855487225,102.91775725742097,230.5847980383674,-4.4482429405348975,55.943439135648575,13.794272875015274,50.01851922339679,93.03335198173473,232.11823177436068,-4.47926406661818,48.89054533563919,10.13794785805819,50.01774824746971,98.74533392681262,230.03044708912438,4.588415991981766,47.56256951078019,7.410464231563105,49.957247918628866,104.19943269235567,229.81547269831086,6.246971180645232,52.93743096807238,11.692407447572327,50.0913109930756,108.71938348822225
230.98342874451086,-0.2950366369813824,44.11713888498226,13.019224672095099,49.99143864092199,97.09720914796243,227.72611487240962,-1.4392904829043065,48.93725272379188,11.432859902302221,49.959690862730085,102.92942228265879,228.4002089939257,3.1583145339445142,52.17079684917483,7.4883102323213695,49.93921362437639,93.69845547015811,230.086738527826,-5.470102793400736,42.390157061720984,12.399065697609416,49.98545774862272,106.52307376036352,230.51342393952976,2.1286659643567853,52.0572225846265,10.295775862560376,49.939171998717946,100.587095362053,227.67778627841534,0.5506533848171882,51.66120527704864,10.067769091953194,49.909386838113434,99.18703952597201,232.5217856764224,-10.219075690390863,62.550712383821605,10.242985217265423,49.992736654674935,99.60690325391717,227.5249222182518,-1.473164778535618,49.46959517649956,9.116565037213942,49.94828845499143,96.85468351035148,231.93337721247835,6.388629091755382,58.469383435589364,7.311359016872176,50.04781263363939,99.4628637208214
228.41721584302715,2.5072018106107565,40.58114561581533,10.345583894825815,50.000546244413115,99.31093453549957,226.3847271063695,1.7321162643458423,43.58253464966067,9.037264213420048,49.99971045762456,105.87227914722081,228.44251571109703,-5.476769975570778,55.02588661182205,10.844188903529242,50.01841444293214,102.53552142823922,229.107944034891,2.7253439254486556,46.74304868736525,9.524333094093185,50.04166926679986,96.12462987283571,230.7262276776019,2.5698101251317356,54.574892514029486,10.662636703276682,50.04054042149091,104.31714591547275,229.89271233016007,-1.1814792396584177,58.89570186883991,10.430596570908369,49.96249555039986,97.90153118074373,229.49337414413654,1.8854174544346838,51.6827051875014,11.85825635906464,50.081778769973965,90.45346755302381,227.0749402075651,-1.476756237854535,46.96379912594163,11.15883481101131,50.07435878143637,108.2081476395089,231.1598399187144,-2.5518018701769583,43.8960645798267,8.723473411646331,49.90109492121233,99.92690648233759
228.9083839105283,-3.3954540997432714,48.032206928906135,8.360794228474283,50.022396406786264,96.98399309633812,226.19660342966438,7.195640572319379,46.16657920875087,14.585369699941527,50.00176594374804,96.61789017737796,229.4805622209752,8.205518567434138,46.833624587302495,10.963730337595313,50.027317414399874,98.77426023435419,228.2467611985017,2.689503897751756,48.04331987497154,13.123678504568487,49.966718217544745,95.45167813737307,228.12022479427196,6.236450510538402,43.70885336755903,10.452654191977016,50.079478116656716,92.79102234274372,231.92655813454087,-1.244469542037415,52.04106167217813,9.363795490173315,50.06810339367793,104.54135603483866,228.71946896312699,-0.7727234133441392,43.73719394688975,12.783435218992048,49.98722461947559,92.9570905877987,230.1533581702143,9.914284986529374,51.137934703885456,8.034490364996294,49.99586517942876,106.64992923995241,229.74477755691467,1.4437780358938923,51.22400539992432,14.304753600030098,49.94594137931705,98.23691210174255
229.3385717790448,8.506568195519149,52.41103719483205,12.22171312977687,50.07254368201657,106.3222373408592,231.875921762758,2.352049742437713,52.50043341504056,11.317645653253543,49.99129110047785,105.47523606491905,230.2680601923498,3.8743149740093923,48.449813768951074,8.09995250019163,49.91596786803903,98.79469071613326,228.5404451289748,-0.5394485839190051,52.59190146581691,11.314248205827,50.0956562573616,101.46675740540765,230.2096283604572,-0.9503383185965228,50.71974575085235,9.701227643112501,50.023963369149065,95.81678252437267,232.06235782753262,-1.1142778994146356,43.65828107830444,9.957112513423324,50.03150478598774,101.45328824718865,231.86691917173957,-1.647260470849994,48.753787020559955,9.111940358103155,49.94999413469567,98.01229538715354,229.97640746131685,6.33129600586048,48.26628106062598,9.466118537080677,50.012828388479335,99.53872062101254,231.84111452158768,-0.8563891162856175,46.56669942551826,10.694288651370304,50.016678340691854,106.60893577761331
229.6320071507449,0.7169634387175289,46.413757023719334,9.882506246472328,50.07500471691731,105.71338821766923,229.58718730305466,4.879755650476505,55.752669375841684,9.384950150222302,49.98948218939352,91.25673030586036,233.7095499254264,-2.629366518697322,48.54307827538422,12.64709811719745,50.05199799995664,109.06167458933803,229.15096106937494,4.3962077478221575,51.934028849193055,8.942786995405237,49.94884978666808,87.79390093016532,229.50871220150884,-1.0745166904373864,49.31327087409337,11.411276062561022,49.995779714900635,105.17073217005591,230.6581678391045,9.654139608068766,61.91853825528496,8.537427901927677,50.079354912993786,92.22049181529879,231.04230041143407,3.3916098433570467,62.322724733429986,9.629820007022184,49.994973134283164,103.1514968332353,230.3635271910284,-8.833079642327052,41.91755668527169,6.386089906603448,49.99436822702333,102.11573825180542,231.84632376887325,-8.941164495058265,38.55701840438957,12.620687166957616,50.061909226820156,86.04277398800672
228.7870909032739,0.6960886110105459,49.162688767900484,6.603738697590885,49.964409739545374,105.18917026458882,232.60079483667516,1.945802766711797,49.74429730992433,7.498543878023668,49.93812367608693,99.37135400146698,232.64032507359042,-10.255922563034805,44.635518146781585,12.060374859429784,49.967281823392085,103.2119033429913,226.6119513713813,4.001020365063821,50.338538553246984,8.651116468755035,50.01383811430963,103.46641824810665,231.29293679948162,-1.9412011465858436,58.73751538702224,11.61311271257244,50.01940086375647,101.57715799391619,231.51242999184007,-9.162870401981568,50.09862678884833,14.21130788192734,50.01835704264468,99.94378977089947,227.72677778898955,0.07927166689524459,42.3986410251791,11.707813320048498,50.00947495798314,107.73850734065987,232.80138461803293,5.683399615537605,48.39860485857765,12.102920191160567,49.99950334035799,101.27064633476596,231.84068640924292,-5.5148706939445455,55.15380715842461,11.881857058876598,50.01387591601478,91.4014480042758
229.68936396764158,-0.05515845129690192,50.99105071447064,5.1469544927360715,50.04437992657847,103.38794669281556,228.2470142564237,-5.467099908319989,61.146164981058455,7.878145779306166,50.023953719066604,100.68060245005215,233.72454725056107,1.6748092753181931,46.798030687094744,7.557275199059834,50.019790272698074,97.14561618601498,231.9576260470806,3.0808586592698455,53.32401547861643,10.994599905151851,49.93904761613354,98.73423960824609,230.74478552623617,-1.45514426599316,47.19120287733908,12.401096754332691,49.986881235647154,101.09586037015397,226.90378487818433,-17.18391527437036,52.87440535810078,6.674784017666072,49.99152697043986,100.46202001806728,229.85700015837395,2.80861660683649,50.44866540997718,9.943005549098626,50.03788063524344,112.36916113205659,232.57796166882994,-0.8409043606806748,50.722399148954814,10.385867029277696,50.015191231297514,97.57966169538477,227.1363008897907,-7.473202521201299,58.4811367426234,10.740741529194423,50.00191378145499,100.37494351059465
230.468672088456,9.45548936961495,48.364521748595514,6.732841988041017,50.01632289204936,105.47507454314488,228.83330975094054,8.925217532636548,48.76962128222352,10.254806579778515,50.0380686753348,107.16247603300236,227.54451551160432,-1.6112988904153118,47.12711148791585,11.91478658696873,49.92752788631836,101.3050198998104,230.42957880034305,-5.603922735713063,44.36589587945374,9.832284286110593,49.89815192048229,101.69740212262855,227.79471162723402,3.4858029283992704,47.2331824846359,12.557120914399002,49.94281350626892,102.7077953859368,231.7407305716853,1.9802850403045178,56.08285786624445,7.3864209167256325,50.09721150352138,99.14165335748572,230.2416672100437,11.311730266293214,45.48222431776961,10.777237926002455,50.00826904957398,94.81035958668946,227.26767000185103,-5.936951722331267,49.19061468634403,8.03403201431831,49.98760020763034,105.16182957866195,228.69370041828927,-5.106385991622461,59.83792563465198,5.783676265209656,49.937979986876854,103.02200921761984
227.52353411103996,-3.9995072022467437,53.70570386325665,10.912219802266991,50.0964093711996,100.29605225547549,226.30952190598913,-2.521468882018399,50.934012034438716,14.178755908092986,50.06684995164669,98.71160744367042,229.86745842714137,0.7958283234471613,54.80379784010584,6.272553518958963,50.01825313156845,101.8273404520179,226.60660495285114,-11.698648185028613,45.770889240436325,9.373308670941261,49.95474138613331,101.11603609716714,225.68051552613588,-1.7016330153633445,51.43731500803066,11.557546697700987,49.97411431295648,102.29460634801322,231.56444046016887,-5.538770932861102,44.90007989364591,8.59964137169872,50.04584551736102,102.19942802115942,227.46662290172503,-2.1689716523984828,50.06051538429961,8.652351036668204,50.06002244063638,100.98450837305836,228.8474110918492,-2.96255149712996,53.93906423376607,12.191184769536477,49.971126623215646,103.53487223255037,227.9322393119254,-4.1203982929502745,46.050702925306936,12.081771315289151,49.94149330358627,97.78654475594527
229.97167941295277,0.906224014817722,53.39026822968583,14.938808656875112,49.99705680442534,99.36676353220778,230.7287225806846,-0.7335891624098154,56.61871053655705,10.341665749940017,50.007952567609074,108.54120669854521,227.55482166675128,-5.903812216777569,43.78160206570607,4.159812760846579,50.06017789060149,103.6522646919464,228.95702225073904,11.589516811938832,48.1605161310452,7.276649193560396,49.94932419632497,95.93674807146974,229.78378013983672,-7.7981792731310104,48.79532481357839,12.324787319338386,49.99823915411705,102.54964551777377,229.39161370628025,6.808038905145696,51.77924381970535,9.718428293544111,49.912593630758806,102.94746033099747,228.71739622789175,-3.952437306934546,44.75179978068526,9.11391491943807,49.98673024273163,103.76255110387814,232.68291597435876,-3.432514806677492,54.825727493581155,8.795298453222161,50.04171769453824,105.24144174611021,228.84100154362386,-2.1219914392496495,52.80728660970556,11.510198864662481,50.10605676068534,101.14763436543149
231.5446108932529,5.975250107175923,43.04095430884597,6.206579486727083,49.98314270731797,89.24379483927255,229.91799386799752,3.1098034048269274,53.95723438231889,7.303146252332034,49.9999670576495,104.2520248894374,231.0303123847521,-5.424463832157713,46.72348311708547,10.353489404067101,50.005635357672915,87.65253832245135,229.47990943595065,7.851909679545715,45.51031751052411,12.023282048643114,50.05796679085219,102.58975181253082,228.98343285681668,-9.725658020389746,54.31313996239218,12.500002331031785,50.01917342038764,111.15140679222976,233.27212982001564,-0.36691407470604365,51.963158678924245,8.953388076213198,50.000927226356495,101.53483642229355,232.19222150981147,1.4093524568897715,54.92957239147085,8.380984804075966,49.96564622602312,105.04695124455702,227.30200648255,3.194645691656626,45.415361155383515,13.37079350354329,50.06916474960416,90.63874891262878,229.41570466294982,-0.8526177414091693,55.73703759353371,8.13267822318521,50.05164507805223,100.21419401468592
230.67505816344067,4.018475716519207,50.40571387246692,11.315365023269912,49.89171249676504,110.06018718470582,228.78660634368387,-1.5134845564104893,62.04933338519215,7.516044118675787,50.08489440925425,101.98933531764197,229.2448695807033,4.855044513204886,47.36383883581,8.53129097714864,50.0202660526277,96.04472391959173,228.52799604094272,0.5727171491479349,46.33429720583549,8.686018498753755,49.97144859235127,99.06113119467476,231.56065932899503,8.636292168953316,40.17949241827648,10.777041896342775,49.94762548390355,97.52454221279017,228.7691217260084,3.4117239455039,42.305618515692835,6.413450585107584,49.97504046551096,92.4595035827303,230.2887824859629,4.25930374001171,53.28067700011433,12.50571954273358,50.05895504593734,102.1368209299957,230.17788164197094,3.2261639418970405,45.54488281776084,10.648639550716387,50.035741476810095,95.05085993860675,229.95541233711378,1.5517691961279065,49.75043219109386,11.112382951291808,50.023908917007454,102.26957604950981
230.81853102475833,-4.225737223219131,51.18620192062317,9.041315459124167,50.03866589935894,90.7220418611077,232.88946875410673,0.5220352182139683,46.936367771656606,11.971996039743818,50.00893829400265,106.6803612460841,226.82799287125647,-3.808559430838189,51.85359135341415,12.956848218064453,50.054316798577354,101.71756657237337,227.22070675176928,2.0160819768684233,51.24945836410662,10.87243304559549,50.027704126534765,99.896745638717,227.26852225220247,5.712840524036413,49.8928709721076,13.042951351431721,49.94981770465583,99.70151312681112,231.37329754008863,-2.3549895355609185,54.28192502549774,8.402191948756498,49.953739851381734,100.80658428788962,230.41881388191402,-9.793087037104238,51.55815265894591,10.437258323799828,49.997624348397075,99.27975273226161,228.04712579564244,-3.281802873885915,46.18707145436054,10.492053186890386,49.99877667965449,94.41736171992358,227.63881473694624,0.9357473797733966,44.11137567318032,9.611785195820286,50.001107106249336,103.00075346806472
229.27644883832804,1.51159493969513,51.34651412364651,14.675578078446705,50.05136349914928,107.15999186786831,228.65255308330745,-1.1930429881476103,52.77838490091462,8.325386204548568,50.040160518061,105.49004816775192,229.2213348572447,-5.877907351837242,56.164283237984705,8.665589465310589,49.963470906707165,97.9144486445733,230.63193173605762,-7.951948280640952,53.7478363416711,6.020365590044603,50.0636813024627,99.54571471299045,228.92618177609756,-4.846004374364497,46.96859597503553,8.434469364131596,49.95939971609389,94.14216358264295,225.22530725852337,1.3268507738994986,50.6800184448027,9.078410797368193,50.05747272613179,101.77777152954532,231.311651909639,4.040704986195779,50.98071288559498,9.064463982106181,50.0051872735456,98.99286781437358,228.24273115338676,2.60746880328509,47.63920209756887,12.303355767270576,50.04360213810408,98.15679545625413,229.05494991928052,6.338959057822703,59.76619306037,10.834098465348172,49.97236762492397,101.83995367071437
227.87623402750194,-3.079893660114365,41.275013540266436,10.348443806402663,50.00939752593725,96.78450034138372,229.95119556352824,0.5113553539656955,45.112029215016854,9.398030175017105,50.05930714248185,95.8782349725768,224.7050622468013,-2.23409592914006,50.38264135576632,9.501604413010604,49.99481883265627,100.94120925160695,232.29090310526294,0.48279172214346566,55.250428385723644,15.030042188064424,50.03626556123165,91.85638279018201,233.02448148036336,5.642738563468262,33.22532613995493,9.898437096877762,50.02610199657822,106.95616423893166,227.48140731272034,-3.4636046787992063,44.75401567086179,12.215704936117298,49.99327667856334,94.68374844315427,229.80158906650846,9.010851214223422,54.230641679795916,11.527514541581288,50.01485583524607,105.2880517462043,232.02113370940313,-0.4487757256924204,58.75828799856403,11.866115223128107,50.06318105830731,90.44238211513363,229.9486336708483,-4.974869840749493,49.15666606786636,9.347737208955708,50.012589038871624,96.12577524441733
230.430526588415,-3.04952526440673,47.64221684936514,10.163693863005895,49.932821961445605,104.33115516737251,229.41605489949112,4.770985477302392,43.314517482811326,7.7545855443037395,50.02487097054369,96.17714207938542,232.47502280846373,-2.9845862556176908,40.84817660555681,5.392947718797988,50.001946528257676,96.09676643034817,228.6049294818531,1.7477453776322323,53.17527561125727,8.216062707354215,49.99342967058077,100.5888586173172,229.81308202704437,0.1741383718012188,47.60448840893496,6.855127649125658,50.039503243108804,102.33118811770683,229.7229317175384,-7.621661501854701,55.93009016803272,8.586061542931738,50.04419031985739,99.28789698788555,232.3456000538351,-2.8644387564637737,51.32276873276982,9.135119053023388,49.95061836589109,104.44353466089538,231.17340979546498,6.411571280529575,44.560902228057586,9.228664033551603,49.9850449549476,101.01877491437138,229.42218108889313,2.76532610922371,54.5479888285988,9.435247156922625,49.96786759666319,96.81807505634502
230.3558294280281,2.683089283385132,42.714046467501646,10.329954442696733,50.05729521467794,109.84895490639627,229.7588484500215,4.048958643683603,48.157789662396205,13.003279553198649,49.998591298760104,90.787877305009,232.4515655001647,13.958477156576581,49.545799431180924,9.021758968088498,50.00840008179027,98.12673449978257,227.7531998557528,-9.49544017502709,43.763564618348084,8.76019530494315,49.96369525590378,95.07279042583396,226.58107751891743,-12.044373151189529,55.25898703738892,8.450772957278573,49.904161929264596,106.72416479403336,229.91101787363957,-3.277154408435348,46.00656450926063,8.75574748059996,49.97683633916349,97.94440186022987,231.58988300868867,-2.6462516159046343,52.95558666256223,8.525475079101172,50.09903127370967,91.80146957666828,228.15545774802655,-3.076733242282071,49.37273874986202,11.551072397313666,50.029493756228774,98.41337151200315,228.76635607826137,6.775037828550446,47.834355537980606,10.194727382529004,49.98467039230174,101.1274213522626
230.3095053092502,-2.3244971375656913,52.0967833662909,10.001465678963054,50.00357311675854,109.30118964947938,233.06129179438787,2.251301991310611,59.72194192127748,11.000332277112117,49.920093598224646,101.54654845350744,231.8945815732289,-3.1535664167754245,47.62843572611587,9.686587795546938,49.96871800571886,104.4404212514604,230.8543903131781,3.514909891526212,49.651979447772256,11.94970344569509,50.04847420398831,103.02497028034612,229.9436385158987,9.584409142901954,49.139111668667475,8.509834636630632,49.98611139495733,96.56220398488952,232.02231721655028,1.0781308853217728,41.4205129118637,11.121342079233042,50.075522024098845,102.65344700778138,227.48915651874157,-5.411668393138144,52.181818854459735,7.005540014825119,49.939027522492545,103.58002903710343,231.66111632995168,6.239823240781476,52.38267592023159,12.905348794563253,49.99687078325195,111.5315529922792,228.5476130612147,2.2407105696939746,49.771349851814456,8.755889532360461,50.0136018662716,104.53511091741755
228.09662419104083,-0.5856698260669208,50.843971550836606,11.371841155609202,49.98532796263758,97.07657589687805,231.148859553578,-4.41192833130828,51.192085810980544,10.688656201031934,49.96027766452534,107.57774232381357,228.25805803118524,-5.5197074680767155,46.60675373301626,8.779818782241458,50.095209600871456,103.13319718866923,227.10824921327412,4.212580859940653,58.77842479308411,9.04152773439251,50.03477638285185,90.83268188012573,231.61902522135145,2.077286720356832,59.93040192567328,10.996046866746958,50.04386751209481,99.07777334308668,231.58258808682282,1.1910155261429538,54.62130044845534,9.923608665830994,50.01427928755154,91.6654778340756,226.83543182486054,1.8891910036427713,52.155212164667624,8.384012667841917,49.909822318974605,98.54609224438528,228.51500436325807,-7.179073752655621,50.75985469649401,12.200135844956195,49.94830837157683,102.54838956006637,228.21079415412643,-4.466141453386625,57.73465492786005,10.338502287761894,49.91410094461525,102.59052273932922
230.0374240406177,1.949587765298588,57.38529220637528,8.384965215505188,49.99262057746571,95.62081610415812,233.73138861831194,-1.4278098158510975,49.23546540655699,10.011075587937563,49.97692730979003,107.01162987353013,232.15819893890432,-2.1734346966074574,44.707725043206814,12.055216201589449,50.02533312725424,97.9543121545923,229.8611112449389,-2.750038755956271,54.49054701575596,10.050293200130884,49.990611515394384,91.89991827230301,234.8086084964266,7.753078314766447,49.482346689324565,10.42826250644008,49.99379532614285,94.25260972763698,229.3650505139896,5.6862803332998855,53.03990008940965,12.029750833856614,49.962301890224474,102.14310103941801,231.90711592166227,1.5044860822201114,51.115873197749934,11.257114365642142,50.03004234715344,109.87670446972072,227.36887142762035,6.93645518916367,53.69358780860684,7.942113854017516,50.00779838891433,97.4474554339922,232.70925912165075,6.104277617309268,41.54971606933049,8.087166420116866,50.064378761101764,100.21916672667052
227.43366568411525,5.867863290149565,55.93828551908172,11.11053846944374,49.940709864218846,98.51294581770694,228.44878687844138,8.027616597921448,47.186703267850476,11.358562047976962,49.97969519290603,97.71277741894652,233.116907375128,9.679602085475203,51.08780781586433,8.197548629157449,50.09161197973324,92.76854770646892,229.41521299202265,-3.2042710497216103,61.23174255384595,10.382217790771884,49.93895722285875,101.8554498472336,227.0821315454228,1.0784692032783196,50.809728606277446,8.477991428827284,50.064132932971596,106.1175844068962,233.05457968691312,4.191418178484206,49.677347578084294,9.78114423716808,50.023741377765084,93.05795213541803,228.50797798297677,8.38739288841291,50.32841389536787,8.26569057827636,49.898273511790705,98.58732230024572,230.43041480861424,5.666721500234948,48.93241606457353,13.947658155081953,50.04396336655498,104.07273450314186,230.5631441152946,-3.6880792838820122,55.48453948155734,8.845319886280038,49.9334007034021,101.86762898673868
229.19291143696486,-5.486834006565987,50.45639833465801,9.723764876772004,49.97937586442756,104.16363283927048,232.48201339826028,1.1068453044075874,54.459007517209436,13.052495360545773,49.968200183571724,104.89174801692269,230.78957640297514,-5.016472397342342,45.34524925228213,7.569559609577068,50.00400928430296,100.26378124040161,228.77546541594702,2.9593577583066115,51.5511200004784,9.613572171873466,49.91690826209663,98.3631355941418,230.93929768871538,2.924983998182392,42.97429751449858,8.181555454570848,49.88282403027237,107.06962510994894,229.66493977606805,0.34531328016260193,37.577237886736775,10.351686935989393,49.96796884657679,104.59175067429015,229.14939142761764,8.538368512165615,49.63560394428227,12.150151597864838,50.05686903978841,89.44935404088801,227.41341738667202,-4.922328327898148,48.204505189534,9.345425384583097,49.9513518496911,102.34868471995401,227.60658687263108,4.110844654811543,46.36918580451163,13.312111574850677,50.001227678870166,110.65619177589764
232.53519245293242,4.463374007927861,53.53788084256808,6.098194158915316,49.98051638732463,102.80785043258815,231.25395099846267,6.6776462454882655,54.61672696260189,10.187724430897525,49.957806991124755,96.69025024998352,229.1356815447838,6.849327725906526,43.56057330555403,8.49179188014978,50.000611071773406,91.18991731883227,230.88291474454002,4.668584161037194,50.10246591275389,11.510140345068873,50.02547417483388,105.93835774974949,229.20463774842906,5.532041463667942,48.178735037850025,10.758496584248514,50.047645845727985,98.16498882779611,231.80458658675667,-6.531066502445338,46.832940646474015,12.122022115876508,50.01094197298401,97.12147754368073,231.8623765226718,-7.7143870483013535,45.414530423655506,9.067974668346166,50.06033809658804,109.74036758568572,230.02083725027066,-7.319892642780578,55.1348298382812,6.3482537854435765,49.985142824227204,95.2920301614168,230.03543094835484,-3.7698954609701696,56.040722900033714,11.232820341917341,49.95754851672329,102.47446388590794
231.2016406200977,1.9826378601142536,49.57190490101849,9.333224201275977,50.096462442245674,99.42461314843003,229.88797085708282,-1.3430887713611215,46.415462564166475,8.575318944391043,49.90829180090503,99.76401618579374,228.1553521012618,3.0427218908238345,49.91685329975328,7.242289254996471,50.02451695447687,98.76250453772467,232.47436936434278,-2.8254098068845783,54.44216199553346,8.59965950625673,49.95910146421368,100.39493627775461,228.43849034676913,9.866566617775263,40.99792946530634,8.42105179100681,50.04796959073295,102.66662880376921,232.2543043263853,2.9896062005526387,54.08975943079077,10.991761785268334,49.99179758684325,99.32518634732236,231.61351209674393,-1.1717185366411724,49.799356628266196,10.417928532161454,49.99318009988391,103.84930490256077,228.91419908240596,3.732036342195495,47.22644715113058,10.804972896104191,49.94916668330861,98.13419008344985,231.8241404634769,4.052251784552345,41.15299154683868,12.756737548500661,49.97677185847551,100.25748447773888
230.39846523732777,1.3063635276450496,49.6386889068447,8.788465706611063,50.04953024923933,98.46950382167813,226.4415361237248,-1.5424542691993457,56.63987204407106,11.587226870207527,49.94554368587915,98.91975337245854,229.1419991308619,5.939610589533859,39.43094264688472,10.182353698294015,50.023040659106734,107.06431666204647,229.41928619501996,1.5694106275611985,53.0663253296262,12.71867918187578,49.963381260751525,102.70061775412054,228.35310112431608,1.2539263110696552,41.32829572361329,7.603423013755201,50.02834617668019,96.84214970791923,229.24454161054078,-5.900676267236839,54.15453971272496,10.43755426711813,49.92670367060791,109.58529327822346,228.51728127308292,-10.938707193734098,56.066428647759565,9.18651411214783,49.98219850712407,95.99091408678188,231.49807857578625,-2.018950078943712,42.714641325804536,10.282317123016888,50.00026699702091,101.64040383236691,230.73527878477347,0.5448353120950734,48.8442636611984,11.198257705278305,49.965442254884834,100.03764651275874
229.88364760508802,2.4329187132950394,47.40006000475975,15.25340791538097,49.97906558659798,101.8037605083849,227.41002416108276,-0.3205203719238434,53.7532903739071,11.877707730026973,49.988211276666625,97.54657138209147,232.3746520032361,12.277926636259783,52.64136448015493,12.318959627189201,50.0315903516876,104.38953534996983,230.53447033524398,5.607899628515028,54.832709952716165,9.728053487427252,50.01947797529552,94.44120307003851,232.38331137273565,9.464883070081406,46.40353988028539,11.764029788209196,49.917356440901905,100.20826079945536,233.72823890637213,2.4361321023577447,49.72768490909177,7.837236058118858,50.01703737139082,100.38428014092581,230.24073479764215,-7.588106609700568,49.848007448234554,13.2189670050928,50.041140135360536,94.00997335323812,228.79871753445963,-14.507029295226186,56.91687824954652,11.36281557161483,49.956384309374705,103.694308964135,229.3266197727263,-8.510392230219932,51.875665922759005,10.363733044293879,50.04977874265924,99.05076968070205
230.90510890029938,1.5897166754099976,47.599541795339945,6.321595338227759,50.05721229976847,101.5802543628108,230.9216160914725,5.816197273111979,49.885685747235165,9.008130096847339,49.94781162473906,100.84168008652611,227.54858875039977,-3.2792954636872853,52.422956618980194,10.076115393823804,50.115710752839355,94.18643344481157,227.62612168186806,4.3014628550530345,51.74889921698361,12.866534257560472,49.99352573894791,96.8701022206232,228.36927495532956,1.0921224530903404,50.41120923178034,9.465598257128008,50.09105706088607,98.22061584791327,226.84110852831904,0.30054870887459406,57.56904061970374,7.909246876582622,50.061354488832485,96.45213710044979,226.38922646371736,1.5683891868842572,42.285956033301595,7.007968762623934,49.98851840540122,97.29325057181384,231.10358882765084,1.3413463585214072,54.540247048346735,11.71156797381894,50.023537792761665,98.97599039763658,229.53411261988163,-0.7907724225546341,53.34359241927797,10.302742696007396,49.9592389276431,93.02881589765586
229.0361532096277,0.3413201494162321,45.42555002166984,15.648627629467054,49.95273879405333,94.38597005522827,231.7012980430282,-5.447109672718328,53.23695233026771,11.571657847310743,49.95714632218,103.76406164150653,226.3181421654116,8.314742323147083,46.03216795405791,9.295728932919543,50.07598640698643,88.38867937357664,229.34318590012327,5.904128050640872,61.15201100044211,13.668290831111538,50.05324505134882,107.71069806801258,232.0889597893871,-0.21264403020821843,46.307949298958235,7.022681550579463,50.00032637844561,99.29232571425204,231.7743894527226,5.113524987994317,49.17129414411071,12.648653397108315,49.996739252067314,94.498443156878,232.50449894814545,6.694350050120706,42.257222359339956,7.514908402284716,50.05470996448539,92.6798931614781,231.33804110029482,-5.645967249787405,50.53753834009173,11.346545468983845,50.07055093662049,97.08535299240997,230.1084758863097,1.158723543214016,44.70725320093881,11.256384503704098,49.97018628424826,97.14093155275668
230.90405768415437,1.8364854321865944,48.535057314300964,9.36534048737306,50.04431766283485,102.35457019394967,232.15585447136758,6.289248298497684,49.65725492811701,9.565198909204229,50.04254701945728,103.53360496830058,234.42516262150747,0.12062892145798285,52.503079066962684,5.449103819744362,50.04341904566189,102.7642087279396,229.63520218238938,-3.502773963408483,47.92090403930482,12.350552072260747,49.96461157114151,98.04110636307195,231.4544817933201,-8.254358760275553,54.49779874463934,8.794045496369476,49.96626006583983,100.85625558987795,233.20779024943093,-9.046468301467907,59.31919018003256,8.736725872543914,49.96259207343451,93.9394090814946,230.2472431807056,6.816113040422536,54.539998290038696,8.389757612510227,50.040029264276974,97.987378508626,231.91504169727855,2.4554577095088614,45.06294342336998,8.938696555576453,50.04085603089694,101.49452970493948,227.7623632219752,0.8124008650691739,51.69915202344282,12.1570903916713,50.04000021359546,94.69622515219378
226.65346814296174,-1.253816527286809,49.40990760067115,13.166168415442225,49.9017495693944,109.10678208255791,230.9017901098557,-1.6570213365522788,53.81906307265696,7.433985137837709,50.04377079594083,92.77303868623456,228.3296792196728,3.7274884960395394,47.59797800409785,7.38578982617927,50.06988916745162,102.62806231618639,231.82595389448622,3.3135893104515803,50.93579620316716,6.150630785673978,50.0337006718961,90.498263555408,229.696639267346,-1.2597120558545871,49.662962738555414,6.255783808851566,50.00647445684129,95.68454733048367,228.62202727711175,-5.459716738776348,55.022414394465166,9.19911747500945,50.03334028190063,98.111665495538,231.79439471804372,-8.63642747892354,47.58174498898326,12.371773847037671,50.035682559201895,103.62315977275622,230.10013551152494,-8.602795129889987,54.77119591603426,7.423797427142404,50.10213040789879,102.52867030417849,228.78153757772566,-3.490019278827918,51.886565071797804,4.810112347439921,49.949179611449466,105.50995189782482
231.36365837946104,2.2455785586924204,48.02604131623643,9.893468178812494,50.00594278169275,107.52322161219175,229.98571460063178,12.388629092448147,51.72318029453651,11.168289265238528,50.017149660067666,96.15092664285535,230.46081155651345,1.8084433260396928,56.564325150152314,12.906278594067977,49.98784165723904,105.2615120369179,229.4155485037458,1.053654601546591,57.982427901532354,9.229633036843497,49.97596898114262,97.77454996983812,231.70419028940515,3.3764532530796734,48.4820974879739,9.180610020113676,50.011627249315886,99.72702914507221,226.46465513934794,-5.777779752505082,49.14912106256833,8.878635765446697,49.93427614084942,101.31932394734429,230.03072531486697,-3.1408918244623782,46.916370298856414,12.930288418076104,49.89086189179259,102.47254718725517,229.34016416303422,10.100265511662432,46.446073247703744,11.226211799614054,49.95244225910308,93.02963283254144,229.26944270777992,-3.253874443514588,50.27399377409213,10.034284848516988,50.04412208579327,93.41879113674818
230.39088820939116,6.87255278972253,49.354144358574835,10.036006076885249,49.908205244122776,92.83547267896846,233.34675419215688,-0.15869024490032452,44.672924287915095,9.41476815712466,50.081807351987834,98.88974129546884,231.2519203695543,-2.89980796898078,52.60757511915322,10.140309527190873,49.92032362567078,99.63753097682496,229.7787828707978,12.96445648041918,43.25371223305563,12.027540077901829,50.05063999117542,105.42582217590807,230.9512269936948,0.42853166373420376,36.00419311387746,8.783302580905229,50.000219499894705,103.2076981572695,229.57082694992073,11.898780400825572,47.64315812656009,9.050805303923568,50.032934448734586,105.5898822470296,232.7631150325963,-5.9430907476960115,49.861162345236906,9.84771703517544,50.06483069825075,102.12031672217577,231.78684091735138,-3.5178285650068224,51.26541451161046,11.503219638250718,50.065861319104016,106.86302628407344,227.39218077630534,-1.8067343744674083,48.98967159896673,7.201534176595823,50.022609738620005,98.6896239857005
228.08335277883236,-9.123485998760664,47.758136696857754,10.906046153782292,50.05983286763439,95.81999043812439,231.39884615067254,-0.3928439716956331,45.528639011971705,11.26058035983652,49.91804265120982,103.44954720672933,229.71400557079508,-7.296053681730856,49.471617348405466,6.99724528936121,49.99828575131339,97.08344636119499,228.611001190276,-6.429873642945777,53.78029854070077,12.723806983662866,49.96552530952611,99.1434742257046,228.58003080622734,-2.4375822809653043,52.79683489950267,9.520904191894733,49.90928355188334,99.24627829948616,229.1932947196335,5.238431264685699,43.54031847899875,5.083019844326813,49.925388933463296,96.84708470925736,232.13531569159414,-3.199113490221408,53.38631504179972,14.554020477078959,50.005064679554344,101.27359160107606,228.49653166448994,-2.9494197964295537,45.81847220811572,10.668153824792958,50.01126836379576,95.0653631915959,229.5821650965687,-3.18406375432829,58.455408893985975,10.071511829577453,49.99394846362335,96.83837878302683
232.08429693942628,2.467740674491338,48.11675186875075,13.573185774999374,50.03135607202828,99.77892260575408,226.65003012321395,-7.208283503986398,48.59211686349201,5.8344811771760625,49.979339454394214,107.06743143399959,230.98963108232653,2.7822982613983305,58.32915710402075,10.831301373785664,49.99936086675661,114.06658837624258,226.65082820553414,3.759176882303156,43.36029586252807,8.852977749368925,49.98397664147451,106.527798819642,229.34795169577652,3.779615024193998,53.01196982128542,6.692299215287608,49.973136317811516,101.93390354413455,235.24157335367855,-0.6019825161000556,53.562279656514804,10.653958024317554,50.061085794856616,92.22799787296763,231.44432710655872,4.95173138551502,51.25353127864986,10.611601267007151,49.971442411164,92.49788573231685,226.43794979925244,10.980024882492142,55.064603639868594,9.435701885676558,49.922992090100024,99.77474630144066,232.5629538834745,1.1543759389742922,51.956922114579385,10.459644702198236,50.09926250021764,103.86284963582087
230.47750544960428,3.34229527760638,55.33339982510544,10.234022928819385,50.0440028608482,104.6473584739356,232.76805575676926,-6.631583139085128,50.944359680014756,11.02489455464578,49.917306207683986,105.84187924176537,228.38292536527277,-5.669791656305232,45.32136691027962,11.364653329088581,50.07517597866758,105.82756468622765,228.11799780251656,-2.5877258975384745,60.535000678467256,9.927092846551409,50.03760332144551,102.95173187915034,232.4895803027661,-6.857898743643699,44.455623964259246,9.86002154427923,49.982986351915955,104.80649682611535,232.51772489858888,-4.920739459245002,50.83027364572411,11.3413603240345,50.09744701805813,95.95974518046633,229.60251402527342,3.7108663952557244,59.29484971781144,14.260136493894963,49.99982067532615,105.77425665329267,226.34314747830803,1.3638529255313603,51.30295773716644,5.316400822743963,50.00021624760641,99.61583561557224,229.90833907433566,3.00730200627833,51.240696330235366,9.26716528732141,50.08975341021667,96.49792985220235
230.92467205017638,-6.780913908982206,54.37754310220854,9.146631708235708,50.112573245984905,105.33794533778227,233.4439224785323,-0.5846733761839076,50.68313839931017,7.477157839639618,50.024919880111085,106.22708791992635,228.3529723323178,-3.2233698203855217,52.9115068152751,9.846616621864468,50.00078272514766,100.40688795473888,227.23201086553627,10.572640468396612,48.96660179596799,12.359218176470467,50.016871130761885,98.91359736675727,228.63038538685313,4.834434274810954,43.20040338060451,7.086575535669265,50.02563013538556,105.32075898091257,228.5730745031104,-8.996870925563082,57.62697572496665,9.864531143301589,50.05562311359,91.77655698463803,228.01754643486615,5.616649825876506,55.267139825716335,11.448905930265527,50.00795040338975,100.02732127352816,230.80552561460115,-6.460954585422027,41.484418523359324,9.371371177109753,50.03082738658518,94.80960137017645,229.4176974558949,1.1572857246172388,53.68816555140225,11.390870812502694,50.07498976411523,104.34274815224848
231.59573503540287,2.1795506486958796,56.56734107024056,5.149499378983069,49.96775326171528,108.80868058787263,229.49027981318636,0.860975678228934,53.454348483068316,10.382723132744863,50.08407790715323,100.9974810421563,229.3719969896175,4.58878830243928,50.927819146433976,12.534028938767278,50.012004944195084,95.60163130896153,230.19001778455984,-0.2872491872560169,53.72553555133301,12.259047147804338,50.052637029661035,98.34814326835826,228.47058411150442,-1.4979553703504127,51.97241205991308,10.190093332750944,49.98405374963952,101.81638084515687,231.70648623172886,1.6939755311502487,51.55143114204404,14.41576557968532,50.030881951342224,98.12929340337409,229.40405489204764,-1.4812069962723176,53.863163062529715,16.72702980649291,50.05004833653329,101.40983512908026,230.7118280568886,3.426363081803156,47.222078934320486,8.415592013890912,50.00216622499322,99.01281770794785,227.21731821167364,1.57530149246366,51.24676098304751,8.564763969263094,50.00651591844273,101.71005148559739
232.30131491003618,-2.103764442673866,48.38431061803209,12.044064677691104,49.99148959899754,102.53695888830883,227.76808654917235,-2.5052852183135483,41.492933943080104,11.898523308012962,50.06447486687127,92.27116397788573,226.83350557865583,1.005061111785597,51.6176480359534,10.384909655088812,49.89678636728385,106.42291378106478,229.6956859969625,10.468315241858244,42.061308321153945,13.186735617839577,50.002176475424456,92.12013250449763,226.8489196541431,-7.132738539530949,51.1912253961593,10.385091555712519,49.945727233788475,101.34882186295317,230.98361633120862,5.123853133825821,45.783430755199944,10.832665726496995,50.00359395168001,107.28329584377518,233.1652120600477,-7.220302313552538,51.35000529051263,10.614710845880145,49.938275753948396,100.24554911610281,228.67240260317897,-1.1025286968201748,43.19186443078371,6.594440304894018,49.98249129795157,109.98846758764677,230.63171256183173,-0.5231029815247966,56.12230163715525,6.996216139097669,49.94082245069044,100.95660060179603
227.5260199321564,0.4221399641088095,55.331259168079235,13.313919801723443,49.993562927582985,98.62551720213183,228.20286107959294,3.452643543300253,54.830215576576784,10.458900707804174,50.07215230683081,97.90916008632746,225.15371574946002,-0.8072585838819885,43.83484217048271,12.1754712055738,49.966588993590925,89.01888327855988,233.19117844228435,-5.551013857170891,47.73578303377415,9.914594960762887,49.956236620661834,100.9677107433261,232.41478181374148,3.663190253999053,45.06505144041097,7.656214580815823,49.98487318532916,97.24228116767168,231.0195992742823,10.911984904071328,48.15811121711234,11.04386565397184,50.02346647922482,97.27613863542405,231.1845919287681,-2.3027758024831955,37.40045476764337,9.93280548473814,49.84559998739449,94.09498260848483,231.13848425043443,6.673637391656612,48.20799317355121,12.727709784269459,50.08737353162565,93.71795206157243,226.2945664444513,0.8852603085317406,54.20017880822305,11.980192814745612,49.972078364172006,100.56325029570978
228.87466582216365,2.5222567831567084,48.74573215908092,8.775518976281925,50.014543613039905,90.84401405251175,231.91992901984304,2.35461066851937,50.81214524189451,6.477554786107591,49.896688295333455,104.03179930603271,228.80473162974766,1.6630481077310921,44.72728971516137,8.655652339832427,50.014359088958116,93.76407040289703,228.52478968873405,0.12278560139626471,54.45469960021898,9.438276940003586,49.991612243090536,98.70657055977998,225.27664430939257,-2.2098143736840905,46.062030512579334,6.825527648214246,49.8512266883606,97.07226317792704,231.90902580167398,1.362351303144398,52.29608223393658,8.284643595225337,50.02545164235027,100.54361969371796,231.62796485297056,1.0695138955238146,46.916023495391535,10.987888078477406,50.08111163464752,103.44104635015643,229.36232059420436,-0.7676892203782342,47.05918826380998,7.856988951155034,49.97118759757241,99.69940740129199,229.01404409769822,1.3798960045415598,47.567320705764,10.958986535638765,49.98473396169595,102.770245632826
231.97478398963628,3.240662667187055,51.22008328998886,13.767683546954594,50.02325789734132,94.08860775189504,231.1518426969677,4.4130676916136995,50.86136804802309,11.835884714283706,50.00830520231728,107.4221285057639,232.3750441375128,0.6770125275396021,47.18656306792498,9.5058961507494,49.976921413828116,97.37665535127758,230.43593811200034,-12.717022060266919,38.195517384070925,7.892344906051154,49.939831404672034,97.7943987263953,231.73190597841284,1.3723293787069566,36.1025094299219,9.676086466694656,50.06538779571682,102.79615117355529,231.11612758005376,-2.093613355493816,50.02883013941014,9.094208903198991,49.92032869298789,98.8673290606608,231.92002862509585,-3.379946992764562,50.22067273767993,11.469225460288616,49.96272954227713,88.9073410023577,228.68456775411914,6.726969586747401,46.970559474881924,11.327175840650757,50.121078048457015,100.13863592942486,231.4159391664876,-4.029668590910377,45.25737578901503,12.111868226483217,50.032410504809555,98.16086424100699
230.8984438041417,2.571302248563023,51.62613626427795,7.784447582723778,49.88325926390157,100.55049721185333,229.5293292091553,3.2566877450462925,46.473718826571314,12.016903678683109,50.03832732273369,100.683353096092,228.12579619941343,-1.941308896055678,55.86764160952056,9.290978430283962,49.99691387257974,97.88456153902382,229.8021098505754,-0.6069313710242472,62.01354855578071,12.121854331692228,50.04014955333162,95.72633475834576,231.47395669237815,-1.9411405056938618,51.664090745285826,16.30621415609954,50.014195155517086,90.33403324786121,230.44975125251634,2.088772457698738,38.99798257505225,10.299181276522464,49.97317665841719,98.04917893129304,232.14069075139366,0.03426177525216452,58.188993669523754,6.988184670900134,49.9851626793503,105.98253913405651,226.67257152394606,3.754393219020777,46.75688126974535,10.970575628585074,49.95624757458525,99.13660804722673,229.04804431858503,3.6290014959486045,52.42470415101172,9.368193442958296,49.90326061485902,102.51280479588047
227.5460104153913,-2.9173062513818895,42.16284971264923,9.467730939610089,49.90840798013842,103.42829509811651,227.4383800661492,3.795563255584167,56.92476723597686,8.861576349997002,49.95152684676981,92.94294055558589,231.4021000260277,2.1846753329535504,58.19223025498824,10.728935605438942,50.04163899524451,110.0236883266731,227.6221231101351,-3.947558218471962,43.84644857512333,12.374366707233037,49.930186490555016,100.12368824522099,228.58547759039897,-1.8637420746212525,53.55465174107412,6.474884826345817,50.02684332448948,103.69947979281118,231.2335745041738,-2.381244297136284,57.09927468323772,6.951216189042967,49.94558376703473,100.83455218849343,229.51223071213084,-1.0719257941243008,51.338236894826174,12.667874482125061,49.93053967510341,95.70396074506324,232.7397518490304,-0.30881893102108254,44.427279898588424,10.357167256836982,50.01458874151081,96.05910092579084,229.2191010878148,-0.47228356390605103,58.307153954670376,10.404120415407997,50.0684531404861,106.815276115167
234.30443931596747,-4.42404113195395,47.953688132046615,13.187395097384478,50.01799573216012,95.25159190855727,228.39290339444443,2.7425609796889288,56.80178680962712,11.9734030649013,50.030505681712924,101.76892622660988,226.85513558708882,-9.339231793207643,48.08531340801597,12.311747836272215,49.98900267692966,98.968716928336,229.18489166172677,-7.0654266456756005,46.249578513390155,11.701787368368313,49.966555830460884,98.04603131668473,230.17423818816033,-0.6008930045625585,42.445361961594806,10.393391131772823,49.99058526480645,101.07104726457459,230.79693595701153,-4.877133390541482,53.19954961843143,13.778883856796085,49.943534049011355,103.44142510919163,229.0572615373438,-1.6927172156727384,39.10341971687619,8.306770948883413,50.03755688449729,103.1910231893356,228.34086877670825,-3.377945317086098,45.76150136662531,10.19593783149852,49.93084280205512,98.18511873294737,228.70880055273827,0.6123261200962851,45.2385751616512,11.47785734032427,49.94660692112448,98.54506351945759
229.9081204933392,-0.016478949323882084,47.150758189286194,4.6160230179368735,50.02747351745814,92.89339928210816,228.1245482530639,1.418260304709977,49.075713796766536,11.369490437679156,49.9294297527526,93.0404207716592,234.7411671907913,4.076067805185357,48.908828736142425,9.10632774349773,50.07191889500046,105.07933918278974,227.2183288477945,5.763440764388478,42.18511391505895,10.681572353229171,49.94263008712944,92.9617809329565,230.06281711681947,-2.8527536390915706,50.08959617625925,9.563498545152918,49.96740435323419,94.89843925578226,230.08980828730628,-1.2413681121332734,54.053438174135636,9.17173712833824,50.01324996479071,94.3463823905735,232.60709530443026,0.7360795701298479,53.51653006374566,10.414434231669473,49.94134883352205,96.50080845551963,233.23636627506826,5.034799620478161,49.80200431225724,10.217042063111219,50.034892873865076,99.24210190837904,230.87781726188695,-1.1876780580151918,47.58645934745635,9.448287199838104,49.949353813601846,96.5779258406373
230.580379593706,-4.44081427027415,44.120498157613326,6.831069561490327,50.01594823106851,85.38463273817776,232.9112782156694,-0.7822794218134171,51.16496751355092,14.478361601415683,49.97200060719485,107.02073982227249,230.0280880520741,0.6808122865600658,50.24886589172475,10.850832588228037,50.038566227864024,88.71438474425659,227.2704841748999,-9.348610577971964,54.479829526956394,11.656282531568682,50.053399952763755,92.01889431125583,227.703605936465,-2.8727773692620273,53.96502251302912,8.828601173564007,49.97850540687035,100.49445917008184,227.94891375753303,4.2009428382484,50.83020832184482,12.788242560898397,49.9965156206784,103.43343708758424,228.87537330577842,-3.0100592974058777,62.58369459145031,11.468393009711106,49.949804025572796,99.66131774758821,229.70434923920712,0.8179102046291674,56.520143253895206,11.654666535769032,50.012840248803194,101.81490400458088,229.84401936447142,2.814507152010588,55.43102309887474,14.657146141400784,49.98828866230534,94.1387566868458
228.6886864596228,8.41716096392785,44.95949112831256,12.315202005948198,50.14241379643247,102.19276465987991,230.2269636719225,-4.4698994178358396,50.532825319241105,8.894796013842313,50.037288226364986,100.72623472047125,232.14651408309544,-0.06170353187623261,51.23544395406445,10.911092926440032,50.0156331242859,96.92975873974981,227.22566112932589,-0.702577939483872,50.8836917338346,13.878286665076196,49.92057633566498,101.01225419810572,231.03810933071543,-11.59891936887532,50.957728644079886,6.1598937341283,49.99924143588027,102.01578000036974,227.48517575364042,5.1331051494594355,55.85596292838104,8.522093049309222,50.007758353627295,95.56874801625686,228.70180829240763,-1.8577533407676052,51.598927679624076,11.724883705625102,49.995358850325644,101.49399069811089,230.31027439003478,5.19957353687977,52.59268984575897,9.259786428460089,49.97653304453429,102.00476449817793,230.25455873254924,8.905687659511115,48.15450127461013,13.859000368241299,49.924687832626745,99.75937312913662
231.35607918175126,2.0150077165024003,44.556290661059315,6.54000800727823,49.964115995610356,96.61052218415682,231.42304727583186,-4.400305679881687,48.565740520343944,10.609022039757361,50.0308698821098,102.09422597694964,231.32763754244647,1.4935796103354748,48.562746746224434,9.254696829926216,49.94258057297937,102.30541463897207,228.43953994565854,2.8311450447335536,52.584891986902655,8.626886757903847,50.057107981828835,97.60182188781482,228.70350214408907,2.559218301408979,45.094435214422546,7.778806498866278,49.97806113910015,101.32364610329101,228.41985269033427,2.40386422351434,46.478406165874574,7.192556031623556,50.07807792864135,98.37324127470801,231.60438152940358,-1.8904244090212277,47.33668285602458,10.490128295141075,50.02176904600514,98.38937495992991,228.6841254079194,2.128623792224856,47.94904670286643,9.741908043377954,49.99460119749642,105.50170152385726,232.2024980865527,-4.173306502936515,45.10280027283153,8.56065984167829,49.92815511550818,101.27734332714466
229.11497205913537,-2.2691651786387728,56.45884140316242,7.912237833674913,50.03651535072751,98.47426664036331,228.00383924067506,-10.804179360621951,48.568267392232045,10.85769432887957,49.94420736453881,102.49113032177658,231.04751586306975,-4.369918195934069,49.29246074950484,10.55939659780644,50.05141595213989,86.93448426410573,228.7665223797221,0.3798568154495347,50.05043336396036,9.168933005769343,50.0105814057233,96.66638595224134,231.27283640684195,0.3170019647748503,48.52753871082484,8.04789765983239,50.09630425043393,104.25786589403752,226.20451958171586,3.561550363127445,49.970044091965,12.136535693226481,49.98565754453698,100.55222280125463,225.83132494915378,-0.6431945921255446,44.77394494978016,8.943045002229926,49.99097027401203,90.19150705173031,233.35554944479975,-4.559459594386787,47.4656496054082,11.431031008632083,49.975383591167386,102.88038296526038,229.4672023816641,-5.987276742575254,45.31800131151437,11.3533359255526,49.97049536873676,99.92986143207199
229.30410562411953,2.125849026990512,40.42426120010636,8.076932118160537,50.01110572476819,103.05792191809994,232.9701205229308,5.3829435368180745,49.197788713423215,9.564869609058888,49.97577695298734,97.10068450169547,231.8145483966568,-0.32435492622023215,52.912492300170264,8.00984139014801,50.02023528216697,96.26608444118993,231.62866729907506,-11.042403937191619,48.34347772457602,10.670870890334106,49.99138585702565,98.65365479253511,228.4042039842706,3.5668207752649272,47.75437931520617,6.0698912385947015,49.9041913669053,102.33691207546063,228.79048612647298,4.248908798995788,55.67211473263225,11.33516840931616,50.03349765523373,95.00568960554077,231.3883959416075,8.653774667416105,54.625247898194786,10.011527345625199,50.03976302293233,100.67740631966856,228.70680854407246,-5.325950181942526,46.754687322209364,10.060452420298349,49.9868645900394,96.9931882231131,233.63181016738773,-2.5237881097237915,50.40847397934077,10.483986369189719,50.00067419486577,106.13974419652796
228.74967400921932,-2.1124612561614593,53.44565315592873,10.94490071008779,50.00058472147153,109.04734093336548,231.01199703122197,1.7239224416829926,46.18434328335821,10.64947178193516,49.94114769572552,100.54238484717082,231.75165086112247,-3.1398775023940715,46.959214460067,10.794342842250543,50.05074100605644,103.81434290468988,227.5003089526906,8.234782415709974,56.43458568242781,12.340663061678738,49.89970449430462,98.53154106564087,229.35052759793183,1.1728178559072036,52.27368499670828,7.77344157887722,49.97201514067402,95.80730332966907,229.20483514174282,4.09051702690545,55.75776991716518,11.57385332772176,50.01503891795423,100.41074509434031,229.39931014542213,-1.8062291778087913,47.16910256549152,8.533826111358946,50.01357367425131,100.7202528317377,231.7514839617815,2.446072131214039,43.26191614488558,6.168808595303114,50.00842108340244,100.83218973837396,232.87814279677724,1.1446729112110583,49.33896081508141,8.663340247553926,50.0064513659788,97.69121281776076
229.30467652379613,5.177167040366745,51.689128005352174,6.700817632219376,50.07051524436678,101.65555532661281,230.67530540802477,-4.114726953645053,54.52961811110634,7.025103437202731,49.99157019266065,105.41165907715383,230.38251182849555,5.882603920970607,54.70712052546557,7.96664971892951,50.049776719481,98.4945280093779,228.59324196595708,6.172798909280894,44.78056822364157,9.450544039997975,49.93617358054319,99.08150360968881,227.905081020166,-1.61643030902503,56.83532545071526,7.719472779578133,50.0395921743289,99.98297650713357,230.96193060594106,6.548062265517513,61.427866261975836,8.49072790382667,50.004762475808604,97.28899788880523,228.95143259106655,-5.093696812979946,53.525670475364606,8.787868312959347,50.000488054547446,93.43564228532294,224.9450251499371,1.396575114567691,51.6349780348388,6.693947357820638,49.982605853159235,96.53227520847675,230.84300899598807,3.1998289713276558,49.84405225158046,5.996011535175129,49.85735410143348,99.58771804276103
226.47045782604823,2.0620178703354504,49.94524338130318,11.230240726140918,49.973045452588174,102.52623662371603,231.84171019205078,-6.406380372110949,57.060944550690465,10.716327619254184,50.03805081251216,92.85244980289202,228.87014547795346,-2.7123785245117125,45.418152300225046,8.895293639486937,49.95896952420442,103.31039881801692,229.92822068765298,-5.961406022556916,58.56484236309303,13.526633953479188,49.9829332114622,90.51608391856277,229.66955802826385,1.5059041990880684,57.49344039012823,9.290103293804874,50.03158617170782,91.47586220871213,232.5328137780434,4.032830527124088,47.29547704939464,7.037707691385071,49.93948252659197,101.42832653812928,230.42923424575488,-1.164342928472147,49.36369831263298,15.158307137574454,49.931198779931584,104.9566855955023,229.27249368385853,-5.650124516034546,54.77510043747139,9.207546004942438,49.90359808511448,95.39172497578085,230.14149996293298,4.069515369683572,45.722469401341975,9.164535444630792,50.008079226389846,100.36519092257127
228.69140199478312,-2.7745856295279085,51.838018067773056,11.725756388890503,49.92918931654737,96.74294466942568,231.0710023539259,0.40107926660082904,51.996023444469465,8.52346045137642,49.97467267639481,95.2661380650773,230.21446602986236,-0.9272760539854854,56.921795357497395,9.17054081352579,49.97475762949133,99.41834096101962,231.78134928739252,-1.3118345109497263,49.09549059234448,9.312989922321933,50.00549988133017,99.71441234983622,231.63723809032487,1.957424152198183,55.721850576898234,8.48633849719026,49.95188967041844,98.87929251622926,230.04824275421763,0.23289876908942686,51.277986097437896,10.274008998420715,49.97802257953429,94.9717708770593,230.61985346224174,-5.028200678530479,54.58398756585991,8.588739503498125,49.970202347808716,105.63155078193303,230.13111535016552,3.953453536867555,49.63063314270289,11.18377420859279,49.96138613960776,113.51038873201956,231.06412716462873,-5.31911781848255,47.87745944484299,12.136814677826708,50.08531136021003,100.77991795229717
234.5681062735331,6.946114647743876,50.96599936930934,9.38981368690998,50.00345058858502,101.63716387465273,233.58783379975458,-4.093078526691047,47.896573978802216,12.368131169217857,49.89174802829702,97.9789569063031,229.54049119385957,1.7778781511709552,48.88228858731422,9.342184079338296,49.98705829362259,101.08938346164032,229.84013855123615,2.5216553919617164,40.90097081546,8.063602648769153,49.88005196052834,104.55561637029685,234.86186599728234,-8.765939127496017,52.69563834946478,10.442931698710593,50.00663304849882,103.43649621789456,233.3413834871521,-0.9006824394957763,55.141179201509075,7.854446399291968,49.993675237359106,102.13899014916237,226.04515029753222,-10.673622157161436,40.51434398327012,10.068758888224972,50.052971097949104,93.58996352666938,228.96420221236093,-5.231276866697819,48.11994971040486,11.380578234803258,50.04930023423036,102.46779397696821,231.12038624517706,3.5659996822312205,46.35150341059186,9.872096771418866,49.940000289016325,101.19860038428754
233.69540862501347,-0.41850408715504606,59.39525159468154,6.702665147769143,49.993166440214814,106.68136223924193,227.9464097819587,0.5899836419995925,52.079613903584615,9.914595022875982,50.05800562212586,93.57543751808528,227.74429117892245,-2.8305667400212906,52.44792272306139,8.455725707888698,50.019818128057466,93.90610142863957,231.28725714020277,1.8924389694153987,59.823465917458776,7.245872550887324,49.97892172476731,102.51444345044823,228.0363952741887,4.799358559703981,50.16750427327999,10.286111259937153,50.03518050929812,102.36542456287756,230.32695461853132,1.1261119898049219,43.62005316922373,10.294129465362342,49.93478449394456,109.41395747895643,230.02828640153476,4.999231783109402,49.05759515930373,10.960523415370885,49.99754606223391,108.08475613230868,232.3001383206449,-0.536000516934241,48.799524552439756,11.551982292821252,50.00850931367368,98.39960218923076,229.64204285605692,-3.037465866500292,45.958899824039555,12.855366412718006,50.04381347002374,94.31630672985357
227.86886205520045,9.039177432688497,56.99314579650357,14.061435833584795,49.97211617849376,96.18437713400573,232.72982903229376,-6.23420566868792,49.365436094779234,10.752095948545804,50.05019161729668,92.04866858170806,228.5337067826362,0.2860834824568993,51.71739243811358,11.513271011270552,49.92712858241343,96.70435494375715,229.11128096716956,-1.54606963793624,54.7857537619595,8.93116191966135,50.08996907189359,101.79745534734016,232.99031404024265,-2.095284648603527,50.31182260093712,9.339248866729204,50.07143677831406,102.64921845179573,227.66102447877847,9.167607022756245,41.152633893337025,12.094016802902809,50.012649992457604,97.59926335744875,232.83559905934948,-2.5406592611297487,43.352990687952314,7.955090268693688,50.02450274161969,95.87688735742557,228.21030110566582,0.35545832462896276,44.334604253786395,12.364818708654763,50.04695168138281,100.5413429046106,230.85353678471844,-0.4811686235883566,42.835355609298894,8.666466017460923,49.988824475756395,93.78222160022507
231.92246120159976,-2.784440647789297,42.08060069112919,11.36049265257389,49.95491071938924,97.96088317005803,231.50083285522285,1.4826070084936485,53.88795607386519,9.403788882455329,49.97347590778276,100.87824696599024,230.15306265821022,-0.5952035136868243,43.87307766759658,11.591051669276887,50.05484158740716,100.27087259956667,227.63041693732984,0.12402757899978355,54.77323522451154,9.548519039014252,49.997636272921895,99.335832163503,229.08596652217307,-7.052121874477137,50.52785509658165,7.557608594205787,49.98103019687978,100.93110615149699,234.74166762350612,-3.229966687497314,50.97173111104827,7.533779117478582,50.007360934093555,99.82571806148296,231.1903764042675,1.4391981850466242,52.564847550651606,11.103700180495215,49.98621917383545,98.6791357659337,229.2887932415255,-1.2455290758266182,50.41993765134739,8.951265886130226,50.039278309824326,91.39119648296887,227.6393985914715,3.9869403580680722,50.617192628756314,10.517960510398325,50.042074085745625,101.42036089801724
231.04804825864173,-7.108453263703782,50.340327776503806,9.820473525381946,49.99265808952064,100.62762555841549,227.80838205655124,-1.6524478747324824,42.98519084136137,9.333836748755546,49.9296572489282,97.43564862421981,230.95462249474127,-5.945756143019851,54.355093636308865,10.849293745373716,49.99227769547642,98.54040234713203,228.02103847309962,8.326277337868733,48.719282457652874,8.493777625801899,49.96645020316592,104.9555803267746,230.32919262842185,-6.931433094415851,49.96419420525589,12.530959688900547,49.965304469512965,101.78733806192147,229.9122128794545,-6.7806654935225925,50.11942068615013,10.734179213885977,49.90075245787689,96.18723224154877,231.52501954076044,1.5503127660686316,55.54865165686284,12.63456329153512,50.09523014674929,108.15675090541518,228.23803235350542,-4.625555661661858,54.690741405301395,10.422219160113064,49.96790341672834,96.48839306824965,227.51521069576364,2.69464761026754,50.51936817458223,10.619090447559456,50.025701608390165,96.34910625099948
229.16531640693736,2.5665728097412552,43.47129222740929,8.785413480666113,50.07352804469603,103.83218104749533,233.39285420042248,2.515051295104297,50.155562827592,7.289037462692763,50.027679104001386,113.63815064854222,225.0607953822036,-0.4328345589444128,45.08673642208446,10.561721189022549,50.03691955421053,104.45943712051242,230.56605245392635,1.6553625451293965,48.14872997331507,10.457888811736042,49.97128762816897,92.39332447928317,227.86343143746868,-2.3951532849411143,42.74267525054957,5.718024699508978,49.94211892480226,96.30541167443131,233.06543387040264,1.0723963109113184,45.17848596975023,8.995181164772433,49.982342399295426,105.26027624309961,230.4220249634271,3.257909299271841,46.122283894595725,9.286507414413554,49.94473489431559,105.78241621441072,231.03129284797234,-11.106661408329659,46.520976528542434,11.520170375324371,49.96849367859878,97.95331789820564,229.18172992617346,2.901231537253784,40.87857040439104,12.946147962348919,49.96605808262224,110.18275213237497
232.62837228391902,12.44313373519011,48.704961875660075,11.951200242782807,50.017995057616545,100.83372988491735,231.27598880489865,-0.38750653855747264,46.528567992069654,12.16072936628272,50.0110413710272,101.5682341415559,229.5048676663725,3.032871889860613,49.808021918158055,10.111340481945417,50.00080501771906,104.7419876661777,230.22693025742862,7.900919603644178,45.861470359089466,7.417558269015794,50.00576438846674,98.64728013690137,230.38185939253484,-5.274699326295625,52.30528286485976,13.447693624249087,49.987935631805435,92.84040701041937,227.50071018819102,1.2070212346318698,49.34085719540849,9.590678873074667,50.05942969986804,98.6163589533492,232.09332769082846,11.518884766680713,50.485977742476116,10.764156664480412,49.91879300875992,97.70297873745179,229.3721958674814,0.8101041729446941,46.70735784976954,8.606037739877086,50.0318494740484,100.23153865111878,227.00675418931544,2.7615757863254826,54.256916503483666,11.857341206375105,49.98445659936143,101.17318727013446
230.6242821120199,4.277605322572934,47.88041494616766,13.65312100743572,49.985250616123736,104.27170734794326,232.97496133618793,-0.24341837505221486,49.89350991401701,9.973709131712646,50.05058260221442,104.43982828306704,228.9400470462187,2.3164702722499,52.43843963713526,9.958177825596417,50.0220371237375,107.27719814924689,226.07133057253546,-1.4463884878418352,48.99944312686177,9.704037777428868,49.92227033586284,101.01482296497036,232.25466043322277,3.024847797273978,51.644624727826155,12.646858528987943,50.1094513737524,104.71268580951632,229.98795440298954,-7.20787047946353,50.95315845765655,13.716346977897238,49.96217473388103,97.29464385716167,229.96783346571476,3.5479211779334543,58.21359945023241,11.039960155573155,50.00221781466569,103.06488560664862,230.26309764861756,-4.367204478588574,49.86529510829763,8.18254622412605,49.98513400617985,105.72876233150286,229.20226428800936,-1.126614208172859,47.08675913209595,9.988291962661522,49.97835079295515,104.9058872446975
229.23400142740186,-2.6375826420951816,41.927773093569385,7.34267173351538,49.903875992097404,89.72573063186155,227.88711885857663,-6.558308474474046,50.17677399843554,8.787764427136006,50.0609517798643,96.02822751477102,227.0901483625109,-3.966508030580739,49.12579256872754,11.182965080513277,50.038803994084525,103.53646810415975,229.8330150126978,-1.549912443964394,49.73254347182839,10.650916468199016,50.038394735959365,94.40040753610675,230.2033191077015,7.113565614617336,48.34343676490155,13.392174682786745,50.01440818624119,102.81942904815612,232.1746731088768,3.6066582693549076,48.35359355198403,12.89236302685305,49.972715242165,106.06250919373694,228.46100408561594,-0.1270970642654708,51.90884640639564,10.843798201086916,50.047444975202836,93.62318962264571,233.50266545329643,-2.7452418523054196,42.658195608147615,12.898414921505838,49.93872398892134,98.99902761382464,234.65273352102207,7.5331968312636475,47.99684145800878,14.806036254451776,50.00495394310235,104.12272903076978
226.48864061224253,-2.237137680838897,48.77950798892788,12.453773682205878,50.021479322790626,100.56459404468103,230.4186922527865,-8.621879874202364,53.57105737537563,8.89606052391465,50.063222955836515,103.77065981787447,232.29596403347227,-0.19179771327106837,50.05477958365714,8.22495391759482,49.95114892814317,105.78693568336952,229.98050714202577,2.5942729826190862,43.80722391083253,8.612878321390994,49.95860192506141,110.20646740774178,233.86779813592975,2.1183399146959774,56.879985655097045,11.311640127545012,50.01676237404607,103.80793432893654,232.45996110453177,2.404559158881905,56.13055520544913,11.156876712251023,49.98134001960897,103.28952215146583,230.1102963831827,-4.556985061012959,48.95327216476316,9.48522251414768,49.96989770873719,102.32250269721307,227.7119736784306,-1.1573471750213955,53.9093411250823,6.5117249089223925,49.973118933424004,96.59693554566941,229.5802324518334,4.146039176500287,57.68489130090361,11.819105441738547,50.02673911166601,105.8957130613019
231.84009754440044,1.2735017973488851,53.350987778489284,10.06927018098215,50.035551653019716,102.80593602052706,231.27513099877442,4.082850515333959,53.13956454822272,14.376820204511791,50.05231261086672,105.06954083503578,230.5331168366837,8.991455023238595,58.1118384509791,12.29682463602551,49.94963234979341,91.27902603810695,230.436340698594,6.451300139654244,53.69669551783812,9.558178285429241,49.906548846089514,102.40036229271628,229.16337213479642,-0.831531461396645,54.61034787622354,8.716173528798073,49.96396031529822,97.76788213846072,227.35528187709107,2.722244436284716,49.49437840507783,11.456949151050436,50.06826346933601,102.96895153654792,229.50176123822024,-8.070549263333387,48.1319744078354,12.002617647374983,49.98783124324486,96.71132643895601,231.24041254012008,-5.876193428734822,47.22676959742889,6.032423990394495,50.081672963682685,102.02940380158276,230.90580126431234,-9.39381149181854,44.17103713860152,13.924831032651845,49.99282890963228,103.22811589542658
231.77825896564943,0.971860545202438,41.31967583137699,8.652266509355114,50.03311433842842,102.5206097412563,230.58774504973502,2.514762945289963,55.356780734110764,8.536430471208138,50.03601369173829,103.97097670597476,231.27788847699577,1.7166653508911978,55.523181947799145,8.734165306261017,50.054018933802595,94.1667877290939,230.4449198048177,-4.933320498237207,49.356462958475426,11.854656774067658,50.05375154667593,95.52576718749683,229.39959570863624,-13.850457476782754,59.195608277807736,13.201688634916108,50.069713960791596,106.96244337413997,232.70627201476825,2.7299724616629546,44.52062338744261,10.656858348857636,50.071817809060114,91.51961469037207,229.1932824975996,-4.364019583780388,45.80892776460231,6.1543916127234315,49.92395605472702,87.44396017891852,229.04646706291499,-1.7417902055493335,46.35607639122633,9.834295317214638,50.136447459093155,101.48654459991059,230.72589908687027,11.52119936438156,44.646549049838896,9.959539629317407,50.01597106627678,100.74927550130623
230.96774895187772,3.6667725399534983,46.924935098207904,11.986522764241158,50.0264272431032,103.37798056354998,230.26253564609453,2.892061109934454,52.09036539783407,9.269958035192214,50.031563423887214,100.42466861470835,230.09432765608716,6.706256851363434,45.42201268363802,9.242051073586966,49.95601408384958,97.04059690420883,232.45191166374568,-3.928261402893289,52.9501514383328,11.193462490707578,50.00645267745832,92.60398598579371,233.86253586516787,2.7977223558297304,47.21553764518342,12.415898815672204,49.95301656388083,106.09631105240425,226.2265709306106,-6.483315226190126,51.9393067306509,7.145015886718824,49.94646863403974,98.60629022938186,230.1098610634605,-4.552007274283232,56.88486947281922,10.087889211962127,49.97035812714021,99.79957445213819,227.98830031529076,-8.0504581513613,51.49225221775593,12.243134481798888,50.10348283794628,110.17132216439565,230.82177673646459,6.249748108139979,48.339609560048295,14.000438334988385,49.9930497165953,103.31384915070345
229.98485141909535,-9.768305874378422,52.517797919775425,10.960826720759275,50.057387651244056,101.6658161446135,230.70103398039498,-1.9297071963476813,45.98951422086415,11.397538189695215,50.06927592419025,98.50262883748175,230.9932118012139,9.138256527713564,45.973590426198186,9.954538864556408,50.018259930753416,103.68245463486664,228.33351740361377,1.4906747753928131,49.11261528730533,8.186939125655755,49.99375396671444,92.58053838956279,225.44932115588526,-2.906450640138663,46.663161271644725,10.055983532540766,49.99193265740415,101.52015848115158,227.664309859159,-7.982755399254131,45.04476101897547,10.54458593731845,49.98045235666926,97.150968894747,228.3676521237211,7.534455394105941,48.742559257148486,8.10767694657136,50.053437273290506,96.16839038747383,234.79539838055047,-9.432841082072537,52.18436478926528,8.563197026495393,50.01111988829342,102.99076602563866,230.2264931684675,3.8435734824586927,57.74564203090452,10.398299900267672,49.92773229743178,99.6609803258687
230.3524890814139,-5.4344689477749455,53.94108888102837,9.290621120702669,50.06131489014592,105.72491301575168,224.8598044405793,-6.586076267965276,46.88017296731886,9.68862217124545,50.021795409513544,100.70062234664523,229.7887472503774,0.28164286190496585,52.917841079261684,10.160170626917088,50.03346116409052,92.91719453633488,229.13963082603277,-0.20018050900832318,44.31076098353176,10.700722292845276,50.13403207094559,94.32183062007043,227.02605560114017,-3.9134355960518743,47.49527966776194,11.099592000514846,50.000196411739964,99.41349589925035,228.40375049441406,-1.9448441378871468,57.710152332169685,7.732167382855165,50.05790936643839,94.90858014327274,227.67296231592402,3.6870652584473635,53.94193154469026,11.099935552461934,50.03050223988859,97.59274118615167,228.54418153067866,-2.462560212644619,42.73958657674515,7.975055859205135,49.98059696662255,107.06807241056096,229.94607669471552,1.423278199608563,52.722299840539115,9.870102391465382,50.03989773165664,94.61804010530417
232.43177433999907,0.7476874440867508,60.79572508998791,8.650478649082926,49.931204536677626,93.92058260573043,230.7424981915028,-0.7685079455746004,55.01460958098464,9.24022510042558,50.04587846257301,99.87733789376043,229.41284363383951,1.7554984535840834,49.05455733498875,9.01406085707573,49.97819452476574,108.88899710305972,228.903577920134,-2.1180253719523936,38.748631871005834,7.640614710908033,50.004964973136744,99.83918790374625,230.07780912972584,3.7041726155917383,56.41405162742489,6.267273695354319,49.9959157095501,101.68783331766399,226.20621218849973,2.9328409797877826,55.55554413548407,9.707833736455955,49.96408429674428,107.34866844893706,227.14099750771084,-0.07966969849103422,48.0608702003498,10.105272314038086,50.10096399899088,101.13177818975721,230.12758475253736,-1.048550634014768,54.053704647469885,12.282979464158114,50.052209217448066,85.07270630651199,234.0869770928018,6.04736912593286,53.970998863082556,10.32417807042882,50.02759209749599,104.12857024059603
234.61726898332603,-9.945521511601829,51.86618939706677,10.176446427549486,50.01794742758134,102.96856363147664,229.7814354859869,-0.10928855506109694,46.929189338537526,8.855258770020974,50.00959509916383,101.00442769464654,229.9528971827801,-0.8641509201736585,51.50419065648855,13.273570154909848,49.944813115009126,101.06858438036254,230.2707873190719,2.6669078946026814,47.728359293712145,11.617592208750084,50.087436475764456,98.03832868373138,229.32753612147548,4.041422349685643,40.88789064102222,11.711854987027285,49.9942068059417,99.78308597294617,228.88810150400008,0.1399441916049034,52.38228159963002,12.527559327894648,50.037504486480444,108.38334988475134,228.23930856768976,6.529871694673473,58.04731490389031,8.147365448014538,50.00097380706278,99.22321985093353,227.93843147587307,-1.3980737043813378,55.852955814049324,8.035895342191925,49.95354090003514,106.48834328296506,226.6853267316872,4.109876682682939,57.46404298598583,11.43778607329801,49.98942574176137,99.14560876232353
229.63665315761816,7.961113868843711,44.13544348996113,11.156126574762856,49.937066349662445,96.00918567505028,231.31498747843497,8.286628492725157,47.43555962107335,6.847087427101334,50.01908479777395,102.4418325989466,228.87867763848692,8.29684278594067,52.8328854675268,9.274282119784282,50.04166812032964,103.6076705129759,230.43213424177972,-10.59471612392031,44.101830246128955,5.8210053898322895,50.0879265168546,98.80678803492832,227.89006608368373,7.399035767532274,61.018301802031544,9.930090321210825,50.02263945297834,98.33002550899155,229.1790397697363,-8.259994482540096,47.62537880461292,7.895763851791582,50.08397873267633,103.68242090969022,230.03075650377886,6.679341957653295,45.43525382238817,12.788483831775654,50.07128828640376,101.1016001117763,231.42228851167152,-8.942921455261203,44.715683238390035,10.521058533906317,49.995377548108664,94.081424681063,229.42686944656458,6.2171905999527475,42.04083646117603,12.017103641986214,49.9602818322198,98.47033224401619
231.69744100579902,5.592253138924487,53.6962129184872,11.816971050876575,50.025403488253104,96.04801012587349,228.45200790488985,-6.807136533546748,47.75314668210074,7.678094327959835,50.01536756560741,99.13331965150371,230.31806774859027,2.6286155712958474,46.06427101030331,7.659471252641609,49.96895285763095,102.51301807973886,230.30272631674347,13.501015218473153,50.10712146617605,9.369757292003953,49.99843189622648,93.51148299766022,230.80799548938165,0.4464454794793104,46.022415392266936,10.32948345874268,50.003321909705896,109.28520389664088,230.8513612283005,1.789743891425915,50.17232315139132,8.769191434855165,50.101239593882596,96.91882639039108,228.29784802580798,2.63610533525368,39.24454414981319,11.088976479943435,50.01832851927359,103.40566973746787,232.69399457069687,-7.8445105762690845,50.168335510323686,10.57029368626366,50.009903144368536,106.02310115252817,227.4250532664678,8.550085426666337,51.11934606302782,8.399309834968713,49.96789941421724,105.86816186319547
229.25830861601597,3.5855950693246967,48.08447677433472,11.247385931101201,50.03562076456055,96.42994032650223,226.27921907880668,8.468946933562986,45.951184827938484,12.94664327334564,49.93433818599474,96.07723849960264,232.2158263869478,2.05100440427934,45.41940649449604,11.28159178636587,49.945308453959626,94.71320436790737,230.85702877183178,-7.705762321110957,51.49097979314386,8.017682923907737,49.94801265186526,99.12871370432039,227.81055148148096,-1.90165229376047,51.38949936064946,11.447239529994086,49.9708168811563,111.69597322231114,227.75282813723825,0.8321464832984526,56.10791599855726,8.781992656377072,50.000733014429585,102.0358668154018,228.21232680172085,2.9409186653827524,49.92172076504821,10.972253763355255,50.005593054255236,104.68088008751239,230.3005725478673,-8.560220572563116,47.12302219354435,10.76531779901126,49.90652666433633,99.01562054239007,229.23592753452593,-6.743812518409466,59.09213940674451,10.402062884501493,50.01118946091944,96.20696893428108
228.58296394286037,-2.428149008863883,48.89360483648159,10.98569162654985,49.9859237160233,99.39547946304566,231.9989092309206,-3.1585937942184676,43.934833787693144,9.693219336022016,49.9907925687063,99.807630961548,227.44359864991569,1.1496424918823571,54.85041783905725,10.601312905615433,50.02553733674535,94.79210635918984,228.86574466963893,3.5012684451413696,49.09062040436838,15.343381188295808,49.94454860691617,105.48415174121567,226.5706951783705,-3.3147605075839874,44.164426626206144,11.166316144538618,50.01453006561041,100.90208387158836,230.54293169878386,-7.536872745177652,55.952397144923076,10.247028319743448,49.92599901500767,99.04820751144207,228.82032572143325,2.350631726415532,52.614729721051084,9.628066296080135,49.99258511887788,98.17548730903782,231.51941407214522,-3.8718976147552326,47.82576644607394,6.212571940771786,49.99229634850333,100.17323758358837,233.43436432157176,6.3915634592604045,49.45699479392188,12.046937813784757,49.97983236221612,97.8318762326416
230.84652394103148,-10.648265254350388,57.87728582962524,8.070354100538866,50.03019010121332,95.00272028275465,232.90322758776054,-1.1499645051644256,51.931712132989645,8.361132489313245,50.042648206563285,108.74360473678979,234.6240073722384,-8.324015610191285,51.171672971372416,6.524902068380329,49.9934150635251,100.22377609414036,229.97270923761977,-6.4494892318558925,46.303776188478075,11.278623873547325,50.006478291919855,104.8896830308416,231.6924882365203,1.2033913707530568,53.17602716142676,12.19580652131513,50.03697034045202,99.95101691299466,229.62290045719226,2.7451148833899355,53.41684229534316,9.062500980235313,50.00312563298262,91.06661983494843,231.63687684568126,-1.2463895672060985,50.22970216613574,9.78958173751178,49.98994180826204,93.49230743208466,232.74019679287397,6.018655391071341,44.56271570161829,9.930943503207226,50.026411710950185,96.40660375608512,233.55087125468754,6.5727381889434024,49.911433293076065,8.41445622902928,50.02969228896931,98.91048992738516
232.005303303549,-3.2265951334863257,47.42895345766767,6.620550928981343,49.987496245213016,97.5962253715453,229.14744410592436,4.208913890999061,53.15770100767839,9.73757557572143,50.105911426204194,97.22219265302708,232.52093604598494,-3.3772341595285447,55.210429573698185,9.069968903683822,50.01450444985919,97.77013809552662,228.97690736094796,6.9960948036307435,55.689179491355006,11.888846800012931,50.02824991829759,97.09489615276286,228.58171360236105,4.296473188999238,42.013040957441795,9.493785868008,50.10029260574275,100.37301012712264,227.83458865504267,-0.012396061545612623,43.159186198138855,10.803582937840975,49.97910060549919,102.21931094784712,231.10152888375626,4.404144448790643,57.927903649274526,8.497896612257646,50.05151209282785,107.12202480434611,232.81886411266254,0.18637279728828116,46.19744626016718,11.244175501333661,49.97758675801897,103.28136799745002,231.42299136139192,2.1793398342483696,63.68763227278511,11.710380975273694,50.049026638245245,102.5955120544597
229.57874797647634,8.459662294161236,52.30190555620068,11.941094039271896,50.021146571986996,104.17483938609587,228.4441481249113,2.1536157165709007,52.300441396710106,9.405490195353273,50.03281590620793,95.51728567334347,225.8288372664031,3.3531639852209545,53.10753708845252,9.551598754659649,49.98803765119552,100.03336831506533,231.17553316994594,2.1451037182822246,58.42802528844396,6.47864718451022,49.94730947136459,101.66420495909794,228.39532339481067,-0.15852746432334597,47.50017302169757,6.096371108665505,49.99227273576694,84.02181121343497,228.02437886850356,-2.9528675561393873,49.90267312312746,7.335782473719309,50.0447742399107,99.32113987679543,232.02116103667586,4.878586348485026,52.243710732708,6.548200876199884,49.962889701424096,98.91156621579464,230.92858480860832,-2.397752095592727,49.964775972578636,10.277373775529238,50.04141507020916,108.35775722684458,229.74640461504427,-7.922172703734065,54.23909257283604,11.982674670243712,50.08883176811457,104.36983229525919
231.09217152353722,5.020656916049802,52.269361577003394,11.680103231958194,49.9694237614754,95.95078399169076,231.34684138835175,6.541090291659648,49.991683106174314,5.7733145885483355,49.84871932450133,101.23981820648382,229.85986050003956,-2.726243456150321,47.87111412873909,8.719392563086211,50.0104407310738,89.81431882126839,229.58550144972128,5.312992295602878,47.240774470455186,8.824473867235927,49.93317039095292,98.52313603432701,229.91579948068508,8.684541424655531,50.32895847944383,9.535152013615098,49.89375299424351,101.35619776133318,232.28565040605298,2.7994233431170477,40.40302371764714,10.547227637955789,50.00401549893006,95.66054951498279,231.59009786203336,-0.8336494132120778,48.25638555709794,6.374253119652714,49.969883628764876,96.9331283129973,228.3686871597782,3.8551690759012964,58.49475380159791,7.050287060616766,50.00953614935656,104.29440789020995,231.29252984491035,7.046572788977297,51.575209880980736,15.421980513640772,50.008272765262696,102.01658852510589
232.54988405325363,3.6084106322721476,50.4958091136559,6.275532715238672,49.9421221955872,107.09444012662844,228.06881842947075,6.325865390268603,44.746736059583334,8.21223786499667,50.023660849852746,87.17814682749295,229.96120133332357,-1.7519360608816652,48.699833767453626,6.059223983259015,50.00459416546352,111.16666413775226,230.72484735377077,0.2512806853852119,53.77570631790395,12.67121996116644,50.08275621193353,108.66170974015154,229.96781633569913,4.263481006220054,55.34450598280362,12.273312935579987,50.04198836482248,98.71300279894717,230.60311431871543,0.19050223927069262,49.00542396208812,10.102371813299195,49.97219986094793,97.41255770048997,229.27409834208234,1.3608542441726823,41.13659902388977,7.148889574421978,50.11499203187303,95.12633614573592,231.7929339711143,10.884722553086657,53.132538118242586,11.341146249270361,50.03731529239988,104.97294084761435,231.2480706212306,2.2659355797425365,44.12444475694937,8.863490214198023,49.94424141806897,105.631997468575
230.4081986434414,6.522588832279118,42.06257549146308,8.633079785788322,49.919882166770066,94.97816129211243,227.50622226831572,3.567137825195653,48.05250695380972,8.73032496269106,50.01695239062346,99.62005896752262,230.8399325735786,0.18999242983838704,47.31316494797864,8.254664470946299,49.96937770347893,90.14696646963615,230.43256014370874,3.3435736067019244,49.90593486506914,10.183599862538584,49.99762333985478,99.08851760196292,230.69204640929138,3.0877816457770435,44.59481973050948,12.109576846171285,50.01485531552285,99.05809946489964,231.48322008405103,11.216198922953142,56.03956904953501,12.911031344010294,50.092069197316576,100.03552365738308,227.6522780767332,-0.8986162243134219,52.93902196417303,9.555165717912214,50.0298812611982,101.40013169819974,231.4543141549266,-6.923195631423928,55.326643453565964,10.908070525223264,49.985783624162764,98.27149802490598,227.8996586311387,4.594264284380987,52.37494402858657,11.317063244180627,49.925501208702556,97.69571861616677
228.2749791834956,2.835485037675384,54.90964695909801,8.418114234421967,49.9973698172408,101.50590515959865,228.33556459331666,10.243996043581634,51.84043417652342,9.243534085679585,50.013878834387,104.75341513365316,229.6187838850206,-0.9620448712280049,42.11282427423019,11.328792843043766,50.02983103607821,99.30439535881804,225.65977402353792,-1.2078990267355103,41.846338014103495,8.417766048679697,49.88049246475817,90.60926838343232,229.85589507746553,4.264413481387346,51.56792140184617,12.498961893983164,50.07368550898183,104.87387983306614,228.88676645789653,0.6522724323230288,54.39003187247165,10.260796336586926,50.06601454634291,102.49093114515102,226.97513188621,1.4883254854970986,44.41248969692261,8.605442104404656,49.99259214971855,99.38126746262496,228.91946963355355,1.755885062539352,47.91182334253513,9.065085971190806,49.98405428317635,108.36385459763154,227.22192193267168,13.108391918657059,52.80614179730732,9.0642735715913,49.972385894629454,99.2114594076925
226.83686861334022,-1.3282114037686075,44.0875327131151,9.916194907307625,50.01655514778793,99.8545266948591,232.37867069108165,1.7228591028846754,38.954882925003375,12.258646366839278,50.012905853949405,97.88545938214926,229.0596890551559,4.080559430726472,40.295532017500406,13.2046655003013,49.96057847437996,97.77668710951984,231.4096292375127,-1.5729935223682037,46.47525844323542,6.149814720194048,50.04366482359468,100.14297592032374,230.27066125525042,-9.085223565100742,48.282706585525034,10.319107271030518,50.010164685757296,107.24678382807917,231.23819189205102,-3.0973875230514816,46.212821492515026,4.314556520577076,49.98702998654481,93.22534915146419,228.3645822630903,-0.7170335629211224,52.38342656810111,8.867224960196161,50.01256911902833,95.63474512603648,232.43737857043303,-2.9130168538647188,43.82167896688895,11.596050186057,49.98307816360154,94.92916620634466,226.3643415137917,-6.576979149880062,48.54631225205788,10.102010587814366,49.89322502903352,101.61878950239857
230.52458823883782,-11.031610752312007,48.79261314481764,11.281589248481572,50.01675175535339,95.3912585353045,228.99516555925592,-1.693090142902879,45.47654269762836,9.207264692578848,50.01284772234824,99.78583638440938,232.99176563178366,0.701831810393418,44.07551154904097,10.071657055428952,50.09520126518107,103.28397986796182,229.76786162937609,0.7354966626182817,50.40544182106013,12.480416461451815,50.009780990330775,108.05797034900861,234.6560516511177,-1.5625052018535994,52.5827119335808,9.067838013415187,50.039785309069465,102.45642566499268,233.4630593526518,4.035908669422781,55.08723733792466,8.510483512275025,49.94223777027299,102.16934266985223,232.00437177757934,-7.785083113768962,54.927109063392685,7.673836307378158,50.03694279463565,96.10798679007887,233.5997755980971,1.256616043201881,47.26937078576997,12.759928154358109,50.07209604946885,99.47308315231527,230.73745879875955,-1.518246152912102,52.34551640377565,13.840783893043355,49.9865524869863,95.71219095248983
229.34817855564012,-6.659644154290705,45.778659033777885,11.471253020031284,50.01725050606333,106.05129205665128,233.7127695188822,-1.909642033526634,53.931719030020915,8.105858889105129,50.053737614680784,110.45307195539186,226.93845253995025,-3.1839511640969533,49.70264544197738,8.73140223203796,49.97370360755447,96.41847409686088,228.54356688280762,-0.3866593694066583,41.55203026947805,9.137511880908848,50.00695412363764,115.35512917077384,228.7886902639627,-5.196420070231801,51.822258529385465,8.233855389949351,50.032838702185224,94.73724724595745,228.30587996652014,0.6817504355568829,50.827028122635646,9.853234153127202,49.97372746519636,107.84058370227304,230.89897784847156,-2.110063105733994,53.38462038846576,10.10412280616805,50.003664084549506,101.05184675445842,229.06117754884286,-0.022832756516160645,46.87256244714366,11.098264830641469,50.012074850982174,109.72547075451583,229.6059220189033,9.636530343287344,58.71452141764279,10.46695085001213,50.021838875051756,99.84164208353897
229.97939579732372,3.1978659564829854,56.59585105865322,9.318029827510603,50.00182179016946,94.33115880011016,230.84235021704487,3.8495433929367144,52.02059083913294,9.350107743255982,49.95534404346023,99.24119462965363,230.98835320542022,6.352765090591847,49.897098759579734,10.848017648603093,49.98016379879281,97.15884936499009,228.37356625784332,8.789240454402478,51.68878339271446,10.237627816844995,49.97571602633479,99.66897857748248,228.8446947818666,2.0053455846346413,53.89391326882221,8.421172138033056,50.083999039094394,111.20180035361781,229.61156509015748,-4.181976627960105,40.075427646991756,9.417007988376946,49.97755995996675,105.50462192712112,226.8751752438202,-11.139655883668771,46.84528055334501,11.610450859958634,49.98859015148765,92.39109908148441,229.19703828436212,-1.2491887730595843,53.277206896632684,10.956668215790124,50.05847596127861,97.46429640280782,233.85002109018825,7.601877062679161,50.13717607468922,11.47272146342913,49.977206515238706,103.00589335442406
230.28722784463858,-1.531420398806849,52.48049842610911,10.315476804709842,50.044227816955186,100.6034154354939,232.20948961485345,0.16750478331158367,44.932183949395196,6.966520438869544,49.94604918536337,85.75906072318514,230.29529788440325,1.3263562611652,52.395438401626684,8.421307384604237,50.01268966106322,106.19608872365528,231.55742183796778,-0.5918388336418067,45.788099367698884,8.998778410353788,50.022938125302105,104.3905263801011,229.28045181733032,-7.934439797946398,52.10405693987739,8.127899050606663,49.97265744739229,97.17132760471208,229.53704441503575,4.666269335689369,51.04229275988223,7.110943007610292,49.9835929607598,100.69089494101648,229.83425193489614,-9.083619083129243,50.79665165974088,8.46086276552719,49.91895874962784,105.73806222583077,232.06152982877407,3.3563013638159234,55.044167842606264,10.354286698274228,49.93020417498137,103.98531341270973,229.56736070334514,-3.882882611745417,48.50327328227126,9.334862728198756,50.024244850583294,96.44183892648431
229.82957169507114,6.9443294295065785,54.38113280190961,4.848902827383332,49.97465704987407,104.7823784284797,228.0609785330407,1.6828269703871979,48.3245231196051,14.089778497229178,49.98947181581485,96.77174515424377,233.22570376916704,1.2041263132718378,52.60929465796214,8.64200276284525,50.05938799447956,101.31516935316338,227.46183515497088,7.124519941278049,54.10510112435748,9.781004307183316,49.9415458373378,102.7912188098686,231.66488785576186,5.830261481345838,47.76805356355118,8.087107489211876,49.984823710440644,90.77983660968145,229.16163252057467,11.173064428405365,51.31588405257041,12.81635631115979,49.974187964948435,99.33657244464713,232.4100610284524,-0.4872083565297667,48.73942167569952,10.345165375518222,49.97670514543324,94.19057077218437,231.48000593641527,-0.6040324778181362,51.75606269957757,12.754517393156224,50.04019104713454,98.95115494889777,231.57916861896567,-4.013526281578693,45.82612234221405,7.594758270359825,50.1084092252937,100.66197307067253
228.63606840257364,2.140385779015108,48.57381570749754,9.01740309677691,50.05721292958311,103.4348027263701,230.00130236391524,3.659863465184863,46.404471537041225,9.04571392891116,49.90806918328414,113.95442718079563,225.94281781520357,3.0248757692840083,50.69425399256139,9.524867204219259,49.99532429174567,99.53637505974687,228.09615546280338,5.752340606644654,56.004833606863755,6.784109439387475,49.994486078940355,104.04459380812925,227.71600221366685,3.822366588567343,44.14836610400493,10.315814696415943,50.01385294035887,96.79398159844166,232.40549043127865,2.243664846827908,54.40259040038005,11.744733558457089,50.02049328938365,97.313896440272,229.55525721156152,10.548918370210336,37.368058286457696,10.05406581439218,49.88008755907117,101.06815089559257,229.7127285256315,-1.2230022697816898,52.071401324855614,10.114688610411848,49.97398688658562,105.19405536206843,227.61632386621085,5.425116487058441,51.94917470974177,9.899257604772359,49.98433392855657,89.12178153952587
230.42760276599316,-5.395396048768168,48.59169432251536,10.651565331404477,49.95878861681767,95.63143635903613,230.92713551161398,-2.735825620887131,46.51580612819171,11.90554093219692,49.95977193570358,95.78981512497495,227.51275663805148,-6.386725536701804,50.97614593792804,9.71928706352089,50.04059471514641,94.96716983065905,231.38017369226304,-3.8805169846968806,47.66472705641358,9.36372925033972,50.03207625165303,95.7320197296506,225.4739330430563,-5.608705257108309,41.52976545672766,10.537487908115107,50.03361771442259,108.84250726037315,228.12702446104154,-10.610484516235907,46.54462230347643,10.565817094330267,49.92878659031223,98.41694568321222,227.55145473291293,2.686187247035357,48.65781030081608,9.447078770755997,49.98147887782129,93.29343173333368,230.27803554609838,-1.4311415924619544,55.09441575574899,10.47146405209508,50.095551060065226,108.90744119601975,226.35243887193857,0.5976430603610283,55.76875870028302,7.108028091665701,49.98048722011857,96.17180670853622
229.05456044740885,-0.7785227385224185,46.793865778331494,11.714968664133067,50.01375380711292,101.20158994600014,227.92241160241866,4.686477660704772,45.43056674966442,12.277739840470307,50.00583423495817,100.97577356525919,227.32127726929065,-4.850067500268023,55.50287379347282,10.517673211495007,49.944492845076205,99.31957817430536,230.84807218175294,-2.910005823997855,52.37320235215331,9.061328963620056,50.05564000122193,101.47879889176826,231.77753433911045,3.608928234837754,44.829186312521124,6.738606145585745,49.99239560539648,100.09696416284669,227.5936047485687,-1.7105951293705295,51.96299384767156,9.594792895439655,50.01472010329477,94.54103127579653,230.95478420180038,-2.920054152181992,57.90850665270939,10.195336617491964,50.037323456455674,100.59867498238948,228.1747399340164,1.2669733600164266,47.07763016281596,7.226574902602486,49.98802394235517,99.48030477949808,230.8128295656964,-0.3914237948259407,49.12562604744774,9.43204654931803,50.0414748587762,101.97698275014042
230.2515842573437,1.4535887070508662,53.86557531746059,10.537221482033429,49.9866437753478,106.01131459896264,228.15719279715734,-2.2390981506320573,46.46032583275321,8.245543497279659,49.97991805375089,97.75206001674977,229.51275581039917,1.2551342948567297,56.317532256322444,9.131019065905157,49.95069494568441,104.45151971822516,232.68708526752863,4.401438494283812,44.60594288216812,10.275194433654518,49.99056528283079,98.23248856421648,230.5435657664613,3.6500613738781236,52.2586478456753,9.956197989072104,50.1293331900166,104.62420488953315,228.91899839521162,-2.9199961733568065,43.52120793393673,12.729358908141979,49.98611159681561,101.18944475579039,227.32484378899187,6.056064657477638,53.28908341407398,8.859327363966747,50.024247167246564,100.24576032005676,233.1744510835163,5.100070273683804,47.368988592373334,10.684121466170826,50.08211311616036,102.41615655375467,226.89327008139296,-2.910165841926779,47.540480203375466,10.359494968024805,49.99592316981736,98.17915745041677
228.62432795984094,1.638378538208741,57.901698336721324,8.352019226327233,49.94870416690998,101.36363624848507,225.43006715452262,3.074676916372932,42.509164589383815,10.599990762186128,50.02162862533696,102.99960586812908,230.2232531488126,-4.097315787963327,53.49420496534732,10.2948634760485,49.96882249408986,105.02680622607558,229.8527989340558,9.516810522733087,48.50859219655281,8.628930762984524,49.91441176188802,109.58728435244174,231.28740086141138,2.7753823422764494,53.010629603783755,7.623109846783512,49.977346345406964,94.2475041068832,229.40687891851286,0.8254956881123336,47.57819678864289,8.379811491077028,49.962377586244685,102.46522232544828,230.86738193554842,3.7469251355743998,52.87883872412871,7.992352630183371,49.96905623182161,94.7101149335455,233.10667921363054,2.302581685379683,52.510267869223725,9.55141864276565,49.95610301485046,102.27372626851553,234.3558617302839,6.563217047928582,51.20098161048474,8.329387242751263,49.95063333472064,109.39789940961826
229.2530789959894,-3.2227704042963756,45.79218192173088,9.96337782141424,50.03374042369084,91.6383278301859,231.60668194927382,3.499758929533595,46.95874601333625,9.342280540422959,50.032062929748534,101.28744126549765,231.2690762417279,5.713990265467355,54.959623417707135,8.904366105453464,50.022527931753835,98.95335005859096,231.42926758086233,6.917415682470768,48.76949634397407,10.86768624194141,49.99850470962177,100.32555424237795,229.73470464922855,5.10000583922659,43.72208668533154,9.14121788290026,49.98960422252817,102.10500443741562,229.8155676478217,-7.004305041503796,46.42543297316983,10.147618675355977,49.92632391009527,95.67747778079232,228.61947072304594,4.711510467560705,47.811275628719685,8.110950465911278,49.94255486358984,103.13172437087188,231.75674613088668,0.7732676111680382,48.68265050164162,10.919042678410747,49.970460568247184,106.02729284949962,229.27032336794784,-4.304626410853564,43.076295424922534,11.891829419004665,49.951946752261,103.37136563465891
229.17665833974965,7.487552481039761,54.96741464515954,11.652373150614336,49.99126831163174,96.68501293432668,228.7877519464625,-2.2396280886343063,47.03382188915627,9.69117901714568,50.04488110103037,97.67162104540645,229.26968905888992,-10.235250511563638,50.72398074918918,10.129242304697497,50.04702218014756,107.8646689394012,232.82917888391313,-0.8224894154254242,49.426268925471334,8.940412421309889,49.956015560404545,102.12362101102396,233.84964158090108,3.4386731627023885,46.460529265691406,8.243106205192742,50.06060225329746,91.81729244928857,230.82966912288336,6.4765433867239475,50.623557481169165,11.282304182243621,49.95542278988833,104.53483182318313,230.50441684809894,3.277425860439882,57.05349253144391,9.1786130497371,49.97204501596964,95.21094119071945,229.32044196612506,3.437739991880407,56.51014935184548,12.680751947043973,49.99609736522834,97.26356788038431,228.01349472578946,-3.7634023268862022,47.523220159050126,8.530870393568454,49.99517915013741,105.19931568220639
230.31117455577058,-1.8752212872026908,54.17495620606437,10.256063119436165,50.07870447950208,103.44727941790889,228.36784447067993,2.3403014829956623,46.947108323198144,9.131145611810705,50.01288939342117,106.23352890390275,230.3154507617038,5.848677256930552,55.12123309617229,9.933907865152152,49.99013163444931,104.28476459608014,230.58521150076925,7.172022613605299,52.56759691097342,10.594219945619376,49.9668154598305,94.77382199300405,231.30186604904205,-3.65493280539558,52.97203348962707,9.605239978123395,50.0001971652489,101.8100796281965,232.36363058261708,9.489169797509263,45.02698423274791,8.631525660879232,49.9953810226009,108.53333801642103,228.0839691923596,6.256813980538532,45.51486963531978,9.04161045387683,49.98196864567917,101.31839780843868,228.81049362488463,2.3726582016748083,53.792263385658,9.317847420788464,50.04802470647896,100.85117913468878,229.7411208750215,-4.527956769649422,53.241235683760415,8.072976004374793,49.99889545036499,103.33008302540154
229.02255099068293,-0.8221142903915339,45.98428165728087,9.172652781541952,50.02012806936625,99.23687295898348,230.83230931295384,0.6563201874475901,46.79216068246505,11.1743957946429,50.0736935926557,93.8929268602459,230.24111959139555,0.28352007845584887,46.49915435808959,7.984329583378258,50.016177441205905,105.6935583350624,230.02895036202983,0.6622286673627676,45.66647728464344,7.999823454178189,50.00985815024088,108.90773919041901,231.52700837113315,6.267855379009401,46.65656057240385,13.635719612683786,49.99779415482524,95.9490641624626,231.9497249932083,-0.3971298284215838,57.392327510979726,10.880281351048644,49.93436189839982,97.52997420868302,231.95396798695378,2.9074463566587525,48.535249537569854,10.458039892110182,49.96279501184951,100.85474423731945,230.766084482672,-4.010642592081196,55.76537383022864,10.87233416697358,50.01137561549185,102.90161225225532,229.6704554946996,-4.982581478963082,43.05809786107685,10.917572466297218,50.083968361650015,101.86395643482024
232.60522259271832,-1.641333765769388,39.56003841539171,8.045204831467878,50.025785414763746,100.14658839486275,227.50662698332337,-3.303968135360185,49.85046243541607,7.934807230849165,49.99456655723457,95.20527832576224,232.25516403627915,-3.7322086505724665,42.55084934557149,10.053229754255032,49.98950295909379,98.64128956530149,228.09804001241216,-2.3899511123164334,51.153448377746614,11.002730824147235,49.968688446150274,102.83773531399274,228.84572157111057,4.651319097295202,54.58774927271314,9.082791301353558,49.98566744689552,111.11073808793371,230.19049205515458,3.8885111166591853,55.1767862066298,8.637290283143194,50.02342550380462,93.91138194111439,225.29795834155618,-2.429971329384078,51.172595631132616,11.442537024691761,50.01482849415753,91.5568639323023,230.66384425070336,-2.361281312684606,46.870498676291554,11.185170408991834,50.05333456741335,103.29231821724079,230.62706378618213,11.852387102542526,56.587006199810574,9.269565651619935,50.05616156859369,95.90682288798116
228.29575579884767,-12.565074241464993,49.73378894367975,11.00902134305299,50.07658382278154,96.14676876654373,230.04019249225456,-4.564835249445842,55.62137357112449,11.461154074541197,49.97172182797868,100.40186256668662,228.26950606272678,-3.726903923867278,52.09938209903467,12.059010704515241,49.93177191363589,106.61920238039592,229.08330630563142,0.414714352451312,49.78927093535459,12.336539137783038,49.975159746009695,101.44961273182042,228.1401411631292,-0.9587930725225309,51.15583801184631,10.113453768196377,49.99579538990435,92.502107533529,231.32653730353624,5.027504249251398,45.058336120739035,10.244469336714804,49.90888521136053,97.67582218673309,228.63343355681403,-4.231777569761522,54.44219737145257,10.023354106871642,50.004666907634906,103.36846876560372,229.2339573006256,3.1181158141201806,48.81353911744973,11.799420515278852,49.99057522157172,99.31897917730848,229.35541602465042,1.310687225112332,48.927429427952816,10.132810675342864,50.02815773325258,94.06849627962758
229.01592988115414,-1.4342637684241943,46.78101874123006,7.1084766563914155,50.08159054237079,93.69786935566441,227.2235119110816,-5.363552292831618,49.77416188784679,13.371016033686903,50.07710675714869,83.95482497084916,229.8378686129371,4.615929278488634,47.59439563566502,7.896234566506912,49.90455269157283,96.01658996258847,227.93708160280937,6.312736683151819,50.09715227046117,8.586024442250219,50.09351207716078,108.85769928231345,231.40080808102525,1.2138851498687155,37.697816202634215,12.427015547759755,49.96316589311919,104.8153302842945,232.17579622997619,-3.398215960085953,52.32652477138617,8.915506603374364,50.05189146713172,104.00156781342343,226.10267818172002,2.7025654482404304,59.30522593961797,10.487050721151833,50.05464861436597,94.27180463933965,231.75415895559382,-3.670126458586699,60.08693536915429,9.536719832358477,50.02817159850425,102.06127122642731,231.87526316106033,-0.7389916045505831,48.946769252242355,8.925964955266258,49.907250330406775,100.6392056233074
231.36792216478477,-0.30487591736046715,44.98049458266663,14.04945836826499,49.98030679290671,101.64875732068904,228.5304762842902,-3.4019908017109346,50.61691152154654,8.649653359112115,50.041071120391905,98.80540692983837,226.77618044250084,-10.746081605101338,56.01116662225155,13.502531531528213,50.005959979946496,109.26513801404586,229.65809714531446,0.653186608613632,41.332218550188664,10.29048915618612,49.95927669092234,98.22416179974114,230.80774589292832,5.943768427962619,53.477823320479004,9.721469911550368,50.02059351688847,101.41118639118811,230.0486878508114,-9.06100372573473,52.25059186207435,7.5655605346028585,50.05632954979191,103.90625953339274,230.51601789570316,3.6302263647637223,56.25114482587932,9.078927763623454,50.02023002794608,96.25982234108986,229.2766957828971,7.692119884116716,49.526274169906465,9.733424431708968,50.084131309590255,99.08138026682221,231.39195011741577,0.011298206839641962,53.352143870999306,9.439859666745317,50.019713157456344,107.96094747871791
234.535658005236,1.6307399421974342,54.959157638656585,11.44921136676857,50.039136630113546,102.45843770516802,228.8196524569321,-3.2035926781992883,43.011663487253266,8.509511901840993,50.022623518740986,107.53467214365455,231.15349582765347,-2.5739060266226947,52.4888742364348,9.633545789192722,50.07705711527625,107.91429902382123,230.55182372777878,6.210056744645635,51.74112709369203,7.132072091986181,49.96780666213115,96.7834273007243,230.41618437311072,-3.4279682292424196,46.24792801189345,9.39077599285089,49.94894768001322,98.99757601626708,228.98122788706658,-2.2221835181317253,49.16269617794628,10.396515210387586,50.014487534408644,91.88023035787619,230.2036437321248,2.2996615910362523,53.589344983324885,6.0984103493898605,50.005621326470845,105.95245762444287,227.5342605091659,-2.888696503094326,43.26412720949293,10.18107711429704,50.00047102393761,98.71934969936831,228.87214397351173,-3.958492957258197,40.69944449580085,9.175356560531677,50.0339095479068,102.7928800893307
232.51282915904528,-5.19600321970754,56.16757198077417,7.7443924745799295,49.95471166133857,112.41028184272643,229.47147431568246,0.17585101967557004,53.788237704946894,9.990479102648004,49.99584665262327,90.81058791729951,228.23984485817246,-12.469525246051639,46.27739350229067,7.234886273719697,49.913700717677145,107.18556601332224,230.2895644027608,-2.76166833495888,50.2655133010067,10.877485649929652,49.97555493089931,107.44352985194976,233.02537202761587,-6.324341251743472,47.30355352027798,12.080232427287253,49.981875321198395,98.19561482073547,230.94351289878517,-1.7428146287331274,56.25222878720243,8.615596172028486,50.05194202935136,104.19199705070453,228.782304559504,0.9590171942992967,46.1398320932356,8.943022959890685,49.95174446028026,90.47366489750212,225.72859822086892,-9.627633944186943,58.346268969844246,9.241948229950808,49.952704934586976,97.53117605797888,229.66285163236765,4.668720735079825,46.188917394922136,7.951446869874976,50.00620254075043,99.99247856893292
226.31682115554935,-3.713036181019186,47.930891957248825,8.414557720912523,49.97180035468482,96.03000204967722,227.0351615951846,-1.8435191065851033,43.222699116996715,7.897135101859306,49.99607038447219,91.65376319641994,230.3724207060553,2.1368839986496844,46.38873943987284,7.322541044423673,50.03579731300097,95.75235493840343,236.53087475325142,0.6150785750906161,52.10805733881787,11.593042016689711,49.98848548631335,99.75965924183103,230.83557086168483,5.8729688740805175,48.15603688237686,10.542900689645805,49.97624226959206,103.51606412731212,226.67619027818955,-0.5314152426615213,56.87665049091306,9.062964743373628,50.0430595848387,107.23275733436674,230.48602994323667,9.573501987013252,51.47544589192906,13.756295442234357,50.05443108993202,97.91253262268329,227.15891285116373,-1.983015376794293,47.923236291923914,11.153882508191607,49.95200146214299,102.19188154941575,231.50447363414483,3.1658643514560856,51.33707651286307,11.498662322883055,50.036181334660604,92.6456894874636
227.9736625549939,1.0306165370420874,52.85448187689399,7.958254283987916,49.983784360402815,112.66306263960519,226.99176294528513,-5.247318382910033,43.950219615440616,9.185984590471051,50.01531515184927,103.27118485144364,228.36962594795125,3.6018568151697727,57.53482781449998,13.553399264546522,50.057317384285234,96.08198201841576,225.81497502482443,-0.9691588823837972,50.72754709654857,11.89203641712222,49.98503186143914,107.63443763572627,230.5704732466084,3.0771349492158038,41.308480447897026,10.362563726839781,49.9811719868228,94.74852163363133,231.56181108225746,4.83925510358299,51.45478303360465,10.542497859690055,50.08862062568936,107.03479754826218,227.63943210252782,-3.426361877898371,51.6033144578877,9.301750615481748,49.92694324907962,107.58971717553419,230.64082554417112,1.5697141381454007,51.96257745985404,10.953077397528821,50.017093406715894,92.23779329345065,230.6035252175441,7.004496189753237,47.53173283855544,12.20675086646558,49.98441942627785,102.85524756002535
230.76885303473165,-2.0498028134740096,53.09523950297683,6.815873247198259,50.01933309161853,101.56812226205253,229.70746072058463,-3.9147486810428713,56.520494678776515,7.224593170976608,49.980903344070484,98.0424930327646,229.09523801041962,-4.062269209169936,54.014021058255906,8.931507251882257,49.99904080837471,91.83149503806793,231.89134758471621,-6.744275969434349,49.227196081841285,12.573177972532253,49.89887368184645,95.59581308690946,230.58167174706054,5.953856361060739,49.67416742126447,14.202620531282076,49.937311336701804,101.62136242124608,230.7984934503897,3.1839415017579937,47.97839603755278,10.57020928882592,49.929980853291575,96.85401244188958,230.7670294321293,2.468329490010269,49.60897663527204,5.683231480674883,50.027253964427835,99.20695424528489,229.10700817820975,6.855827574576955,52.54713237382042,9.236923002744005,49.93455677485316,107.1810487315134,232.1584380118375,-3.936897025224117,46.609506368799565,6.514451098143189,49.98087099564178,103.06901677093272
228.43561600284812,6.930422712577444,58.68539573026847,6.904464249929393,50.028912272233725,92.76879456525718,232.939023319874,8.353297769411046,50.04867537595252,14.074812376090446,49.99485882605607,96.24254952269438,230.41403896023664,-5.434404293697504,47.627580599434225,8.739456849771042,50.039743047062096,97.82187381059364,229.4070516861311,0.40292604749272853,43.136364312818046,7.090442140800774,49.92883101886963,96.9906081270952,226.0391301781282,1.1448991053512545,48.80263032383857,12.979393733591511,49.99524858898642,101.3340523626898,230.7367194909944,8.043361849428546,49.78725345951916,8.30334825070069,50.010781981892116,99.51003833242545,229.07966329045888,-1.4768622158019673,49.63651492154437,11.001757442435116,49.96659184591633,110.48176799661222,233.24441611072493,3.614010662933474,47.01041450950418,8.50026667781921,49.92204061994053,100.40052450603122,229.30469570055763,7.982874265800348,47.15053249016875,8.693147975776586,49.941958147768055,99.9602152523697
230.52675547796508,-7.912492490805824,42.45883598886623,12.608559978470769,49.967879457493176,99.84597273649524,228.90595653010269,3.3656459692321645,46.88069250415585,12.338970985320088,49.90404374980799,105.37309703368719,230.61041594624177,3.5306321355039314,52.45679364139836,13.979872780269625,50.00199668421118,100.64407841778757,233.6407020045572,1.8675771774725995,49.73825453247629,12.69732494616751,49.9753344166299,102.77285203787198,228.738854733715,3.9530761059115385,52.18743320845274,13.76529342444188,50.039452595813025,94.10129245528307,227.64790105782487,-4.800495199349259,51.46205186938449,10.182612817045516,50.07640502140761,97.62835449248264,232.64619425626015,5.6269746783804475,49.28581397924411,7.787170448226333,50.058399472735786,88.28801390779334,230.19608794960124,0.2908481369934941,53.70419046587858,12.594617405071507,49.982762941600825,99.92754215434393,227.2690187067616,-2.996720387927716,46.0443371038485,10.707897376742968,49.9576782342564,97.92232907700638
229.81237627867102,6.950864817563552,50.52169502942397,10.714709136192859,49.985885043525634,92.32140122644455,230.57550716368422,0.7004374118095127,46.13687416785237,10.819649119980365,50.02075206841292,101.1332868038892,230.17782696890293,5.201936018018536,51.21423367528356,11.679458719889773,49.95527729328036,104.09148471183309,225.89259092179034,8.732954165648328,45.974158925836505,9.356531867207453,49.98908880350488,101.1321747666937,227.2332182305411,-7.173174720073031,51.33600786750163,9.084476531189123,49.97894600963734,98.58617938930247,230.04023919510942,3.938289393859228,46.20424220699509,10.60873651570655,50.028383755902475,93.47423954367078,232.12407738722288,2.2439657717590498,54.52558976023047,8.8419155099686,50.019989424238894,105.86400771017377,230.18572362520618,-5.289167524922331,47.60732625379418,11.119315271838683,49.9836053186622,111.42707109691027,227.89971409118755,-1.786176839663114,49.44178067564442,9.237201281767183,50.00521035121697,97.0108832327462
227.95676830090514,-1.6106226153065049,51.99871147761798,12.04951736691058,50.000611451154704,100.22653080984729,228.47701544458093,-9.3047957112643,54.79731688939135,12.279200779686807,50.02437643172564,103.17211625112388,228.66272262633078,-4.3678183653560865,46.75256853784074,13.331309889306244,49.96792323898562,101.86462020879706,231.36638370356854,0.45353537178355885,49.19914950582077,10.886326369488124,50.03926332812841,102.3533677293232,225.87347274055952,-3.195365511087772,49.402988763943675,8.513678635063169,49.93779057950098,97.24589475159138,229.7247993191036,4.036566100449167,56.54481050237828,8.043254392030526,49.923318576266446,101.02139689987347,228.3559710738722,-2.1227673807340923,49.03668731597839,10.752520800987867,49.9429835298931,95.65838922443322,228.77204863647356,8.762227007169809,49.84697444555515,8.247156006292848,50.03298774341937,99.71858189994792,228.09149331917968,3.9009657538637583,45.37173052943658,11.56529942748556,50.07741404456444,104.43635122122305
231.97289420965942,4.149148903310991,52.316025102240616,12.068517506378504,50.0406096710766,106.78128656691148,230.12971362189262,2.106435482340196,51.77949956902382,8.172032761721455,50.05683421414138,98.45888359952608,228.3281700003387,-0.8863450735767613,40.17229033813521,14.176008185645554,49.9634111434307,93.93795279108029,229.14836521950988,3.531139729887368,53.716407581266374,13.373428403836835,49.986709673251156,111.181263672818,231.61090987833296,-4.237332342616999,49.61838394790678,4.690242229357557,50.027704825514256,95.0252126993815,226.4702435505076,-9.922860233343199,46.28588084687446,9.702387033622148,50.03500681060542,97.40196972373815,229.14616111968007,2.4610039011222358,49.26544092028611,13.771441508666513,49.973888841907375,95.31527910257091,228.18065511660149,7.294378800472014,48.17949611323131,10.40028771775406,50.08055662863505,100.38875785886533,227.242343945891,2.3447846355477573,54.78474122547551,11.20721109134021,50.06979740758813,98.90848095221553
231.56810543450592,5.813305450240232,55.71173587416062,14.343066922131097,50.00710663900212,100.61412605059903,228.85855017467895,-0.8149167872398068,51.572263225508394,10.522401218510373,50.10387146303277,100.95470771887034,233.07387636758173,3.6852470354764932,49.02758831858592,8.845709008343517,49.95566180490058,100.20630056691503,228.64251630998675,-2.046674723585535,50.238696374213326,8.592556124329278,49.82359161811081,102.8902915863532,230.91911271990332,8.605443186403638,46.71017606767719,9.234730571454604,49.90893291279585,98.35842032319202,229.9416986591576,1.87448052047184,47.98666469121926,9.313561015819733,49.97890487194574,108.96203568811616,228.26358532834237,1.6934186034232976,49.62707676658335,9.969758152223367,50.01200822650561,89.45788870641206,234.07388207403673,2.380565980136854,59.71555588005528,10.275755584866411,49.98631444728662,95.70534921980341,229.02464316154732,-2.878862746087342,54.79833828769364,12.55211692072905,50.07442948751858,101.37911139202677
231.61641062597914,8.74351802496638,46.874289899253306,8.908590696385765,49.930168912041516,103.57637258740507,226.82073209641325,6.388612266657562,53.16379194463844,7.254871670825397,49.93363660578345,98.79732901862698,230.9693516788443,1.3972701684446216,41.99661057558105,9.563773992341561,49.93817241286992,99.76854592669613,229.58928045631822,4.55759603701733,58.65907806907999,12.248213047513902,49.97115913379764,100.93260177967292,230.15663746191333,-3.919061239999984,51.65246282659373,9.599241609552312,49.94620886663976,90.31005360057003,232.4381278484362,-3.159778899834988,56.63596566149866,10.599968479595498,49.97637147627415,100.9270983130521,231.67378653533655,-2.2563161205987488,46.57885242984555,12.485394239644304,50.00035011779585,104.2887645873476,231.45183662285342,1.2926144541338072,56.127341650513806,9.698692492925307,50.047080812076715,94.78039495562875,230.15884532048443,4.986268801755246,47.48568124239876,9.304921998084621,50.02448318344358,105.61292774036974
226.28900674513514,-2.2234012653907644,41.96705600085909,9.835976616776788,50.04252709811235,94.32468783545254,231.60141523556678,6.530142497372314,48.845690310142224,10.041002231660137,50.06480223171359,109.79897417616553,227.7362568322123,-9.29719483165284,54.831817255003564,7.85545771596682,50.071355704332085,97.09110270894143,229.32494650282223,-5.889366946409123,49.765528211151505,12.265723238348889,50.03631540756022,94.42171889392355,228.33436019159257,-2.5441366467802133,50.7213343305816,8.235783078434727,50.03307616549562,106.40651072813047,228.57016360822195,-2.2666313388920316,53.49660069251687,8.418181683142954,50.0246940874092,101.45311724503823,228.37731530728814,0.31324114236321365,47.13183141686892,8.990845747151042,49.98646784623001,106.0105143350722,229.14366262411224,1.6632952710979354,52.7624440540846,7.313874198958045,50.091386773468884,100.03511662650716,228.75298502777983,3.2283329529910345,52.89006365242981,10.127646136915853,49.94278278425536,102.38320805319249
230.93803412275253,2.38389334811927,55.68693664146233,11.144352448181406,49.970375188455,93.23389810261584,233.1354524576327,2.7008715529936307,45.02194607568601,9.644026874826928,50.06163863886042,101.19824550655078,229.8570906634005,-0.17933652425325727,49.87453796584388,9.693538076024108,50.03171952753611,101.28124042185486,233.27940041707475,0.19498196332296114,58.13724771052015,13.211281062933477,49.99917533025321,110.71673726977897,230.8489777499761,-3.281917327150752,42.45485998463523,9.993183696616331,50.003177532236386,104.90643613647727,229.43564723107733,-0.7999154193289514,46.22805554819713,11.316872472148516,49.995083620761754,103.63349034863188,230.52696347568073,-6.167739293436837,51.73348375975486,8.776173091169394,50.01865983686977,105.53512217763573,231.92330372710052,7.344934895638003,47.35025290602583,7.045297337620923,49.876895742735485,94.76824073934577,228.41121878522938,-3.023292763333268,55.42911856382324,10.306216423479514,49.977134742622894,102.39705944811975
229.67880308238753,-3.7288594567293423,52.696201963423604,10.91596097678152,50.09058016822375,101.92438165925297,230.6649486962733,3.1310428430699,43.74694628141256,12.943020217833165,49.97558392937773,109.02938831773047,231.19919546642106,-4.102738921568563,51.64349542970076,8.647658921367821,50.03058302279534,98.74496187484586,229.9689705939102,4.723108370896396,45.79464174873206,9.340971508602728,49.99640842674028,103.10457740750924,230.75305952880967,0.15335682614319285,59.472397726647976,11.52505750423532,50.05138035393453,100.85043213058132,234.2935042663431,4.184556213651766,52.07788675227397,10.438731666509817,50.0433186429368,108.48840275529388,225.9465362728158,-3.2360128351447037,50.72700782028331,7.968598335918394,49.931400885976906,106.28520678453805,226.5652976595875,-0.589772727993274,56.19021738061472,9.98003422202614,50.112506650882516,104.85969751144202,229.56780523362852,-6.866389713291192,58.28721312231529,9.38646111738402,50.0975523698429,93.63702372242258
228.18074841840865,-3.6082558226372936,57.53984049997637,11.14610584840573,49.95368907948584,100.21731237135498,232.53702599892455,-8.923441718714919,44.99947139751412,9.349884037006033,50.02391010046993,94.26406589546656,229.07024687583237,-8.395686156605839,57.091170446018026,9.055388581573647,49.986204396075614,95.58967349634979,227.35127409050284,-6.528583304051631,50.47988440797817,8.890694836398348,50.084380801330454,99.29707678501725,231.44098368327496,-9.207626282771313,47.501038060378626,7.286546822073747,50.05747950512254,97.61615046656654,226.51283173560802,4.975719649212592,45.38157681858878,11.34382287684336,50.01502756616321,90.38189986208181,228.89813969617313,2.3903800979136394,49.00950318863284,8.383881630274244,49.98169209378634,100.08317098534233,229.8131322349545,0.372522626307954,50.25354247567111,10.147147436197594,49.920943064852565,96.92198609147631,228.70230365314995,-4.160330792398293,38.82185678562821,8.682113478134065,50.085148658191244,102.7051953639264
230.9535224508454,0.41899610079992217,50.05854678843162,11.86022470718108,49.976103791770726,91.21028570139015,226.15822407085457,0.2946663655674814,48.60927827019819,9.159765990962548,49.90494437322126,110.08273312679512,232.37786843232226,3.42107295863809,59.03975651794911,13.27721372957684,49.94712989774543,103.96983714420014,232.11594872426465,-0.6490213139546824,54.539646173982206,6.370443081597637,50.069667577296634,98.25617347416352,229.40358804708166,6.121757440840695,42.9959558428247,10.246356980566755,49.991225971998034,98.50322205048866,235.03542817686866,-4.405099095368615,43.65115758833393,9.098920989594024,50.029550610418376,94.17655183141434,227.81759765854082,-0.7837297131380403,46.32449121838226,7.515609736261798,49.97562472922305,108.10582859899046,231.40561415556763,4.3551732384264525,54.88028638159419,8.287856236115577,50.028523785750146,101.2197133135192,231.06457676854043,0.7271850069467677,57.28890718747911,11.046788696284759,49.95080618109383,100.48089735363577
224.22058380322704,-9.023627839914276,56.68748944670186,8.003566309754166,50.05486970540984,99.8032119077519,234.78807444711006,2.396625621782229,56.14199522741158,8.036121440087616,50.08831603299409,96.22575398618886,227.71362566608852,5.932958264700158,49.34923273832543,14.05172434973422,49.96270558817251,100.98750568891349,232.09347777403556,-0.6551414348257777,49.09080459575356,11.35355579287877,49.9684944635901,103.94958572180754,231.44466655818246,5.991381942446626,42.94855782964458,10.696131174101257,49.99265975499169,99.51984245479807,231.7152940751006,-4.170868078614746,55.48448232514279,9.601985159741279,50.00448889337455,92.14527662432528,231.55334912333024,4.155488146663706,49.32602606890553,10.1795533006659,50.031234354634286,93.39073131548881,227.44838064292023,4.315104288114767,47.92077036237867,9.869636932914899,49.99498866574811,96.78948968641676,228.23767241602613,0.06949548971670744,58.29964615525418,12.210571882618394,50.002142034505525,95.42548519808626
232.99109669510295,-4.843388883987842,50.4252193861037,12.48115258140021,49.89189449168575,104.53553645395382,226.6660571789266,-6.00286356844295,56.00583554096691,9.767544052939742,50.02104385078353,107.16853785084042,228.22882182975198,5.523082399480454,39.2031826330968,10.217949104377617,50.004794344511375,93.54257439979703,230.02296515292093,-5.873850139908199,47.927742315813056,12.045748619285508,49.97726357859505,98.60993890341858,229.61206608415907,6.382333539500284,54.07132186268879,10.872689516031237,50.084470991010825,97.63740319956615,228.23569167315375,0.9069280338643306,45.94710854994743,12.839379349729743,50.043006429105944,100.70705330987718,232.4040824010574,-2.44461210981301,55.41148292821069,5.306776987421424,49.96675143393962,100.5235953687477,227.91700520674587,10.11299688776716,52.86555199517061,9.74790346498149,50.018069781881756,102.33781160034636,227.7153711303619,-9.508279827454198,46.12589121030638,8.689649335310264,50.05093482205032,97.91284270653405
229.31097359602546,-2.6311471213768165,48.309723129614305,4.438735807510932,49.96887167326011,100.5018135156112,229.24571374937528,3.8740914777257416,47.37935954080091,8.866952512671924,49.98295730568803,100.50776969534346,233.94805725274338,-2.7010727907782868,57.218817462689266,12.205974623713253,49.9915630929002,97.60459346784846,229.40231220270923,3.5114952718159516,50.29685280007972,10.9085135970685,50.069322785114394,98.83453735351247,233.075430370487,-0.20175889104609437,40.65188969892561,10.694444027437967,50.030157604705636,95.45861696619745,229.32798609678972,-6.698539592234627,35.20888387349108,9.54505290147749,50.0976560265887,107.00756531310849,228.3516469852728,1.8270237442668333,44.06758042620495,11.715813969591748,50.01509369999397,100.40444728335096,228.7495351858955,0.18228371006620336,40.59175057183842,7.2425025190552486,50.00276792220965,97.01566120817841,231.63998776834973,2.659764219442587,53.37624460410796,11.7217545676758,49.971700080602965,99.82732892614375
231.142493744247,5.120239860015211,51.268463685174666,9.772481274675938,50.01259833284387,101.7457197357464,235.36103252574625,2.3580153886916793,48.9786515476672,7.188580000441885,49.94180935513482,100.73612324839966,225.83800861763766,7.213550031198458,46.27796509191031,9.828864833953194,49.98508981322806,100.41777170580194,227.2849583976694,1.6613654080653317,52.948923353719465,8.944263155606079,49.99894643673457,96.53338263804145,232.82420038179052,-2.326865842390626,54.46084421096043,9.03090698245676,50.04792078561962,94.99459737941217,226.1033419315149,9.478617248228925,43.73768225604109,14.249910760981559,50.09364007875097,97.7952352126861,229.81034622328687,8.921768763899689,51.79016727869513,10.196018696196496,50.005703446067265,98.133167555764,230.43605303571334,-7.45883125672314,54.91914097285422,9.757153745106436,50.04908018705267,95.22640858745727,226.51877661866166,6.762467812947018,41.99703506066311,9.333061046380761,49.91245129710653,103.740565500797
232.24117108354517,-1.4244674496049836,55.73234166419004,10.263054751230648,49.99504735279156,95.5996381439415,227.70423243649302,3.9033285121520223,44.741457708351845,11.055879778356791,50.033616427493904,104.74388614447341,229.67856072051111,2.208087008151714,53.426428652342715,7.987559434291631,49.99872328454171,100.54259023884222,229.95797932439345,-5.224986307046551,53.1638185813376,8.262389977699904,49.99959817881725,113.55777146738929,231.280150412865,4.6473549534131156,52.32049985547094,9.136961769272636,49.959779940295114,97.261902822693,232.75289655581796,-2.2108888101548723,49.76725820100618,10.976754214485332,49.9537676420627,96.4855012485019,230.84309111262334,-1.8475707162525539,48.35545262631176,11.863759381262103,50.03041000263557,97.63886132152295,228.70503578465667,10.307094068222465,48.87887992784124,8.84364057146408,50.08870314615511,107.1191528242941,231.28966660506944,1.6784712657239578,46.71683381548295,8.374785292844296,49.93135444473615,106.64475235086479
230.57293105242985,0.870763667620163,44.41174017937739,12.167146172490444,49.92301111318887,101.07056916016208,233.2652675602369,-16.198746410307624,45.79516612308299,15.066302065518553,50.001995177082556,99.02393943051854,231.50918869558734,-11.00529587157212,53.86239253091523,9.085823068630514,49.96735368605347,92.50250160125849,225.92788406017553,1.3014133929868945,52.472401890765795,11.495400961879575,49.975685945409154,99.65629138517055,226.236596438222,6.348941046820094,60.019683103402265,10.094612099671961,50.03323368186901,101.28706493865324,229.76711342351726,9.168840047408393,38.118126334207254,9.612080092896129,50.020487929946746,102.69329113006428,231.2290598183143,-0.6331929008024544,48.01591944429767,9.903243096770792,49.931721645762465,100.92850204665143,227.96497286949327,8.87875502108967,56.508290267161165,9.099679901793222,49.99495548160936,95.92422709232459,229.5273871590217,3.6524818075470367,48.94991732511123,10.123585557997801,50.036395596803516,100.03175757831126
228.31554635024224,3.842818335280568,54.57124088989793,6.5548447039306925,49.9595845796148,97.60491459472823,228.1617980748833,-3.2130382049398953,49.72231370306684,6.844041871738747,49.947690709847,104.88766766189386,231.68625879685354,6.816277427416226,44.65709817930699,12.223995707608156,50.127897498617244,99.72731864565895,234.50226302454843,-3.170183912239043,54.94433496258278,9.614301064693155,49.98969227355082,100.82033134366671,233.36129412012235,3.820794889152711,42.849911570633765,12.542056815114242,49.976135386281484,93.17101320649407,224.63425408226985,-0.8388193443104566,48.56062569017292,9.390839367523848,49.99393160743138,96.40957599471001,233.725949892167,5.558524568220924,48.58173796055377,13.59247954944405,50.00669311704136,104.28323360523744,227.31665672069238,-9.273823572417054,52.338297197398866,11.896008080994932,49.95921231687255,95.10055072076965,230.24629654710563,1.4629940541014905,53.01610840483799,10.439740992059795,50.003111309115106,100.27045972123447
230.18126387692485,-2.1260797178047715,54.335663747300615,10.976436560047027,50.03094777398855,95.48134045818126,227.4222933294629,-2.7494905481618592,44.63528194862139,10.398074225157854,50.063766117068454,107.29395542967781,233.70775060547254,0.8895206779732479,55.32313699403483,7.843904611436811,49.94709378268208,99.71884942896403,229.26062081086576,-4.14265858612525,47.05786300671754,12.042794833689886,50.023456388018275,97.9879309384857,228.71533143905938,7.173748186685131,52.88300781210759,11.134324971058025,49.99765135888211,102.86858926565911,229.35083101910413,2.5185851000033437,47.62317054465059,10.652330170783607,49.9654681891321,95.27615754001037,231.23694122412326,-0.939445141691939,51.8939382298132,12.742554022612676,50.016586481136116,100.62418587215596,232.7584881901219,4.7347048448741,57.94471105295639,9.59557370878613,49.96456600688681,96.96629029286827,232.29309702318642,7.3778500851348605,44.21806333956083,8.702209430303954,49.90658091042431,96.32567093799614
230.22824440790578,-6.617225801290509,51.58016772530579,12.859292802431886,50.10515667215715,108.22796712081143,229.1810841545929,8.544093601272442,40.089355662308265,9.7003025990575,49.99014970064811,99.90564469191145,230.42462712041,2.049052241374968,51.82786079186364,10.762816098456724,50.126772541877514,106.98750941721468,231.87486046200755,2.23271371523631,49.40108547908037,10.24523768660052,49.97781615517847,97.02649035092591,227.79461832218263,-8.351472193198825,52.88534336239829,8.591872033870098,50.00538353322902,91.41303658699982,232.66187163879275,2.8967565672817983,58.20299788698818,6.059312083188555,50.020933518681495,105.58472953896471,230.13076104448825,-2.0903450569807127,52.66814737992665,12.356438803612827,49.973389759544766,100.23993302681825,230.54242252832873,4.5041741984934145,50.2929832718869,8.149128109243897,49.96373404743051,97.05037007749999,229.10464439403592,5.456751973660109,51.76592605280785,10.09183706159891,49.98492782337421,105.96415605448102
229.13057789957864,-5.389290307660958,48.188963390128635,12.819765383036554,50.04786883687394,103.59347704943305,230.00262790802512,-2.1780955912603934,57.21891087361911,9.274774965262122,49.898577061805895,109.60873520060977,229.77726877090737,0.4906394213067541,59.80886045086943,11.631400592907763,50.10293993379278,101.40981243010046,228.96089815899572,0.12969839543603467,55.89739133053343,9.914911711169276,49.97562998082779,96.48625402591476,230.91257040919098,-3.7418429196985663,59.34195497392895,11.742918432150582,49.98539509745937,106.22284815944292,232.1853125679793,0.9871450430950973,45.9223091840436,7.897872158874555,50.06280170879031,108.55878386087383,230.8033991339727,6.330449934572276,54.72071691391522,7.510100397158633,50.03560699843681,95.00570961196286,227.85766389037892,4.5827459742326,53.04487867960422,6.463905505506929,49.927955758085204,100.94847313249458,229.8478852630744,2.7587335018030523,48.10792844703877,12.932323072692661,49.97934814335711,103.6128890618409
229.2686039721139,0.1867118451111871,52.871604433281576,11.543827964334547,50.00314243433824,106.32727996520137,230.0864868782043,9.19158465475786,44.546138635641164,11.117809358201686,49.9764270678816,98.0731656574895,229.07122881933478,3.9031732425470578,51.053010519806,10.873707432429082,49.96886659186844,101.09409291875774,228.47281432052864,9.050932549562408,50.11064864102414,12.38362862834038,49.98466248730295,94.00708530768587,232.98457366166772,1.1019357950022974,49.259039664914745,9.212379236587605,49.978670781804574,111.56741324526634,224.57381364893382,0.6322118150897027,49.58166088677645,6.488685330617454,50.01655827094613,93.69100198201897,227.16479893451006,-1.5722553081850863,51.15938307168895,9.71496167409856,50.02862039705538,94.94838626565146,230.02212115961396,8.284256852439745,44.12863716301244,9.390782871506717,49.96191162042545,100.80917788725668,231.96784219293073,-2.0091631777189884,59.68746672051235,12.570486706872149,50.06062969851597,103.93915590081869
228.18591369681258,-1.0354819717276456,50.71142398213607,12.634817129995461,49.97020945437111,104.23355797346953,226.471094641524,1.843629062847376,38.15084433594146,3.439082056524213,50.03469004353585,109.8013727252279,231.15065123389448,-5.686814276782791,52.450175538307626,9.770229283530176,50.01719828565048,95.91086869079365,233.01923876094634,-1.5717275472680514,51.72329566893647,10.621617923143663,49.99671317730621,106.63514550373449,229.1583165968383,-5.592895142891693,51.24319986042041,12.52950588298977,49.92147092462967,100.30281619675229,228.93438212524495,-1.2401875320270106,51.03933317180261,7.772439031146594,50.08052259982928,106.50026770254536,230.1826528898533,3.775964181307687,42.9799042370295,7.790280261741493,50.04116599857576,94.951635735498,230.62635604056197,3.880646769179772,52.567558280843514,9.296988762821503,50.07418517224966,103.32814236294848,228.96809240568334,-4.357319281310446,47.93069879982252,8.937485109786824,49.987200158337544,102.79638753295967
228.40241515920076,1.1561485484229979,47.170282924805825,10.349441429744656,49.995866260254914,95.39300323280455,227.57561572882494,2.1880630752446133,50.315720190133426,10.234755581028079,50.076241557270926,101.7952034269696,229.31241613658392,3.7099541166993903,50.171618090151824,10.538651922666531,49.99233358688196,87.68493098877796,228.74012043055248,4.652320394811316,44.557833167907,10.855688406558947,50.0570602779694,109.07880890053555,233.98087762334123,8.092263376876828,47.65678702751621,12.306803190652724,50.03494755543885,93.48605176941004,231.2113173222866,-8.693111500629339,50.24526008402285,7.906965602749572,50.0771098947589,104.89788453788188,231.1620683717427,-5.200830733239357,55.60210188007089,9.109246332736952,49.93008315650451,94.29301482666934,235.89199707273798,-0.8576014732574676,49.777841822056565,11.497043666905814,50.023797629277475,110.95591428342549,229.40183186674926,-4.0280451421026955,51.62102848089424,11.528425169834446,49.98507471050413,98.70219496675362
231.4104269193085,-1.6817913038325603,50.24565479074937,12.178945345599699,50.04753580874397,104.25084539666777,231.7373063232299,-0.9891639460241533,51.59979692228422,14.723380877089724,50.01229084557085,90.14883912068635,233.89416195817466,-5.979698543498434,53.826749711108484,6.345002656382413,49.95997971205665,99.94537246161475,230.8106009174571,-0.9575678424747998,49.11449519174985,12.53672092188928,49.91782573157913,102.56098285176711,226.79080774268124,-9.759928738017106,47.6031170023497,9.294898144454805,49.992109630830235,104.52793190532496,227.35005284493235,-0.2120943751281571,54.61206885817357,13.12865295458059,49.91776577290472,90.43163315108471,227.42281595415182,-0.8682245442954711,56.65749454532404,8.97506810622738,49.94162460780965,95.03284341225178,230.5213531746908,-3.1206854407915516,56.295199492658256,14.290090641139905,49.950672451789075,98.89414131445653,230.2953133560624,2.8280227994359413,59.08005487399043,9.14169252690983,50.019772763768025,103.85442406266102
230.65260846061224,-10.435825069597367,49.75733326304379,15.253241997852427,49.99000835763987,89.75624327343826,230.8496554537509,6.82092358762914,59.88829845227377,10.7757541914152,50.04066090485182,99.61506134439783,231.11785637024758,-5.2645107880007656,39.523653429779664,9.810836858098156,49.97666617033135,97.02797447801794,227.87620082869077,2.515025666817394,47.100587841139955,11.175283911849931,49.96970396340879,87.63192879507325,227.90291288813813,-2.5491604307000637,49.44414019624529,9.504869369509539,49.99627035026458,100.04598198717383,228.71688657130395,3.6925271958633408,54.838651336935875,6.765271877363909,49.94345838351389,89.74229751052376,231.1556233832137,0.18686570016054935,50.867046147029285,12.383501358363992,50.04634767390579,100.35758837047331,230.8801300232324,-2.3000152801355913,53.59862794053709,7.687933079334095,49.89791658429912,95.42411923665388,232.3873658244244,-6.98578321633539,47.434135096704836,8.23728005612092,49.94815241326145,98.68556991510968
228.16195809397803,0.5499524860655758,48.809271334722645,9.447986079032619,50.0248931009237,101.07177180565195,227.168524992001,3.3663248744352496,45.43096152777926,10.100693808174666,49.98155156216457,96.78628641740546,229.18568783264695,-0.36091997904246437,49.350148545670294,9.7795058995044,49.981195322060394,110.7021915172033,234.07572342690207,2.871001436999854,54.183327430954805,10.379418464873707,49.891021613990084,100.81326134544832,230.8201745527717,-0.9797729725016645,53.92009513554909,11.102804283378124,49.90167190209454,97.19053210180763,225.12577875620804,-3.040965166446889,47.993758188078864,9.127234492631272,50.040430980554376,98.69180874056788,231.26934736358388,-2.6696073675155283,42.60281134847453,9.57507874326396,49.99328785156208,93.26879178874229,228.1739143484359,3.4869532733591853,48.27305490768508,12.29069584311129,49.95457206674303,98.74999696712213,231.30912752916777,-2.7590556177169008,50.114308525474065,11.749395641192411,49.96992672078252,98.20463758667634
230.69883617156592,-4.7291004764360185,58.08383838859187,13.500842019726218,49.99460795937377,109.45968755880637,231.0276076169351,-3.4246787342767977,53.94140708610611,9.635720290662574,49.96277917350565,101.17379266337826,231.40945724935608,0.3833276728442498,54.566913397729486,8.511949310735758,49.98019934042824,94.54626533738785,228.30620743229656,-3.109596857140207,40.13025005687798,7.454871734872162,50.016692460732045,102.07651942497291,229.67941671691943,10.02344067559837,58.183009619461885,10.394169771646139,49.994770332613456,97.5774223409548,229.81506791903513,4.126651011528281,46.324203687051494,9.102459210699427,49.97139427186965,101.54043416647635,229.55114173466356,0.07179535249876344,49.69412805364902,11.868120263031647,49.99680209609344,105.02084381095855,229.31684001688677,9.96997772498101,47.782377057626476,7.740753557744776,50.073139938047134,98.13850276899504,232.9286697788549,-5.470603744398652,46.93710078525827,10.69196392358631,50.088746696998705,106.93894330774286
229.56640443469234,-4.472659442009413,58.6686707928218,12.384764876263578,50.01266598254953,110.63963771644146,228.10608535788097,1.1763332680533605,56.426052304396684,11.618816610770393,49.99308137485593,97.13078553228335,227.42033383774066,-3.3510654795397627,42.850018904062445,11.892025878462583,50.037708457948035,95.18450198016477,229.65152557481244,-6.445166320303,46.77935306785457,10.31703299902795,50.054336907623615,102.22509724488586,225.2604045163249,-9.62164438545543,50.5189567582709,11.024026414555527,50.09537277310574,104.25159394263287,229.24066616815387,2.44103983773297,54.73431225886422,12.273572459065056,50.039666815939135,102.0903717951946,233.66147959026452,3.4469584288993973,55.16434868903474,4.944008649868412,50.120892992433554,105.3315696464952,233.48291189807864,-7.299542202688361,50.033734124576746,7.135600852680605,49.83733300276236,99.18170907443817,231.6822701379285,-6.137478885800903,48.88691762432404,9.00447159531093,49.980406077051235,106.63876743989867
228.9545071618629,10.80545516732508,57.090784459944985,10.13614537691981,50.0570197762057,96.24558779338608,230.99999718018032,3.4715232368104236,47.53271826322962,11.333484378694607,49.90869580664711,98.46640155632244,228.25865750773323,-9.51770624333479,38.3287485934959,9.469210817419688,49.99280804652994,103.59749763138026,228.93465014661786,-1.851571026058194,60.95156788063083,12.133707058661527,49.99278788116325,105.35916975889056,227.837325989143,-5.732675200844849,54.850894513370044,9.169468005311845,49.98413130657974,92.00128093317377,228.49292199863348,-3.882689813879624,48.99538746748044,8.850774541805173,49.97802776441271,98.0085281183309,231.83512830475718,1.5613402454426897,46.77213253778534,10.958091178520444,50.06491739928551,101.88722881344557,227.24770063511406,-8.220261746285786,43.86475391427625,10.247089965381099,50.05530031037336,94.07038810004498,229.7404756974509,5.257141121988482,58.606018785998415,9.5136813462382,50.002540798976945,99.22243235242274
230.62658687253287,2.713805051300071,57.106320033899266,10.856184654961497,49.93409158510922,104.63050731268184,231.4259198365138,-2.2014330034074066,45.71070838951262,11.417565518565914,50.022603319244865,98.4001849815638,229.06240618842338,-5.301983974788943,49.85314632413534,15.187635952655583,49.96485092802464,104.87267023778364,230.1428798716802,-1.039304410365804,54.289566998930454,10.846151596027156,50.0062940060947,99.18418383511323,231.13466768323053,-4.299428658220446,50.25665908503739,11.557340901390564,50.05452247378202,90.36173819764825,230.82910320624083,2.2323525170510545,37.95429903704657,8.737686516792287,50.01788814057454,94.87161017054075,229.9724755481331,-3.2777213913751373,48.74838790086657,9.348572606457687,50.094604127052875,106.63109520652746,226.54152963419205,-2.9712797407275,53.96154789856714,9.849909961541998,50.00130775561163,108.90495959074772,230.9783775384737,4.4534996845919945,58.66914474261401,11.06001015364178,50.02512512024665,97.28491859315861
229.95661925773922,7.242261264153376,57.228854567353785,7.944625449551204,50.01530838347834,103.89992716818189,227.07319804443924,3.9741224052267254,53.00919193317299,12.020841149066879,49.95151397464251,93.52091528607565,233.56738359583642,-0.47463038352525794,46.42920436895237,10.504735071068634,50.05643468773933,98.18356564027305,233.00851836240963,5.513587967684096,52.19762083076955,8.498340898574849,50.034055729821624,106.05467163868741,229.5754840780118,-0.3633674316123604,51.08137783195754,9.213256029608274,49.982217600772984,107.38717765340391,232.0247522579557,-3.408133279215691,60.33275269818593,12.29539251177216,50.02241220704041,94.84586173240274,228.7485109293367,6.730826528500034,47.38584137269721,7.167284279402552,49.934845806925395,99.5450864255622,232.12945167307433,-2.9132395035632586,50.806929649984646,12.627457997458567,49.98935543537223,99.44091637439018,228.6183547079193,-1.829271411624775,49.33226547906033,8.527648796257287,50.005668060795315,96.15809030884142
232.59616906452825,-1.8775422474870775,53.461809875266944,13.297013995174012,49.94971607586538,91.24218716708187,228.89402490091203,-1.9861287945368562,50.101804440799974,7.359111426483877,49.98533288204024,105.04975919189171,230.5198963987047,4.40351686936779,54.369154383282456,11.137504606141643,49.982601382905905,93.4765997864575,229.74325824549715,0.7790378851692593,49.62956060079484,10.317712575650807,50.06699877451205,103.29023458288272,229.2234037894261,-5.891223496120842,44.30292413079814,7.71461884702998,49.89117602253309,107.65097093814984,230.60689815769356,-3.277069514575886,51.87653122784445,9.791820882463165,49.98387682558256,101.42203137521219,228.61281235156292,-3.4993934563609934,43.73083751617239,7.799720714610242,49.95290184143704,101.67210600564596,227.38718707095538,1.627370410377917,52.36804378738641,11.603763020131504,49.970308848165274,110.23135273378743,230.06277081901715,9.665636892771037,57.96659464461328,8.006603548122353,49.97897443499635,95.95717078184931
231.87954279038425,-7.962455156854681,43.048298207144654,12.936056227272251,49.98145747350632,87.19546029740609,231.06795628923732,-5.030010720729314,40.54451800220485,10.248215763350435,50.07245085473601,94.55644149868331,229.2576513267808,2.4560806903324726,55.545866252842686,12.586942069355224,50.043684240937104,106.27568208891876,226.27554414421533,4.285496148073058,45.47100336619421,11.217779526461745,49.98888244746397,99.61067003388182,227.76522723050383,2.129022987928074,53.14364288555211,12.533767942664895,49.98340508162261,95.91163527646405,228.57694819292206,-2.6318242751061387,57.31767516621384,11.02068031356966,49.97206180214441,90.36180625652051,230.77474502793729,5.76232570891983,51.8813589555745,11.858131190568608,50.000019220158606,95.11773016640612,230.6200204504399,2.77964094347053,51.94950131342129,7.784312065224038,49.9961055337372,96.86408033647886,230.07775837985585,-2.5173278378111457,50.44360069142713,10.500290865809927,49.95803466483063,97.09489497250286
