0,1,2,3,4,5,6,7,8,9,10,11,12,13,14,15,16,17,18,19,20,21,22,23,24,25,26,27,28,29,30,31,32,33,34,35,36,37,38,39,40,41,42,43,44,45,46,47,48,49,50,51,52,53,54,55,56,57,58,59,60,61,62,63,64,65,66,67,68,69,70,71,72,73,74,75,76,77,78,79,80,81,82,83,84,85,86,87,88,89,90,91,92,93,94,95,96,97,98,99,100,101,102,103,104,105,106,107,108,109,110,111,112,113,114,115,116,117,118,119,120,121,122,123,124,125,126,127,128,129,130,131,132,133,134,135,136,137,138,139,140,141,142,143,144,145,146,147,148,149,150,151,152,153,154,155,156,157,158,159,160,161,162,163,164,165,166,167,168,169,170,171,172,173,174,175,176,177,178,179
0.6799514953007475,0.24072265625,0.4599609375,0.0,1.0,0.26570716459536925,1.0,0.0,0.0,1.0,0.0,0.0,0.0,1.0,1.0,0.0,1.0,1.0,0.6769525563410437,0.24072265625,0.4599609375,0.6073454001452774,0.13002615974255605,1.0,0.3482198171768687,1.0,0.5605779880570481,0.36547945086931577,0.9628183106615325,0.4460906470922055,0.6181719720425463,0.10893233534534374,0.9532836499274708,0.6205294937753933,0.10493160034729954,0.8996607104782015,0.6739536173813399,0.24072265625,0.4599609375,0.7834300081740366,0.11975053257356194,0.38773762367782183,0.19584434157513897,0.6592405898118159,0.7978043319599237,0.20378484125831164,0.8677325517764984,0.7551669834138011,0.7885375192490756,0.12351351064535265,0.39563150882167974,0.7896327596899937,0.12313366211162702,0.37565548872953514,0.6999545268444508,0.22216796875,0.439453125,0.977753676372231,0.0128749412833713,0.03787126168026589,0.020411792676895857,0.7617864725398249,0.9794782017415855,0.021136357529030647,0.9850058636711765,0.9753382120543392,0.9781857233847404,0.013472195001668297,0.03928297017409932,0.9782921844962402,0.013447712479774054,0.037358886482252274,0.6679557394619321,0.27783203125,0.439453125,0.9976195878116414,0.0013830675156896177,0.004033911449369043,0.0021870638738619164,0.7753879285519361,0.9978064367096522,0.002263652866531629,0.9983821577970957,0.9973656389120151,0.9976648798419774,0.0014490934863715665,0.004190506704617292,0.9976762394217076,0.0014465063997022298,0.003985975978139322,0.6359569520794135,0.29638671875,0.4794921875,0.9997490449313773,0.0001458707743040577,0.0004251321079209447,0.00023060347302816808,0.7768764039647067,0.9997687729701283,0.00023866351693868637,0.9998292560248956,0.9997223146565375,0.9997538171537599,0.00015285301287804032,0.0004416272713569924,0.9997550137231883,0.0001525762343135284,0.0004200964904157445,0.7199575583881541,0.22216796875,0.3994140625,0.9999735773308203,1.5359425105998525e-05,4.4822751078754663e-05,2.4280765501316637e-05,0.777033685335482,0.9999756576435175,2.512650826247409e-05,0.9999819762651896,0.999970758028212,0.9999740871207905,1.609143419045722e-05,4.6487046347465366e-05,0.9999742116378911,1.606213618288166e-05,4.423107748152688e-05,0.6879587710056354,0.25927734375,0.419921875,0.9999972083023749,1.6251592569460627e-06,4.7911598812788725e-06,2.5629742594901472e-06,0.777050245575083,0.9999974340098561,2.6485431590117514e-06,0.9999980572320055,0.9999969076015987,0.9999972720124788,1.6955609680735506e-06,4.89770172862336e-06,0.999997283310222,1.6935904341153218e-06,4.668676410801709e-06,0.6559599836231168,0.27783203125,0.4599609375,0.999999695981387,1.8074206309393048e-07,5.72792487218976e-07,2.768392732832581e-07,0.7770519975965726,0.9999997245904524,2.83500412479043e-07,0.9999997512986738,0.9999996577971615,0.9999997117520252,1.813532435335219e-07,5.198598955757916e-07,0.9999997114500729,1.8169964732805965e-07,5.046676960773766e-07,0.6239611962405981,0.31494140625,0.4794921875,0.9999999572755769,3.0859155231155455e-08,1.235748641192913e-07,3.5222910810261965e-08,0.7770521889979136,0.9999999653737177,3.4415279515087605e-08,0.9999999324245437,0.9999999459614628,0.9999999681149347,2.2677340894006193e-08,5.880428943783045e-08,0.9999999668216333,2.337014848308172e-08,6.5410858951509e-08
0.6769525563410437,0.24072265625,0.4599609375,0.6073454001452774,0.13002615974255605,1.0,0.3482198171768687,1.0,0.5605779880570481,0.36547945086931577,0.9628183106615325,0.4460906470922055,0.6181719720425463,0.10893233534534374,0.9532836499274708,0.6205294937753933,0.10493160034729954,0.8996607104782015,0.6739536173813399,0.24072265625,0.4599609375,0.7834300081740366,0.11975053257356194,0.38773762367782183,0.19584434157513897,0.6592405898118159,0.7978043319599237,0.20378484125831164,0.8677325517764984,0.7551669834138011,0.7885375192490756,0.12351351064535265,0.39563150882167974,0.7896327596899937,0.12313366211162702,0.37565548872953514,0.6999545268444508,0.22216796875,0.439453125,0.977753676372231,0.0128749412833713,0.03787126168026589,0.020411792676895857,0.7617864725398249,0.9794782017415855,0.021136357529030647,0.9850058636711765,0.9753382120543392,0.9781857233847404,0.013472195001668297,0.03928297017409932,0.9782921844962402,0.013447712479774054,0.037358886482252274,0.6679557394619321,0.27783203125,0.439453125,0.9976195878116414,0.0013830675156896177,0.004033911449369043,0.0021870638738619164,0.7753879285519361,0.9978064367096522,0.002263652866531629,0.9983821577970957,0.9973656389120151,0.9976648798419774,0.0014490934863715665,0.004190506704617292,0.9976762394217076,0.0014465063997022298,0.003985975978139322,0.6359569520794135,0.29638671875,0.4794921875,0.9997490449313773,0.0001458707743040577,0.0004251321079209447,0.00023060347302816808,0.7768764039647067,0.9997687729701283,0.00023866351693868637,0.9998292560248956,0.9997223146565375,0.9997538171537599,0.00015285301287804032,0.0004416272713569924,0.9997550137231883,0.0001525762343135284,0.0004200964904157445,0.7199575583881541,0.22216796875,0.3994140625,0.9999735773308203,1.5359425105998525e-05,4.4822751078754663e-05,2.4280765501316637e-05,0.777033685335482,0.9999756576435175,2.512650826247409e-05,0.9999819762651896,0.999970758028212,0.9999740871207905,1.609143419045722e-05,4.6487046347465366e-05,0.9999742116378911,1.606213618288166e-05,4.423107748152688e-05,0.6879587710056354,0.25927734375,0.419921875,0.9999972083023749,1.6251592569460627e-06,4.7911598812788725e-06,2.5629742594901472e-06,0.777050245575083,0.9999974340098561,2.6485431590117514e-06,0.9999980572320055,0.9999969076015987,0.9999972720124788,1.6955609680735506e-06,4.89770172862336e-06,0.999997283310222,1.6935904341153218e-06,4.668676410801709e-06,0.6559599836231168,0.27783203125,0.4599609375,0.999999695981387,1.8074206309393048e-07,5.72792487218976e-07,2.768392732832581e-07,0.7770519975965726,0.9999997245904524,2.83500412479043e-07,0.9999997512986738,0.9999996577971615,0.9999997117520252,1.813532435335219e-07,5.198598955757916e-07,0.9999997114500729,1.8169964732805965e-07,5.046676960773766e-07,0.6239611962405981,0.31494140625,0.4794921875,0.9999999572755769,3.0859155231155455e-08,1.235748641192913e-07,3.5222910810261965e-08,0.7770521889979136,0.9999999653737177,3.4415279515087605e-08,0.9999999324245437,0.9999999459614628,0.9999999681149347,2.2677340894006193e-08,5.880428943783045e-08,0.9999999668216333,2.337014848308172e-08,6.5410858951509e-08,0.5919624088580794,0.3515625,0.51953125,0.9999999846186256,1.4253600966185331e-08,7.959897629916668e-08,1.0488292900845408e-08,0.7770522072387394,0.9999999902720447,8.06903699412942e-09,0.9999999503525032,0.9999999770952854,0.999999995367034,5.779838829766959e-09,9.866198524832726e-09,0.9999999936735549,6.409095476556104e-09,1.981243258342147e-08
0.6739536173813399,0.24072265625,0.4599609375,0.7834300081740366,0.11975053257356194,0.38773762367782183,0.19584434157513897,0.6592405898118159,0.7978043319599237,0.20378484125831164,0.8677325517764984,0.7551669834138011,0.7885375192490756,0.12351351064535265,0.39563150882167974,0.7896327596899937,0.12313366211162702,0.37565548872953514,0.6999545268444508,0.22216796875,0.439453125,0.977753676372231,0.0128749412833713,0.03787126168026589,0.020411792676895857,0.7617864725398249,0.9794782017415855,0.021136357529030647,0.9850058636711765,0.9753382120543392,0.9781857233847404,0.013472195001668297,0.03928297017409932,0.9782921844962402,0.013447712479774054,0.037358886482252274,0.6679557394619321,0.27783203125,0.439453125,0.9976195878116414,0.0013830675156896177,0.004033911449369043,0.0021870638738619164,0.7753879285519361,0.9978064367096522,0.002263652866531629,0.9983821577970957,0.9973656389120151,0.9976648798419774,0.0014490934863715665,0.004190506704617292,0.9976762394217076,0.0014465063997022298,0.003985975978139322,0.6359569520794135,0.29638671875,0.4794921875,0.9997490449313773,0.0001458707743040577,0.0004251321079209447,0.00023060347302816808,0.7768764039647067,0.9997687729701283,0.00023866351693868637,0.9998292560248956,0.9997223146565375,0.9997538171537599,0.00015285301287804032,0.0004416272713569924,0.9997550137231883,0.0001525762343135284,0.0004200964904157445,0.7199575583881541,0.22216796875,0.3994140625,0.9999735773308203,1.5359425105998525e-05,4.4822751078754663e-05,2.4280765501316637e-05,0.777033685335482,0.9999756576435175,2.512650826247409e-05,0.9999819762651896,0.999970758028212,0.9999740871207905,1.609143419045722e-05,4.6487046347465366e-05,0.9999742116378911,1.606213618288166e-05,4.423107748152688e-05,0.6879587710056354,0.25927734375,0.419921875,0.9999972083023749,1.6251592569460627e-06,4.7911598812788725e-06,2.5629742594901472e-06,0.777050245575083,0.9999974340098561,2.6485431590117514e-06,0.9999980572320055,0.9999969076015987,0.9999972720124788,1.6955609680735506e-06,4.89770172862336e-06,0.999997283310222,1.6935904341153218e-06,4.668676410801709e-06,0.6559599836231168,0.27783203125,0.4599609375,0.999999695981387,1.8074206309393048e-07,5.72792487218976e-07,2.768392732832581e-07,0.7770519975965726,0.9999997245904524,2.83500412479043e-07,0.9999997512986738,0.9999996577971615,0.9999997117520252,1.813532435335219e-07,5.198598955757916e-07,0.9999997114500729,1.8169964732805965e-07,5.046676960773766e-07,0.6239611962405981,0.31494140625,0.4794921875,0.9999999572755769,3.0859155231155455e-08,1.235748641192913e-07,3.5222910810261965e-08,0.7770521889979136,0.9999999653737177,3.4415279515087605e-08,0.9999999324245437,0.9999999459614628,0.9999999681149347,2.2677340894006193e-08,5.880428943783045e-08,0.9999999668216333,2.337014848308172e-08,6.5410858951509e-08,0.5919624088580794,0.3515625,0.51953125,0.9999999846186256,1.4253600966185331e-08,7.959897629916668e-08,1.0488292900845408e-08,0.7770522072387394,0.9999999902720447,8.06903699412942e-09,0.9999999503525032,0.9999999770952854,0.999999995367034,5.779838829766959e-09,9.866198524832726e-09,0.9999999936735549,6.409095476556104e-09,1.981243258342147e-08,0.6759630151668201,0.25927734375,0.439453125,0.9999999842839316,1.090211299015209e-08,9.252107702195644e-08,7.912603905424476e-09,0.777052200261096,0.9999999947904143,3.899913281202316e-09,0.9999999492338247,0.9999999842257239,0.9999999980882421,3.2032403396442533e-09,6.715708877891302e-09,0.9999999954816303,4.2670080802054144e-09,1.8568243831396103e-08
0.6999545268444508,0.22216796875,0.439453125,0.977753676372231,0.0128749412833713,0.03787126168026589,0.020411792676895857,0.7617864725398249,0.9794782017415855,0.021136357529030647,0.9850058636711765,0.9753382120543392,0.9781857233847404,0.013472195001668297,0.03928297017409932,0.9782921844962402,0.013447712479774054,0.037358886482252274,0.6679557394619321,0.27783203125,0.439453125,0.9976195878116414,0.0013830675156896177,0.004033911449369043,0.0021870638738619164,0.7753879285519361,0.9978064367096522,0.002263652866531629,0.9983821577970957,0.9973656389120151,0.9976648798419774,0.0014490934863715665,0.004190506704617292,0.9976762394217076,0.0014465063997022298,0.003985975978139322,0.6359569520794135,0.29638671875,0.4794921875,0.9997490449313773,0.0001458707743040577,0.0004251321079209447,0.00023060347302816808,0.7768764039647067,0.9997687729701283,0.00023866351693868637,0.9998292560248956,0.9997223146565375,0.9997538171537599,0.00015285301287804032,0.0004416272713569924,0.9997550137231883,0.0001525762343135284,0.0004200964904157445,0.7199575583881541,0.22216796875,0.3994140625,0.9999735773308203,1.5359425105998525e-05,4.4822751078754663e-05,2.4280765501316637e-05,0.777033685335482,0.9999756576435175,2.512650826247409e-05,0.9999819762651896,0.999970758028212,0.9999740871207905,1.609143419045722e-05,4.6487046347465366e-05,0.9999742116378911,1.606213618288166e-05,4.423107748152688e-05,0.6879587710056354,0.25927734375,0.419921875,0.9999972083023749,1.6251592569460627e-06,4.7911598812788725e-06,2.5629742594901472e-06,0.777050245575083,0.9999974340098561,2.6485431590117514e-06,0.9999980572320055,0.9999969076015987,0.9999972720124788,1.6955609680735506e-06,4.89770172862336e-06,0.999997283310222,1.6935904341153218e-06,4.668676410801709e-06,0.6559599836231168,0.27783203125,0.4599609375,0.999999695981387,1.8074206309393048e-07,5.72792487218976e-07,2.768392732832581e-07,0.7770519975965726,0.9999997245904524,2.83500412479043e-07,0.9999997512986738,0.9999996577971615,0.9999997117520252,1.813532435335219e-07,5.198598955757916e-07,0.9999997114500729,1.8169964732805965e-07,5.046676960773766e-07,0.6239611962405981,0.31494140625,0.4794921875,0.9999999572755769,3.0859155231155455e-08,1.235748641192913e-07,3.5222910810261965e-08,0.7770521889979136,0.9999999653737177,3.4415279515087605e-08,0.9999999324245437,0.9999999459614628,0.9999999681149347,2.2677340894006193e-08,5.880428943783045e-08,0.9999999668216333,2.337014848308172e-08,6.5410858951509e-08,0.5919624088580794,0.3515625,0.51953125,0.9999999846186256,1.4253600966185331e-08,7.959897629916668e-08,1.0488292900845408e-08,0.7770522072387394,0.9999999902720447,8.06903699412942e-09,0.9999999503525032,0.9999999770952854,0.999999995367034,5.779838829766959e-09,9.866198524832726e-09,0.9999999936735549,6.409095476556104e-09,1.981243258342147e-08,0.6759630151668201,0.25927734375,0.439453125,0.9999999842839316,1.090211299015209e-08,9.252107702195644e-08,7.912603905424476e-09,0.777052200261096,0.9999999947904143,3.899913281202316e-09,0.9999999492338247,0.9999999842257239,0.9999999980882421,3.2032403396442533e-09,6.715708877891302e-09,0.9999999954816303,4.2670080802054144e-09,1.8568243831396103e-08,0.7599636214755607,0.185546875,0.359375,0.9999999914725777,5.117271939525381e-09,8.576898835599422e-08,8.902134140953422e-09,0.7770521930360701,0.9999999947904143,6.475602276623249e-09,0.9999999432966433,0.9999999836654752,0.9999999990650394,2.1991581888869405e-09,5.791662260890007e-09,0.9999999979772838,1.6482317732879892e-09,1.6450940165668726e-08
0.6679557394619321,0.27783203125,0.439453125,0.9976195878116414,0.0013830675156896177,0.004033911449369043,0.0021870638738619164,0.7753879285519361,0.9978064367096522,0.002263652866531629,0.9983821577970957,0.9973656389120151,0.9976648798419774,0.0014490934863715665,0.004190506704617292,0.9976762394217076,0.0014465063997022298,0.003985975978139322,0.6359569520794135,0.29638671875,0.4794921875,0.9997490449313773,0.0001458707743040577,0.0004251321079209447,0.00023060347302816808,0.7768764039647067,0.9997687729701283,0.00023866351693868637,0.9998292560248956,0.9997223146565375,0.9997538171537599,0.00015285301287804032,0.0004416272713569924,0.9997550137231883,0.0001525762343135284,0.0004200964904157445,0.7199575583881541,0.22216796875,0.3994140625,0.9999735773308203,1.5359425105998525e-05,4.4822751078754663e-05,2.4280765501316637e-05,0.777033685335482,0.9999756576435175,2.512650826247409e-05,0.9999819762651896,0.999970758028212,0.9999740871207905,1.609143419045722e-05,4.6487046347465366e-05,0.9999742116378911,1.606213618288166e-05,4.423107748152688e-05,0.6879587710056354,0.25927734375,0.419921875,0.9999972083023749,1.6251592569460627e-06,4.7911598812788725e-06,2.5629742594901472e-06,0.777050245575083,0.9999974340098561,2.6485431590117514e-06,0.9999980572320055,0.9999969076015987,0.9999972720124788,1.6955609680735506e-06,4.89770172862336e-06,0.999997283310222,1.6935904341153218e-06,4.668676410801709e-06,0.6559599836231168,0.27783203125,0.4599609375,0.999999695981387,1.8074206309393048e-07,5.72792487218976e-07,2.768392732832581e-07,0.7770519975965726,0.9999997245904524,2.83500412479043e-07,0.9999997512986738,0.9999996577971615,0.9999997117520252,1.813532435335219e-07,5.198598955757916e-07,0.9999997114500729,1.8169964732805965e-07,5.046676960773766e-07,0.6239611962405981,0.31494140625,0.4794921875,0.9999999572755769,3.0859155231155455e-08,1.235748641192913e-07,3.5222910810261965e-08,0.7770521889979136,0.9999999653737177,3.4415279515087605e-08,0.9999999324245437,0.9999999459614628,0.9999999681149347,2.2677340894006193e-08,5.880428943783045e-08,0.9999999668216333,2.337014848308172e-08,6.5410858951509e-08,0.5919624088580794,0.3515625,0.51953125,0.9999999846186256,1.4253600966185331e-08,7.959897629916668e-08,1.0488292900845408e-08,0.7770522072387394,0.9999999902720447,8.06903699412942e-09,0.9999999503525032,0.9999999770952854,0.999999995367034,5.779838829766959e-09,9.866198524832726e-09,0.9999999936735549,6.409095476556104e-09,1.981243258342147e-08,0.6759630151668201,0.25927734375,0.439453125,0.9999999842839316,1.090211299015209e-08,9.252107702195644e-08,7.912603905424476e-09,0.777052200261096,0.9999999947904143,3.899913281202316e-09,0.9999999492338247,0.9999999842257239,0.9999999980882421,3.2032403396442533e-09,6.715708877891302e-09,0.9999999954816303,4.2670080802054144e-09,1.8568243831396103e-08,0.7599636214755607,0.185546875,0.359375,0.9999999914725777,5.117271939525381e-09,8.576898835599422e-08,8.902134140953422e-09,0.7770521930360701,0.9999999947904143,6.475602276623249e-09,0.9999999432966433,0.9999999836654752,0.9999999990650394,2.1991581888869405e-09,5.791662260890007e-09,0.9999999979772838,1.6482317732879892e-09,1.6450940165668726e-08,0.6119654404017828,0.33349609375,0.5,0.9999999890424078,1.0811618267325684e-08,7.500057108700275e-08,6.92307366989553e-09,0.7770522084683762,0.999999994339305,5.675246939063072e-09,0.9999999503270374,0.9999999808642315,0.9999999981737346,3.768946044147015e-09,5.398760549724102e-09,0.9999999971623765,3.9016185837681405e-09,1.4573743101209402e-08
0.6359569520794135,0.29638671875,0.4794921875,0.9997490449313773,0.0001458707743040577,0.0004251321079209447,0.00023060347302816808,0.7768764039647067,0.9997687729701283,0.00023866351693868637,0.9998292560248956,0.9997223146565375,0.9997538171537599,0.00015285301287804032,0.0004416272713569924,0.9997550137231883,0.0001525762343135284,0.0004200964904157445,0.7199575583881541,0.22216796875,0.3994140625,0.9999735773308203,1.5359425105998525e-05,4.4822751078754663e-05,2.4280765501316637e-05,0.777033685335482,0.9999756576435175,2.512650826247409e-05,0.9999819762651896,0.999970758028212,0.9999740871207905,1.609143419045722e-05,4.6487046347465366e-05,0.9999742116378911,1.606213618288166e-05,4.423107748152688e-05,0.6879587710056354,0.25927734375,0.419921875,0.9999972083023749,1.6251592569460627e-06,4.7911598812788725e-06,2.5629742594901472e-06,0.777050245575083,0.9999974340098561,2.6485431590117514e-06,0.9999980572320055,0.9999969076015987,0.9999972720124788,1.6955609680735506e-06,4.89770172862336e-06,0.999997283310222,1.6935904341153218e-06,4.668676410801709e-06,0.6559599836231168,0.27783203125,0.4599609375,0.999999695981387,1.8074206309393048e-07,5.72792487218976e-07,2.768392732832581e-07,0.7770519975965726,0.9999997245904524,2.83500412479043e-07,0.9999997512986738,0.9999996577971615,0.9999997117520252,1.813532435335219e-07,5.198598955757916e-07,0.9999997114500729,1.8169964732805965e-07,5.046676960773766e-07,0.6239611962405981,0.31494140625,0.4794921875,0.9999999572755769,3.0859155231155455e-08,1.235748641192913e-07,3.5222910810261965e-08,0.7770521889979136,0.9999999653737177,3.4415279515087605e-08,0.9999999324245437,0.9999999459614628,0.9999999681149347,2.2677340894006193e-08,5.880428943783045e-08,0.9999999668216333,2.337014848308172e-08,6.5410858951509e-08,0.5919624088580794,0.3515625,0.51953125,0.9999999846186256,1.4253600966185331e-08,7.959897629916668e-08,1.0488292900845408e-08,0.7770522072387394,0.9999999902720447,8.06903699412942e-09,0.9999999503525032,0.9999999770952854,0.999999995367034,5.779838829766959e-09,9.866198524832726e-09,0.9999999936735549,6.409095476556104e-09,1.981243258342147e-08,0.6759630151668201,0.25927734375,0.439453125,0.9999999842839316,1.090211299015209e-08,9.252107702195644e-08,7.912603905424476e-09,0.777052200261096,0.9999999947904143,3.899913281202316e-09,0.9999999492338247,0.9999999842257239,0.9999999980882421,3.2032403396442533e-09,6.715708877891302e-09,0.9999999954816303,4.2670080802054144e-09,1.8568243831396103e-08,0.7599636214755607,0.185546875,0.359375,0.9999999914725777,5.117271939525381e-09,8.576898835599422e-08,8.902134140953422e-09,0.7770521930360701,0.9999999947904143,6.475602276623249e-09,0.9999999432966433,0.9999999836654752,0.9999999990650394,2.1991581888869405e-09,5.791662260890007e-09,0.9999999979772838,1.6482317732879892e-09,1.6450940165668726e-08,0.6119654404017828,0.33349609375,0.5,0.9999999890424078,1.0811618267325684e-08,7.500057108700275e-08,6.92307366989553e-09,0.7770522084683762,0.999999994339305,5.675246939063072e-09,0.9999999503270374,0.9999999808642315,0.9999999981737346,3.768946044147015e-09,5.398760549724102e-09,0.9999999971623765,3.9016185837681405e-09,1.4573743101209402e-08,0.6959660467105234,0.1484375,0.5400390625,0.9999999881256372,2.1441337594296783e-09,8.114147931337357e-08,7.3196133598685265e-09,0.7770521876518615,0.999999995015969,4.787580110132694e-09,0.9999999394294719,0.9999999825449777,0.9999999983865564,1.6962076188065112e-09,6.060872692614794e-09,0.999999997075065,5.168203642824665e-10,1.5701516531407833e-08
0.7199575583881541,0.22216796875,0.3994140625,0.9999735773308203,1.5359425105998525e-05,4.4822751078754663e-05,2.4280765501316637e-05,0.777033685335482,0.9999756576435175,2.512650826247409e-05,0.9999819762651896,0.999970758028212,0.9999740871207905,1.609143419045722e-05,4.6487046347465366e-05,0.9999742116378911,1.606213618288166e-05,4.423107748152688e-05,0.6879587710056354,0.25927734375,0.419921875,0.9999972083023749,1.6251592569460627e-06,4.7911598812788725e-06,2.5629742594901472e-06,0.777050245575083,0.9999974340098561,2.6485431590117514e-06,0.9999980572320055,0.9999969076015987,0.9999972720124788,1.6955609680735506e-06,4.89770172862336e-06,0.999997283310222,1.6935904341153218e-06,4.668676410801709e-06,0.6559599836231168,0.27783203125,0.4599609375,0.999999695981387,1.8074206309393048e-07,5.72792487218976e-07,2.768392732832581e-07,0.7770519975965726,0.9999997245904524,2.83500412479043e-07,0.9999997512986738,0.9999996577971615,0.9999997117520252,1.813532435335219e-07,5.198598955757916e-07,0.9999997114500729,1.8169964732805965e-07,5.046676960773766e-07,0.6239611962405981,0.31494140625,0.4794921875,0.9999999572755769,3.0859155231155455e-08,1.235748641192913e-07,3.5222910810261965e-08,0.7770521889979136,0.9999999653737177,3.4415279515087605e-08,0.9999999324245437,0.9999999459614628,0.9999999681149347,2.2677340894006193e-08,5.880428943783045e-08,0.9999999668216333,2.337014848308172e-08,6.5410858951509e-08,0.5919624088580794,0.3515625,0.51953125,0.9999999846186256,1.4253600966185331e-08,7.959897629916668e-08,1.0488292900845408e-08,0.7770522072387394,0.9999999902720447,8.06903699412942e-09,0.9999999503525032,0.9999999770952854,0.999999995367034,5.779838829766959e-09,9.866198524832726e-09,0.9999999936735549,6.409095476556104e-09,1.981243258342147e-08,0.6759630151668201,0.25927734375,0.439453125,0.9999999842839316,1.090211299015209e-08,9.252107702195644e-08,7.912603905424476e-09,0.777052200261096,0.9999999947904143,3.899913281202316e-09,0.9999999492338247,0.9999999842257239,0.9999999980882421,3.2032403396442533e-09,6.715708877891302e-09,0.9999999954816303,4.2670080802054144e-09,1.8568243831396103e-08,0.7599636214755607,0.185546875,0.359375,0.9999999914725777,5.117271939525381e-09,8.576898835599422e-08,8.902134140953422e-09,0.7770521930360701,0.9999999947904143,6.475602276623249e-09,0.9999999432966433,0.9999999836654752,0.9999999990650394,2.1991581888869405e-09,5.791662260890007e-09,0.9999999979772838,1.6482317732879892e-09,1.6450940165668726e-08,0.6119654404017828,0.33349609375,0.5,0.9999999890424078,1.0811618267325684e-08,7.500057108700275e-08,6.92307366989553e-09,0.7770522084683762,0.999999994339305,5.675246939063072e-09,0.9999999503270374,0.9999999808642315,0.9999999981737346,3.768946044147015e-09,5.398760549724102e-09,0.9999999971623765,3.9016185837681405e-09,1.4573743101209402e-08,0.6959660467105234,0.1484375,0.5400390625,0.9999999881256372,2.1441337594296783e-09,8.114147931337357e-08,7.3196133598685265e-09,0.7770521876518615,0.999999995015969,4.787580110132694e-09,0.9999999394294719,0.9999999825449777,0.9999999983865564,1.6962076188065112e-09,6.060872692614794e-09,0.999999997075065,5.168203642824665e-10,1.5701516531407833e-08,0.43196847194548554,0.388671875,0.7998046875,0.9999999806896085,1.2144937500124797e-08,7.470953278243542e-08,3.958120942115784e-09,0.7770522116552456,0.9999999945648597,1.2369127944111824e-09,0.9999999515202944,0.9999999811552698,0.9999999966421456,4.209141479805112e-09,6.1918399296700954e-09,0.9999999949650373,4.553157850750722e-09,1.420994522050023e-08
0.6879587710056354,0.25927734375,0.419921875,0.9999972083023749,1.6251592569460627e-06,4.7911598812788725e-06,2.5629742594901472e-06,0.777050245575083,0.9999974340098561,2.6485431590117514e-06,0.9999980572320055,0.9999969076015987,0.9999972720124788,1.6955609680735506e-06,4.89770172862336e-06,0.999997283310222,1.6935904341153218e-06,4.668676410801709e-06,0.6559599836231168,0.27783203125,0.4599609375,0.999999695981387,1.8074206309393048e-07,5.72792487218976e-07,2.768392732832581e-07,0.7770519975965726,0.9999997245904524,2.83500412479043e-07,0.9999997512986738,0.9999996577971615,0.9999997117520252,1.813532435335219e-07,5.198598955757916e-07,0.9999997114500729,1.8169964732805965e-07,5.046676960773766e-07,0.6239611962405981,0.31494140625,0.4794921875,0.9999999572755769,3.0859155231155455e-08,1.235748641192913e-07,3.5222910810261965e-08,0.7770521889979136,0.9999999653737177,3.4415279515087605e-08,0.9999999324245437,0.9999999459614628,0.9999999681149347,2.2677340894006193e-08,5.880428943783045e-08,0.9999999668216333,2.337014848308172e-08,6.5410858951509e-08,0.5919624088580794,0.3515625,0.51953125,0.9999999846186256,1.4253600966185331e-08,7.959897629916668e-08,1.0488292900845408e-08,0.7770522072387394,0.9999999902720447,8.06903699412942e-09,0.9999999503525032,0.9999999770952854,0.999999995367034,5.779838829766959e-09,9.866198524832726e-09,0.9999999936735549,6.409095476556104e-09,1.981243258342147e-08,0.6759630151668201,0.25927734375,0.439453125,0.9999999842839316,1.090211299015209e-08,9.252107702195644e-08,7.912603905424476e-09,0.777052200261096,0.9999999947904143,3.899913281202316e-09,0.9999999492338247,0.9999999842257239,0.9999999980882421,3.2032403396442533e-09,6.715708877891302e-09,0.9999999954816303,4.2670080802054144e-09,1.8568243831396103e-08,0.7599636214755607,0.185546875,0.359375,0.9999999914725777,5.117271939525381e-09,8.576898835599422e-08,8.902134140953422e-09,0.7770521930360701,0.9999999947904143,6.475602276623249e-09,0.9999999432966433,0.9999999836654752,0.9999999990650394,2.1991581888869405e-09,5.791662260890007e-09,0.9999999979772838,1.6482317732879892e-09,1.6450940165668726e-08,0.6119654404017828,0.33349609375,0.5,0.9999999890424078,1.0811618267325684e-08,7.500057108700275e-08,6.92307366989553e-09,0.7770522084683762,0.999999994339305,5.675246939063072e-09,0.9999999503270374,0.9999999808642315,0.9999999981737346,3.768946044147015e-09,5.398760549724102e-09,0.9999999971623765,3.9016185837681405e-09,1.4573743101209402e-08,0.6959660467105234,0.1484375,0.5400390625,0.9999999881256372,2.1441337594296783e-09,8.114147931337357e-08,7.3196133598685265e-09,0.7770521876518615,0.999999995015969,4.787580110132694e-09,0.9999999394294719,0.9999999825449777,0.9999999983865564,1.6962076188065112e-09,6.060872692614794e-09,0.999999997075065,5.168203642824665e-10,1.5701516531407833e-08,0.43196847194548554,0.388671875,0.7998046875,0.9999999806896085,1.2144937500124797e-08,7.470953278243542e-08,3.958120942115784e-09,0.7770522116552456,0.9999999945648597,1.2369127944111824e-09,0.9999999515202944,0.9999999811552698,0.9999999966421456,4.209141479805112e-09,6.1918399296700954e-09,0.9999999949650373,4.553157850750722e-09,1.420994522050023e-08,0.631968471945486,0.20361328125,0.599609375,0.9999999917199602,2.7657733880914748e-09,6.609479896724224e-08,7.3196133598685265e-09,0.7770521926722722,0.9999999941137503,6.737536750733852e-09,0.999999940428097,0.9999999789142748,0.9999999984720489,2.0736479200422764e-09,5.005858838558197e-09,0.9999999979772838,7.067910701152869e-10,1.2711097951978445e-08
0.6559599836231168,0.27783203125,0.4599609375,0.999999695981387,1.8074206309393048e-07,5.72792487218976e-07,2.768392732832581e-07,0.7770519975965726,0.9999997245904524,2.83500412479043e-07,0.9999997512986738,0.9999996577971615,0.9999997117520252,1.813532435335219e-07,5.198598955757916e-07,0.9999997114500729,1.8169964732805965e-07,5.046676960773766e-07,0.6239611962405981,0.31494140625,0.4794921875,0.9999999572755769,3.0859155231155455e-08,1.235748641192913e-07,3.5222910810261965e-08,0.7770521889979136,0.9999999653737177,3.4415279515087605e-08,0.9999999324245437,0.9999999459614628,0.9999999681149347,2.2677340894006193e-08,5.880428943783045e-08,0.9999999668216333,2.337014848308172e-08,6.5410858951509e-08,0.5919624088580794,0.3515625,0.51953125,0.9999999846186256,1.4253600966185331e-08,7.959897629916668e-08,1.0488292900845408e-08,0.7770522072387394,0.9999999902720447,8.06903699412942e-09,0.9999999503525032,0.9999999770952854,0.999999995367034,5.779838829766959e-09,9.866198524832726e-09,0.9999999936735549,6.409095476556104e-09,1.981243258342147e-08,0.6759630151668201,0.25927734375,0.439453125,0.9999999842839316,1.090211299015209e-08,9.252107702195644e-08,7.912603905424476e-09,0.777052200261096,0.9999999947904143,3.899913281202316e-09,0.9999999492338247,0.9999999842257239,0.9999999980882421,3.2032403396442533e-09,6.715708877891302e-09,0.9999999954816303,4.2670080802054144e-09,1.8568243831396103e-08,0.7599636214755607,0.185546875,0.359375,0.9999999914725777,5.117271939525381e-09,8.576898835599422e-08,8.902134140953422e-09,0.7770521930360701,0.9999999947904143,6.475602276623249e-09,0.9999999432966433,0.9999999836654752,0.9999999990650394,2.1991581888869405e-09,5.791662260890007e-09,0.9999999979772838,1.6482317732879892e-09,1.6450940165668726e-08,0.6119654404017828,0.33349609375,0.5,0.9999999890424078,1.0811618267325684e-08,7.500057108700275e-08,6.92307366989553e-09,0.7770522084683762,0.999999994339305,5.675246939063072e-09,0.9999999503270374,0.9999999808642315,0.9999999981737346,3.768946044147015e-09,5.398760549724102e-09,0.9999999971623765,3.9016185837681405e-09,1.4573743101209402e-08,0.6959660467105234,0.1484375,0.5400390625,0.9999999881256372,2.1441337594296783e-09,8.114147931337357e-08,7.3196133598685265e-09,0.7770521876518615,0.999999995015969,4.787580110132694e-09,0.9999999394294719,0.9999999825449777,0.9999999983865564,1.6962076188065112e-09,6.060872692614794e-09,0.999999997075065,5.168203642824665e-10,1.5701516531407833e-08,0.43196847194548554,0.388671875,0.7998046875,0.9999999806896085,1.2144937500124797e-08,7.470953278243542e-08,3.958120942115784e-09,0.7770522116552456,0.9999999945648597,1.2369127944111824e-09,0.9999999515202944,0.9999999811552698,0.9999999966421456,4.209141479805112e-09,6.1918399296700954e-09,0.9999999949650373,4.553157850750722e-09,1.420994522050023e-08,0.631968471945486,0.20361328125,0.599609375,0.9999999917199602,2.7657733880914748e-09,6.609479896724224e-08,7.3196133598685265e-09,0.7770521926722722,0.9999999941137503,6.737536750733852e-09,0.999999940428097,0.9999999789142748,0.9999999984720489,2.0736479200422764e-09,5.005858838558197e-09,0.9999999979772838,7.067910701152869e-10,1.2711097951978445e-08,0.5999696845629674,0.22216796875,0.6396484375,0.9999999941501301,2.4238033802248538e-09,5.838228389620781e-08,8.11269273981452e-09,0.7770521946295048,0.9999999927531462,7.712515071034431e-09,0.9999999406954885,0.9999999772408046,0.9999999988940544,2.1364030544646084e-09,3.4269760362803936e-09,0.9999999987521733,3.8198777474462986e-10,1.1219526641070843e-08
0.6239611962405981,0.31494140625,0.4794921875,0.9999999572755769,3.0859155231155455e-08,1.235748641192913e-07,3.5222910810261965e-08,0.7770521889979136,0.9999999653737177,3.4415279515087605e-08,0.9999999324245437,0.9999999459614628,0.9999999681149347,2.2677340894006193e-08,5.880428943783045e-08,0.9999999668216333,2.337014848308172e-08,6.5410858951509e-08,0.5919624088580794,0.3515625,0.51953125,0.9999999846186256,1.4253600966185331e-08,7.959897629916668e-08,1.0488292900845408e-08,0.7770522072387394,0.9999999902720447,8.06903699412942e-09,0.9999999503525032,0.9999999770952854,0.999999995367034,5.779838829766959e-09,9.866198524832726e-09,0.9999999936735549,6.409095476556104e-09,1.981243258342147e-08,0.6759630151668201,0.25927734375,0.439453125,0.9999999842839316,1.090211299015209e-08,9.252107702195644e-08,7.912603905424476e-09,0.777052200261096,0.9999999947904143,3.899913281202316e-09,0.9999999492338247,0.9999999842257239,0.9999999980882421,3.2032403396442533e-09,6.715708877891302e-09,0.9999999954816303,4.2670080802054144e-09,1.8568243831396103e-08,0.7599636214755607,0.185546875,0.359375,0.9999999914725777,5.117271939525381e-09,8.576898835599422e-08,8.902134140953422e-09,0.7770521930360701,0.9999999947904143,6.475602276623249e-09,0.9999999432966433,0.9999999836654752,0.9999999990650394,2.1991581888869405e-09,5.791662260890007e-09,0.9999999979772838,1.6482317732879892e-09,1.6450940165668726e-08,0.6119654404017828,0.33349609375,0.5,0.9999999890424078,1.0811618267325684e-08,7.500057108700275e-08,6.92307366989553e-09,0.7770522084683762,0.999999994339305,5.675246939063072e-09,0.9999999503270374,0.9999999808642315,0.9999999981737346,3.768946044147015e-09,5.398760549724102e-09,0.9999999971623765,3.9016185837681405e-09,1.4573743101209402e-08,0.6959660467105234,0.1484375,0.5400390625,0.9999999881256372,2.1441337594296783e-09,8.114147931337357e-08,7.3196133598685265e-09,0.7770521876518615,0.999999995015969,4.787580110132694e-09,0.9999999394294719,0.9999999825449777,0.9999999983865564,1.6962076188065112e-09,6.060872692614794e-09,0.999999997075065,5.168203642824665e-10,1.5701516531407833e-08,0.43196847194548554,0.388671875,0.7998046875,0.9999999806896085,1.2144937500124797e-08,7.470953278243542e-08,3.958120942115784e-09,0.7770522116552456,0.9999999945648597,1.2369127944111824e-09,0.9999999515202944,0.9999999811552698,0.9999999966421456,4.209141479805112e-09,6.1918399296700954e-09,0.9999999949650373,4.553157850750722e-09,1.420994522050023e-08,0.631968471945486,0.20361328125,0.599609375,0.9999999917199602,2.7657733880914748e-09,6.609479896724224e-08,7.3196133598685265e-09,0.7770521926722722,0.9999999941137503,6.737536750733852e-09,0.999999940428097,0.9999999789142748,0.9999999984720489,2.0736479200422764e-09,5.005858838558197e-09,0.9999999979772838,7.067910701152869e-10,1.2711097951978445e-08,0.5999696845629674,0.22216796875,0.6396484375,0.9999999941501301,2.4238033802248538e-09,5.838228389620781e-08,8.11269273981452e-09,0.7770521946295048,0.9999999927531462,7.712515071034431e-09,0.9999999406954885,0.9999999772408046,0.9999999988940544,2.1364030544646084e-09,3.4269760362803936e-09,0.9999999987521733,3.8198777474462986e-10,1.1219526641070843e-08,0.5679708971804486,0.25927734375,0.66015625,0.9999999883730197,7.928520062705502e-09,6.085610948503017e-08,6.92307366989553e-09,0.7770521957354504,0.9999999938881956,4.96947905048728e-09,0.999999946436219,0.9999999782157829,0.9999999982155714,2.5138433557003736e-09,4.874891601502895e-09,0.9999999971187208,2.849446900654584e-09,1.1219526641070843e-08
0.5919624088580794,0.3515625,0.51953125,0.9999999846186256,1.4253600966185331e-08,7.959897629916668e-08,1.0488292900845408e-08,0.7770522072387394,0.9999999902720447,8.06903699412942e-09,0.9999999503525032,0.9999999770952854,0.999999995367034,5.779838829766959e-09,9.866198524832726e-09,0.9999999936735549,6.409095476556104e-09,1.981243258342147e-08,0.6759630151668201,0.25927734375,0.439453125,0.9999999842839316,1.090211299015209e-08,9.252107702195644e-08,7.912603905424476e-09,0.777052200261096,0.9999999947904143,3.899913281202316e-09,0.9999999492338247,0.9999999842257239,0.9999999980882421,3.2032403396442533e-09,6.715708877891302e-09,0.9999999954816303,4.2670080802054144e-09,1.8568243831396103e-08,0.7599636214755607,0.185546875,0.359375,0.9999999914725777,5.117271939525381e-09,8.576898835599422e-08,8.902134140953422e-09,0.7770521930360701,0.9999999947904143,6.475602276623249e-09,0.9999999432966433,0.9999999836654752,0.9999999990650394,2.1991581888869405e-09,5.791662260890007e-09,0.9999999979772838,1.6482317732879892e-09,1.6450940165668726e-08,0.6119654404017828,0.33349609375,0.5,0.9999999890424078,1.0811618267325684e-08,7.500057108700275e-08,6.92307366989553e-09,0.7770522084683762,0.999999994339305,5.675246939063072e-09,0.9999999503270374,0.9999999808642315,0.9999999981737346,3.768946044147015e-09,5.398760549724102e-09,0.9999999971623765,3.9016185837681405e-09,1.4573743101209402e-08,0.6959660467105234,0.1484375,0.5400390625,0.9999999881256372,2.1441337594296783e-09,8.114147931337357e-08,7.3196133598685265e-09,0.7770521876518615,0.999999995015969,4.787580110132694e-09,0.9999999394294719,0.9999999825449777,0.9999999983865564,1.6962076188065112e-09,6.060872692614794e-09,0.999999997075065,5.168203642824665e-10,1.5701516531407833e-08,0.43196847194548554,0.388671875,0.7998046875,0.9999999806896085,1.2144937500124797e-08,7.470953278243542e-08,3.958120942115784e-09,0.7770522116552456,0.9999999945648597,1.2369127944111824e-09,0.9999999515202944,0.9999999811552698,0.9999999966421456,4.209141479805112e-09,6.1918399296700954e-09,0.9999999949650373,4.553157850750722e-09,1.420994522050023e-08,0.631968471945486,0.20361328125,0.599609375,0.9999999917199602,2.7657733880914748e-09,6.609479896724224e-08,7.3196133598685265e-09,0.7770521926722722,0.9999999941137503,6.737536750733852e-09,0.999999940428097,0.9999999789142748,0.9999999984720489,2.0736479200422764e-09,5.005858838558197e-09,0.9999999979772838,7.067910701152869e-10,1.2711097951978445e-08,0.5999696845629674,0.22216796875,0.6396484375,0.9999999941501301,2.4238033802248538e-09,5.838228389620781e-08,8.11269273981452e-09,0.7770521946295048,0.9999999927531462,7.712515071034431e-09,0.9999999406954885,0.9999999772408046,0.9999999988940544,2.1364030544646084e-09,3.4269760362803936e-09,0.9999999987521733,3.8198777474462986e-10,1.1219526641070843e-08,0.5679708971804486,0.25927734375,0.66015625,0.9999999883730197,7.928520062705502e-09,6.085610948503017e-08,6.92307366989553e-09,0.7770521957354504,0.9999999938881956,4.96947905048728e-09,0.999999946436219,0.9999999782157829,0.9999999982155714,2.5138433557003736e-09,4.874891601502895e-09,0.9999999971187208,2.849446900654584e-09,1.1219526641070843e-08,0.5359721097979303,0.29638671875,0.7001953125,0.9999999909632606,2.6575435185804963e-09,6.947084330022335e-08,9.102222975343466e-09,0.7770521805432509,0.999999994339305,6.475602276623249e-09,0.999999939747795,0.99999997975101,0.9999999991923687,9.422365110367537e-10,5.136826075613499e-09,0.9999999977189873,8.126335160341114e-10,1.333683030679822e-08
0.6759630151668201,0.25927734375,0.439453125,0.9999999842839316,1.090211299015209e-08,9.252107702195644e-08,7.912603905424476e-09,0.777052200261096,0.9999999947904143,3.899913281202316e-09,0.9999999492338247,0.9999999842257239,0.9999999980882421,3.2032403396442533e-09,6.715708877891302e-09,0.9999999954816303,4.2670080802054144e-09,1.8568243831396103e-08,0.7599636214755607,0.185546875,0.359375,0.9999999914725777,5.117271939525381e-09,8.576898835599422e-08,8.902134140953422e-09,0.7770521930360701,0.9999999947904143,6.475602276623249e-09,0.9999999432966433,0.9999999836654752,0.9999999990650394,2.1991581888869405e-09,5.791662260890007e-09,0.9999999979772838,1.6482317732879892e-09,1.6450940165668726e-08,0.6119654404017828,0.33349609375,0.5,0.9999999890424078,1.0811618267325684e-08,7.500057108700275e-08,6.92307366989553e-09,0.7770522084683762,0.999999994339305,5.675246939063072e-09,0.9999999503270374,0.9999999808642315,0.9999999981737346,3.768946044147015e-09,5.398760549724102e-09,0.9999999971623765,3.9016185837681405e-09,1.4573743101209402e-08,0.6959660467105234,0.1484375,0.5400390625,0.9999999881256372,2.1441337594296783e-09,8.114147931337357e-08,7.3196133598685265e-09,0.7770521876518615,0.999999995015969,4.787580110132694e-09,0.9999999394294719,0.9999999825449777,0.9999999983865564,1.6962076188065112e-09,6.060872692614794e-09,0.999999997075065,5.168203642824665e-10,1.5701516531407833e-08,0.43196847194548554,0.388671875,0.7998046875,0.9999999806896085,1.2144937500124797e-08,7.470953278243542e-08,3.958120942115784e-09,0.7770522116552456,0.9999999945648597,1.2369127944111824e-09,0.9999999515202944,0.9999999811552698,0.9999999966421456,4.209141479805112e-09,6.1918399296700954e-09,0.9999999949650373,4.553157850750722e-09,1.420994522050023e-08,0.631968471945486,0.20361328125,0.599609375,0.9999999917199602,2.7657733880914748e-09,6.609479896724224e-08,7.3196133598685265e-09,0.7770521926722722,0.9999999941137503,6.737536750733852e-09,0.999999940428097,0.9999999789142748,0.9999999984720489,2.0736479200422764e-09,5.005858838558197e-09,0.9999999979772838,7.067910701152869e-10,1.2711097951978445e-08,0.5999696845629674,0.22216796875,0.6396484375,0.9999999941501301,2.4238033802248538e-09,5.838228389620781e-08,8.11269273981452e-09,0.7770521946295048,0.9999999927531462,7.712515071034431e-09,0.9999999406954885,0.9999999772408046,0.9999999988940544,2.1364030544646084e-09,3.4269760362803936e-09,0.9999999987521733,3.8198777474462986e-10,1.1219526641070843e-08,0.5679708971804486,0.25927734375,0.66015625,0.9999999883730197,7.928520062705502e-09,6.085610948503017e-08,6.92307366989553e-09,0.7770521957354504,0.9999999938881956,4.96947905048728e-09,0.999999946436219,0.9999999782157829,0.9999999982155714,2.5138433557003736e-09,4.874891601502895e-09,0.9999999971187208,2.849446900654584e-09,1.1219526641070843e-08,0.5359721097979303,0.29638671875,0.7001953125,0.9999999909632606,2.6575435185804963e-09,6.947084330022335e-08,9.102222975343466e-09,0.7770521805432509,0.999999994339305,6.475602276623249e-09,0.999999939747795,0.99999997975101,0.9999999991923687,9.422365110367537e-10,5.136826075613499e-09,0.9999999977189873,8.126335160341114e-10,1.333683030679822e-08,0.503973322415411,0.31494140625,0.7197265625,0.9999999840219971,9.018549462780356e-09,7.316702976822853e-08,5.933543434366584e-09,0.7770522074933979,0.9999999929787009,3.1868694350123405e-09,0.999999949184712,0.9999999794672476,0.9999999976625986,3.768946044147015e-09,3.9508449845016e-09,0.9999999957399268,2.9008333513047546e-09,1.507578417658806e-08
0.7599636214755607,0.185546875,0.359375,0.9999999914725777,5.117271939525381e-09,8.576898835599422e-08,8.902134140953422e-09,0.7770521930360701,0.9999999947904143,6.475602276623249e-09,0.9999999432966433,0.9999999836654752,0.9999999990650394,2.1991581888869405e-09,5.791662260890007e-09,0.9999999979772838,1.6482317732879892e-09,1.6450940165668726e-08,0.6119654404017828,0.33349609375,0.5,0.9999999890424078,1.0811618267325684e-08,7.500057108700275e-08,6.92307366989553e-09,0.7770522084683762,0.999999994339305,5.675246939063072e-09,0.9999999503270374,0.9999999808642315,0.9999999981737346,3.768946044147015e-09,5.398760549724102e-09,0.9999999971623765,3.9016185837681405e-09,1.4573743101209402e-08,0.6959660467105234,0.1484375,0.5400390625,0.9999999881256372,2.1441337594296783e-09,8.114147931337357e-08,7.3196133598685265e-09,0.7770521876518615,0.999999995015969,4.787580110132694e-09,0.9999999394294719,0.9999999825449777,0.9999999983865564,1.6962076188065112e-09,6.060872692614794e-09,0.999999997075065,5.168203642824665e-10,1.5701516531407833e-08,0.43196847194548554,0.388671875,0.7998046875,0.9999999806896085,1.2144937500124797e-08,7.470953278243542e-08,3.958120942115784e-09,0.7770522116552456,0.9999999945648597,1.2369127944111824e-09,0.9999999515202944,0.9999999811552698,0.9999999966421456,4.209141479805112e-09,6.1918399296700954e-09,0.9999999949650373,4.553157850750722e-09,1.420994522050023e-08,0.631968471945486,0.20361328125,0.599609375,0.9999999917199602,2.7657733880914748e-09,6.609479896724224e-08,7.3196133598685265e-09,0.7770521926722722,0.9999999941137503,6.737536750733852e-09,0.999999940428097,0.9999999789142748,0.9999999984720489,2.0736479200422764e-09,5.005858838558197e-09,0.9999999979772838,7.067910701152869e-10,1.2711097951978445e-08,0.5999696845629674,0.22216796875,0.6396484375,0.9999999941501301,2.4238033802248538e-09,5.838228389620781e-08,8.11269273981452e-09,0.7770521946295048,0.9999999927531462,7.712515071034431e-09,0.9999999406954885,0.9999999772408046,0.9999999988940544,2.1364030544646084e-09,3.4269760362803936e-09,0.9999999987521733,3.8198777474462986e-10,1.1219526641070843e-08,0.5679708971804486,0.25927734375,0.66015625,0.9999999883730197,7.928520062705502e-09,6.085610948503017e-08,6.92307366989553e-09,0.7770521957354504,0.9999999938881956,4.96947905048728e-09,0.999999946436219,0.9999999782157829,0.9999999982155714,2.5138433557003736e-09,4.874891601502895e-09,0.9999999971187208,2.849446900654584e-09,1.1219526641070843e-08,0.5359721097979303,0.29638671875,0.7001953125,0.9999999909632606,2.6575435185804963e-09,6.947084330022335e-08,9.102222975343466e-09,0.7770521805432509,0.999999994339305,6.475602276623249e-09,0.999999939747795,0.99999997975101,0.9999999991923687,9.422365110367537e-10,5.136826075613499e-09,0.9999999977189873,8.126335160341114e-10,1.333683030679822e-08,0.503973322415411,0.31494140625,0.7197265625,0.9999999840219971,9.018549462780356e-09,7.316702976822853e-08,5.933543434366584e-09,0.7770522074933979,0.9999999929787009,3.1868694350123405e-09,0.999999949184712,0.9999999794672476,0.9999999976625986,3.768946044147015e-09,3.9508449845016e-09,0.9999999957399268,2.9008333513047546e-09,1.507578417658806e-08,0.47197453503289283,0.3515625,0.759765625,0.9999999899591785,4.577032086672261e-09,6.641494110226631e-08,8.309143595397472e-09,0.7770521859347355,0.9999999941137503,6.300979293882847e-09,0.9999999419596861,0.9999999787687557,0.9999999988103809,1.570697349961847e-09,5.005858838558197e-09,0.9999999972897058,1.612193045730237e-09,1.2958480510860682e-08
0.6119654404017828,0.33349609375,0.5,0.9999999890424078,1.0811618267325684e-08,7.500057108700275e-08,6.92307366989553e-09,0.7770522084683762,0.999999994339305,5.675246939063072e-09,0.9999999503270374,0.9999999808642315,0.9999999981737346,3.768946044147015e-09,5.398760549724102e-09,0.9999999971623765,3.9016185837681405e-09,1.4573743101209402e-08,0.6959660467105234,0.1484375,0.5400390625,0.9999999881256372,2.1441337594296783e-09,8.114147931337357e-08,7.3196133598685265e-09,0.7770521876518615,0.999999995015969,4.787580110132694e-09,0.9999999394294719,0.9999999825449777,0.9999999983865564,1.6962076188065112e-09,6.060872692614794e-09,0.999999997075065,5.168203642824665e-10,1.5701516531407833e-08,0.43196847194548554,0.388671875,0.7998046875,0.9999999806896085,1.2144937500124797e-08,7.470953278243542e-08,3.958120942115784e-09,0.7770522116552456,0.9999999945648597,1.2369127944111824e-09,0.9999999515202944,0.9999999811552698,0.9999999966421456,4.209141479805112e-09,6.1918399296700954e-09,0.9999999949650373,4.553157850750722e-09,1.420994522050023e-08,0.631968471945486,0.20361328125,0.599609375,0.9999999917199602,2.7657733880914748e-09,6.609479896724224e-08,7.3196133598685265e-09,0.7770521926722722,0.9999999941137503,6.737536750733852e-09,0.999999940428097,0.9999999789142748,0.9999999984720489,2.0736479200422764e-09,5.005858838558197e-09,0.9999999979772838,7.067910701152869e-10,1.2711097951978445e-08,0.5999696845629674,0.22216796875,0.6396484375,0.9999999941501301,2.4238033802248538e-09,5.838228389620781e-08,8.11269273981452e-09,0.7770521946295048,0.9999999927531462,7.712515071034431e-09,0.9999999406954885,0.9999999772408046,0.9999999988940544,2.1364030544646084e-09,3.4269760362803936e-09,0.9999999987521733,3.8198777474462986e-10,1.1219526641070843e-08,0.5679708971804486,0.25927734375,0.66015625,0.9999999883730197,7.928520062705502e-09,6.085610948503017e-08,6.92307366989553e-09,0.7770521957354504,0.9999999938881956,4.96947905048728e-09,0.999999946436219,0.9999999782157829,0.9999999982155714,2.5138433557003736e-09,4.874891601502895e-09,0.9999999971187208,2.849446900654584e-09,1.1219526641070843e-08,0.5359721097979303,0.29638671875,0.7001953125,0.9999999909632606,2.6575435185804963e-09,6.947084330022335e-08,9.102222975343466e-09,0.7770521805432509,0.999999994339305,6.475602276623249e-09,0.999999939747795,0.99999997975101,0.9999999991923687,9.422365110367537e-10,5.136826075613499e-09,0.9999999977189873,8.126335160341114e-10,1.333683030679822e-08,0.503973322415411,0.31494140625,0.7197265625,0.9999999840219971,9.018549462780356e-09,7.316702976822853e-08,5.933543434366584e-09,0.7770522074933979,0.9999999929787009,3.1868694350123405e-09,0.999999949184712,0.9999999794672476,0.9999999976625986,3.768946044147015e-09,3.9508449845016e-09,0.9999999957399268,2.9008333513047546e-09,1.507578417658806e-08,0.47197453503289283,0.3515625,0.759765625,0.9999999899591785,4.577032086672261e-09,6.641494110226631e-08,8.309143595397472e-09,0.7770521859347355,0.9999999941137503,6.300979293882847e-09,0.9999999419596861,0.9999999787687557,0.9999999988103809,1.570697349961847e-09,5.005858838558197e-09,0.9999999972897058,1.612193045730237e-09,1.2958480510860682e-08,0.6719745350328926,0.16650390625,0.5595703125,0.9999999892170308,0.0,8.483766578137875e-08,9.498762665316463e-09,0.7770521862985333,0.9999999927531462,6.206391844898462e-09,0.9999999355859472,0.9999999825449777,0.999999999490683,1.1941665434278548e-09,3.819877747446299e-09,0.9999999969440978,0.0,1.7069396562874317e-08
0.6959660467105234,0.1484375,0.5400390625,0.9999999881256372,2.1441337594296783e-09,8.114147931337357e-08,7.3196133598685265e-09,0.7770521876518615,0.999999995015969,4.787580110132694e-09,0.9999999394294719,0.9999999825449777,0.9999999983865564,1.6962076188065112e-09,6.060872692614794e-09,0.999999997075065,5.168203642824665e-10,1.5701516531407833e-08,0.43196847194548554,0.388671875,0.7998046875,0.9999999806896085,1.2144937500124797e-08,7.470953278243542e-08,3.958120942115784e-09,0.7770522116552456,0.9999999945648597,1.2369127944111824e-09,0.9999999515202944,0.9999999811552698,0.9999999966421456,4.209141479805112e-09,6.1918399296700954e-09,0.9999999949650373,4.553157850750722e-09,1.420994522050023e-08,0.631968471945486,0.20361328125,0.599609375,0.9999999917199602,2.7657733880914748e-09,6.609479896724224e-08,7.3196133598685265e-09,0.7770521926722722,0.9999999941137503,6.737536750733852e-09,0.999999940428097,0.9999999789142748,0.9999999984720489,2.0736479200422764e-09,5.005858838558197e-09,0.9999999979772838,7.067910701152869e-10,1.2711097951978445e-08,0.5999696845629674,0.22216796875,0.6396484375,0.9999999941501301,2.4238033802248538e-09,5.838228389620781e-08,8.11269273981452e-09,0.7770521946295048,0.9999999927531462,7.712515071034431e-09,0.9999999406954885,0.9999999772408046,0.9999999988940544,2.1364030544646084e-09,3.4269760362803936e-09,0.9999999987521733,3.8198777474462986e-10,1.1219526641070843e-08,0.5679708971804486,0.25927734375,0.66015625,0.9999999883730197,7.928520062705502e-09,6.085610948503017e-08,6.92307366989553e-09,0.7770521957354504,0.9999999938881956,4.96947905048728e-09,0.999999946436219,0.9999999782157829,0.9999999982155714,2.5138433557003736e-09,4.874891601502895e-09,0.9999999971187208,2.849446900654584e-09,1.1219526641070843e-08,0.5359721097979303,0.29638671875,0.7001953125,0.9999999909632606,2.6575435185804963e-09,6.947084330022335e-08,9.102222975343466e-09,0.7770521805432509,0.999999994339305,6.475602276623249e-09,0.999999939747795,0.99999997975101,0.9999999991923687,9.422365110367537e-10,5.136826075613499e-09,0.9999999977189873,8.126335160341114e-10,1.333683030679822e-08,0.503973322415411,0.31494140625,0.7197265625,0.9999999840219971,9.018549462780356e-09,7.316702976822853e-08,5.933543434366584e-09,0.7770522074933979,0.9999999929787009,3.1868694350123405e-09,0.999999949184712,0.9999999794672476,0.9999999976625986,3.768946044147015e-09,3.9508449845016e-09,0.9999999957399268,2.9008333513047546e-09,1.507578417658806e-08,0.47197453503289283,0.3515625,0.759765625,0.9999999899591785,4.577032086672261e-09,6.641494110226631e-08,8.309143595397472e-09,0.7770521859347355,0.9999999941137503,6.300979293882847e-09,0.9999999419596861,0.9999999787687557,0.9999999988103809,1.570697349961847e-09,5.005858838558197e-09,0.9999999972897058,1.612193045730237e-09,1.2958480510860682e-08,0.6719745350328926,0.16650390625,0.5595703125,0.9999999892170308,0.0,8.483766578137875e-08,9.498762665316463e-09,0.7770521862985333,0.9999999927531462,6.206391844898462e-09,0.9999999355859472,0.9999999825449777,0.999999999490683,1.1941665434278548e-09,3.819877747446299e-09,0.9999999969440978,0.0,1.7069396562874317e-08,0.639975747650374,0.185546875,0.599609375,0.9999999860301614,1.432454155292362e-09,9.158975444734097e-08,8.309143595397472e-09,0.7770521821366856,0.999999995015969,4.612957127392292e-09,0.9999999366809789,0.9999999843639671,0.9999999986812327,1.0677467798814178e-09,6.453774403780699e-09,0.9999999960855348,7.481730790459551e-10,1.8066202756017447e-08
0.43196847194548554,0.388671875,0.7998046875,0.9999999806896085,1.2144937500124797e-08,7.470953278243542e-08,3.958120942115784e-09,0.7770522116552456,0.9999999945648597,1.2369127944111824e-09,0.9999999515202944,0.9999999811552698,0.9999999966421456,4.209141479805112e-09,6.1918399296700954e-09,0.9999999949650373,4.553157850750722e-09,1.420994522050023e-08,0.631968471945486,0.20361328125,0.599609375,0.9999999917199602,2.7657733880914748e-09,6.609479896724224e-08,7.3196133598685265e-09,0.7770521926722722,0.9999999941137503,6.737536750733852e-09,0.999999940428097,0.9999999789142748,0.9999999984720489,2.0736479200422764e-09,5.005858838558197e-09,0.9999999979772838,7.067910701152869e-10,1.2711097951978445e-08,0.5999696845629674,0.22216796875,0.6396484375,0.9999999941501301,2.4238033802248538e-09,5.838228389620781e-08,8.11269273981452e-09,0.7770521946295048,0.9999999927531462,7.712515071034431e-09,0.9999999406954885,0.9999999772408046,0.9999999988940544,2.1364030544646084e-09,3.4269760362803936e-09,0.9999999987521733,3.8198777474462986e-10,1.1219526641070843e-08,0.5679708971804486,0.25927734375,0.66015625,0.9999999883730197,7.928520062705502e-09,6.085610948503017e-08,6.92307366989553e-09,0.7770521957354504,0.9999999938881956,4.96947905048728e-09,0.999999946436219,0.9999999782157829,0.9999999982155714,2.5138433557003736e-09,4.874891601502895e-09,0.9999999971187208,2.849446900654584e-09,1.1219526641070843e-08,0.5359721097979303,0.29638671875,0.7001953125,0.9999999909632606,2.6575435185804963e-09,6.947084330022335e-08,9.102222975343466e-09,0.7770521805432509,0.999999994339305,6.475602276623249e-09,0.999999939747795,0.99999997975101,0.9999999991923687,9.422365110367537e-10,5.136826075613499e-09,0.9999999977189873,8.126335160341114e-10,1.333683030679822e-08,0.503973322415411,0.31494140625,0.7197265625,0.9999999840219971,9.018549462780356e-09,7.316702976822853e-08,5.933543434366584e-09,0.7770522074933979,0.9999999929787009,3.1868694350123405e-09,0.999999949184712,0.9999999794672476,0.9999999976625986,3.768946044147015e-09,3.9508449845016e-09,0.9999999957399268,2.9008333513047546e-09,1.507578417658806e-08,0.47197453503289283,0.3515625,0.759765625,0.9999999899591785,4.577032086672261e-09,6.641494110226631e-08,8.309143595397472e-09,0.7770521859347355,0.9999999941137503,6.300979293882847e-09,0.9999999419596861,0.9999999787687557,0.9999999988103809,1.570697349961847e-09,5.005858838558197e-09,0.9999999972897058,1.612193045730237e-09,1.2958480510860682e-08,0.6719745350328926,0.16650390625,0.5595703125,0.9999999892170308,0.0,8.483766578137875e-08,9.498762665316463e-09,0.7770521862985333,0.9999999927531462,6.206391844898462e-09,0.9999999355859472,0.9999999825449777,0.999999999490683,1.1941665434278548e-09,3.819877747446299e-09,0.9999999969440978,0.0,1.7069396562874317e-08,0.639975747650374,0.185546875,0.599609375,0.9999999860301614,1.432454155292362e-09,9.158975444734097e-08,8.309143595397472e-09,0.7770521821366856,0.999999995015969,4.612957127392292e-09,0.9999999366809789,0.9999999843639671,0.9999999986812327,1.0677467798814178e-09,6.453774403780699e-09,0.9999999960855348,7.481730790459551e-10,1.8066202756017447e-08,0.8399757476503737,0.0,0.3994140625,0.9999999899591785,2.1082087187096477e-09,7.470953278243542e-08,9.891664376482368e-09,0.7770521743004792,0.9999999945648597,6.03176886215806e-09,0.9999999364627001,0.9999999822684913,0.9999999997453415,0.0,5.398760549724102e-09,0.999999997417035,1.2952341421623714e-09,1.3205863069742918e-08
0.631968471945486,0.20361328125,0.599609375,0.9999999917199602,2.7657733880914748e-09,6.609479896724224e-08,7.3196133598685265e-09,0.7770521926722722,0.9999999941137503,6.737536750733852e-09,0.999999940428097,0.9999999789142748,0.9999999984720489,2.0736479200422764e-09,5.005858838558197e-09,0.9999999979772838,7.067910701152869e-10,1.2711097951978445e-08,0.5999696845629674,0.22216796875,0.6396484375,0.9999999941501301,2.4238033802248538e-09,5.838228389620781e-08,8.11269273981452e-09,0.7770521946295048,0.9999999927531462,7.712515071034431e-09,0.9999999406954885,0.9999999772408046,0.9999999988940544,2.1364030544646084e-09,3.4269760362803936e-09,0.9999999987521733,3.8198777474462986e-10,1.1219526641070843e-08,0.5679708971804486,0.25927734375,0.66015625,0.9999999883730197,7.928520062705502e-09,6.085610948503017e-08,6.92307366989553e-09,0.7770521957354504,0.9999999938881956,4.96947905048728e-09,0.999999946436219,0.9999999782157829,0.9999999982155714,2.5138433557003736e-09,4.874891601502895e-09,0.9999999971187208,2.849446900654584e-09,1.1219526641070843e-08,0.5359721097979303,0.29638671875,0.7001953125,0.9999999909632606,2.6575435185804963e-09,6.947084330022335e-08,9.102222975343466e-09,0.7770521805432509,0.999999994339305,6.475602276623249e-09,0.999999939747795,0.99999997975101,0.9999999991923687,9.422365110367537e-10,5.136826075613499e-09,0.9999999977189873,8.126335160341114e-10,1.333683030679822e-08,0.503973322415411,0.31494140625,0.7197265625,0.9999999840219971,9.018549462780356e-09,7.316702976822853e-08,5.933543434366584e-09,0.7770522074933979,0.9999999929787009,3.1868694350123405e-09,0.999999949184712,0.9999999794672476,0.9999999976625986,3.768946044147015e-09,3.9508449845016e-09,0.9999999957399268,2.9008333513047546e-09,1.507578417658806e-08,0.47197453503289283,0.3515625,0.759765625,0.9999999899591785,4.577032086672261e-09,6.641494110226631e-08,8.309143595397472e-09,0.7770521859347355,0.9999999941137503,6.300979293882847e-09,0.9999999419596861,0.9999999787687557,0.9999999988103809,1.570697349961847e-09,5.005858838558197e-09,0.9999999972897058,1.612193045730237e-09,1.2958480510860682e-08,0.6719745350328926,0.16650390625,0.5595703125,0.9999999892170308,0.0,8.483766578137875e-08,9.498762665316463e-09,0.7770521862985333,0.9999999927531462,6.206391844898462e-09,0.9999999355859472,0.9999999825449777,0.999999999490683,1.1941665434278548e-09,3.819877747446299e-09,0.9999999969440978,0.0,1.7069396562874317e-08,0.639975747650374,0.185546875,0.599609375,0.9999999860301614,1.432454155292362e-09,9.158975444734097e-08,8.309143595397472e-09,0.7770521821366856,0.999999995015969,4.612957127392292e-09,0.9999999366809789,0.9999999843639671,0.9999999986812327,1.0677467798814178e-09,6.453774403780699e-09,0.9999999960855348,7.481730790459551e-10,1.8066202756017447e-08,0.8399757476503737,0.0,0.3994140625,0.9999999899591785,2.1082087187096477e-09,7.470953278243542e-08,9.891664376482368e-09,0.7770521743004792,0.9999999945648597,6.03176886215806e-09,0.9999999364627001,0.9999999822684913,0.9999999997453415,0.0,5.398760549724102e-09,0.999999997417035,1.2952341421623714e-09,1.3205863069742918e-08,0.5759781728853367,0.25927734375,0.66015625,0.9999999922147254,4.496087058214471e-09,5.838228389620781e-08,6.92307366989553e-09,0.7770522025894024,0.9999999927531462,7.363269105553627e-09,0.9999999417887011,0.9999999772408046,0.9999999983010639,2.890374162234366e-09,3.819877747446299e-09,0.999999997933628,1.602984411874786e-09,1.1219526641070843e-08
0.5999696845629674,0.22216796875,0.6396484375,0.9999999941501301,2.4238033802248538e-09,5.838228389620781e-08,8.11269273981452e-09,0.7770521946295048,0.9999999927531462,7.712515071034431e-09,0.9999999406954885,0.9999999772408046,0.9999999988940544,2.1364030544646084e-09,3.4269760362803936e-09,0.9999999987521733,3.8198777474462986e-10,1.1219526641070843e-08,0.5679708971804486,0.25927734375,0.66015625,0.9999999883730197,7.928520062705502e-09,6.085610948503017e-08,6.92307366989553e-09,0.7770521957354504,0.9999999938881956,4.96947905048728e-09,0.999999946436219,0.9999999782157829,0.9999999982155714,2.5138433557003736e-09,4.874891601502895e-09,0.9999999971187208,2.849446900654584e-09,1.1219526641070843e-08,0.5359721097979303,0.29638671875,0.7001953125,0.9999999909632606,2.6575435185804963e-09,6.947084330022335e-08,9.102222975343466e-09,0.7770521805432509,0.999999994339305,6.475602276623249e-09,0.999999939747795,0.99999997975101,0.9999999991923687,9.422365110367537e-10,5.136826075613499e-09,0.9999999977189873,8.126335160341114e-10,1.333683030679822e-08,0.503973322415411,0.31494140625,0.7197265625,0.9999999840219971,9.018549462780356e-09,7.316702976822853e-08,5.933543434366584e-09,0.7770522074933979,0.9999999929787009,3.1868694350123405e-09,0.999999949184712,0.9999999794672476,0.9999999976625986,3.768946044147015e-09,3.9508449845016e-09,0.9999999957399268,2.9008333513047546e-09,1.507578417658806e-08,0.47197453503289283,0.3515625,0.759765625,0.9999999899591785,4.577032086672261e-09,6.641494110226631e-08,8.309143595397472e-09,0.7770521859347355,0.9999999941137503,6.300979293882847e-09,0.9999999419596861,0.9999999787687557,0.9999999988103809,1.570697349961847e-09,5.005858838558197e-09,0.9999999972897058,1.612193045730237e-09,1.2958480510860682e-08,0.6719745350328926,0.16650390625,0.5595703125,0.9999999892170308,0.0,8.483766578137875e-08,9.498762665316463e-09,0.7770521862985333,0.9999999927531462,6.206391844898462e-09,0.9999999355859472,0.9999999825449777,0.999999999490683,1.1941665434278548e-09,3.819877747446299e-09,0.9999999969440978,0.0,1.7069396562874317e-08,0.639975747650374,0.185546875,0.599609375,0.9999999860301614,1.432454155292362e-09,9.158975444734097e-08,8.309143595397472e-09,0.7770521821366856,0.999999995015969,4.612957127392292e-09,0.9999999366809789,0.9999999843639671,0.9999999986812327,1.0677467798814178e-09,6.453774403780699e-09,0.9999999960855348,7.481730790459551e-10,1.8066202756017447e-08,0.8399757476503737,0.0,0.3994140625,0.9999999899591785,2.1082087187096477e-09,7.470953278243542e-08,9.891664376482368e-09,0.7770521743004792,0.9999999945648597,6.03176886215806e-09,0.9999999364627001,0.9999999822684913,0.9999999997453415,0.0,5.398760549724102e-09,0.999999997417035,1.2952341421623714e-09,1.3205863069742918e-08,0.5759781728853367,0.25927734375,0.66015625,0.9999999922147254,4.496087058214471e-09,5.838228389620781e-08,6.92307366989553e-09,0.7770522025894024,0.9999999927531462,7.363269105553627e-09,0.9999999417887011,0.9999999772408046,0.9999999983010639,2.890374162234366e-09,3.819877747446299e-09,0.999999997933628,1.602984411874786e-09,1.1219526641070843e-08,0.5439793855028184,0.27783203125,0.6796875,0.9999999832798494,1.601938492967747e-08,5.195033736526966e-08,4.35466063208878e-09,0.7770522154460195,0.9999999934370862,2.9249349609017372e-09,0.9999999571391527,0.9999999754218152,0.9999999971096258,4.522917151916772e-09,4.081812221556902e-09,0.9999999954816303,5.864762897545006e-09,1.0222720447927713e-08
0.5679708971804486,0.25927734375,0.66015625,0.9999999883730197,7.928520062705502e-09,6.085610948503017e-08,6.92307366989553e-09,0.7770521957354504,0.9999999938881956,4.96947905048728e-09,0.999999946436219,0.9999999782157829,0.9999999982155714,2.5138433557003736e-09,4.874891601502895e-09,0.9999999971187208,2.849446900654584e-09,1.1219526641070843e-08,0.5359721097979303,0.29638671875,0.7001953125,0.9999999909632606,2.6575435185804963e-09,6.947084330022335e-08,9.102222975343466e-09,0.7770521805432509,0.999999994339305,6.475602276623249e-09,0.999999939747795,0.99999997975101,0.9999999991923687,9.422365110367537e-10,5.136826075613499e-09,0.9999999977189873,8.126335160341114e-10,1.333683030679822e-08,0.503973322415411,0.31494140625,0.7197265625,0.9999999840219971,9.018549462780356e-09,7.316702976822853e-08,5.933543434366584e-09,0.7770522074933979,0.9999999929787009,3.1868694350123405e-09,0.999999949184712,0.9999999794672476,0.9999999976625986,3.768946044147015e-09,3.9508449845016e-09,0.9999999957399268,2.9008333513047546e-09,1.507578417658806e-08,0.47197453503289283,0.3515625,0.759765625,0.9999999899591785,4.577032086672261e-09,6.641494110226631e-08,8.309143595397472e-09,0.7770521859347355,0.9999999941137503,6.300979293882847e-09,0.9999999419596861,0.9999999787687557,0.9999999988103809,1.570697349961847e-09,5.005858838558197e-09,0.9999999972897058,1.612193045730237e-09,1.2958480510860682e-08,0.6719745350328926,0.16650390625,0.5595703125,0.9999999892170308,0.0,8.483766578137875e-08,9.498762665316463e-09,0.7770521862985333,0.9999999927531462,6.206391844898462e-09,0.9999999355859472,0.9999999825449777,0.999999999490683,1.1941665434278548e-09,3.819877747446299e-09,0.9999999969440978,0.0,1.7069396562874317e-08,0.639975747650374,0.185546875,0.599609375,0.9999999860301614,1.432454155292362e-09,9.158975444734097e-08,8.309143595397472e-09,0.7770521821366856,0.999999995015969,4.612957127392292e-09,0.9999999366809789,0.9999999843639671,0.9999999986812327,1.0677467798814178e-09,6.453774403780699e-09,0.9999999960855348,7.481730790459551e-10,1.8066202756017447e-08,0.8399757476503737,0.0,0.3994140625,0.9999999899591785,2.1082087187096477e-09,7.470953278243542e-08,9.891664376482368e-09,0.7770521743004792,0.9999999945648597,6.03176886215806e-09,0.9999999364627001,0.9999999822684913,0.9999999997453415,0.0,5.398760549724102e-09,0.999999997417035,1.2952341421623714e-09,1.3205863069742918e-08,0.5759781728853367,0.25927734375,0.66015625,0.9999999922147254,4.496087058214471e-09,5.838228389620781e-08,6.92307366989553e-09,0.7770522025894024,0.9999999927531462,7.363269105553627e-09,0.9999999417887011,0.9999999772408046,0.9999999983010639,2.890374162234366e-09,3.819877747446299e-09,0.999999997933628,1.602984411874786e-09,1.1219526641070843e-08,0.5439793855028184,0.27783203125,0.6796875,0.9999999832798494,1.601938492967747e-08,5.195033736526966e-08,4.35466063208878e-09,0.7770522154460195,0.9999999934370862,2.9249349609017372e-09,0.9999999571391527,0.9999999754218152,0.9999999971096258,4.522917151916772e-09,4.081812221556902e-09,0.9999999954816303,5.864762897545006e-09,1.0222720447927713e-08,0.5119805981202992,0.31494140625,0.7197265625,0.9999999859574018,7.892595021985471e-09,6.976188160479069e-08,7.3196133598685265e-09,0.777052195975557,0.9999999934370862,3.987224772572517e-09,0.9999999470437615,0.9999999793290044,0.9999999984720489,2.5765984901227057e-09,3.9508449845016e-09,0.9999999963438313,2.6529960450716317e-09,1.3962562661617994e-08
0.5359721097979303,0.29638671875,0.7001953125,0.9999999909632606,2.6575435185804963e-09,6.947084330022335e-08,9.102222975343466e-09,0.7770521805432509,0.999999994339305,6.475602276623249e-09,0.999999939747795,0.99999997975101,0.9999999991923687,9.422365110367537e-10,5.136826075613499e-09,0.9999999977189873,8.126335160341114e-10,1.333683030679822e-08,0.503973322415411,0.31494140625,0.7197265625,0.9999999840219971,9.018549462780356e-09,7.316702976822853e-08,5.933543434366584e-09,0.7770522074933979,0.9999999929787009,3.1868694350123405e-09,0.999999949184712,0.9999999794672476,0.9999999976625986,3.768946044147015e-09,3.9508449845016e-09,0.9999999957399268,2.9008333513047546e-09,1.507578417658806e-08,0.47197453503289283,0.3515625,0.759765625,0.9999999899591785,4.577032086672261e-09,6.641494110226631e-08,8.309143595397472e-09,0.7770521859347355,0.9999999941137503,6.300979293882847e-09,0.9999999419596861,0.9999999787687557,0.9999999988103809,1.570697349961847e-09,5.005858838558197e-09,0.9999999972897058,1.612193045730237e-09,1.2958480510860682e-08,0.6719745350328926,0.16650390625,0.5595703125,0.9999999892170308,0.0,8.483766578137875e-08,9.498762665316463e-09,0.7770521862985333,0.9999999927531462,6.206391844898462e-09,0.9999999355859472,0.9999999825449777,0.999999999490683,1.1941665434278548e-09,3.819877747446299e-09,0.9999999969440978,0.0,1.7069396562874317e-08,0.639975747650374,0.185546875,0.599609375,0.9999999860301614,1.432454155292362e-09,9.158975444734097e-08,8.309143595397472e-09,0.7770521821366856,0.999999995015969,4.612957127392292e-09,0.9999999366809789,0.9999999843639671,0.9999999986812327,1.0677467798814178e-09,6.453774403780699e-09,0.9999999960855348,7.481730790459551e-10,1.8066202756017447e-08,0.8399757476503737,0.0,0.3994140625,0.9999999899591785,2.1082087187096477e-09,7.470953278243542e-08,9.891664376482368e-09,0.7770521743004792,0.9999999945648597,6.03176886215806e-09,0.9999999364627001,0.9999999822684913,0.9999999997453415,0.0,5.398760549724102e-09,0.999999997417035,1.2952341421623714e-09,1.3205863069742918e-08,0.5759781728853367,0.25927734375,0.66015625,0.9999999922147254,4.496087058214471e-09,5.838228389620781e-08,6.92307366989553e-09,0.7770522025894024,0.9999999927531462,7.363269105553627e-09,0.9999999417887011,0.9999999772408046,0.9999999983010639,2.890374162234366e-09,3.819877747446299e-09,0.999999997933628,1.602984411874786e-09,1.1219526641070843e-08,0.5439793855028184,0.27783203125,0.6796875,0.9999999832798494,1.601938492967747e-08,5.195033736526966e-08,4.35466063208878e-09,0.7770522154460195,0.9999999934370862,2.9249349609017372e-09,0.9999999571391527,0.9999999754218152,0.9999999971096258,4.522917151916772e-09,4.081812221556902e-09,0.9999999954816303,5.864762897545006e-09,1.0222720447927713e-08,0.5119805981202992,0.31494140625,0.7197265625,0.9999999859574018,7.892595021985471e-09,6.976188160479069e-08,7.3196133598685265e-09,0.777052195975557,0.9999999934370862,3.987224772572517e-09,0.9999999470437615,0.9999999793290044,0.9999999984720489,2.5765984901227057e-09,3.9508449845016e-09,0.9999999963438313,2.6529960450716317e-09,1.3962562661617994e-08,0.7119805981202992,0.33349609375,0.279296875,0.9999999955616659,1.3325916370376945e-08,6.915070116519928e-08,1.0684743756428361e-08,0.7770522098144284,0.9999999923020368,7.981725502759218e-09,0.9999999563860911,0.9999999798892532,1.0,3.831701178569347e-09,2.6338966563344e-09,0.9999999993560778,4.096705197298434e-09,1.30821717903018e-08
0.503973322415411,0.31494140625,0.7197265625,0.9999999840219971,9.018549462780356e-09,7.316702976822853e-08,5.933543434366584e-09,0.7770522074933979,0.9999999929787009,3.1868694350123405e-09,0.999999949184712,0.9999999794672476,0.9999999976625986,3.768946044147015e-09,3.9508449845016e-09,0.9999999957399268,2.9008333513047546e-09,1.507578417658806e-08,0.47197453503289283,0.3515625,0.759765625,0.9999999899591785,4.577032086672261e-09,6.641494110226631e-08,8.309143595397472e-09,0.7770521859347355,0.9999999941137503,6.300979293882847e-09,0.9999999419596861,0.9999999787687557,0.9999999988103809,1.570697349961847e-09,5.005858838558197e-09,0.9999999972897058,1.612193045730237e-09,1.2958480510860682e-08,0.6719745350328926,0.16650390625,0.5595703125,0.9999999892170308,0.0,8.483766578137875e-08,9.498762665316463e-09,0.7770521862985333,0.9999999927531462,6.206391844898462e-09,0.9999999355859472,0.9999999825449777,0.999999999490683,1.1941665434278548e-09,3.819877747446299e-09,0.9999999969440978,0.0,1.7069396562874317e-08,0.639975747650374,0.185546875,0.599609375,0.9999999860301614,1.432454155292362e-09,9.158975444734097e-08,8.309143595397472e-09,0.7770521821366856,0.999999995015969,4.612957127392292e-09,0.9999999366809789,0.9999999843639671,0.9999999986812327,1.0677467798814178e-09,6.453774403780699e-09,0.9999999960855348,7.481730790459551e-10,1.8066202756017447e-08,0.8399757476503737,0.0,0.3994140625,0.9999999899591785,2.1082087187096477e-09,7.470953278243542e-08,9.891664376482368e-09,0.7770521743004792,0.9999999945648597,6.03176886215806e-09,0.9999999364627001,0.9999999822684913,0.9999999997453415,0.0,5.398760549724102e-09,0.999999997417035,1.2952341421623714e-09,1.3205863069742918e-08,0.5759781728853367,0.25927734375,0.66015625,0.9999999922147254,4.496087058214471e-09,5.838228389620781e-08,6.92307366989553e-09,0.7770522025894024,0.9999999927531462,7.363269105553627e-09,0.9999999417887011,0.9999999772408046,0.9999999983010639,2.890374162234366e-09,3.819877747446299e-09,0.999999997933628,1.602984411874786e-09,1.1219526641070843e-08,0.5439793855028184,0.27783203125,0.6796875,0.9999999832798494,1.601938492967747e-08,5.195033736526966e-08,4.35466063208878e-09,0.7770522154460195,0.9999999934370862,2.9249349609017372e-09,0.9999999571391527,0.9999999754218152,0.9999999971096258,4.522917151916772e-09,4.081812221556902e-09,0.9999999954816303,5.864762897545006e-09,1.0222720447927713e-08,0.5119805981202992,0.31494140625,0.7197265625,0.9999999859574018,7.892595021985471e-09,6.976188160479069e-08,7.3196133598685265e-09,0.777052195975557,0.9999999934370862,3.987224772572517e-09,0.9999999470437615,0.9999999793290044,0.9999999984720489,2.5765984901227057e-09,3.9508449845016e-09,0.9999999963438313,2.6529960450716317e-09,1.3962562661617994e-08,0.7119805981202992,0.33349609375,0.279296875,0.9999999955616659,1.3325916370376945e-08,6.915070116519928e-08,1.0684743756428361e-08,0.7770522098144284,0.9999999923020368,7.981725502759218e-09,0.9999999563860911,0.9999999798892532,1.0,3.831701178569347e-09,2.6338966563344e-09,0.9999999993560778,4.096705197298434e-09,1.30821717903018e-08,0.9119805981202993,0.1484375,0.080078125,0.9999999891297193,1.4731085684616119e-08,8.821371011435986e-08,6.3300831243395805e-09,0.7770522204664303,0.9999999952415237,5.144102033227682e-09,0.9999999561423465,0.9999999845022103,0.9999999980882421,4.963112587574869e-09,6.1918399296700954e-09,0.999999997417035,5.192077878746204e-09,1.682201400399208e-08
0.47197453503289283,0.3515625,0.759765625,0.9999999899591785,4.577032086672261e-09,6.641494110226631e-08,8.309143595397472e-09,0.7770521859347355,0.9999999941137503,6.300979293882847e-09,0.9999999419596861,0.9999999787687557,0.9999999988103809,1.570697349961847e-09,5.005858838558197e-09,0.9999999972897058,1.612193045730237e-09,1.2958480510860682e-08,0.6719745350328926,0.16650390625,0.5595703125,0.9999999892170308,0.0,8.483766578137875e-08,9.498762665316463e-09,0.7770521862985333,0.9999999927531462,6.206391844898462e-09,0.9999999355859472,0.9999999825449777,0.999999999490683,1.1941665434278548e-09,3.819877747446299e-09,0.9999999969440978,0.0,1.7069396562874317e-08,0.639975747650374,0.185546875,0.599609375,0.9999999860301614,1.432454155292362e-09,9.158975444734097e-08,8.309143595397472e-09,0.7770521821366856,0.999999995015969,4.612957127392292e-09,0.9999999366809789,0.9999999843639671,0.9999999986812327,1.0677467798814178e-09,6.453774403780699e-09,0.9999999960855348,7.481730790459551e-10,1.8066202756017447e-08,0.8399757476503737,0.0,0.3994140625,0.9999999899591785,2.1082087187096477e-09,7.470953278243542e-08,9.891664376482368e-09,0.7770521743004792,0.9999999945648597,6.03176886215806e-09,0.9999999364627001,0.9999999822684913,0.9999999997453415,0.0,5.398760549724102e-09,0.999999997417035,1.2952341421623714e-09,1.3205863069742918e-08,0.5759781728853367,0.25927734375,0.66015625,0.9999999922147254,4.496087058214471e-09,5.838228389620781e-08,6.92307366989553e-09,0.7770522025894024,0.9999999927531462,7.363269105553627e-09,0.9999999417887011,0.9999999772408046,0.9999999983010639,2.890374162234366e-09,3.819877747446299e-09,0.999999997933628,1.602984411874786e-09,1.1219526641070843e-08,0.5439793855028184,0.27783203125,0.6796875,0.9999999832798494,1.601938492967747e-08,5.195033736526966e-08,4.35466063208878e-09,0.7770522154460195,0.9999999934370862,2.9249349609017372e-09,0.9999999571391527,0.9999999754218152,0.9999999971096258,4.522917151916772e-09,4.081812221556902e-09,0.9999999954816303,5.864762897545006e-09,1.0222720447927713e-08,0.5119805981202992,0.31494140625,0.7197265625,0.9999999859574018,7.892595021985471e-09,6.976188160479069e-08,7.3196133598685265e-09,0.777052195975557,0.9999999934370862,3.987224772572517e-09,0.9999999470437615,0.9999999793290044,0.9999999984720489,2.5765984901227057e-09,3.9508449845016e-09,0.9999999963438313,2.6529960450716317e-09,1.3962562661617994e-08,0.7119805981202992,0.33349609375,0.279296875,0.9999999955616659,1.3325916370376945e-08,6.915070116519928e-08,1.0684743756428361e-08,0.7770522098144284,0.9999999923020368,7.981725502759218e-09,0.9999999563860911,0.9999999798892532,1.0,3.831701178569347e-09,2.6338966563344e-09,0.9999999993560778,4.096705197298434e-09,1.30821717903018e-08,0.9119805981202993,0.1484375,0.080078125,0.9999999891297193,1.4731085684616119e-08,8.821371011435986e-08,6.3300831243395805e-09,0.7770522204664303,0.9999999952415237,5.144102033227682e-09,0.9999999561423465,0.9999999845022103,0.9999999980882421,4.963112587574869e-09,6.1918399296700954e-09,0.999999997417035,5.192077878746204e-09,1.682201400399208e-08,0.1839854485902246,0.83349609375,0.8203125,0.9999999919673428,1.878606781247072e-08,6.362097337841988e-08,6.133632268756628e-09,0.7770522333230474,0.9999999932042556,6.475602276623249e-09,0.9999999624651537,0.9999999786305125,0.9999999980464054,6.155460141599178e-09,3.819877747446299e-09,0.9999999982392183,6.440700417442713e-09,1.1968950275331736e-08
0.6719745350328926,0.16650390625,0.5595703125,0.9999999892170308,0.0,8.483766578137875e-08,9.498762665316463e-09,0.7770521862985333,0.9999999927531462,6.206391844898462e-09,0.9999999355859472,0.9999999825449777,0.999999999490683,1.1941665434278548e-09,3.819877747446299e-09,0.9999999969440978,0.0,1.7069396562874317e-08,0.639975747650374,0.185546875,0.599609375,0.9999999860301614,1.432454155292362e-09,9.158975444734097e-08,8.309143595397472e-09,0.7770521821366856,0.999999995015969,4.612957127392292e-09,0.9999999366809789,0.9999999843639671,0.9999999986812327,1.0677467798814178e-09,6.453774403780699e-09,0.9999999960855348,7.481730790459551e-10,1.8066202756017447e-08,0.8399757476503737,0.0,0.3994140625,0.9999999899591785,2.1082087187096477e-09,7.470953278243542e-08,9.891664376482368e-09,0.7770521743004792,0.9999999945648597,6.03176886215806e-09,0.9999999364627001,0.9999999822684913,0.9999999997453415,0.0,5.398760549724102e-09,0.999999997417035,1.2952341421623714e-09,1.3205863069742918e-08,0.5759781728853367,0.25927734375,0.66015625,0.9999999922147254,4.496087058214471e-09,5.838228389620781e-08,6.92307366989553e-09,0.7770522025894024,0.9999999927531462,7.363269105553627e-09,0.9999999417887011,0.9999999772408046,0.9999999983010639,2.890374162234366e-09,3.819877747446299e-09,0.999999997933628,1.602984411874786e-09,1.1219526641070843e-08,0.5439793855028184,0.27783203125,0.6796875,0.9999999832798494,1.601938492967747e-08,5.195033736526966e-08,4.35466063208878e-09,0.7770522154460195,0.9999999934370862,2.9249349609017372e-09,0.9999999571391527,0.9999999754218152,0.9999999971096258,4.522917151916772e-09,4.081812221556902e-09,0.9999999954816303,5.864762897545006e-09,1.0222720447927713e-08,0.5119805981202992,0.31494140625,0.7197265625,0.9999999859574018,7.892595021985471e-09,6.976188160479069e-08,7.3196133598685265e-09,0.777052195975557,0.9999999934370862,3.987224772572517e-09,0.9999999470437615,0.9999999793290044,0.9999999984720489,2.5765984901227057e-09,3.9508449845016e-09,0.9999999963438313,2.6529960450716317e-09,1.3962562661617994e-08,0.7119805981202992,0.33349609375,0.279296875,0.9999999955616659,1.3325916370376945e-08,6.915070116519928e-08,1.0684743756428361e-08,0.7770522098144284,0.9999999923020368,7.981725502759218e-09,0.9999999563860911,0.9999999798892532,1.0,3.831701178569347e-09,2.6338966563344e-09,0.9999999993560778,4.096705197298434e-09,1.30821717903018e-08,0.9119805981202993,0.1484375,0.080078125,0.9999999891297193,1.4731085684616119e-08,8.821371011435986e-08,6.3300831243395805e-09,0.7770522204664303,0.9999999952415237,5.144102033227682e-09,0.9999999561423465,0.9999999845022103,0.9999999980882421,4.963112587574869e-09,6.1918399296700954e-09,0.999999997417035,5.192077878746204e-09,1.682201400399208e-08,0.1839854485902246,0.83349609375,0.8203125,0.9999999919673428,1.878606781247072e-08,6.362097337841988e-08,6.133632268756628e-09,0.7770522333230474,0.9999999932042556,6.475602276623249e-09,0.9999999624651537,0.9999999786305125,0.9999999980464054,6.155460141599178e-09,3.819877747446299e-09,0.9999999982392183,6.440700417442713e-09,1.1968950275331736e-08,0.38398544859022415,0.6484375,0.6201171875,0.9999999941501301,1.8731498130364344e-08,5.596666596829891e-08,7.716153049841523e-09,0.7770522210776107,0.9999999934370862,8.512870408594608e-09,0.9999999612737156,0.9999999761203071,0.9999999984720489,5.2777977543883026e-09,4.343746695667505e-09,0.9999999983665475,6.727304935338907e-09,1.1088559404015541e-08
0.639975747650374,0.185546875,0.599609375,0.9999999860301614,1.432454155292362e-09,9.158975444734097e-08,8.309143595397472e-09,0.7770521821366856,0.999999995015969,4.612957127392292e-09,0.9999999366809789,0.9999999843639671,0.9999999986812327,1.0677467798814178e-09,6.453774403780699e-09,0.9999999960855348,7.481730790459551e-10,1.8066202756017447e-08,0.8399757476503737,0.0,0.3994140625,0.9999999899591785,2.1082087187096477e-09,7.470953278243542e-08,9.891664376482368e-09,0.7770521743004792,0.9999999945648597,6.03176886215806e-09,0.9999999364627001,0.9999999822684913,0.9999999997453415,0.0,5.398760549724102e-09,0.999999997417035,1.2952341421623714e-09,1.3205863069742918e-08,0.5759781728853367,0.25927734375,0.66015625,0.9999999922147254,4.496087058214471e-09,5.838228389620781e-08,6.92307366989553e-09,0.7770522025894024,0.9999999927531462,7.363269105553627e-09,0.9999999417887011,0.9999999772408046,0.9999999983010639,2.890374162234366e-09,3.819877747446299e-09,0.999999997933628,1.602984411874786e-09,1.1219526641070843e-08,0.5439793855028184,0.27783203125,0.6796875,0.9999999832798494,1.601938492967747e-08,5.195033736526966e-08,4.35466063208878e-09,0.7770522154460195,0.9999999934370862,2.9249349609017372e-09,0.9999999571391527,0.9999999754218152,0.9999999971096258,4.522917151916772e-09,4.081812221556902e-09,0.9999999954816303,5.864762897545006e-09,1.0222720447927713e-08,0.5119805981202992,0.31494140625,0.7197265625,0.9999999859574018,7.892595021985471e-09,6.976188160479069e-08,7.3196133598685265e-09,0.777052195975557,0.9999999934370862,3.987224772572517e-09,0.9999999470437615,0.9999999793290044,0.9999999984720489,2.5765984901227057e-09,3.9508449845016e-09,0.9999999963438313,2.6529960450716317e-09,1.3962562661617994e-08,0.7119805981202992,0.33349609375,0.279296875,0.9999999955616659,1.3325916370376945e-08,6.915070116519928e-08,1.0684743756428361e-08,0.7770522098144284,0.9999999923020368,7.981725502759218e-09,0.9999999563860911,0.9999999798892532,1.0,3.831701178569347e-09,2.6338966563344e-09,0.9999999993560778,4.096705197298434e-09,1.30821717903018e-08,0.9119805981202993,0.1484375,0.080078125,0.9999999891297193,1.4731085684616119e-08,8.821371011435986e-08,6.3300831243395805e-09,0.7770522204664303,0.9999999952415237,5.144102033227682e-09,0.9999999561423465,0.9999999845022103,0.9999999980882421,4.963112587574869e-09,6.1918399296700954e-09,0.999999997417035,5.192077878746204e-09,1.682201400399208e-08,0.1839854485902246,0.83349609375,0.8203125,0.9999999919673428,1.878606781247072e-08,6.362097337841988e-08,6.133632268756628e-09,0.7770522333230474,0.9999999932042556,6.475602276623249e-09,0.9999999624651537,0.9999999786305125,0.9999999980464054,6.155460141599178e-09,3.819877747446299e-09,0.9999999982392183,6.440700417442713e-09,1.1968950275331736e-08,0.38398544859022415,0.6484375,0.6201171875,0.9999999941501301,1.8731498130364344e-08,5.596666596829891e-08,7.716153049841523e-09,0.7770522210776107,0.9999999934370862,8.512870408594608e-09,0.9999999612737156,0.9999999761203071,0.9999999984720489,5.2777977543883026e-09,4.343746695667505e-09,0.9999999983665475,6.727304935338907e-09,1.1088559404015541e-08,0.5839854485902245,0.462890625,0.419921875,0.9999999858700903,1.5109435480553657e-08,9.895302355289459e-08,7.716153049841523e-09,0.7770522188802715,0.9999999938881956,4.0745362639427185e-09,0.9999999570172804,0.9999999856154318,0.9999999988103809,4.774847184307873e-09,4.212779458612204e-09,0.9999999962565198,5.232323019299656e-09,2.0059815142303705e-08
0.8399757476503737,0.0,0.3994140625,0.9999999899591785,2.1082087187096477e-09,7.470953278243542e-08,9.891664376482368e-09,0.7770521743004792,0.9999999945648597,6.03176886215806e-09,0.9999999364627001,0.9999999822684913,0.9999999997453415,0.0,5.398760549724102e-09,0.999999997417035,1.2952341421623714e-09,1.3205863069742918e-08,0.5759781728853367,0.25927734375,0.66015625,0.9999999922147254,4.496087058214471e-09,5.838228389620781e-08,6.92307366989553e-09,0.7770522025894024,0.9999999927531462,7.363269105553627e-09,0.9999999417887011,0.9999999772408046,0.9999999983010639,2.890374162234366e-09,3.819877747446299e-09,0.999999997933628,1.602984411874786e-09,1.1219526641070843e-08,0.5439793855028184,0.27783203125,0.6796875,0.9999999832798494,1.601938492967747e-08,5.195033736526966e-08,4.35466063208878e-09,0.7770522154460195,0.9999999934370862,2.9249349609017372e-09,0.9999999571391527,0.9999999754218152,0.9999999971096258,4.522917151916772e-09,4.081812221556902e-09,0.9999999954816303,5.864762897545006e-09,1.0222720447927713e-08,0.5119805981202992,0.31494140625,0.7197265625,0.9999999859574018,7.892595021985471e-09,6.976188160479069e-08,7.3196133598685265e-09,0.777052195975557,0.9999999934370862,3.987224772572517e-09,0.9999999470437615,0.9999999793290044,0.9999999984720489,2.5765984901227057e-09,3.9508449845016e-09,0.9999999963438313,2.6529960450716317e-09,1.3962562661617994e-08,0.7119805981202992,0.33349609375,0.279296875,0.9999999955616659,1.3325916370376945e-08,6.915070116519928e-08,1.0684743756428361e-08,0.7770522098144284,0.9999999923020368,7.981725502759218e-09,0.9999999563860911,0.9999999798892532,1.0,3.831701178569347e-09,2.6338966563344e-09,0.9999999993560778,4.096705197298434e-09,1.30821717903018e-08,0.9119805981202993,0.1484375,0.080078125,0.9999999891297193,1.4731085684616119e-08,8.821371011435986e-08,6.3300831243395805e-09,0.7770522204664303,0.9999999952415237,5.144102033227682e-09,0.9999999561423465,0.9999999845022103,0.9999999980882421,4.963112587574869e-09,6.1918399296700954e-09,0.999999997417035,5.192077878746204e-09,1.682201400399208e-08,0.1839854485902246,0.83349609375,0.8203125,0.9999999919673428,1.878606781247072e-08,6.362097337841988e-08,6.133632268756628e-09,0.7770522333230474,0.9999999932042556,6.475602276623249e-09,0.9999999624651537,0.9999999786305125,0.9999999980464054,6.155460141599178e-09,3.819877747446299e-09,0.9999999982392183,6.440700417442713e-09,1.1968950275331736e-08,0.38398544859022415,0.6484375,0.6201171875,0.9999999941501301,1.8731498130364344e-08,5.596666596829891e-08,7.716153049841523e-09,0.7770522210776107,0.9999999934370862,8.512870408594608e-09,0.9999999612737156,0.9999999761203071,0.9999999984720489,5.2777977543883026e-09,4.343746695667505e-09,0.9999999983665475,6.727304935338907e-09,1.1088559404015541e-08,0.5839854485902245,0.462890625,0.419921875,0.9999999858700903,1.5109435480553657e-08,9.895302355289459e-08,7.716153049841523e-09,0.7770522188802715,0.9999999938881956,4.0745362639427185e-09,0.9999999570172804,0.9999999856154318,0.9999999988103809,4.774847184307873e-09,4.212779458612204e-09,0.9999999962565198,5.232323019299656e-09,2.0059815142303705e-08,0.7839854485902243,0.27783203125,0.2197265625,0.9999999877036316,2.6263933250447735e-08,5.4104020819067955e-08,1.0091753210872412e-08,0.7770522155697108,0.9999999918509275,5.50062395632267e-09,0.9999999686442607,0.9999999766805558,0.9999999997035047,4.46016201749444e-09,2.240994945168495e-09,0.999999996558472,1.0229769031866454e-08,9.720679372549057e-09
0.5759781728853367,0.25927734375,0.66015625,0.9999999922147254,4.496087058214471e-09,5.838228389620781e-08,6.92307366989553e-09,0.7770522025894024,0.9999999927531462,7.363269105553627e-09,0.9999999417887011,0.9999999772408046,0.9999999983010639,2.890374162234366e-09,3.819877747446299e-09,0.999999997933628,1.602984411874786e-09,1.1219526641070843e-08,0.5439793855028184,0.27783203125,0.6796875,0.9999999832798494,1.601938492967747e-08,5.195033736526966e-08,4.35466063208878e-09,0.7770522154460195,0.9999999934370862,2.9249349609017372e-09,0.9999999571391527,0.9999999754218152,0.9999999971096258,4.522917151916772e-09,4.081812221556902e-09,0.9999999954816303,5.864762897545006e-09,1.0222720447927713e-08,0.5119805981202992,0.31494140625,0.7197265625,0.9999999859574018,7.892595021985471e-09,6.976188160479069e-08,7.3196133598685265e-09,0.777052195975557,0.9999999934370862,3.987224772572517e-09,0.9999999470437615,0.9999999793290044,0.9999999984720489,2.5765984901227057e-09,3.9508449845016e-09,0.9999999963438313,2.6529960450716317e-09,1.3962562661617994e-08,0.7119805981202992,0.33349609375,0.279296875,0.9999999955616659,1.3325916370376945e-08,6.915070116519928e-08,1.0684743756428361e-08,0.7770522098144284,0.9999999923020368,7.981725502759218e-09,0.9999999563860911,0.9999999798892532,1.0,3.831701178569347e-09,2.6338966563344e-09,0.9999999993560778,4.096705197298434e-09,1.30821717903018e-08,0.9119805981202993,0.1484375,0.080078125,0.9999999891297193,1.4731085684616119e-08,8.821371011435986e-08,6.3300831243395805e-09,0.7770522204664303,0.9999999952415237,5.144102033227682e-09,0.9999999561423465,0.9999999845022103,0.9999999980882421,4.963112587574869e-09,6.1918399296700954e-09,0.999999997417035,5.192077878746204e-09,1.682201400399208e-08,0.1839854485902246,0.83349609375,0.8203125,0.9999999919673428,1.878606781247072e-08,6.362097337841988e-08,6.133632268756628e-09,0.7770522333230474,0.9999999932042556,6.475602276623249e-09,0.9999999624651537,0.9999999786305125,0.9999999980464054,6.155460141599178e-09,3.819877747446299e-09,0.9999999982392183,6.440700417442713e-09,1.1968950275331736e-08,0.38398544859022415,0.6484375,0.6201171875,0.9999999941501301,1.8731498130364344e-08,5.596666596829891e-08,7.716153049841523e-09,0.7770522210776107,0.9999999934370862,8.512870408594608e-09,0.9999999612737156,0.9999999761203071,0.9999999984720489,5.2777977543883026e-09,4.343746695667505e-09,0.9999999983665475,6.727304935338907e-09,1.1088559404015541e-08,0.5839854485902245,0.462890625,0.419921875,0.9999999858700903,1.5109435480553657e-08,9.895302355289459e-08,7.716153049841523e-09,0.7770522188802715,0.9999999938881956,4.0745362639427185e-09,0.9999999570172804,0.9999999856154318,0.9999999988103809,4.774847184307873e-09,4.212779458612204e-09,0.9999999962565198,5.232323019299656e-09,2.0059815142303705e-08,0.7839854485902243,0.27783203125,0.2197265625,0.9999999877036316,2.6263933250447735e-08,5.4104020819067955e-08,1.0091753210872412e-08,0.7770522155697108,0.9999999918509275,5.50062395632267e-09,0.9999999686442607,0.9999999766805558,0.9999999997035047,4.46016201749444e-09,2.240994945168495e-09,0.999999996558472,1.0229769031866454e-08,9.720679372549057e-09,0.5199878738251872,0.51904296875,0.4794921875,0.9999999857827788,7.514245226047933e-09,1.2505915947258472e-07,8.705683285370469e-09,0.7770522076098132,0.9999999947904143,4.169123712927103e-09,0.9999999457304511,0.9999999918945832,0.9999999991068762,3.4551703720353544e-09,6.060872692614794e-09,0.9999999961728463,2.7371243049856275e-09,2.5051122065633535e-08
0.5439793855028184,0.27783203125,0.6796875,0.9999999832798494,1.601938492967747e-08,5.195033736526966e-08,4.35466063208878e-09,0.7770522154460195,0.9999999934370862,2.9249349609017372e-09,0.9999999571391527,0.9999999754218152,0.9999999971096258,4.522917151916772e-09,4.081812221556902e-09,0.9999999954816303,5.864762897545006e-09,1.0222720447927713e-08,0.5119805981202992,0.31494140625,0.7197265625,0.9999999859574018,7.892595021985471e-09,6.976188160479069e-08,7.3196133598685265e-09,0.777052195975557,0.9999999934370862,3.987224772572517e-09,0.9999999470437615,0.9999999793290044,0.9999999984720489,2.5765984901227057e-09,3.9508449845016e-09,0.9999999963438313,2.6529960450716317e-09,1.3962562661617994e-08,0.7119805981202992,0.33349609375,0.279296875,0.9999999955616659,1.3325916370376945e-08,6.915070116519928e-08,1.0684743756428361e-08,0.7770522098144284,0.9999999923020368,7.981725502759218e-09,0.9999999563860911,0.9999999798892532,1.0,3.831701178569347e-09,2.6338966563344e-09,0.9999999993560778,4.096705197298434e-09,1.30821717903018e-08,0.9119805981202993,0.1484375,0.080078125,0.9999999891297193,1.4731085684616119e-08,8.821371011435986e-08,6.3300831243395805e-09,0.7770522204664303,0.9999999952415237,5.144102033227682e-09,0.9999999561423465,0.9999999845022103,0.9999999980882421,4.963112587574869e-09,6.1918399296700954e-09,0.999999997417035,5.192077878746204e-09,1.682201400399208e-08,0.1839854485902246,0.83349609375,0.8203125,0.9999999919673428,1.878606781247072e-08,6.362097337841988e-08,6.133632268756628e-09,0.7770522333230474,0.9999999932042556,6.475602276623249e-09,0.9999999624651537,0.9999999786305125,0.9999999980464054,6.155460141599178e-09,3.819877747446299e-09,0.9999999982392183,6.440700417442713e-09,1.1968950275331736e-08,0.38398544859022415,0.6484375,0.6201171875,0.9999999941501301,1.8731498130364344e-08,5.596666596829891e-08,7.716153049841523e-09,0.7770522210776107,0.9999999934370862,8.512870408594608e-09,0.9999999612737156,0.9999999761203071,0.9999999984720489,5.2777977543883026e-09,4.343746695667505e-09,0.9999999983665475,6.727304935338907e-09,1.1088559404015541e-08,0.5839854485902245,0.462890625,0.419921875,0.9999999858700903,1.5109435480553657e-08,9.895302355289459e-08,7.716153049841523e-09,0.7770522188802715,0.9999999938881956,4.0745362639427185e-09,0.9999999570172804,0.9999999856154318,0.9999999988103809,4.774847184307873e-09,4.212779458612204e-09,0.9999999962565198,5.232323019299656e-09,2.0059815142303705e-08,0.7839854485902243,0.27783203125,0.2197265625,0.9999999877036316,2.6263933250447735e-08,5.4104020819067955e-08,1.0091753210872412e-08,0.7770522155697108,0.9999999918509275,5.50062395632267e-09,0.9999999686442607,0.9999999766805558,0.9999999997035047,4.46016201749444e-09,2.240994945168495e-09,0.999999996558472,1.0229769031866454e-08,9.720679372549057e-09,0.5199878738251872,0.51904296875,0.4794921875,0.9999999857827788,7.514245226047933e-09,1.2505915947258472e-07,8.705683285370469e-09,0.7770522076098132,0.9999999947904143,4.169123712927103e-09,0.9999999457304511,0.9999999918945832,0.9999999991068762,3.4551703720353544e-09,6.060872692614794e-09,0.9999999961728463,2.7371243049856275e-09,2.5051122065633535e-08,0.2559902990601501,0.75927734375,0.740234375,0.9999999790161382,2.9309831006685272e-08,7.558264769613743e-08,4.551111487671733e-09,0.7770522377322777,0.9999999938881956,7.057678885757923e-10,0.9999999747033144,0.9999999807259883,0.9999999971532816,7.035851012915373e-09,4.743924364447594e-09,0.9999999943611328,1.0809571904246695e-08,1.495209289714694e-08
0.5119805981202992,0.31494140625,0.7197265625,0.9999999859574018,7.892595021985471e-09,6.976188160479069e-08,7.3196133598685265e-09,0.777052195975557,0.9999999934370862,3.987224772572517e-09,0.9999999470437615,0.9999999793290044,0.9999999984720489,2.5765984901227057e-09,3.9508449845016e-09,0.9999999963438313,2.6529960450716317e-09,1.3962562661617994e-08,0.7119805981202992,0.33349609375,0.279296875,0.9999999955616659,1.3325916370376945e-08,6.915070116519928e-08,1.0684743756428361e-08,0.7770522098144284,0.9999999923020368,7.981725502759218e-09,0.9999999563860911,0.9999999798892532,1.0,3.831701178569347e-09,2.6338966563344e-09,0.9999999993560778,4.096705197298434e-09,1.30821717903018e-08,0.9119805981202993,0.1484375,0.080078125,0.9999999891297193,1.4731085684616119e-08,8.821371011435986e-08,6.3300831243395805e-09,0.7770522204664303,0.9999999952415237,5.144102033227682e-09,0.9999999561423465,0.9999999845022103,0.9999999980882421,4.963112587574869e-09,6.1918399296700954e-09,0.999999997417035,5.192077878746204e-09,1.682201400399208e-08,0.1839854485902246,0.83349609375,0.8203125,0.9999999919673428,1.878606781247072e-08,6.362097337841988e-08,6.133632268756628e-09,0.7770522333230474,0.9999999932042556,6.475602276623249e-09,0.9999999624651537,0.9999999786305125,0.9999999980464054,6.155460141599178e-09,3.819877747446299e-09,0.9999999982392183,6.440700417442713e-09,1.1968950275331736e-08,0.38398544859022415,0.6484375,0.6201171875,0.9999999941501301,1.8731498130364344e-08,5.596666596829891e-08,7.716153049841523e-09,0.7770522210776107,0.9999999934370862,8.512870408594608e-09,0.9999999612737156,0.9999999761203071,0.9999999984720489,5.2777977543883026e-09,4.343746695667505e-09,0.9999999983665475,6.727304935338907e-09,1.1088559404015541e-08,0.5839854485902245,0.462890625,0.419921875,0.9999999858700903,1.5109435480553657e-08,9.895302355289459e-08,7.716153049841523e-09,0.7770522188802715,0.9999999938881956,4.0745362639427185e-09,0.9999999570172804,0.9999999856154318,0.9999999988103809,4.774847184307873e-09,4.212779458612204e-09,0.9999999962565198,5.232323019299656e-09,2.0059815142303705e-08,0.7839854485902243,0.27783203125,0.2197265625,0.9999999877036316,2.6263933250447735e-08,5.4104020819067955e-08,1.0091753210872412e-08,0.7770522155697108,0.9999999918509275,5.50062395632267e-09,0.9999999686442607,0.9999999766805558,0.9999999997035047,4.46016201749444e-09,2.240994945168495e-09,0.999999996558472,1.0229769031866454e-08,9.720679372549057e-09,0.5199878738251872,0.51904296875,0.4794921875,0.9999999857827788,7.514245226047933e-09,1.2505915947258472e-07,8.705683285370469e-09,0.7770522076098132,0.9999999947904143,4.169123712927103e-09,0.9999999457304511,0.9999999918945832,0.9999999991068762,3.4551703720353544e-09,6.060872692614794e-09,0.9999999961728463,2.7371243049856275e-09,2.5051122065633535e-08,0.2559902990601501,0.75927734375,0.740234375,0.9999999790161382,2.9309831006685272e-08,7.558264769613743e-08,4.551111487671733e-09,0.7770522377322777,0.9999999938881956,7.057678885757923e-10,0.9999999747033144,0.9999999807259883,0.9999999971532816,7.035851012915373e-09,4.743924364447594e-09,0.9999999943611328,1.0809571904246695e-08,1.495209289714694e-08,0.4559902990601497,0.57421875,0.5400390625,0.9999999952269718,1.5226760297082365e-08,6.394111551344395e-08,6.526533979922533e-09,0.7770522297723801,0.9999999934370862,8.250935934484005e-09,0.9999999563115125,0.9999999793290044,0.9999999983429007,5.528818292077631e-09,4.081812221556902e-09,0.9999999990541255,5.505057742993813e-09,1.146690919995308e-08
0.7119805981202992,0.33349609375,0.279296875,0.9999999955616659,1.3325916370376945e-08,6.915070116519928e-08,1.0684743756428361e-08,0.7770522098144284,0.9999999923020368,7.981725502759218e-09,0.9999999563860911,0.9999999798892532,1.0,3.831701178569347e-09,2.6338966563344e-09,0.9999999993560778,4.096705197298434e-09,1.30821717903018e-08,0.9119805981202993,0.1484375,0.080078125,0.9999999891297193,1.4731085684616119e-08,8.821371011435986e-08,6.3300831243395805e-09,0.7770522204664303,0.9999999952415237,5.144102033227682e-09,0.9999999561423465,0.9999999845022103,0.9999999980882421,4.963112587574869e-09,6.1918399296700954e-09,0.999999997417035,5.192077878746204e-09,1.682201400399208e-08,0.1839854485902246,0.83349609375,0.8203125,0.9999999919673428,1.878606781247072e-08,6.362097337841988e-08,6.133632268756628e-09,0.7770522333230474,0.9999999932042556,6.475602276623249e-09,0.9999999624651537,0.9999999786305125,0.9999999980464054,6.155460141599178e-09,3.819877747446299e-09,0.9999999982392183,6.440700417442713e-09,1.1968950275331736e-08,0.38398544859022415,0.6484375,0.6201171875,0.9999999941501301,1.8731498130364344e-08,5.596666596829891e-08,7.716153049841523e-09,0.7770522210776107,0.9999999934370862,8.512870408594608e-09,0.9999999612737156,0.9999999761203071,0.9999999984720489,5.2777977543883026e-09,4.343746695667505e-09,0.9999999983665475,6.727304935338907e-09,1.1088559404015541e-08,0.5839854485902245,0.462890625,0.419921875,0.9999999858700903,1.5109435480553657e-08,9.895302355289459e-08,7.716153049841523e-09,0.7770522188802715,0.9999999938881956,4.0745362639427185e-09,0.9999999570172804,0.9999999856154318,0.9999999988103809,4.774847184307873e-09,4.212779458612204e-09,0.9999999962565198,5.232323019299656e-09,2.0059815142303705e-08,0.7839854485902243,0.27783203125,0.2197265625,0.9999999877036316,2.6263933250447735e-08,5.4104020819067955e-08,1.0091753210872412e-08,0.7770522155697108,0.9999999918509275,5.50062395632267e-09,0.9999999686442607,0.9999999766805558,0.9999999997035047,4.46016201749444e-09,2.240994945168495e-09,0.999999996558472,1.0229769031866454e-08,9.720679372549057e-09,0.5199878738251872,0.51904296875,0.4794921875,0.9999999857827788,7.514245226047933e-09,1.2505915947258472e-07,8.705683285370469e-09,0.7770522076098132,0.9999999947904143,4.169123712927103e-09,0.9999999457304511,0.9999999918945832,0.9999999991068762,3.4551703720353544e-09,6.060872692614794e-09,0.9999999961728463,2.7371243049856275e-09,2.5051122065633535e-08,0.2559902990601501,0.75927734375,0.740234375,0.9999999790161382,2.9309831006685272e-08,7.558264769613743e-08,4.551111487671733e-09,0.7770522377322777,0.9999999938881956,7.057678885757923e-10,0.9999999747033144,0.9999999807259883,0.9999999971532816,7.035851012915373e-09,4.743924364447594e-09,0.9999999943611328,1.0809571904246695e-08,1.495209289714694e-08,0.4559902990601497,0.57421875,0.5400390625,0.9999999952269718,1.5226760297082365e-08,6.394111551344395e-08,6.526533979922533e-09,0.7770522297723801,0.9999999934370862,8.250935934484005e-09,0.9999999563115125,0.9999999793290044,0.9999999983429007,5.528818292077631e-09,4.081812221556902e-09,0.9999999990541255,5.505057742993813e-09,1.146690919995308e-08,0.6559902990601498,0.388671875,0.33984375,0.9999999755964382,2.65977178059984e-08,9.74105205386877e-08,4.94765117764473e-09,0.7770522219361737,0.9999999966021278,0.0,0.9999999695210136,0.9999999847786967,0.9999999971951183,5.717083695344627e-09,7.239577826112509e-09,0.9999999929423211,1.0234316505375318e-08,2.0190782379359007e-08
0.9119805981202993,0.1484375,0.080078125,0.9999999891297193,1.4731085684616119e-08,8.821371011435986e-08,6.3300831243395805e-09,0.7770522204664303,0.9999999952415237,5.144102033227682e-09,0.9999999561423465,0.9999999845022103,0.9999999980882421,4.963112587574869e-09,6.1918399296700954e-09,0.999999997417035,5.192077878746204e-09,1.682201400399208e-08,0.1839854485902246,0.83349609375,0.8203125,0.9999999919673428,1.878606781247072e-08,6.362097337841988e-08,6.133632268756628e-09,0.7770522333230474,0.9999999932042556,6.475602276623249e-09,0.9999999624651537,0.9999999786305125,0.9999999980464054,6.155460141599178e-09,3.819877747446299e-09,0.9999999982392183,6.440700417442713e-09,1.1968950275331736e-08,0.38398544859022415,0.6484375,0.6201171875,0.9999999941501301,1.8731498130364344e-08,5.596666596829891e-08,7.716153049841523e-09,0.7770522210776107,0.9999999934370862,8.512870408594608e-09,0.9999999612737156,0.9999999761203071,0.9999999984720489,5.2777977543883026e-09,4.343746695667505e-09,0.9999999983665475,6.727304935338907e-09,1.1088559404015541e-08,0.5839854485902245,0.462890625,0.419921875,0.9999999858700903,1.5109435480553657e-08,9.895302355289459e-08,7.716153049841523e-09,0.7770522188802715,0.9999999938881956,4.0745362639427185e-09,0.9999999570172804,0.9999999856154318,0.9999999988103809,4.774847184307873e-09,4.212779458612204e-09,0.9999999962565198,5.232323019299656e-09,2.0059815142303705e-08,0.7839854485902243,0.27783203125,0.2197265625,0.9999999877036316,2.6263933250447735e-08,5.4104020819067955e-08,1.0091753210872412e-08,0.7770522155697108,0.9999999918509275,5.50062395632267e-09,0.9999999686442607,0.9999999766805558,0.9999999997035047,4.46016201749444e-09,2.240994945168495e-09,0.999999996558472,1.0229769031866454e-08,9.720679372549057e-09,0.5199878738251872,0.51904296875,0.4794921875,0.9999999857827788,7.514245226047933e-09,1.2505915947258472e-07,8.705683285370469e-09,0.7770522076098132,0.9999999947904143,4.169123712927103e-09,0.9999999457304511,0.9999999918945832,0.9999999991068762,3.4551703720353544e-09,6.060872692614794e-09,0.9999999961728463,2.7371243049856275e-09,2.5051122065633535e-08,0.2559902990601501,0.75927734375,0.740234375,0.9999999790161382,2.9309831006685272e-08,7.558264769613743e-08,4.551111487671733e-09,0.7770522377322777,0.9999999938881956,7.057678885757923e-10,0.9999999747033144,0.9999999807259883,0.9999999971532816,7.035851012915373e-09,4.743924364447594e-09,0.9999999943611328,1.0809571904246695e-08,1.495209289714694e-08,0.4559902990601497,0.57421875,0.5400390625,0.9999999952269718,1.5226760297082365e-08,6.394111551344395e-08,6.526533979922533e-09,0.7770522297723801,0.9999999934370862,8.250935934484005e-09,0.9999999563115125,0.9999999793290044,0.9999999983429007,5.528818292077631e-09,4.081812221556902e-09,0.9999999990541255,5.505057742993813e-09,1.146690919995308e-08,0.6559902990601498,0.388671875,0.33984375,0.9999999755964382,2.65977178059984e-08,9.74105205386877e-08,4.94765117764473e-09,0.7770522219361737,0.9999999966021278,0.0,0.9999999695210136,0.9999999847786967,0.9999999971951183,5.717083695344627e-09,7.239577826112509e-09,0.9999999929423211,1.0234316505375318e-08,2.0190782379359007e-08,0.39199272429511217,0.62939453125,0.599609375,0.9999999849533197,2.530896381358616e-08,6.734626367688179e-08,5.537003744393587e-09,0.7770522357750451,0.9999999932042556,3.812601789832115e-09,0.9999999706888048,0.9999999779320206,0.9999999978335836,6.72116584610194e-09,3.296008799225092e-09,0.999999995870894,8.97728114068741e-09,1.4086253941059113e-08
0.1839854485902246,0.83349609375,0.8203125,0.9999999919673428,1.878606781247072e-08,6.362097337841988e-08,6.133632268756628e-09,0.7770522333230474,0.9999999932042556,6.475602276623249e-09,0.9999999624651537,0.9999999786305125,0.9999999980464054,6.155460141599178e-09,3.819877747446299e-09,0.9999999982392183,6.440700417442713e-09,1.1968950275331736e-08,0.38398544859022415,0.6484375,0.6201171875,0.9999999941501301,1.8731498130364344e-08,5.596666596829891e-08,7.716153049841523e-09,0.7770522210776107,0.9999999934370862,8.512870408594608e-09,0.9999999612737156,0.9999999761203071,0.9999999984720489,5.2777977543883026e-09,4.343746695667505e-09,0.9999999983665475,6.727304935338907e-09,1.1088559404015541e-08,0.5839854485902245,0.462890625,0.419921875,0.9999999858700903,1.5109435480553657e-08,9.895302355289459e-08,7.716153049841523e-09,0.7770522188802715,0.9999999938881956,4.0745362639427185e-09,0.9999999570172804,0.9999999856154318,0.9999999988103809,4.774847184307873e-09,4.212779458612204e-09,0.9999999962565198,5.232323019299656e-09,2.0059815142303705e-08,0.7839854485902243,0.27783203125,0.2197265625,0.9999999877036316,2.6263933250447735e-08,5.4104020819067955e-08,1.0091753210872412e-08,0.7770522155697108,0.9999999918509275,5.50062395632267e-09,0.9999999686442607,0.9999999766805558,0.9999999997035047,4.46016201749444e-09,2.240994945168495e-09,0.999999996558472,1.0229769031866454e-08,9.720679372549057e-09,0.5199878738251872,0.51904296875,0.4794921875,0.9999999857827788,7.514245226047933e-09,1.2505915947258472e-07,8.705683285370469e-09,0.7770522076098132,0.9999999947904143,4.169123712927103e-09,0.9999999457304511,0.9999999918945832,0.9999999991068762,3.4551703720353544e-09,6.060872692614794e-09,0.9999999961728463,2.7371243049856275e-09,2.5051122065633535e-08,0.2559902990601501,0.75927734375,0.740234375,0.9999999790161382,2.9309831006685272e-08,7.558264769613743e-08,4.551111487671733e-09,0.7770522377322777,0.9999999938881956,7.057678885757923e-10,0.9999999747033144,0.9999999807259883,0.9999999971532816,7.035851012915373e-09,4.743924364447594e-09,0.9999999943611328,1.0809571904246695e-08,1.495209289714694e-08,0.4559902990601497,0.57421875,0.5400390625,0.9999999952269718,1.5226760297082365e-08,6.394111551344395e-08,6.526533979922533e-09,0.7770522297723801,0.9999999934370862,8.250935934484005e-09,0.9999999563115125,0.9999999793290044,0.9999999983429007,5.528818292077631e-09,4.081812221556902e-09,0.9999999990541255,5.505057742993813e-09,1.146690919995308e-08,0.6559902990601498,0.388671875,0.33984375,0.9999999755964382,2.65977178059984e-08,9.74105205386877e-08,4.94765117764473e-09,0.7770522219361737,0.9999999966021278,0.0,0.9999999695210136,0.9999999847786967,0.9999999971951183,5.717083695344627e-09,7.239577826112509e-09,0.9999999929423211,1.0234316505375318e-08,2.0190782379359007e-08,0.39199272429511217,0.62939453125,0.599609375,0.9999999849533197,2.530896381358616e-08,6.734626367688179e-08,5.537003744393587e-09,0.7770522357750451,0.9999999932042556,3.812601789832115e-09,0.9999999706888048,0.9999999779320206,0.9999999978335836,6.72116584610194e-09,3.296008799225092e-09,0.999999995870894,8.97728114068741e-09,1.4086253941059113e-08,0.5919927242951125,0.44482421875,0.3994140625,0.9999999785068212,1.6317244444508106e-08,1.2171221897006035e-07,7.123162504285574e-09,0.7770522199789411,0.9999999945648597,7.930793799459934e-10,0.9999999572119123,0.9999999906431185,0.9999999980882421,5.0258677219972014e-09,6.060872692614794e-09,0.9999999940628186,6.0547336033778265e-09,2.4796463549137115e-08
0.38398544859022415,0.6484375,0.6201171875,0.9999999941501301,1.8731498130364344e-08,5.596666596829891e-08,7.716153049841523e-09,0.7770522210776107,0.9999999934370862,8.512870408594608e-09,0.9999999612737156,0.9999999761203071,0.9999999984720489,5.2777977543883026e-09,4.343746695667505e-09,0.9999999983665475,6.727304935338907e-09,1.1088559404015541e-08,0.5839854485902245,0.462890625,0.419921875,0.9999999858700903,1.5109435480553657e-08,9.895302355289459e-08,7.716153049841523e-09,0.7770522188802715,0.9999999938881956,4.0745362639427185e-09,0.9999999570172804,0.9999999856154318,0.9999999988103809,4.774847184307873e-09,4.212779458612204e-09,0.9999999962565198,5.232323019299656e-09,2.0059815142303705e-08,0.7839854485902243,0.27783203125,0.2197265625,0.9999999877036316,2.6263933250447735e-08,5.4104020819067955e-08,1.0091753210872412e-08,0.7770522155697108,0.9999999918509275,5.50062395632267e-09,0.9999999686442607,0.9999999766805558,0.9999999997035047,4.46016201749444e-09,2.240994945168495e-09,0.999999996558472,1.0229769031866454e-08,9.720679372549057e-09,0.5199878738251872,0.51904296875,0.4794921875,0.9999999857827788,7.514245226047933e-09,1.2505915947258472e-07,8.705683285370469e-09,0.7770522076098132,0.9999999947904143,4.169123712927103e-09,0.9999999457304511,0.9999999918945832,0.9999999991068762,3.4551703720353544e-09,6.060872692614794e-09,0.9999999961728463,2.7371243049856275e-09,2.5051122065633535e-08,0.2559902990601501,0.75927734375,0.740234375,0.9999999790161382,2.9309831006685272e-08,7.558264769613743e-08,4.551111487671733e-09,0.7770522377322777,0.9999999938881956,7.057678885757923e-10,0.9999999747033144,0.9999999807259883,0.9999999971532816,7.035851012915373e-09,4.743924364447594e-09,0.9999999943611328,1.0809571904246695e-08,1.495209289714694e-08,0.4559902990601497,0.57421875,0.5400390625,0.9999999952269718,1.5226760297082365e-08,6.394111551344395e-08,6.526533979922533e-09,0.7770522297723801,0.9999999934370862,8.250935934484005e-09,0.9999999563115125,0.9999999793290044,0.9999999983429007,5.528818292077631e-09,4.081812221556902e-09,0.9999999990541255,5.505057742993813e-09,1.146690919995308e-08,0.6559902990601498,0.388671875,0.33984375,0.9999999755964382,2.65977178059984e-08,9.74105205386877e-08,4.94765117764473e-09,0.7770522219361737,0.9999999966021278,0.0,0.9999999695210136,0.9999999847786967,0.9999999971951183,5.717083695344627e-09,7.239577826112509e-09,0.9999999929423211,1.0234316505375318e-08,2.0190782379359007e-08,0.39199272429511217,0.62939453125,0.599609375,0.9999999849533197,2.530896381358616e-08,6.734626367688179e-08,5.537003744393587e-09,0.7770522357750451,0.9999999932042556,3.812601789832115e-09,0.9999999706888048,0.9999999779320206,0.9999999978335836,6.72116584610194e-09,3.296008799225092e-09,0.999999995870894,8.97728114068741e-09,1.4086253941059113e-08,0.5919927242951125,0.44482421875,0.3994140625,0.9999999785068212,1.6317244444508106e-08,1.2171221897006035e-07,7.123162504285574e-09,0.7770522199789411,0.9999999945648597,7.930793799459934e-10,0.9999999572119123,0.9999999906431185,0.9999999980882421,5.0258677219972014e-09,6.060872692614794e-09,0.9999999940628186,6.0547336033778265e-09,2.4796463549137115e-08,0.32799514953007475,0.70361328125,0.6796875,0.999999983861926,3.188642949680798e-08,4.886533133685589e-08,2.9685907065868378e-09,0.7770522554928903,0.9999999925275915,3.368768375366926e-09,0.9999999790325091,0.9999999740248313,0.9999999966839823,8.669303497299552e-09,2.6338966563344e-09,0.9999999956125976,1.1522388376761228e-08,1.0099029168486595e-08
0.5839854485902245,0.462890625,0.419921875,0.9999999858700903,1.5109435480553657e-08,9.895302355289459e-08,7.716153049841523e-09,0.7770522188802715,0.9999999938881956,4.0745362639427185e-09,0.9999999570172804,0.9999999856154318,0.9999999988103809,4.774847184307873e-09,4.212779458612204e-09,0.9999999962565198,5.232323019299656e-09,2.0059815142303705e-08,0.7839854485902243,0.27783203125,0.2197265625,0.9999999877036316,2.6263933250447735e-08,5.4104020819067955e-08,1.0091753210872412e-08,0.7770522155697108,0.9999999918509275,5.50062395632267e-09,0.9999999686442607,0.9999999766805558,0.9999999997035047,4.46016201749444e-09,2.240994945168495e-09,0.999999996558472,1.0229769031866454e-08,9.720679372549057e-09,0.5199878738251872,0.51904296875,0.4794921875,0.9999999857827788,7.514245226047933e-09,1.2505915947258472e-07,8.705683285370469e-09,0.7770522076098132,0.9999999947904143,4.169123712927103e-09,0.9999999457304511,0.9999999918945832,0.9999999991068762,3.4551703720353544e-09,6.060872692614794e-09,0.9999999961728463,2.7371243049856275e-09,2.5051122065633535e-08,0.2559902990601501,0.75927734375,0.740234375,0.9999999790161382,2.9309831006685272e-08,7.558264769613743e-08,4.551111487671733e-09,0.7770522377322777,0.9999999938881956,7.057678885757923e-10,0.9999999747033144,0.9999999807259883,0.9999999971532816,7.035851012915373e-09,4.743924364447594e-09,0.9999999943611328,1.0809571904246695e-08,1.495209289714694e-08,0.4559902990601497,0.57421875,0.5400390625,0.9999999952269718,1.5226760297082365e-08,6.394111551344395e-08,6.526533979922533e-09,0.7770522297723801,0.9999999934370862,8.250935934484005e-09,0.9999999563115125,0.9999999793290044,0.9999999983429007,5.528818292077631e-09,4.081812221556902e-09,0.9999999990541255,5.505057742993813e-09,1.146690919995308e-08,0.6559902990601498,0.388671875,0.33984375,0.9999999755964382,2.65977178059984e-08,9.74105205386877e-08,4.94765117764473e-09,0.7770522219361737,0.9999999966021278,0.0,0.9999999695210136,0.9999999847786967,0.9999999971951183,5.717083695344627e-09,7.239577826112509e-09,0.9999999929423211,1.0234316505375318e-08,2.0190782379359007e-08,0.39199272429511217,0.62939453125,0.599609375,0.9999999849533197,2.530896381358616e-08,6.734626367688179e-08,5.537003744393587e-09,0.7770522357750451,0.9999999932042556,3.812601789832115e-09,0.9999999706888048,0.9999999779320206,0.9999999978335836,6.72116584610194e-09,3.296008799225092e-09,0.999999995870894,8.97728114068741e-09,1.4086253941059113e-08,0.5919927242951125,0.44482421875,0.3994140625,0.9999999785068212,1.6317244444508106e-08,1.2171221897006035e-07,7.123162504285574e-09,0.7770522199789411,0.9999999945648597,7.930793799459934e-10,0.9999999572119123,0.9999999906431185,0.9999999980882421,5.0258677219972014e-09,6.060872692614794e-09,0.9999999940628186,6.0547336033778265e-09,2.4796463549137115e-08,0.32799514953007475,0.70361328125,0.6796875,0.999999983861926,3.188642949680798e-08,4.886533133685589e-08,2.9685907065868378e-09,0.7770522554928903,0.9999999925275915,3.368768375366926e-09,0.9999999790325091,0.9999999740248313,0.9999999966839823,8.669303497299552e-09,2.6338966563344e-09,0.9999999956125976,1.1522388376761228e-08,1.0099029168486595e-08,0.5279951495300753,0.51904296875,0.4794921875,0.9999999806896085,7.054495654301718e-09,1.4534452930092812e-07,9.695213520899415e-09,0.777052174176788,1.0,2.6193447411060333e-10,0.999999942496288,1.0,0.999999999490683,4.3928594095632434e-10,1.1183146852999926e-08,0.9999999954816303,3.2762272894615307e-09,2.604065230116248e-08
0.7839854485902243,0.27783203125,0.2197265625,0.9999999877036316,2.6263933250447735e-08,5.4104020819067955e-08,1.0091753210872412e-08,0.7770522155697108,0.9999999918509275,5.50062395632267e-09,0.9999999686442607,0.9999999766805558,0.9999999997035047,4.46016201749444e-09,2.240994945168495e-09,0.999999996558472,1.0229769031866454e-08,9.720679372549057e-09,0.5199878738251872,0.51904296875,0.4794921875,0.9999999857827788,7.514245226047933e-09,1.2505915947258472e-07,8.705683285370469e-09,0.7770522076098132,0.9999999947904143,4.169123712927103e-09,0.9999999457304511,0.9999999918945832,0.9999999991068762,3.4551703720353544e-09,6.060872692614794e-09,0.9999999961728463,2.7371243049856275e-09,2.5051122065633535e-08,0.2559902990601501,0.75927734375,0.740234375,0.9999999790161382,2.9309831006685272e-08,7.558264769613743e-08,4.551111487671733e-09,0.7770522377322777,0.9999999938881956,7.057678885757923e-10,0.9999999747033144,0.9999999807259883,0.9999999971532816,7.035851012915373e-09,4.743924364447594e-09,0.9999999943611328,1.0809571904246695e-08,1.495209289714694e-08,0.4559902990601497,0.57421875,0.5400390625,0.9999999952269718,1.5226760297082365e-08,6.394111551344395e-08,6.526533979922533e-09,0.7770522297723801,0.9999999934370862,8.250935934484005e-09,0.9999999563115125,0.9999999793290044,0.9999999983429007,5.528818292077631e-09,4.081812221556902e-09,0.9999999990541255,5.505057742993813e-09,1.146690919995308e-08,0.6559902990601498,0.388671875,0.33984375,0.9999999755964382,2.65977178059984e-08,9.74105205386877e-08,4.94765117764473e-09,0.7770522219361737,0.9999999966021278,0.0,0.9999999695210136,0.9999999847786967,0.9999999971951183,5.717083695344627e-09,7.239577826112509e-09,0.9999999929423211,1.0234316505375318e-08,2.0190782379359007e-08,0.39199272429511217,0.62939453125,0.599609375,0.9999999849533197,2.530896381358616e-08,6.734626367688179e-08,5.537003744393587e-09,0.7770522357750451,0.9999999932042556,3.812601789832115e-09,0.9999999706888048,0.9999999779320206,0.9999999978335836,6.72116584610194e-09,3.296008799225092e-09,0.999999995870894,8.97728114068741e-09,1.4086253941059113e-08,0.5919927242951125,0.44482421875,0.3994140625,0.9999999785068212,1.6317244444508106e-08,1.2171221897006035e-07,7.123162504285574e-09,0.7770522199789411,0.9999999945648597,7.930793799459934e-10,0.9999999572119123,0.9999999906431185,0.9999999980882421,5.0258677219972014e-09,6.060872692614794e-09,0.9999999940628186,6.0547336033778265e-09,2.4796463549137115e-08,0.32799514953007475,0.70361328125,0.6796875,0.999999983861926,3.188642949680798e-08,4.886533133685589e-08,2.9685907065868378e-09,0.7770522554928903,0.9999999925275915,3.368768375366926e-09,0.9999999790325091,0.9999999740248313,0.9999999966839823,8.669303497299552e-09,2.6338966563344e-09,0.9999999956125976,1.1522388376761228e-08,1.0099029168486595e-08,0.5279951495300753,0.51904296875,0.4794921875,0.9999999806896085,7.054495654301718e-09,1.4534452930092812e-07,9.695213520899415e-09,0.777052174176788,1.0,2.6193447411060333e-10,0.999999942496288,1.0,0.999999999490683,4.3928594095632434e-10,1.1183146852999926e-08,0.9999999954816303,3.2762272894615307e-09,2.604065230116248e-08,0.26399757476503816,0.75927734375,0.740234375,1.0,1.540729499538429e-08,4.612957127392292e-08,7.516064215451479e-09,0.777052217774326,0.999999994339305,1.1263182386755943e-08,0.9999999571627995,0.9999999741703505,0.9999999986393959,4.900357453152537e-09,4.612957127392292e-09,1.0,5.408423930930439e-09,8.847564458847046e-09
0.5199878738251872,0.51904296875,0.4794921875,0.9999999857827788,7.514245226047933e-09,1.2505915947258472e-07,8.705683285370469e-09,0.7770522076098132,0.9999999947904143,4.169123712927103e-09,0.9999999457304511,0.9999999918945832,0.9999999991068762,3.4551703720353544e-09,6.060872692614794e-09,0.9999999961728463,2.7371243049856275e-09,2.5051122065633535e-08,0.2559902990601501,0.75927734375,0.740234375,0.9999999790161382,2.9309831006685272e-08,7.558264769613743e-08,4.551111487671733e-09,0.7770522377322777,0.9999999938881956,7.057678885757923e-10,0.9999999747033144,0.9999999807259883,0.9999999971532816,7.035851012915373e-09,4.743924364447594e-09,0.9999999943611328,1.0809571904246695e-08,1.495209289714694e-08,0.4559902990601497,0.57421875,0.5400390625,0.9999999952269718,1.5226760297082365e-08,6.394111551344395e-08,6.526533979922533e-09,0.7770522297723801,0.9999999934370862,8.250935934484005e-09,0.9999999563115125,0.9999999793290044,0.9999999983429007,5.528818292077631e-09,4.081812221556902e-09,0.9999999990541255,5.505057742993813e-09,1.146690919995308e-08,0.6559902990601498,0.388671875,0.33984375,0.9999999755964382,2.65977178059984e-08,9.74105205386877e-08,4.94765117764473e-09,0.7770522219361737,0.9999999966021278,0.0,0.9999999695210136,0.9999999847786967,0.9999999971951183,5.717083695344627e-09,7.239577826112509e-09,0.9999999929423211,1.0234316505375318e-08,2.0190782379359007e-08,0.39199272429511217,0.62939453125,0.599609375,0.9999999849533197,2.530896381358616e-08,6.734626367688179e-08,5.537003744393587e-09,0.7770522357750451,0.9999999932042556,3.812601789832115e-09,0.9999999706888048,0.9999999779320206,0.9999999978335836,6.72116584610194e-09,3.296008799225092e-09,0.999999995870894,8.97728114068741e-09,1.4086253941059113e-08,0.5919927242951125,0.44482421875,0.3994140625,0.9999999785068212,1.6317244444508106e-08,1.2171221897006035e-07,7.123162504285574e-09,0.7770522199789411,0.9999999945648597,7.930793799459934e-10,0.9999999572119123,0.9999999906431185,0.9999999980882421,5.0258677219972014e-09,6.060872692614794e-09,0.9999999940628186,6.0547336033778265e-09,2.4796463549137115e-08,0.32799514953007475,0.70361328125,0.6796875,0.999999983861926,3.188642949680798e-08,4.886533133685589e-08,2.9685907065868378e-09,0.7770522554928903,0.9999999925275915,3.368768375366926e-09,0.9999999790325091,0.9999999740248313,0.9999999966839823,8.669303497299552e-09,2.6338966563344e-09,0.9999999956125976,1.1522388376761228e-08,1.0099029168486595e-08,0.5279951495300753,0.51904296875,0.4794921875,0.9999999806896085,7.054495654301718e-09,1.4534452930092812e-07,9.695213520899415e-09,0.777052174176788,1.0,2.6193447411060333e-10,0.999999942496288,1.0,0.999999999490683,4.3928594095632434e-10,1.1183146852999926e-08,0.9999999954816303,3.2762272894615307e-09,2.604065230116248e-08,0.26399757476503816,0.75927734375,0.740234375,1.0,1.540729499538429e-08,4.612957127392292e-08,7.516064215451479e-09,0.777052217774326,0.999999994339305,1.1263182386755943e-08,0.9999999571627995,0.9999999741703505,0.9999999986393959,4.900357453152537e-09,4.612957127392292e-09,1.0,5.408423930930439e-09,8.847564458847046e-09,0.0,1.0,1.0,0.9999999820283847,4.8275524022756144e-08,0.0,1.7826096154749393e-09,0.7770522766732029,0.99999999004649,2.6557245291769505e-09,1.0,0.9999999631327228,0.9999999959618435,1.0993062460329384e-08,0.0,0.9999999949650373,1.7817001207731664e-08,0.0
0.2559902990601501,0.75927734375,0.740234375,0.9999999790161382,2.9309831006685272e-08,7.558264769613743e-08,4.551111487671733e-09,0.7770522377322777,0.9999999938881956,7.057678885757923e-10,0.9999999747033144,0.9999999807259883,0.9999999971532816,7.035851012915373e-09,4.743924364447594e-09,0.9999999943611328,1.0809571904246695e-08,1.495209289714694e-08,0.4559902990601497,0.57421875,0.5400390625,0.9999999952269718,1.5226760297082365e-08,6.394111551344395e-08,6.526533979922533e-09,0.7770522297723801,0.9999999934370862,8.250935934484005e-09,0.9999999563115125,0.9999999793290044,0.9999999983429007,5.528818292077631e-09,4.081812221556902e-09,0.9999999990541255,5.505057742993813e-09,1.146690919995308e-08,0.6559902990601498,0.388671875,0.33984375,0.9999999755964382,2.65977178059984e-08,9.74105205386877e-08,4.94765117764473e-09,0.7770522219361737,0.9999999966021278,0.0,0.9999999695210136,0.9999999847786967,0.9999999971951183,5.717083695344627e-09,7.239577826112509e-09,0.9999999929423211,1.0234316505375318e-08,2.0190782379359007e-08,0.39199272429511217,0.62939453125,0.599609375,0.9999999849533197,2.530896381358616e-08,6.734626367688179e-08,5.537003744393587e-09,0.7770522357750451,0.9999999932042556,3.812601789832115e-09,0.9999999706888048,0.9999999779320206,0.9999999978335836,6.72116584610194e-09,3.296008799225092e-09,0.999999995870894,8.97728114068741e-09,1.4086253941059113e-08,0.5919927242951125,0.44482421875,0.3994140625,0.9999999785068212,1.6317244444508106e-08,1.2171221897006035e-07,7.123162504285574e-09,0.7770522199789411,0.9999999945648597,7.930793799459934e-10,0.9999999572119123,0.9999999906431185,0.9999999980882421,5.0258677219972014e-09,6.060872692614794e-09,0.9999999940628186,6.0547336033778265e-09,2.4796463549137115e-08,0.32799514953007475,0.70361328125,0.6796875,0.999999983861926,3.188642949680798e-08,4.886533133685589e-08,2.9685907065868378e-09,0.7770522554928903,0.9999999925275915,3.368768375366926e-09,0.9999999790325091,0.9999999740248313,0.9999999966839823,8.669303497299552e-09,2.6338966563344e-09,0.9999999956125976,1.1522388376761228e-08,1.0099029168486595e-08,0.5279951495300753,0.51904296875,0.4794921875,0.9999999806896085,7.054495654301718e-09,1.4534452930092812e-07,9.695213520899415e-09,0.777052174176788,1.0,2.6193447411060333e-10,0.999999942496288,1.0,0.999999999490683,4.3928594095632434e-10,1.1183146852999926e-08,0.9999999954816303,3.2762272894615307e-09,2.604065230116248e-08,0.26399757476503816,0.75927734375,0.740234375,1.0,1.540729499538429e-08,4.612957127392292e-08,7.516064215451479e-09,0.777052217774326,0.999999994339305,1.1263182386755943e-08,0.9999999571627995,0.9999999741703505,0.9999999986393959,4.900357453152537e-09,4.612957127392292e-09,1.0,5.408423930930439e-09,8.847564458847046e-09,0.0,1.0,1.0,0.9999999820283847,4.8275524022756144e-08,0.0,1.7826096154749393e-09,0.7770522766732029,0.99999999004649,2.6557245291769505e-09,1.0,0.9999999631327228,0.9999999959618435,1.0993062460329384e-08,0.0,0.9999999949650373,1.7817001207731664e-08,0.0,0.6639975747650377,0.388671875,0.33984375,0.9999999942228897,1.5434125089086592e-08,6.699701771140099e-08,6.726622814312577e-09,0.7770522044302197,0.9999999977371772,8.512870408594608e-09,0.9999999536121322,0.9999999805877451,0.9999999983010639,3.4551703720353544e-09,8.549250196665525e-09,0.9999999984065653,6.384084372257348e-09,1.1590600479394197e-08
0.4559902990601497,0.57421875,0.5400390625,0.9999999952269718,1.5226760297082365e-08,6.394111551344395e-08,6.526533979922533e-09,0.7770522297723801,0.9999999934370862,8.250935934484005e-09,0.9999999563115125,0.9999999793290044,0.9999999983429007,5.528818292077631e-09,4.081812221556902e-09,0.9999999990541255,5.505057742993813e-09,1.146690919995308e-08,0.6559902990601498,0.388671875,0.33984375,0.9999999755964382,2.65977178059984e-08,9.74105205386877e-08,4.94765117764473e-09,0.7770522219361737,0.9999999966021278,0.0,0.9999999695210136,0.9999999847786967,0.9999999971951183,5.717083695344627e-09,7.239577826112509e-09,0.9999999929423211,1.0234316505375318e-08,2.0190782379359007e-08,0.39199272429511217,0.62939453125,0.599609375,0.9999999849533197,2.530896381358616e-08,6.734626367688179e-08,5.537003744393587e-09,0.7770522357750451,0.9999999932042556,3.812601789832115e-09,0.9999999706888048,0.9999999779320206,0.9999999978335836,6.72116584610194e-09,3.296008799225092e-09,0.999999995870894,8.97728114068741e-09,1.4086253941059113e-08,0.5919927242951125,0.44482421875,0.3994140625,0.9999999785068212,1.6317244444508106e-08,1.2171221897006035e-07,7.123162504285574e-09,0.7770522199789411,0.9999999945648597,7.930793799459934e-10,0.9999999572119123,0.9999999906431185,0.9999999980882421,5.0258677219972014e-09,6.060872692614794e-09,0.9999999940628186,6.0547336033778265e-09,2.4796463549137115e-08,0.32799514953007475,0.70361328125,0.6796875,0.999999983861926,3.188642949680798e-08,4.886533133685589e-08,2.9685907065868378e-09,0.7770522554928903,0.9999999925275915,3.368768375366926e-09,0.9999999790325091,0.9999999740248313,0.9999999966839823,8.669303497299552e-09,2.6338966563344e-09,0.9999999956125976,1.1522388376761228e-08,1.0099029168486595e-08,0.5279951495300753,0.51904296875,0.4794921875,0.9999999806896085,7.054495654301718e-09,1.4534452930092812e-07,9.695213520899415e-09,0.777052174176788,1.0,2.6193447411060333e-10,0.999999942496288,1.0,0.999999999490683,4.3928594095632434e-10,1.1183146852999926e-08,0.9999999954816303,3.2762272894615307e-09,2.604065230116248e-08,0.26399757476503816,0.75927734375,0.740234375,1.0,1.540729499538429e-08,4.612957127392292e-08,7.516064215451479e-09,0.777052217774326,0.999999994339305,1.1263182386755943e-08,0.9999999571627995,0.9999999741703505,0.9999999986393959,4.900357453152537e-09,4.612957127392292e-09,1.0,5.408423930930439e-09,8.847564458847046e-09,0.0,1.0,1.0,0.9999999820283847,4.8275524022756144e-08,0.0,1.7826096154749393e-09,0.7770522766732029,0.99999999004649,2.6557245291769505e-09,1.0,0.9999999631327228,0.9999999959618435,1.0993062460329384e-08,0.0,0.9999999949650373,1.7817001207731664e-08,0.0,0.6639975747650377,0.388671875,0.33984375,0.9999999942228897,1.5434125089086592e-08,6.699701771140099e-08,6.726622814312577e-09,0.7770522044302197,0.9999999977371772,8.512870408594608e-09,0.9999999536121322,0.9999999805877451,0.9999999983010639,3.4551703720353544e-09,8.549250196665525e-09,0.9999999984065653,6.384084372257348e-09,1.1590600479394197e-08,0.4000000000000003,0.62939453125,0.599609375,0.9999999823485268,2.9705915949307382e-08,6.178743205964565e-08,6.133632268756628e-09,0.7770522289138171,0.9999999941137503,2.0372681319713593e-09,0.9999999768679118,0.9999999773790478,0.9999999980882421,6.21821527602151e-09,3.5579432733356953e-09,0.9999999954379746,1.0513872439332772e-08,1.2456439435482025e-08
0.6559902990601498,0.388671875,0.33984375,0.9999999755964382,2.65977178059984e-08,9.74105205386877e-08,4.94765117764473e-09,0.7770522219361737,0.9999999966021278,0.0,0.9999999695210136,0.9999999847786967,0.9999999971951183,5.717083695344627e-09,7.239577826112509e-09,0.9999999929423211,1.0234316505375318e-08,2.0190782379359007e-08,0.39199272429511217,0.62939453125,0.599609375,0.9999999849533197,2.530896381358616e-08,6.734626367688179e-08,5.537003744393587e-09,0.7770522357750451,0.9999999932042556,3.812601789832115e-09,0.9999999706888048,0.9999999779320206,0.9999999978335836,6.72116584610194e-09,3.296008799225092e-09,0.999999995870894,8.97728114068741e-09,1.4086253941059113e-08,0.5919927242951125,0.44482421875,0.3994140625,0.9999999785068212,1.6317244444508106e-08,1.2171221897006035e-07,7.123162504285574e-09,0.7770522199789411,0.9999999945648597,7.930793799459934e-10,0.9999999572119123,0.9999999906431185,0.9999999980882421,5.0258677219972014e-09,6.060872692614794e-09,0.9999999940628186,6.0547336033778265e-09,2.4796463549137115e-08,0.32799514953007475,0.70361328125,0.6796875,0.999999983861926,3.188642949680798e-08,4.886533133685589e-08,2.9685907065868378e-09,0.7770522554928903,0.9999999925275915,3.368768375366926e-09,0.9999999790325091,0.9999999740248313,0.9999999966839823,8.669303497299552e-09,2.6338966563344e-09,0.9999999956125976,1.1522388376761228e-08,1.0099029168486595e-08,0.5279951495300753,0.51904296875,0.4794921875,0.9999999806896085,7.054495654301718e-09,1.4534452930092812e-07,9.695213520899415e-09,0.777052174176788,1.0,2.6193447411060333e-10,0.999999942496288,1.0,0.999999999490683,4.3928594095632434e-10,1.1183146852999926e-08,0.9999999954816303,3.2762272894615307e-09,2.604065230116248e-08,0.26399757476503816,0.75927734375,0.740234375,1.0,1.540729499538429e-08,4.612957127392292e-08,7.516064215451479e-09,0.777052217774326,0.999999994339305,1.1263182386755943e-08,0.9999999571627995,0.9999999741703505,0.9999999986393959,4.900357453152537e-09,4.612957127392292e-09,1.0,5.408423930930439e-09,8.847564458847046e-09,0.0,1.0,1.0,0.9999999820283847,4.8275524022756144e-08,0.0,1.7826096154749393e-09,0.7770522766732029,0.99999999004649,2.6557245291769505e-09,1.0,0.9999999631327228,0.9999999959618435,1.0993062460329384e-08,0.0,0.9999999949650373,1.7817001207731664e-08,0.0,0.6639975747650377,0.388671875,0.33984375,0.9999999942228897,1.5434125089086592e-08,6.699701771140099e-08,6.726622814312577e-09,0.7770522044302197,0.9999999977371772,8.512870408594608e-09,0.9999999536121322,0.9999999805877451,0.9999999983010639,3.4551703720353544e-09,8.549250196665525e-09,0.9999999984065653,6.384084372257348e-09,1.1590600479394197e-08,0.4000000000000003,0.62939453125,0.599609375,0.9999999823485268,2.9705915949307382e-08,6.178743205964565e-08,6.133632268756628e-09,0.7770522289138171,0.9999999941137503,2.0372681319713593e-09,0.9999999768679118,0.9999999773790478,0.9999999980882421,6.21821527602151e-09,3.5579432733356953e-09,0.9999999954379746,1.0513872439332772e-08,1.2456439435482025e-08,0.6000000000000005,0.44482421875,0.3994140625,0.9999999904684955,5.865331331733614e-09,1.1341762728989124e-07,8.509232429787517e-09,0.7770522069986328,0.9999999952415237,6.119080353528261e-09,0.9999999471892806,0.999999987987394,0.9999999990650394,3.768946044147015e-09,5.660695023834705e-09,0.9999999976753315,1.1393694876460359e-09,2.3799657355993986e-08
0.39199272429511217,0.62939453125,0.599609375,0.9999999849533197,2.530896381358616e-08,6.734626367688179e-08,5.537003744393587e-09,0.7770522357750451,0.9999999932042556,3.812601789832115e-09,0.9999999706888048,0.9999999779320206,0.9999999978335836,6.72116584610194e-09,3.296008799225092e-09,0.999999995870894,8.97728114068741e-09,1.4086253941059113e-08,0.5919927242951125,0.44482421875,0.3994140625,0.9999999785068212,1.6317244444508106e-08,1.2171221897006035e-07,7.123162504285574e-09,0.7770522199789411,0.9999999945648597,7.930793799459934e-10,0.9999999572119123,0.9999999906431185,0.9999999980882421,5.0258677219972014e-09,6.060872692614794e-09,0.9999999940628186,6.0547336033778265e-09,2.4796463549137115e-08,0.32799514953007475,0.70361328125,0.6796875,0.999999983861926,3.188642949680798e-08,4.886533133685589e-08,2.9685907065868378e-09,0.7770522554928903,0.9999999925275915,3.368768375366926e-09,0.9999999790325091,0.9999999740248313,0.9999999966839823,8.669303497299552e-09,2.6338966563344e-09,0.9999999956125976,1.1522388376761228e-08,1.0099029168486595e-08,0.5279951495300753,0.51904296875,0.4794921875,0.9999999806896085,7.054495654301718e-09,1.4534452930092812e-07,9.695213520899415e-09,0.777052174176788,1.0,2.6193447411060333e-10,0.999999942496288,1.0,0.999999999490683,4.3928594095632434e-10,1.1183146852999926e-08,0.9999999954816303,3.2762272894615307e-09,2.604065230116248e-08,0.26399757476503816,0.75927734375,0.740234375,1.0,1.540729499538429e-08,4.612957127392292e-08,7.516064215451479e-09,0.777052217774326,0.999999994339305,1.1263182386755943e-08,0.9999999571627995,0.9999999741703505,0.9999999986393959,4.900357453152537e-09,4.612957127392292e-09,1.0,5.408423930930439e-09,8.847564458847046e-09,0.0,1.0,1.0,0.9999999820283847,4.8275524022756144e-08,0.0,1.7826096154749393e-09,0.7770522766732029,0.99999999004649,2.6557245291769505e-09,1.0,0.9999999631327228,0.9999999959618435,1.0993062460329384e-08,0.0,0.9999999949650373,1.7817001207731664e-08,0.0,0.6639975747650377,0.388671875,0.33984375,0.9999999942228897,1.5434125089086592e-08,6.699701771140099e-08,6.726622814312577e-09,0.7770522044302197,0.9999999977371772,8.512870408594608e-09,0.9999999536121322,0.9999999805877451,0.9999999983010639,3.4551703720353544e-09,8.549250196665525e-09,0.9999999984065653,6.384084372257348e-09,1.1590600479394197e-08,0.4000000000000003,0.62939453125,0.599609375,0.9999999823485268,2.9705915949307382e-08,6.178743205964565e-08,6.133632268756628e-09,0.7770522289138171,0.9999999941137503,2.0372681319713593e-09,0.9999999768679118,0.9999999773790478,0.9999999980882421,6.21821527602151e-09,3.5579432733356953e-09,0.9999999954379746,1.0513872439332772e-08,1.2456439435482025e-08,0.6000000000000005,0.44482421875,0.3994140625,0.9999999904684955,5.865331331733614e-09,1.1341762728989124e-07,8.509232429787517e-09,0.7770522069986328,0.9999999952415237,6.119080353528261e-09,0.9999999471892806,0.999999987987394,0.9999999990650394,3.768946044147015e-09,5.660695023834705e-09,0.9999999976753315,1.1393694876460359e-09,2.3799657355993986e-08,0.33600242523496276,0.685546875,0.66015625,0.9999999901338015,1.893886292236857e-08,7.008202373981476e-08,6.726622814312577e-09,0.777052218625613,0.999999995015969,5.326000973582268e-09,0.9999999625397322,0.9999999803039827,0.9999999983429007,4.963112587574869e-09,5.2677933126688e-09,0.9999999978499545,6.526192919409368e-09,1.2958480510860682e-08
0.5919927242951125,0.44482421875,0.3994140625,0.9999999785068212,1.6317244444508106e-08,1.2171221897006035e-07,7.123162504285574e-09,0.7770522199789411,0.9999999945648597,7.930793799459934e-10,0.9999999572119123,0.9999999906431185,0.9999999980882421,5.0258677219972014e-09,6.060872692614794e-09,0.9999999940628186,6.0547336033778265e-09,2.4796463549137115e-08,0.32799514953007475,0.70361328125,0.6796875,0.999999983861926,3.188642949680798e-08,4.886533133685589e-08,2.9685907065868378e-09,0.7770522554928903,0.9999999925275915,3.368768375366926e-09,0.9999999790325091,0.9999999740248313,0.9999999966839823,8.669303497299552e-09,2.6338966563344e-09,0.9999999956125976,1.1522388376761228e-08,1.0099029168486595e-08,0.5279951495300753,0.51904296875,0.4794921875,0.9999999806896085,7.054495654301718e-09,1.4534452930092812e-07,9.695213520899415e-09,0.777052174176788,1.0,2.6193447411060333e-10,0.999999942496288,1.0,0.999999999490683,4.3928594095632434e-10,1.1183146852999926e-08,0.9999999954816303,3.2762272894615307e-09,2.604065230116248e-08,0.26399757476503816,0.75927734375,0.740234375,1.0,1.540729499538429e-08,4.612957127392292e-08,7.516064215451479e-09,0.777052217774326,0.999999994339305,1.1263182386755943e-08,0.9999999571627995,0.9999999741703505,0.9999999986393959,4.900357453152537e-09,4.612957127392292e-09,1.0,5.408423930930439e-09,8.847564458847046e-09,0.0,1.0,1.0,0.9999999820283847,4.8275524022756144e-08,0.0,1.7826096154749393e-09,0.7770522766732029,0.99999999004649,2.6557245291769505e-09,1.0,0.9999999631327228,0.9999999959618435,1.0993062460329384e-08,0.0,0.9999999949650373,1.7817001207731664e-08,0.0,0.6639975747650377,0.388671875,0.33984375,0.9999999942228897,1.5434125089086592e-08,6.699701771140099e-08,6.726622814312577e-09,0.7770522044302197,0.9999999977371772,8.512870408594608e-09,0.9999999536121322,0.9999999805877451,0.9999999983010639,3.4551703720353544e-09,8.549250196665525e-09,0.9999999984065653,6.384084372257348e-09,1.1590600479394197e-08,0.4000000000000003,0.62939453125,0.599609375,0.9999999823485268,2.9705915949307382e-08,6.178743205964565e-08,6.133632268756628e-09,0.7770522289138171,0.9999999941137503,2.0372681319713593e-09,0.9999999768679118,0.9999999773790478,0.9999999980882421,6.21821527602151e-09,3.5579432733356953e-09,0.9999999954379746,1.0513872439332772e-08,1.2456439435482025e-08,0.6000000000000005,0.44482421875,0.3994140625,0.9999999904684955,5.865331331733614e-09,1.1341762728989124e-07,8.509232429787517e-09,0.7770522069986328,0.9999999952415237,6.119080353528261e-09,0.9999999471892806,0.999999987987394,0.9999999990650394,3.768946044147015e-09,5.660695023834705e-09,0.9999999976753315,1.1393694876460359e-09,2.3799657355993986e-08,0.33600242523496276,0.685546875,0.66015625,0.9999999901338015,1.893886292236857e-08,7.008202373981476e-08,6.726622814312577e-09,0.777052218625613,0.999999995015969,5.326000973582268e-09,0.9999999625397322,0.9999999803039827,0.9999999983429007,4.963112587574869e-09,5.2677933126688e-09,0.9999999978499545,6.526192919409368e-09,1.2958480510860682e-08,1.0,0.07421875,0.0,0.9999999841966201,1.2091277312720194e-08,1.152802724391222e-07,1.0684743756428361e-08,0.7770521880156593,0.9999999963765731,3.725290298461914e-09,0.9999999491610652,0.9999999906431185,0.9999999997453415,1.8853825167752802e-09,7.3705450631678104e-09,0.9999999955689418,5.150013748789206e-09,2.2308086045086384e-08
0.32799514953007475,0.70361328125,0.6796875,0.999999983861926,3.188642949680798e-08,4.886533133685589e-08,2.9685907065868378e-09,0.7770522554928903,0.9999999925275915,3.368768375366926e-09,0.9999999790325091,0.9999999740248313,0.9999999966839823,8.669303497299552e-09,2.6338966563344e-09,0.9999999956125976,1.1522388376761228e-08,1.0099029168486595e-08,0.5279951495300753,0.51904296875,0.4794921875,0.9999999806896085,7.054495654301718e-09,1.4534452930092812e-07,9.695213520899415e-09,0.777052174176788,1.0,2.6193447411060333e-10,0.999999942496288,1.0,0.999999999490683,4.3928594095632434e-10,1.1183146852999926e-08,0.9999999954816303,3.2762272894615307e-09,2.604065230116248e-08,0.26399757476503816,0.75927734375,0.740234375,1.0,1.540729499538429e-08,4.612957127392292e-08,7.516064215451479e-09,0.777052217774326,0.999999994339305,1.1263182386755943e-08,0.9999999571627995,0.9999999741703505,0.9999999986393959,4.900357453152537e-09,4.612957127392292e-09,1.0,5.408423930930439e-09,8.847564458847046e-09,0.0,1.0,1.0,0.9999999820283847,4.8275524022756144e-08,0.0,1.7826096154749393e-09,0.7770522766732029,0.99999999004649,2.6557245291769505e-09,1.0,0.9999999631327228,0.9999999959618435,1.0993062460329384e-08,0.0,0.9999999949650373,1.7817001207731664e-08,0.0,0.6639975747650377,0.388671875,0.33984375,0.9999999942228897,1.5434125089086592e-08,6.699701771140099e-08,6.726622814312577e-09,0.7770522044302197,0.9999999977371772,8.512870408594608e-09,0.9999999536121322,0.9999999805877451,0.9999999983010639,3.4551703720353544e-09,8.549250196665525e-09,0.9999999984065653,6.384084372257348e-09,1.1590600479394197e-08,0.4000000000000003,0.62939453125,0.599609375,0.9999999823485268,2.9705915949307382e-08,6.178743205964565e-08,6.133632268756628e-09,0.7770522289138171,0.9999999941137503,2.0372681319713593e-09,0.9999999768679118,0.9999999773790478,0.9999999980882421,6.21821527602151e-09,3.5579432733356953e-09,0.9999999954379746,1.0513872439332772e-08,1.2456439435482025e-08,0.6000000000000005,0.44482421875,0.3994140625,0.9999999904684955,5.865331331733614e-09,1.1341762728989124e-07,8.509232429787517e-09,0.7770522069986328,0.9999999952415237,6.119080353528261e-09,0.9999999471892806,0.999999987987394,0.9999999990650394,3.768946044147015e-09,5.660695023834705e-09,0.9999999976753315,1.1393694876460359e-09,2.3799657355993986e-08,0.33600242523496276,0.685546875,0.66015625,0.9999999901338015,1.893886292236857e-08,7.008202373981476e-08,6.726622814312577e-09,0.777052218625613,0.999999995015969,5.326000973582268e-09,0.9999999625397322,0.9999999803039827,0.9999999983429007,4.963112587574869e-09,5.2677933126688e-09,0.9999999978499545,6.526192919409368e-09,1.2958480510860682e-08,1.0,0.07421875,0.0,0.9999999841966201,1.2091277312720194e-08,1.152802724391222e-07,1.0684743756428361e-08,0.7770521880156593,0.9999999963765731,3.725290298461914e-09,0.9999999491610652,0.9999999906431185,0.9999999997453415,1.8853825167752802e-09,7.3705450631678104e-09,0.9999999955689418,5.150013748789206e-09,2.2308086045086384e-08,0.7360024252349632,0.31494140625,0.259765625,0.9999999856954673,2.7426267479313537e-08,5.7159923017024994e-08,7.123162504285574e-09,0.7770522449645796,0.9999999898136593,3.725290298461914e-09,0.9999999716128514,0.9999999776555342,0.9999999982155714,7.224116416182369e-09,9.240466170012951e-10,0.9999999963438313,1.0271151040797122e-08,1.0222720447927713e-08
