time,frequency,packet_delay,packet_loss,attack_label,Bus1_V,Bus1_I,Bus1_P,Bus2_V,Bus2_I,Bus2_P,Bus3_V,Bus3_I,Bus3_P,Bus4_V,Bus4_I,Bus4_P,Bus5_V,Bus5_I,Bus5_P,Bus6_V,Bus6_I,Bus6_P
0,49.9988102540361,35.72093297569545,0.8356012064435638,0.0,0.966100788611439,8.931675089657407,49.795363400609745,1.0364065735132932,12.553978267157166,50.77450534929171,0.9830173215360928,11.909938559784736,54.66297598040301,1.0158870884395355,9.475152535844794,46.29118227650761,0.9798922711542214,9.044076201117385,52.23515372922635,0.9988821917176507,6.119454548619287,50.328156968302665
1,49.98885848054723,25.968937926275217,1.1490774888262254,0.0,0.9964208650219358,10.069013602133984,49.061339916950224,1.0052919115088976,11.853695569610084,50.9774772502567,1.0460333967753137,12.585735842464278,49.51135466470482,1.0254859547407196,6.924946101995008,51.015644104556706,1.0037404830438077,9.75232356286072,47.72923734956825,1.0020015502826891,7.423132547983574,47.713179604894265
2,50.007664245546465,35.76809737417801,0.8901854015415904,0.0,1.039450213760203,9.683682407749574,49.96779551595052,0.9577759815256802,8.992036030308174,46.97350561509546,0.9993643371776122,10.870244862407025,49.9180234122603,1.0029027348005153,8.125811257949154,45.41981530701354,0.9704490675993597,9.20567664667544,54.285431299888984,1.0075982217206534,12.498641908417424,47.093865846496385
3,50.00816410644807,36.67557821487463,0.988547247606224,0.0,1.0128954646528427,9.665492639087637,48.42781203600259,1.0150128802245604,7.424452967905547,49.30993938767795,1.018637945560958,7.253038892490834,51.01779841361457,0.9814417174939614,8.896141418820518,47.9021307670308,0.9750486031045126,5.629322332874079,52.240432556946175,1.019982740591378,10.84641543521096,48.697557778014705
4,49.9918404063296,31.323008925521606,0.31726442984605585,0.0,0.9709659621308732,8.653005682160195,50.51344920882515,0.9945862374559886,9.1243555238156,49.480227524374726,0.9944520177808801,11.397894201030264,49.991318197817215,0.9485040909811759,10.451172942903115,52.869931348248556,1.0132357303623414,11.11943338560689,49.61900970640175,1.018813802443024,10.465678702346622,47.57210963051785
5,49.997488159646025,27.99221804648373,0.31536698765632654,0.0,0.9582774269930373,12.13900971473769,52.24827905659418,1.0349088721860968,11.79061850826513,50.93746034316783,0.9963698880344958,7.354226465098801,48.62522856898088,1.0131904202633641,7.892589963436212,52.70829547348102,1.0130951196697289,9.881662295767505,47.45660257761752,1.036923230542119,9.786526198670739,50.1338208631303
6,50.002768748883945,36.58631585241668,1.835832312118636,0.0,1.0011515609931738,7.912528123773882,47.27746645284007,0.9736181169695931,6.723970298215205,50.98056063272831,0.9695362272958302,7.378844814132076,47.19878822563069,0.9872922422854312,11.001885785748328,53.93018434124293,0.9940502219713194,12.739048119382712,47.77380607687276,1.0298846343768389,11.953982776245834,51.713869198631095
7,49.98865317115268,32.530584490357896,0.36036570122676226,0.0,0.9736279613692123,7.25838027882125,51.61394749692211,0.9992187587097502,6.813287018647896,50.18970144751022,0.9922791708695833,10.00416930190797,51.15328412121764,1.0084641425979843,10.794491427531918,48.80528064581375,1.0265931005321534,12.448970878742244,50.8232879516445,1.0365277563537527,10.128491730780675,49.6929277814582
8,50.01089343811758,38.563452302788235,1.1706007015856061,0.0,1.0011049090633075,8.488239911659987,52.16700475619543,1.0294542753904121,12.320935714889373,50.91168515584483,1.051027772716906,9.609613573238875,47.39127953052475,0.9772095906069328,13.379925140899138,51.706568266969725,0.9769354046864781,7.639423143570928,52.868356228763034,1.0093677488724833,8.358774898177561,51.80803123259407
9,50.00371716937883,30.591389360332762,1.4146718874331363,0.0,0.9901112417447239,11.541398932981748,47.56892746494888,0.9835291439427278,12.161184416563698,51.86518917530246,0.989548381558045,8.836153853637809,48.348204056702016,0.9830815955469181,3.573505518384092,51.702304963624556,0.9757953746958455,8.650763808837748,49.86277677823667,0.9979555653719455,7.181536627756058,50.21299085494647
10,50.01955092593873,33.227292861183706,1.9652190657536068,0.0,0.9923513818787841,13.071816210364148,48.9470193465243,1.018064575564565,10.143186872115768,49.8168671371276,0.9959298723910899,10.560650605800781,47.067467254202725,0.9567871592826,11.255318433115384,50.08756961267449,0.9928099330771589,10.23890565041683,49.71480430229452,1.0026175433225792,11.489272315615645,48.303250142479406
11,49.99372004433274,22.64350666492042,1.8423173119345366,0.0,0.9827512293665601,11.315754699412253,51.49814381567892,1.0008754437559664,12.807345521163905,45.35376226677124,0.9771336098980886,12.531486035040736,51.92897155185243,0.9932316919323632,9.939738183651588,50.504269149020146,1.0341273446484456,11.896446549170912,50.99741685736204,1.027501632350587,12.802559116320126,52.26916760143271
12,50.00138771847941,22.515118057868158,1.4101138213186943,0.0,1.0106727372040587,7.323698586036295,50.732988370975676,1.0127361642219161,10.524704588588975,51.429237824281415,0.986002567862622,12.230580468115626,48.607095623584094,1.012526571119937,7.507176220267489,50.1513892974564,0.9881295688528324,7.08022867367716,49.850524500544054,0.9943925988219637,6.671431970401624,48.42443426185558
13,50.00280468123678,35.71831602961221,1.1217268565638197,0.0,0.9845925343420248,12.112555992305374,48.06505842050097,0.9840005011667347,9.486920896881621,49.954493925545734,0.9975865855559677,9.852130537596535,45.72615494516814,0.9898957376882347,9.01273112131829,52.66545212442163,1.022538002642948,10.865775018440265,49.01743582657847,0.9890723756314516,11.641129723411373,50.59841404591465
14,50.00314340575758,37.26047693213421,1.795127941197909,0.0,0.9924050136060742,10.632606592376339,49.972192224694886,0.9788333428417028,9.838903453352502,51.752373895562336,0.9844820500320207,13.09133590356319,49.340901879563866,1.0219227426309534,9.697957873893934,49.07398811222907,1.014042185902113,10.0379335067952,49.882053432509714,0.9679118704961074,9.6657546170417,53.262317561038635
15,50.00777274088077,20.373020562626184,0.3263316133124088,0.0,1.0325788171694834,8.41691358674997,48.92707815880428,0.960795701141554,10.989226335964034,46.04598933385487,0.9943116687208025,8.829721983445449,51.036899670076856,1.0270484319906692,8.043535982270502,49.98845447573375,0.9964528539725176,10.903523861781341,50.08135632487605,1.010679670541262,12.136930886432035,52.57785822635636
16,49.996555491333545,26.38560635885198,0.5893631573026892,0.0,0.9909165372611318,8.331877291766467,48.75498611411867,1.0094949820788635,11.223409469121624,50.383962131809284,1.0190341309817361,7.772565878663941,48.2867535634218,0.9945751212623966,11.323089496024444,50.55121458942431,0.9814647314875656,10.20612336380892,47.818431469397794,0.9726218126422033,12.14374933743605,50.54145274050169
17,50.02538207173738,22.937220248265508,1.822594408218941,0.0,0.9731222438444075,8.780074166313716,47.37073533693187,0.9530750680438104,10.881887315392648,50.263371687550475,1.0387342976943796,8.571995209970792,49.98518484870894,1.0328513389987233,8.100658218298054,50.0719773383087,1.0476741698540257,8.932995673619905,49.13751053258952,0.9889562292145848,9.485851672526797,47.904122923736786
18,50.01994293563603,22.67909662603596,0.1332213073631614,0.0,1.0327160714167856,10.054123162277216,51.79095055116198,0.9869277192060156,9.975325165416912,49.196150175244085,1.0154392556691165,12.200257300915316,52.32244500477857,1.0059321158521963,12.586144174428664,47.621242150317826,1.0166136393841325,11.067301345442697,48.38967632147469,1.011720377104144,10.63940227808933,50.027634837541
19,50.011282912236084,23.9740503705423,0.9423238421423885,0.0,1.0178234535082262,8.155487123994435,52.288499436152904,0.9883399136455829,7.658338539669379,47.97117721640122,0.9836349071269739,7.3255732600642585,49.205795340628704,0.9787796862487567,4.826392873552631,50.78286767117086,0.9816615158193803,8.864167089144885,45.10859659354499,0.9940455261329693,9.11154577614325,54.78906785900832
20,50.01459672149447,24.72793902726919,0.17865787103557174,0.0,1.0103157818812745,13.024250653456882,50.02561420295235,1.006605570600917,10.525229269621992,50.112191189983854,1.0015577895124552,7.904959411748905,52.862902892003646,1.0015124150973367,7.992657782434909,50.34412512636843,0.9855561997525558,10.783241446398824,48.03738110965617,0.9837486858615203,11.146446563232857,51.76512967581456
21,50.02090616249423,32.609794400374106,0.829594585858908,0.0,0.9774297032555747,12.145488481551968,49.443069560533,1.0046565080222334,8.728982839587133,50.998148720051994,0.9934477918317806,10.666396303940239,49.34109408008332,1.0046351521275825,7.699136880520479,49.92950546447681,0.9782152648624984,9.391917916675071,52.74970181093897,1.0033939957039943,7.700123790783633,49.214917319799746
22,50.02695441308867,35.059160931857235,1.861707845598321,0.0,0.9723130187764664,7.729198780550043,47.823179684947824,0.9890817365523707,9.864509937343415,50.62636441343904,1.027064588678546,8.180379354420028,49.27925554366516,0.9973937263159783,11.121072158933881,47.54848181604365,0.9559585114282938,7.706471572778215,47.1181051460774,0.9842688346600895,9.448722775295362,49.590196522395075
23,50.003302753788354,25.680759270702666,1.6552670838423642,0.0,1.0103888360481994,9.807074963458989,49.97126476520244,1.0284955240589795,8.918471200523264,49.42034214694287,1.008475143018872,11.316305322666617,51.76309322017367,1.0189606503313766,10.089372287050722,48.858699768427236,1.0127770502466793,10.11862057629303,47.59827284279245,1.0181115304268946,13.515911138275122,52.21448582022742
24,50.016664391998034,33.44141068479648,1.8012342569724813,0.0,0.998103766099251,9.57973965889165,49.389284147089725,1.0156836420194884,9.791535199712536,52.999078897933934,0.9748038670752681,6.973320932611678,50.355945182883886,1.0229632637655972,7.315327538486089,51.14986374939873,1.0273788804077126,10.850754790296975,49.21138013723232,1.0075316317345047,13.63129956739444,50.24382398052314
25,50.017856439153654,23.68838728531786,0.6250391243734326,0.0,1.0272390395256463,10.816558112300983,50.737727061163554,1.0031289942057933,10.77234088650165,54.64153602462201,0.9766270795139688,12.101303887140581,51.44845749370075,1.0138252311320302,9.859306481125573,52.34035574516542,0.9951524852369935,9.460885536884987,53.80056988714787,1.033385402314843,10.801834957259368,49.26149905004242
26,50.01130839778057,33.552436216120356,1.1184199130622368,0.0,0.9827356132812789,5.654630168737305,49.50127412284116,0.988237917530622,7.497376653435084,43.976918410114436,0.9709004972200213,10.659752103945548,51.215288223890546,1.0095051112749243,8.461241656865175,49.646921932398286,0.9484246416672939,9.774790190112414,51.14705208137423,0.9760600275291007,12.21332249743225,48.253424868565396
27,50.00276910412458,30.56928064663432,0.2803448837785478,0.0,1.016818246268918,8.841009872408046,47.200253729693266,1.0226518515195848,11.893239957153112,50.33878495684051,1.0465387613919748,9.13704739205767,51.63220876063762,1.003211019425482,10.41711481367861,48.488277673484404,0.9818133065532525,11.359362809837574,50.79382948354932,0.9711821216365417,12.013016574823162,50.32551882914015
28,50.00664405064033,26.022602602888828,1.196330197614754,0.0,0.9954963580386315,12.253251851235648,49.510473995423965,1.0140901472079002,5.143447272888743,50.397832871953405,1.0190535736628261,9.611128478824623,53.939919357011895,1.0219793587664938,6.917444316321757,53.30521484021609,1.0077962573726242,12.150657663752611,51.449596096804015,1.030727556767776,12.12382732552436,53.34448847993854
29,50.020069570066426,24.657705456361548,1.051857342527675,0.0,1.0072772749580998,11.843812009760153,51.04606689917808,1.0024440264023382,6.918922927030792,47.82175011258184,1.0249406545336441,10.123584536876098,47.081142750712075,0.9977497736271055,10.818659248211798,51.18208519119406,1.0088240760383738,7.777702783807381,51.05917060249229,1.0031855552558429,9.884181787093985,50.47157530917167
30,50.02517480423225,27.471136714023732,1.305415602828677,0.0,0.9871022093066637,9.68437523101246,45.60053743244509,0.991753620899514,5.772774394396531,49.754104183439715,1.004534897112486,11.759782473872201,53.304640845171285,0.9883071239805878,11.89277849928668,51.23447134843936,1.0342906507608751,9.952730645265834,51.15956692708809,0.9940442284091343,11.424564876094026,47.322178360294686
31,50.00318403903922,20.267885333992954,0.1351671002129864,0.0,1.0034823508860735,11.145429819536028,51.09281395170011,0.9957033954028025,8.96058390659934,52.478899828096395,1.046010472340052,8.274364517239444,50.67600550093375,0.9843148116817562,12.196079303057656,52.23370309436546,0.9877679339036477,10.831780537126896,51.897302663142526,1.0058631208740856,13.232168762505657,51.34248662789165
32,50.00644089840191,34.90415865155632,0.9591794237914557,0.0,1.0195395112752934,7.171737583731359,52.03036454647379,1.0039397024567522,9.430144645770635,50.667232071995116,1.0092616484147086,7.494059589102023,51.31645778102044,0.988243331419437,12.54129242403538,52.734966356847345,1.001289546628929,3.862160608898553,52.733040214241065,1.0101771229543397,11.84829970421266,52.296297681960915
33,50.00621370987039,28.60168958022591,0.48807372456762343,0.0,0.9752961382524369,13.294857937347386,50.74877058051624,0.9922394171963865,11.447853801593693,48.25732885514809,0.9846392664041547,9.324904479351936,50.6775091604194,0.9922680323382667,8.483710440376637,52.07298645088633,1.0067090543083523,14.292197429770928,51.66125933594391,0.9894786755951722,8.814708187695292,47.63738599942012
34,50.03560423764167,29.245184641115273,1.3332561996079924,0.0,1.013087035508822,11.874495285185047,50.64569123807928,1.029888357983192,10.072227033102925,50.1205015602433,0.9964223575566332,10.431460551450934,54.352908276459445,0.9983991073833153,10.562424494993301,48.69337050803907,1.023489633590154,12.675010624709532,48.26500224174744,0.9855619934568872,12.49101635295689,48.118189086562666
35,50.01775396168227,22.648136576615595,0.18167935110138234,0.0,1.0060069925549304,6.735867986175931,52.59453365645559,0.9843631923724666,11.67803617510975,50.88888778011486,0.9964831913881531,6.467269549007414,51.032606480890976,1.0082093400266614,11.298660912834654,50.90206515606246,0.9961829462535629,7.620151195456833,49.74453840928002,1.0146537120816048,10.382336688722136,51.918873354460395
36,50.01784485952365,24.933943120499144,0.2947881594265356,0.0,1.0151442732332385,7.855188565416459,51.35228549428614,1.0231200620269163,13.234490034548678,51.77330294302001,1.03293402501222,9.620403881254749,49.337167187550094,0.9919027821456652,10.732988585927302,49.47298419919716,0.9967405458533722,9.003403176280335,49.390894783639666,0.9928344187724587,10.622950908141712,51.047445125671885
37,50.01814933110961,25.362035948860225,1.3854581430074462,0.0,1.0269522415576502,11.891650534079696,52.785303287602936,1.0026834126505835,7.366851754139184,48.40433810225337,1.007292400919082,10.28634761293348,48.987322709780244,0.9636449230102062,10.093947085927034,50.88535592746483,1.0114020719014283,10.500693742726343,49.5495488956979,0.9759904808208367,10.81098418221923,48.802026511282854
38,50.01051620489538,32.98448368100114,0.17623306291270313,0.0,0.9875961764549298,7.842565896087544,49.50513700168338,1.0018892469118847,15.083109897980012,49.71342500146295,1.0058197102741524,5.938728506743273,50.96544357461234,0.9901269403088522,9.251592455777013,47.777680907979715,0.98057597524467,8.008184013769537,51.7157881449404,0.9891389608285394,10.453013706903894,53.87433454785601
39,50.01988899673656,23.40079797428737,1.405656092354336,0.0,1.0219380078987237,8.161811756557979,51.890289576135935,0.9993311514874352,13.222820313945432,50.438501888327664,1.0217324744797514,10.130990263823692,48.732463746910774,0.9644405304431569,11.333130096384187,50.69665576657116,1.0337302409432665,9.610933942157427,53.14402380522375,0.9961963329475858,10.419459209304833,50.34927545110299
40,50.01029162555619,22.091859499125267,1.0062945616898382,0.0,1.0177071040624943,10.98172183307392,52.22441433886779,0.9891062929871524,11.927987789478522,47.60775567188138,1.0127083259898642,9.085258347681666,48.733122053859496,1.0062628298126908,11.603666655940938,49.50556939242448,0.9955633251380551,11.889584783909552,52.04549717387582,0.9794803745068048,14.00338394483984,49.30776908986913
41,50.013049855372124,23.612453321139107,0.7845511625308446,0.0,1.029892526947408,10.24232283779585,51.19133604115049,0.9917933888662098,6.976176697846243,49.30249474556239,1.0086654812363463,10.0399958876631,49.986168606319275,1.0269199856727895,11.334046446644669,51.08557850707231,1.0238120080180753,12.835386147248178,51.66489600464887,0.999199971595204,13.755293911571586,52.35591947167717
42,50.014778559528736,37.43774186743244,1.071912766227132,0.0,0.9770451800768436,6.848413938384106,51.37662166503015,1.0029907617852878,10.232533704095161,52.1140355897802,1.0160729284369614,8.340550698366707,51.22591144080617,1.0098888089107247,12.207317945138684,48.97418777583211,1.0059098141821308,10.510891512710252,52.1336054423904,0.9999516322278129,13.459754789144789,52.414214146300566
43,50.0236232630327,34.88319860674776,0.7623321976344164,0.0,0.9665047099967722,10.459694625029808,48.776478860812794,0.9929791785447555,10.300987315403082,50.09407049823741,1.0362815922491502,10.898987893988929,51.10214259445197,1.0017465582413394,11.112412527607908,47.33617325520874,1.005916756610055,13.10149769210112,51.714172236154305,1.0214567243484516,7.332017602474511,48.48835410836861
44,50.020293416895726,20.019542959370156,0.3184938880303443,0.0,0.9874799697727626,10.487273725771871,49.40683640434125,1.013879760145008,14.078787559697052,50.2572941254102,0.9979459273527387,11.27424591825182,50.197265560965334,1.0099650759918037,9.936711119361442,47.10683898768577,0.9973467074333681,9.536624809343794,51.77994219182102,0.9982445450120883,8.542619226913205,48.75855950812501
45,50.01643909153203,25.26967505004336,1.605667295453288,0.0,0.9722955204653825,12.047689322685347,52.57299751235326,1.028527485903683,6.904289742876351,56.32879124100406,0.9870421808313136,7.788783851569377,52.49826895270865,0.990561222628433,7.4092037680396965,47.546742972870234,0.9805206343477324,9.042127495248325,53.73300611548867,0.9539633902783909,11.710294259151798,54.91426888120615
46,50.02684640327427,29.548413883027514,1.3968100448769212,0.0,0.9864698064087243,9.704542647960192,52.34109774521718,1.0092256786970717,9.304806497367812,49.124092442406024,0.9828653776291252,8.777813258815176,54.81403344235559,1.0171881259307525,10.956931147636864,48.321557838008005,1.001947514389197,10.798747411332176,49.407635301982936,1.0066616278685363,14.72637652795555,51.51142085138515
47,50.04064514693511,23.230943396209696,1.5719920838073722,0.0,1.0001945179752154,7.222351418193719,49.31013141137015,0.9735389272685951,13.224154379666953,45.74605310612411,1.0200295705946814,10.579477608058284,47.519350429080355,1.025499572384802,10.464292803165181,49.161856156173215,1.025387282057838,9.003683787722716,52.34608839109592,1.018997973302807,11.992920320274568,49.257400000700294
48,50.01257881604269,32.5348497384664,0.1866869568486489,0.0,1.0028623218660595,8.515672069393098,52.621100275264844,1.0199023158901412,4.224602154647215,53.03226509767617,0.994728582110674,6.139652598598684,50.50008870020837,0.9787233616242232,9.814940861952646,50.50166935126677,0.9860711677885835,12.237950081198976,52.66518416260315,1.0078017619641355,10.257112426397574,50.91186512435479
49,49.989789034223534,21.507039099561705,0.3419176145261056,0.0,1.0348602327009047,9.098893369221287,55.004030335803456,1.0140346630831742,9.676990139276402,52.36613054084241,0.9826647840020659,8.884701665219518,49.92330770503157,0.9897738932802261,7.394555350759356,53.6271707749896,0.9665624751379363,12.712064330979663,51.52314788018617,1.0019059558144516,5.3187586449393836,51.08747067975918
50,50.01366233896857,31.793192322849364,0.517970417584722,0.0,0.9911233884990301,9.538056396074605,50.48838989102164,0.9864756601564452,13.248650669575202,52.60740584638291,0.998706346942505,9.824466661378127,52.46165049747333,0.9631768032142259,7.624120878026915,50.77660602023132,0.9695063826531337,14.35132620456715,53.736396413733,1.0030718063576358,8.600647159654898,50.62300224235125
51,50.0431673068154,35.148426756947345,1.5114455708894645,0.0,1.01459107635461,7.475087027503424,49.736957519718835,1.0186181969171324,8.129100961418665,49.47008849107457,0.986376658489522,7.846908611654548,50.186612311680236,1.0072348726250806,11.65644792890617,49.572939947869756,0.9977612835723781,10.36827214827301,49.59795316380676,1.0126432533070748,11.190072773912506,52.86286189738649
52,50.01706156333336,38.495779384098796,0.8250340714542184,0.0,1.0354377058309314,10.824741891289314,50.84616179068088,1.0258234822825263,10.915272210406618,51.41791920096526,0.9894761633654799,7.898644769140407,45.37768723127611,0.9867264568730365,10.512709159441274,49.12274154561103,0.9706082043289567,4.75452694807716,50.77104548946171,0.9679334205229378,8.173694605158184,54.21160750602309
53,50.02233632715009,35.3541993671209,1.049438456217116,0.0,1.0162516613447123,8.234979417931998,51.6963515532697,0.9825908505869485,10.737815032191472,50.44563208194584,1.0199949126176309,12.772531776781243,50.70012810972529,1.0021902823431788,13.180066001974788,49.697643587057776,0.9527203335853395,10.524388119596427,48.41201862144265,0.9850814382667057,12.291548669734443,51.443728904957844
54,50.00577100001297,39.14434755441346,1.3307455444289034,0.0,1.019467465555711,11.259313499061665,50.66217960662137,0.9928411058784032,8.65144117975115,47.13013806542063,0.9433443245922649,11.930728004069435,52.988581263817046,1.0188680761661215,9.347798597250048,48.216124720859305,1.016170054364345,11.304308655226473,49.6780831640919,1.0038914345674352,11.042216749595879,52.27406621330558
55,50.02317314381912,23.715698642669473,0.6192285352850135,0.0,0.9716277242004724,9.593843377236908,49.399121422178055,1.00395812761118,12.425234628372463,47.776894494726854,0.9879331674901876,9.591646067471839,50.66808533586997,1.0098864041605717,9.97625530687017,49.60916914721355,1.0191834081308204,8.4876845087402,50.08805949472145,1.0008126882535007,9.559333234447742,51.383403487238844
56,50.03135366996018,24.54257940241736,1.8690818906108082,0.0,0.9840216331099826,10.72457314564511,47.395336218394775,0.9555927096517943,10.43902457605255,49.64336994899227,0.985960860468811,11.064661885275896,47.118417867090784,1.0046748259657283,6.977226190555683,51.70807052470459,0.9924532702218407,8.709870011854326,51.892728528575944,1.0219339025841798,11.559566918893443,49.3584700695531
57,50.006340786947334,34.184565145473414,0.9815199670958146,0.0,0.9970043786578495,10.995666657986131,51.47579966977859,0.9836876219324029,9.034069817780336,49.65829690615859,1.014439929886026,7.055263940444435,52.112809735428264,0.9856593852603523,8.616478634823569,50.56282342840746,1.0308107105450321,8.443261698262464,50.70093229897806,1.0233797434074599,9.063578348393765,49.55341837138809
58,50.03813588637552,20.75434364906054,1.1005898975946498,0.0,1.009047491114881,8.015020963131299,51.46719003377402,1.0126549987606788,12.727096987990448,47.7457883100329,0.9820608803295229,12.71246118452854,48.82978902473478,0.9809362790826289,11.565884789127027,50.2659732998029,1.0225391330612807,12.678308155718051,51.25747020443551,0.9894586558588463,8.023316173127004,51.90404703154452
59,50.019737397902155,33.08181869948811,0.9377724472361928,0.0,0.994500818729323,8.872686578287642,49.335083121923255,1.0106545156985374,9.946154609760436,51.70817702051237,1.009725632010754,8.580481762273513,52.707858127563135,1.0145091372796455,8.197307417059594,44.903895272846526,1.023686624515517,9.562399455812583,51.16808478166314,0.989402279404809,9.243158522390859,53.227279734138065
60,50.02957575471895,30.120337093126672,0.11713659721776559,0.0,1.0219448735244046,6.803332596807355,50.421951542136085,0.9777779029484522,10.762494605262695,50.14992547155871,1.0049722462709179,11.471197428513033,48.215104153707266,1.0017652343708252,10.689984261914267,53.329685073138705,1.020677730750208,9.24590476287258,51.87962328700739,0.9534547398703188,5.864290351218046,52.351039409094554
61,50.02086166929283,24.905716325095085,1.4883347114656156,0.0,0.9802796299776358,10.914397447765241,51.49709593558882,0.9854783940472602,10.152631610183182,51.712024639346055,1.0262379226455356,8.598712414689137,51.775209976941795,1.041564826789413,8.613317548024538,50.48384749337844,1.0136227631137527,5.911137568265893,47.71950929320775,1.0386973989254171,10.922091452312904,50.03727142692429
62,50.02756775562593,21.786091382374067,0.928943846854098,0.0,1.0340888701486055,11.548204519363932,48.35076322431987,1.0028770855874118,13.030324477812925,51.69671411823241,1.0365094749375736,11.367890428680122,53.751896922215295,1.0088216297489108,9.567613517235957,50.258289658522145,0.9807834754764173,11.5541052455305,48.607265251875624,1.018161648536926,9.866351611769383,50.82275803379506
63,50.01524646372091,37.89078787250874,1.2515429370328333,0.0,0.9882104649768347,6.14005339782536,50.71112400301006,1.023358454279173,9.757799073512341,47.49432122044472,0.9969225937457509,10.627210504353323,48.989399312190415,0.974615291596594,12.66661507725175,52.72483569143511,1.00668484101157,8.412311134575813,50.80552041684081,1.0002723597221086,9.501982153073296,46.78932045763581
64,50.03524601178516,23.64708433476579,1.8754448497410494,0.0,1.0053457701949375,8.619668969494448,53.12501014385978,1.0059493683587895,6.399476325809648,48.4298459679569,1.0105718767989158,11.380378365264615,52.12403827434954,1.0156973956353263,11.746510471927866,54.33514907926854,0.976931881282856,8.440481497301631,50.34424366423624,1.057918448737748,10.54187654519174,52.71573462651808
65,50.02051603643043,24.559388206305726,0.7683430843368817,0.0,1.0468252957075517,10.249339282529414,49.66143339404059,1.001224980930713,11.236962493017305,52.45650850520372,1.0088297248088784,10.242084894147869,49.4940349135523,1.0089372814080224,10.786437421763438,51.26844772265227,0.9982438225214332,15.210813419144152,50.60919676371468,0.9926455181827295,9.954399939117986,52.52648367187361
66,50.03534726213275,27.86781556972583,0.36245643570233965,0.0,0.9872151180170621,10.630781172358502,48.58617449504732,0.9869317102426421,9.89978974440206,50.07332054752044,0.9963112855921914,10.857059655761846,48.03992056009778,1.0020138082507426,10.300967459711703,49.494948590128686,1.001928674642669,6.311170830179066,51.217717062325455,1.0138089796593146,9.160687545270214,53.19285130641534
67,50.027534044201225,20.938339010334285,1.9130282278170232,0.0,0.9927618104581291,9.101528561130223,48.80433453112349,0.9987321773312604,8.587228369833749,51.49940643767493,0.9871915609695242,8.255593141627681,50.37928687567121,0.956054348380983,10.629450375727238,51.083260222074635,1.0086862737184308,9.12690695371029,49.764653550242066,1.0001846442509763,10.85341237171271,49.99261874134625
68,50.02653597512362,29.06483223148436,0.9839888472084286,0.0,0.9906377540522479,9.7680291170628,52.58701368034776,0.9897118471276006,12.810793701483187,53.19239220654806,0.9907397165224482,11.71577947834214,49.572690563298856,1.0298971631681406,13.709694373284979,48.83268067842316,1.032148216223341,11.954518923922897,48.60499889307391,0.9989151898314774,9.524490396175086,54.57408378548434
69,50.018784693510426,32.290579291331795,0.762593564370591,0.0,0.9828502947236402,5.9446054304881635,49.265791603178904,1.0221968048114551,7.980088690950732,50.12565209716887,1.0230143967367782,10.258188070849522,53.09741554492525,1.0002999721133443,11.170911203405236,50.835501176075546,1.0022186160211997,11.041556972584257,46.42995278987645,0.9961570192636682,10.48906307712707,49.41463367780702
70,50.03381405588649,24.077370650901823,1.3768840742796085,0.0,0.9899308163054643,11.946700161258285,50.44101266799429,1.0021767621511104,9.543233056307653,50.916692977254755,0.9992134857173596,9.154331101486267,50.84608963869009,0.9924729818116973,9.489789857964707,49.17124103705045,1.0490903371389624,8.912736374777058,52.33143538272021,1.003424318427222,9.436324967525026,52.84889821753973
71,50.0256081370241,27.605220655568445,0.3735458100576494,0.0,0.9927525309055322,9.804743353673066,50.541457762793335,0.9644983334599524,11.506844161814039,46.77326311734488,1.0276825365108224,9.91871443866312,52.347636556135235,0.9731766034716901,7.674590896665089,48.63499456992014,1.010652338240633,6.2307401065336,53.521233402638615,0.9925172566317119,8.432131934171984,52.536641441190476
72,50.04651864620724,34.54382823140859,1.80097008983663,0.0,0.9937091060195489,7.794757448960448,50.494462350188286,0.9955726881525792,10.791780143307097,52.62076013663566,0.9905238780634852,6.943712715600544,48.53021958795238,1.0175079665275313,8.004229252677575,51.89824038303971,1.0274734519769961,13.161451124099827,47.50296797857429,0.9933159706521033,11.00684208572924,54.3250069781396
73,50.03619890188083,24.8749335627907,1.7946048324123804,0.0,0.9621769052073254,11.759524596246916,50.67551483337293,1.0371169529941102,8.596239478846787,48.22161091966102,0.9965195976415593,8.948130492293227,49.401391235582636,0.9908184299576438,8.03046415397403,51.96317998069024,0.9989820285525738,11.908306575531478,52.64101574743132,1.013410386717915,10.841143298087221,51.20552363256722
74,50.036055307526645,39.42029899343876,0.18413440909823509,0.0,0.9605218114948997,8.761072540511137,53.066323503266325,0.9923697673015733,9.439298494836528,51.032904190679986,1.0164329861747732,10.106644147046023,53.45853305263436,0.9926887518539929,10.077293404814867,49.08325335696299,0.9506499326883886,11.884239757035024,49.93935891768345,0.9740725107617677,9.586348655507816,51.43770253320916
75,50.03664924152329,32.54140365719277,0.36621839236436093,0.0,0.9490268074435668,6.368463958285204,52.56272343145955,0.9897792542029439,8.999313574714535,46.933032733750984,0.9707086783842427,7.926363494449741,51.69128825217399,1.0078504803399784,9.494558775846226,53.04223022017181,0.9898728129014076,14.937575656289322,50.580549282996955,0.9949880814524752,10.518103594857699,48.53073415381553
76,50.00386782420474,35.43155128513388,1.1274461379206084,0.0,0.9991823599764754,10.716198836708914,53.540547321862284,0.9764955114493727,9.82441312319815,51.1955264197931,1.018651397051873,8.501774867910706,52.76003345722782,1.0086897961414636,12.747701147026028,51.897884400957224,1.003663586845447,7.30686573511408,48.16470546527617,1.0306697903986985,10.366044395001246,53.23446800338441
77,50.0500020041997,21.726905694976985,1.1398109764156124,0.0,1.0169832856943848,9.337144235031621,51.44624451748934,0.9818508957742618,11.120734725307827,47.03903887224835,1.0275745170697639,8.436081077727579,47.20975383189264,0.9973464027210698,10.238708424258801,52.9582910875871,1.019071530162386,9.294432515709676,51.039158608006154,1.0187871492114262,13.39397257215558,47.6463353591448
78,50.042031837461764,21.747310087263468,0.963372634056499,0.0,1.0682551324080976,8.621851774323533,48.92861777896795,1.0262481674605575,7.458219321156653,53.08649987918827,1.0259393060592092,12.519168061641771,52.939134175844956,1.0031903437406626,9.487422494393055,54.21075324713496,1.0100842760274473,7.218315874472879,52.33967778259011,1.0165348756632862,9.69299720723025,47.42100577803514
79,50.03634566719729,27.58859447799592,0.18668484508070682,0.0,1.0035466274531186,6.052188933669157,48.183949804604765,0.9878057142745036,12.19100317664657,49.185806590992314,0.9748531659004769,10.226849365209464,51.5808551019525,1.0162755514638246,11.130765757503355,51.19745390032051,1.0298336298839157,11.389926833212241,51.13814669051508,1.0154278119291182,9.505840923841806,44.60156702820626
80,50.04079992053908,28.338291170608326,0.8193903864517087,0.0,1.0182152044288117,10.784432152117983,53.22741524661883,1.0079982073984604,12.708530625706768,49.991137092410824,1.0011822888181456,10.839224202218235,52.781180709404715,1.0323588639808698,7.592562705205578,50.93449550549889,1.0087421817819493,8.197436846306914,47.65520639627816,0.9905516011345759,6.539594084334011,49.88398555180579
81,50.02326226645007,27.12024208294453,0.5892920545986262,0.0,0.9680111163529572,13.120788766969019,54.17484672318237,1.0109920896258795,11.64789755932739,49.82021190980342,1.013953200625582,10.82504941913441,51.761930842444755,0.9987170904696856,7.312744422758837,49.413486837326275,0.964466186098807,9.909025922587846,49.77773053107723,0.9855988576978362,11.229819501358966,48.937375185133654
82,50.03726417984267,29.399164272511165,0.33761468016052887,0.0,0.9837768511989149,11.42830539206938,49.15657154496355,1.0022376668324406,9.472067492423948,49.55862447465073,0.9554808722563165,12.052373138698632,49.650103711981615,0.9999370411857562,8.76832640842991,56.49562609053531,0.9743979122353086,8.05630496523802,52.53614927154756,0.9937860544334481,10.323664855387035,51.3851673938527
83,50.04585946514488,34.587455655383195,0.3903664011704042,0.0,1.0188053915875455,9.569791411312728,54.236555144262915,1.006137737938769,8.896942362477736,51.8758991501684,1.0179676896660546,11.157073746535145,49.347846128967745,0.9811632318016148,13.232784568901305,47.780212486586365,1.0131041379962493,12.883662759808102,50.429008375284376,0.9674459526424063,10.469366669158392,49.73567894256778
84,50.02843805615304,29.397370209680133,1.8263875614621363,0.0,1.0229536445584826,7.434188431799663,49.24995947250541,0.9936240931903325,11.308229051262828,49.15569297216665,0.9620683636078375,10.728410118504833,50.834221279702966,1.0084713183230376,10.94367371444111,51.59687701937431,0.9863310568803724,10.497209305346672,50.14362407754644,1.0008213570236701,8.920833644441688,50.004823958324025
85,50.01297591874055,21.460885011513703,0.5583958387571373,0.0,1.0093764893282053,5.4697634679509335,49.420016862210936,1.0461849784579238,9.6638862460369,52.887925327920975,0.99829071702213,9.209635076524494,48.6066641441535,0.9865566847601522,10.500625727196482,55.740884086938294,1.0114212327830752,14.009447062339875,49.677290208316094,0.9951491727306063,12.66342104287034,52.3025828554774
86,50.03225313074115,36.56020855854777,0.6634382937216519,0.0,1.0098766238617876,8.837978058739807,49.43795694407721,0.9782535411130433,13.748128680569442,52.789676466298864,0.9928575090253858,9.679564939366763,49.96058861969918,1.0071762587453132,10.74203630041984,50.43297578498291,0.980356618630106,8.776128545059134,49.40546299819244,0.9707181418229353,7.697993554807571,53.819066402433364
87,50.04564441910082,22.584228189671865,1.3698658054558355,0.0,0.9836873950044249,9.467428874309514,50.779533950553244,0.9777283434963984,8.660157103857536,51.31288228235379,1.0058966754709466,6.907679499691685,53.56126343059447,0.9963011699539618,10.006571881219344,50.06680562850569,1.0161972499748284,10.123666621148574,49.805451321281204,1.0199970980943607,9.629440876980436,50.10145279463502
88,50.02491613637198,33.63437438930553,1.8534826749366182,0.0,0.9651180618632966,7.742518584740887,50.954316843414226,1.0076508719036874,9.12686390586663,53.47537954153463,1.011212179122674,9.843409917964605,48.68034480691591,0.9957532872063499,9.975702420114844,49.59739307969088,1.018410897571595,8.962379412932023,49.76014358574604,1.0084066443216426,9.384760680491656,50.53663858604419
89,50.03808007236857,29.5241124461244,1.5761965260021498,0.0,1.0146874197323443,10.8824045154002,51.80722210051323,1.0243769084602041,9.282914134044521,53.69356929778823,1.0373520078235705,10.631138862624413,49.80942989176578,1.0087347224446692,9.818179044680315,51.47772460027098,1.026049503541735,14.490486447645903,50.871678960048705,1.0098392309437298,10.593280293941245,54.97568809099809
90,50.033379462125346,25.886932491639875,0.7562091203703831,0.0,1.0283794172637002,8.900423999185112,52.7347819606732,1.0302155485656477,8.978304967794337,51.98364314467687,0.9814220800718886,10.365970948379367,52.322405504481786,0.9901788664307789,9.147505744427614,52.468853477997634,1.0312046114626086,12.330040617593898,51.510081373972525,1.0012004906851684,9.786104920550157,52.968230349281626
91,50.04541009854606,30.50978035879731,0.9222151308822502,0.0,0.9992471211280968,10.964270283766227,52.6106736998414,0.9691226991218836,8.265181879616136,48.56878261193108,0.9794381865910549,11.934625297554007,53.97138384640844,0.9984637600359155,9.058317655367485,49.399643728311986,0.9990822041459801,10.684824211956926,48.24643546934789,1.0256784732390252,12.930231787826116,50.5539672694608
92,50.030828030840816,38.77627656055801,1.028665386186259,0.0,0.989904967718704,10.96783365931856,51.77401314109303,0.9726492236057239,9.040292331056023,50.41952446104136,0.9772091228809802,9.570785457730151,53.3810850190584,0.9834403340588598,10.592886878404135,50.009051895662985,1.0172477356025298,7.89527027589837,53.88909378558141,0.9753387956354044,8.467936039898175,47.44521890835113
93,50.04764824267232,22.995958967170257,0.19507370910942656,0.0,0.9908955577865883,11.628026988553966,51.94836559370346,0.9754908344244361,7.266507430666064,49.82397471294846,1.002150656218051,12.23441274145632,52.064401291505014,1.0285421567998199,11.263461824044654,48.40553038428162,0.9784889935455731,8.471996560089437,49.86305714212504,1.0590697558011464,11.49224539172451,52.93001742891853
94,50.030995310762414,22.092849900841518,1.753527386419879,0.0,0.997054285017398,14.662622917821341,51.91481794653405,1.0196063281869459,9.641986547468335,47.233140211341386,1.0271090992312575,8.265746582555204,46.84638317326034,1.011850835296665,9.096591494128022,53.050839355337985,0.9935389257064046,10.03863273287059,50.58759667522804,0.9937071277278379,11.550584814143816,56.72743151443613
95,50.06871750392486,35.14195486813463,1.2461750946149357,0.0,1.0198668807937252,8.65723633674669,50.543790647547475,0.9937383512462017,6.850333710951022,52.670917006331656,1.0194401175307355,10.963411038560976,48.19365484205437,1.0096041347948812,10.734214869765129,51.321434663951166,0.9910187204073349,9.551275363310749,53.63418213988783,1.0052435295080604,10.21894387062115,51.340479065956984
96,50.034224121994754,35.837146489422864,0.5160199654303317,0.0,1.0145648549876531,7.968602842453183,53.43501291800486,0.9846859709787485,7.926131429350981,48.77578431782825,1.038785234793742,7.147602180913213,50.44890612101461,0.9744564395188104,10.561796103705378,52.13195710906557,1.0147962394160992,10.228459515287357,51.22811866798101,1.0134781557128019,9.214601706570532,53.671735471538454
97,50.05308576204443,39.59912674244052,1.371548443727102,0.0,0.9964284000611869,9.09836615442502,52.92434863853911,1.016333940773258,7.12478747637153,47.53930154819909,1.0150759774393174,10.957345507280166,51.71959605431388,1.0131247241737222,5.882415469651061,50.9472354830692,0.9869946150159963,12.198444062832612,55.08313928077159,1.002692578681914,11.241254067857085,53.36851674086251
98,50.0324199051726,39.76844943667517,1.4723905992656714,0.0,1.00216956397026,13.214901002831807,52.21083223658882,0.9940939523658698,8.247494366772603,49.04442456722122,1.0117672096381662,6.695387534488912,49.932894782773616,1.005215832752813,9.193519606437585,50.18469574692789,1.0249209178053693,13.16788229237205,47.79473543825575,0.9960202015546086,10.644453063029799,48.19986480045884
99,50.05047800148027,23.60728440637652,0.6982670352168001,0.0,1.020781764295733,10.457489233960631,49.5770943136731,1.027331611158969,9.136009806419182,52.34619279480326,1.0454857227220995,8.279924156240865,51.98224137460812,1.0296054379253123,12.22080313567696,54.12023971372522,0.986416298586309,9.697840340117091,48.459063623616764,0.9960120973885389,9.14634179380079,50.61153528016467
100,50.03205536370251,21.03797265174593,0.09379356482845869,0.0,1.0361667557950283,6.583633473085648,47.75548108561933,1.0187111521157066,10.822922923048504,54.948358827277815,1.0449886454418058,12.122347271613798,49.574672582806485,1.011585031701596,12.800958006986198,50.056267335106185,0.9726170451377661,9.803227625027334,49.968358472960134,1.0064352753739967,11.008557893221944,53.04274213580233
101,50.047296972369345,23.04684652846946,1.1791887676718922,0.0,1.003928128400003,10.503463382510173,49.839925150142605,1.0146977921710296,7.749206758320458,55.14600731508638,0.9971838918360308,8.227184875162337,53.54000239200866,1.0017321379801643,11.895903158102385,53.601050883670766,1.0010882063767486,11.476115759475183,53.383009393346825,1.0081308344850148,10.926459072456638,52.13021409011069
102,50.039718698828025,30.674816947925596,1.156476370564009,0.0,0.992149122400446,11.13804525221356,49.97620598201689,1.0090955785150315,10.64116561254096,48.70640959473759,1.0233611564455494,10.499223948796233,48.90808326474368,1.0015097671058968,7.276121972851178,51.3486773538143,1.0266932289110748,7.811791036123047,49.535786128702995,1.0068532372095333,10.981404254748917,47.037835428899754
103,50.03557564120334,39.81231547804859,0.06661946568816957,0.0,1.0010850006895156,14.019360933160854,50.59241336204786,0.9721679968323801,10.460781623631057,52.63947113976548,1.0257771459252851,13.968845530867668,52.42927493787443,1.0058968916640905,9.899119939282091,52.823794857876365,0.9840256759817294,11.212404614016837,53.74228672884118,1.000725323248033,10.063056699109847,47.157537583415966
104,50.05492707793046,21.163981358922488,1.213247673058614,0.0,1.01716728454821,10.663636742923066,50.374405927730635,0.9807773204166105,12.734857870361367,51.07245201351526,0.9811123653910974,12.716742075617962,48.43228821880632,1.0019666669128453,9.382087388031378,47.73640228466092,1.028550593080072,5.503895539055667,49.15709347813662,1.0090528194838166,11.714867259045967,53.67156363825802
105,50.037184516468116,39.49139424759905,0.12662039467345543,0.0,0.9790577924582139,11.067215581973414,51.78677264866688,1.0163934371433654,9.767877859550497,48.012013257059536,0.9930484469561626,10.204688775826371,50.229348996372494,1.0299010563101054,12.521177514764851,47.80653322436722,0.9944876930113761,10.414808678990688,50.18921124065944,0.9564194191010224,9.824344927372936,51.58389089348392
106,50.0591434916099,37.18081336482987,0.05063991924563682,0.0,1.0144510194482697,12.069219255076606,53.781643054551054,0.9980615253043507,7.069850461239826,49.572611676201284,1.0065291220181414,13.466682048844529,49.52810702874183,0.9711843614251894,7.926634705089379,52.12871748077977,1.0043889917546254,9.761257488581494,52.24842261041312,1.0046232879193717,9.837260159354724,51.07898615009621
107,50.04063709032898,33.96632641383586,1.8764852302209227,0.0,1.016008332900605,9.703116186869702,52.43765660944194,1.021090887043439,8.120741887193,49.08174797139819,1.0033937420253725,8.726914135643153,51.66695116422519,1.0118965504266357,9.027273070594546,52.697525785369926,1.015518521595594,6.750433834543777,53.97137837118878,1.0017234745505628,12.102409643116916,49.24548787723803
108,50.041190721154734,21.659352858805786,1.4293520038543193,0.0,1.000437122671159,10.511544504146745,51.54235289824003,1.0478354815387902,7.091649425206883,51.651930167106464,0.9923615854213652,8.73239678213139,51.60603986887372,0.9769161722763432,8.541816419121325,51.00034724408043,0.9737464027742109,11.133913054291321,50.87549498908888,0.9934240028475902,6.37244171878438,49.56100331098414
109,50.03146645519862,33.125924388002545,1.3930970079880634,0.0,0.982300082532124,8.583409825522336,51.991376176356006,1.0219537616309446,11.320694203810461,54.864432477981204,0.9998957528299632,12.283254725084824,52.056535921405775,0.9589492174061035,7.914806020476945,48.25768589144354,0.9984725164446675,9.751470271658489,48.972110807206825,1.0251622610221498,10.04341105739104,52.70951708178881
110,50.04580472984791,20.602956528677613,0.701386153101895,0.0,1.0549391166448694,11.003250209129522,50.019826470363135,0.9579328705747823,12.751777566154097,53.6710211940778,1.024979278589796,12.392011462287854,52.654168318792216,1.0140864374594212,7.755250635204508,52.42895666185419,1.0208240375494984,10.550272749480698,52.34492896844465,1.0120416929167693,9.102576166776043,51.44699130190594
111,50.05643371750599,39.1362722582842,0.05112842132183948,0.0,0.989588668186169,10.757616123279606,48.332060879001716,1.0101815262109837,9.432741662149253,51.22285854679914,0.9896529528886142,9.552064558142034,52.70979309449444,1.0081551683617063,11.356708571428298,52.14548446799939,0.9964472015083313,10.636737513920838,50.11033489670239,0.9693866158929266,6.337956977530656,49.89074041899167
112,50.03815066860988,23.112585461259965,1.7738794369537363,0.0,0.9771134336843924,11.159246248166907,51.60663139408245,1.014168038007936,7.4947113778742285,46.77714863227963,0.9847224702210219,10.681209451256436,47.937672981216224,1.008947559715874,8.72979526507743,50.31231655081495,0.9848352247390817,8.043703982875728,51.32671626480884,0.9757935882413294,9.69885247227611,52.542031807252094
113,50.036367891750835,25.14926523129636,1.5263099108514915,0.0,1.04359356051486,9.326192572052012,49.28599943234177,1.0130978755457505,7.847195231490272,48.99836228631478,0.9913535132706394,11.09858867530484,51.62404884807091,1.0102378961490752,8.997162762281913,47.32806262211857,0.9985605347727502,13.348672563050577,53.1179385550323,0.9889374378840815,10.141987369385465,50.220712498438985
114,50.03387591640833,25.2115770597695,1.0824723026979235,0.0,0.9789207742484234,7.648778172785109,54.355927230600095,0.9894156500233862,11.64529628903222,51.66449048067588,1.0272782609513262,9.101337251301283,51.830368007519645,0.9985647800581055,9.920361957589337,51.50476902610997,0.9988583669812939,10.407438110699358,52.10581214539774,0.9885302061176607,10.423395049110953,49.621003990144054
115,50.04626024545369,30.40576263848726,0.5053341730174972,0.0,1.0288101654385695,8.89469941966482,52.504236822021554,1.0165581637030323,8.84932385615,46.91833969304147,1.0123900079502537,7.924323433341827,49.178830224725594,0.9765952008784724,10.078781862300705,51.85529913846333,1.010759222615315,6.915611107741269,52.54233814066178,1.0221733017018815,12.045808057930177,52.78608601121526
116,50.04676882140724,38.46330450097088,0.6966241257275556,0.0,1.0138878311831343,8.169884510558779,49.91982169239029,0.9817726778412302,11.598736280958267,49.840557133373856,0.989650660462613,8.541800309826362,51.50118167468498,1.003240890050944,11.24742944885892,51.27777179816607,0.9792516173834739,10.233130646473146,48.13430973160333,1.0080867940178622,7.348571073458151,49.88007482873458
117,50.0407168817777,37.332467446275004,0.2757344832428035,0.0,0.9889197687267516,11.04860393952248,52.10728731805101,1.0126445836294256,9.951934555388462,51.236461170489605,1.018965562828701,6.540333694753374,50.03018500180693,0.9854511972399413,8.739235485325409,52.411206694732435,0.9921378062373158,13.382773514981135,50.43784147977502,0.9716984566794152,7.713976452537975,50.631431085556244
118,50.02421834242718,38.99902011093534,0.7645312082429632,0.0,1.0127946554990561,11.74096722273893,51.32376027912603,0.9906864811474595,10.899069067922259,49.66702562894369,1.01103531337107,5.965706847981485,51.361393583579314,1.0063881752059343,10.283621059728484,50.69581830060453,1.0224907748132481,13.063467945168671,52.545527288949735,1.0340182927349397,8.567043724088952,52.29737100105673
119,50.03867167259175,25.858808183076167,1.9631351035321525,0.0,1.002745839035414,12.282868753700143,48.067028086446335,1.000691230141868,8.975737792807774,48.90476640722255,0.9886604393728762,8.857887325796115,51.44385028671843,1.0395812684808103,7.601633250877036,49.58870713715725,1.013896884702994,10.058157562693392,49.418879824098234,1.0001427471668118,9.031669344740296,50.61770285858711
120,50.04424084037325,30.582330215430098,1.8765262914072622,0.0,1.0355163235453362,10.461167234824973,49.07949097815855,1.01986212460814,9.051881534781788,54.036334223301,1.0144528119944785,12.801926103774019,51.43719859811083,0.9991057518861473,8.726351999015563,47.91420614069753,0.9953679286927052,14.223379947561961,49.77886610770964,1.0199128207438573,11.69790505750104,50.13764541729539
121,50.05355978672116,21.675625104474264,0.1178015711932312,0.0,1.0127860591964957,9.562990315115268,50.04880081675752,0.9836346847053486,8.567241526055618,50.106929318332114,1.0053413213924316,11.276879542765515,54.07464842933074,1.0068216356392303,10.919449349022718,46.70042562114008,0.993017508642009,10.125254267954093,53.00863285172086,0.9999118281470314,4.443446959302092,53.908697859280515
122,50.04293561444471,22.04345280354203,0.691039108962278,0.0,1.021881143169987,8.335144495178938,48.92901389371481,1.000900161312159,11.974342205025899,49.12945433415696,0.9964344658514828,8.774471345077071,54.44394797289236,1.0328740495803816,10.482663528042663,51.63934766585621,0.9898255552584477,12.371434196367698,52.20757424674739,1.0089535232416769,10.10733053643442,49.94857447166518
123,50.043459770357416,37.592584204631876,1.5731268079610978,0.0,1.0218593747103615,8.34605667712437,51.583388017420674,1.0047320806677902,13.655106913769131,50.19522420859446,0.9916469582427192,9.34630383142666,51.20406890655074,1.0094759747991109,11.923532148395566,50.602164696100594,0.9951367220461443,12.580391394076456,50.00999997567067,1.0146371873794895,7.995386896659523,51.26996124491253
124,50.039270426455936,36.9878510733648,0.27382165911461676,0.0,1.0065985581444727,9.653687607910287,52.710762162195806,1.0207031425267312,9.245109980161564,51.642581448421446,0.9917970710568037,8.347816613608757,52.4029540371326,1.0143095636761545,12.369435885018069,52.90840973024368,1.0161724112129593,12.030996999991633,54.13747510912843,1.000416862781708,6.412517897686676,51.16352138772695
125,50.032312218472576,30.390275157892447,0.14195547119523422,0.0,1.0202888678182103,7.240024522270412,49.82310727237226,0.9992188940585447,6.914175554569539,50.867366095195685,0.984034533894786,7.996721536576718,47.40509488586102,1.0399330583435635,8.789764549606481,53.07865261367823,1.005619321395039,9.12239574232395,53.09000930006523,1.015930650404649,9.393277844302357,51.6354716512908
126,50.05031130041057,28.511009956837704,1.925095183330214,0.0,0.994762546800469,6.4579995209279435,53.418456833349225,0.979662121157305,12.344799220199267,50.58121124643158,1.0114669854273766,9.407032333657646,51.15819028120082,1.00552758105936,11.347052474247871,46.86852516551584,1.0126381352059033,11.363226698864295,52.87625326881093,0.9893946376637804,10.78030862842772,48.32726382684657
127,50.05488570632175,21.638718501337788,1.659548568592465,0.0,1.0288101494382844,11.592821242424577,46.8797639263681,1.0060593472246988,10.306992290135824,50.51860308644732,0.9786573662255191,7.18349771925512,50.8670222765781,1.0257676818785861,9.80234327225925,53.655211750813024,1.012190815868987,13.607670191156277,52.649870086029765,1.0148913090790734,9.750968161119692,51.69150766517255
128,50.048030795529,22.037930208473373,1.2952380163767079,0.0,0.9889911164836958,6.858438869810896,51.06328378417104,0.9726357452503153,9.365883810468505,52.271326523705945,0.9962347146566042,11.268985589708002,50.79960508042812,1.0008870834885135,8.428699002016758,52.94626042837819,1.0228714374793253,10.45452137728566,48.79077149729228,0.992019103823355,7.741175989547166,49.77096540895988
129,50.07008230364316,27.07437030160356,0.2027230704458829,0.0,1.0041818597940118,10.22109608585077,52.38762199377479,0.9690840514183621,8.868058724940768,51.17670381099318,1.0137592887577116,6.555527584819228,53.60446120481309,0.9920765603825726,11.079874501608131,49.94086107089433,0.9866588167082251,11.976927743683518,50.64632088053418,0.9947184972844819,6.404721199024942,51.821984616081295
130,50.044216627309666,26.299285834780974,1.9063776415753975,0.0,0.9867510009702747,10.150667423420717,52.52899372955225,0.9832591916053322,8.925356685927259,49.746646094679214,1.0153282156649608,12.463981163501204,50.71013012493172,0.9787271942454314,10.359244670684623,52.41542920932927,0.9687683073196702,6.759191662298623,48.34106663518319,1.0147393648432272,11.42468773415565,49.127186488999754
131,50.039165309290496,37.741976220391756,1.6392397432529808,0.0,1.0018945788095595,9.853235326277424,52.62004101171017,1.0001767560255146,9.260709561610168,56.69609368599643,1.019231974417673,12.17522257034458,52.55998647987277,1.0038754173547713,7.6063894968737955,50.92243869436817,1.0422998839116335,9.920881743460422,52.54537811421777,1.0037168066741753,10.399487837526024,50.23612625451923
132,50.03665162030374,37.932747170385355,1.2730797847223023,0.0,0.9854087185560735,13.441387474855743,49.94624342274437,0.9836539324047511,8.175397979275393,49.85012230349646,1.0199582210779032,6.2603240527946475,48.32466152556155,1.001446440120818,10.899868482103486,53.448848527055574,0.9826204231632625,10.076456534776833,49.39421321727444,1.0016215615945405,8.194470973964556,51.05346661426091
133,50.04786423300468,24.464494002752488,0.5859647016347929,0.0,1.0115936230486395,12.993859275971031,55.121083298838776,1.0106855246951436,10.629013048546607,49.235466513820604,1.018935425106837,10.799361520133518,50.067425688958814,1.0216937082810202,13.644368992034583,51.03499764611784,1.010704110378409,11.824380396202361,51.32369705445804,0.9920935174506784,8.0976986057781,50.930807142564106
134,50.04613061691523,27.471480504469056,1.1516233186542382,0.0,0.999233179192979,9.938090637737012,52.049621812939996,1.000065288952044,9.5230384867788,51.835522509415384,1.0084972216302555,9.721256282446092,52.29898597468758,1.029559863526697,8.945397217309878,51.659315226350344,0.9942433924727452,13.200233114653267,50.578672764147605,0.9797623211851825,8.737092490426441,53.15118284172276
135,50.052495829762066,31.60608909374878,0.5892188750958984,0.0,0.9740370741240595,13.041128367888954,52.23713238595761,1.0250341314156786,10.188095776039948,52.14108020690718,0.9982073705868927,12.683030877935764,48.53970077821248,0.9753206915476923,9.56491202810401,52.39014416344044,0.9800142554012532,7.692341690806096,50.51799175143299,1.0064518767887929,7.827545092268313,51.0047385933919
136,50.050718788542774,21.243311217870332,1.3727941716306151,0.0,0.9887080116566973,9.85559184741366,52.810128604305056,0.996859918455038,13.216502204467934,49.54426429574127,0.989312831725554,12.501115738641088,49.73573592231811,0.984277352899626,10.277649346444239,53.6990758222925,0.9773963790079921,8.639445624765212,53.788201423623875,1.0213642008307553,10.184404157064211,50.587925752249745
137,50.05652354475973,32.189547602840534,0.739346101635677,0.0,1.016044731439028,9.255516377497228,51.74626432571927,1.0191139940608966,8.813611301544874,49.67839258634153,0.9941659796262388,8.559679259669384,50.992748416714484,0.9897165578921663,6.9110476562523715,50.65404441214898,1.0096649846353567,9.686247887733632,50.39054040980077,0.9906299327989052,8.819624897860171,49.23422459509247
138,50.04022768180776,32.437456346575615,1.971811359795293,0.0,1.0044454941387981,11.6708058850862,49.18018772056492,0.9915256289750844,9.705635486341704,52.86949157504338,0.9875094705674521,13.410549593732583,53.33992854345197,1.0105852886125972,14.801605313550972,50.7081562492395,0.9896290046606719,10.757683728342977,51.05195327649705,1.0391295124834237,9.64909195094669,50.058926195017435
139,50.04775334908778,33.51476452197044,1.076365009948439,0.0,1.0099681832111944,9.258809364494578,48.98959840944964,1.0084231948018068,8.334535439707485,51.26610061786544,0.971081213489111,9.619818114595502,49.10615624814463,0.9974085508462909,12.358552534271118,54.2414918672532,1.0059664428848238,9.775698717201491,50.358709472038576,1.0077691893081764,10.469630254047631,49.657415782575384
140,50.0572078318223,30.1765792564441,0.6150026184891626,0.0,0.9753317778185506,9.539032422481428,53.10943963619539,0.9962220217606692,9.039864139338947,51.406029718266474,0.9861020000650452,11.94110286018057,48.66028770080529,1.014715150096044,12.481024302395177,49.51924353841916,0.9784060127263415,7.704694435580112,53.25714469179829,0.9928427451587685,11.753992337129175,49.86530707961015
141,50.05911082504986,38.44992426064262,1.558761780108797,0.0,0.9696957686102426,8.316929621179098,53.917960481217655,0.9776962048925474,8.496036380892937,49.173287242778805,0.9713089886411059,11.872481263732858,48.919792503192525,0.9821919006196322,6.8510583975582575,51.99098125515818,1.0087768681574318,9.581944845430357,53.04847120051784,1.0017339974424488,6.739509697234656,50.87746494881001
142,50.0502388649308,37.25550178385453,1.847345988503202,0.0,1.0111343542598696,11.070567531966773,51.692653229388156,0.9997427251392448,9.922489029227387,48.2838441561311,1.0109214230536996,9.276942398781962,52.351878441681016,1.014840984059997,7.796506060198295,54.44977966064104,1.0246402543946234,11.515578599159221,50.25295333364536,0.9869088023189594,13.975064134684517,49.857440756031
143,50.03605527975122,29.40173259857653,1.3994430080454807,0.0,1.0142066887524837,12.441859470910211,51.532628626615285,0.9636418869662456,8.667579861555696,51.16769711941074,0.9831818465080828,11.890775349423766,51.662831199194954,1.0014668027460514,9.723603316817602,48.526863868327304,0.9903035408715222,8.436070596854446,51.62273693257289,0.9834658710892048,9.514103217757784,54.346008804320306
144,50.06401016647992,25.275962601351914,0.8681854858880822,0.0,1.0414705823323243,8.77280904990573,48.896721730742094,0.9900237277343292,11.454717591593877,52.12811761765949,0.9907489552864602,11.633834950106777,49.99483958541467,1.031015483130464,11.0724401641104,51.200234775941496,1.0225578956571135,9.912650237387234,50.53965231303108,1.0108237025213505,7.762995723631025,52.63288964865934
145,50.05643224964303,34.08184902191727,0.8274035316106989,0.0,0.9956389084105812,8.48151702507904,53.73150111214071,1.015656812235514,10.16291448497099,52.894288091097415,0.9936007383327973,7.671940642914002,51.00264108053649,1.003563632113575,11.476298641927205,49.286647490196145,1.0088021493680883,11.564965116567887,52.822294316859015,1.0267295197621586,7.85107697487659,51.187503748112725
146,50.05311573608801,31.61349796328217,0.40828856284499504,0.0,1.0105095487055589,8.859853462996835,49.225940396549106,1.0113368663846143,13.782147650499635,51.24616083469096,1.0043850459098622,10.971227678190896,51.45852945627982,0.9943234601132466,10.744024827114448,52.5892903860716,0.9966569299526321,12.298597507386482,52.65385996386555,0.9771141642372618,12.610310757876082,51.711431574438265
147,50.03744601146381,39.176771993646454,1.6418997646300464,0.0,1.0298055769823742,10.534082491338198,54.070660008163564,0.9847873679613306,6.336659054256447,50.57378717943803,0.9760548561208716,13.083976649005248,48.32949608059756,0.9949794494378124,11.06168451146194,54.01034512612458,0.9857296936650628,8.833900020079836,50.46497407635141,1.031846955892885,11.877432218832096,51.81944476069101
148,50.05835204302691,32.7342544013157,1.903158318194838,0.0,1.028512271311406,8.192190504196242,48.91535805931824,0.9743341898390437,9.90261173784042,53.99428760526751,0.9886767561855471,11.525210133452727,47.84335804699595,1.0335829599411135,10.814387021976115,51.449835652490385,0.998263694957768,8.891306407326304,52.7280199363354,1.0194809815721921,9.186836211208862,50.32460131451918
149,50.06699876174817,34.73148606752984,1.6041800942089808,0.0,1.0088241706277918,9.839583236666925,52.72484084144242,1.0288081113719538,10.707438826172258,50.753327840543754,0.9838713082549753,14.305263426316174,52.39289008417214,0.9760132290688315,13.84575158951073,52.084891873082675,1.0286595862241041,8.764992133875873,52.55939314653162,1.024729142319315,5.887546832647824,50.425318237177954
150,50.05514221548296,32.3034967402798,1.5416235154594642,0.0,0.9788041083175033,8.532267999414941,55.662106309329225,1.0224867335738708,10.00933170531622,52.925827785957836,0.9404490082876433,10.964836200043779,48.35526423032508,1.0316909963029575,10.543007855990966,52.072363340676816,1.003572121271775,7.054813432757765,54.025199187854106,1.0047196221914778,11.24071167086766,50.72057872336826
151,50.04589907674578,21.382958295773577,0.6696247195149678,0.0,1.0149302757393883,9.919112545072636,47.53948079216948,1.002833131214946,9.602109346985188,53.62663971528131,0.9925381819829096,10.231538280968596,50.72164116345743,1.0257168959278011,13.598310227305339,52.18465987046584,1.0177826456365784,10.749477313395992,52.49380711766406,1.0289286021389108,8.448924942033452,49.835136757490005
152,50.07429107709685,28.94118188281233,1.290826556930515,0.0,0.995009275914386,9.707397638878554,51.998077300783905,0.9950854928840185,8.176174318720813,50.05853040269631,1.017763141413835,10.46303157132668,50.93506516725622,1.0175749969093042,14.262825450887735,52.177465281599915,1.013099765160729,9.96238971447813,51.17378335253014,1.00789546945332,11.054818931052145,52.675022138068044
153,50.04104542054413,34.19137526073535,1.8403417022759276,0.0,0.9964682200330905,12.223176788896726,53.64020714419884,1.0026281222756774,9.945812623112097,50.47915828532627,1.0104637987884826,9.140347520419231,49.89000052178659,0.9832473398254157,7.559342153074264,53.59639456946711,0.9806491912486401,10.888792026520555,51.06467299889076,1.0260978179700306,10.283857742695853,52.79367459159252
154,50.054910982263536,25.475942252170896,1.7767701360551806,0.0,0.9993125858193015,12.879699920654813,48.88609794045948,1.0379682769694587,9.777150787248067,54.533603963464586,1.0196446952026759,5.749377044855174,50.074558698805,1.0149061817548415,11.743194066925195,50.681598155814456,1.0262770863721222,11.601819043307389,52.024774916627244,0.9736351388811484,11.14744924815441,52.72791200850642
155,50.04457443956842,30.525249963001716,0.12255962125173192,0.0,1.0210673185487404,9.336585901457605,53.15059167690823,1.0191383215927408,8.860855765913184,49.37327765277317,0.9764264878566212,9.437908440753594,48.988876998053456,1.0064975921274755,13.475138972904096,53.45333257043648,0.9983864572674179,8.205744394748175,52.5324941194788,0.9791465895221397,11.967866395567087,50.17241281545641
156,50.03472037039742,23.517240110589505,0.14289051794238916,0.0,1.0014828409164886,6.114088801152319,54.06119104200926,1.0036494588984506,10.925045265054798,52.19726487579334,1.0095214858767592,5.89993288157931,48.52195515965547,1.0109382781756715,11.304844814520944,53.435374895455766,1.002568197577928,13.852651643266979,51.33341567576337,1.0019195319337686,9.706347595769468,54.13417765318503
157,50.041353627491965,29.822267387468013,0.7702949560925445,0.0,1.0112378324950273,8.43876235683345,51.38840786724756,0.9992303217372622,9.950166667894033,49.84309077773262,0.9886224520611576,14.17864518365295,51.42710309194766,1.0116071407839573,7.819601513763562,49.30355757371972,0.9893704418919177,10.16422157689916,50.86739189615367,0.9889459661981747,9.241883174840657,51.20471565824498
158,50.063620336611734,21.212008101404127,0.42721737693860384,0.0,0.9948318294668772,10.605149738890503,49.77077679090779,1.038188616864905,8.970952606337315,48.77636680181191,1.0005619244161497,9.454799779911573,51.5542109157002,1.0103926043270854,11.483605595617522,51.398692935554664,0.9966939450774017,10.55238324601257,49.884945553653516,0.9948492101192019,12.375314522665791,51.976532202758456
159,50.048432126593774,39.99572441512098,0.7754801387413337,0.0,1.0545138315537734,8.920926653812323,49.393562285217314,0.9645054674013352,6.493238628268964,51.51561412900085,1.012864999004064,9.321571166909154,53.44665945988699,0.9451516000314278,10.769150989333944,52.22340354000652,0.995304021004496,12.115077351868273,54.31539864444697,1.000073463121226,9.469293313859051,50.09470571995001
160,50.045164028568486,39.001681703318255,0.879041686129409,0.0,1.0121188993061239,10.529013997156682,53.14986721369535,0.989104859156745,10.069815136080557,50.859853919186776,1.0047692550868221,11.591701222492855,52.89045157732759,1.0255963169090272,8.38319549162328,54.020615052265036,1.0123189605806346,6.15850634045966,48.00893132156815,1.031953196386539,12.364019396593024,53.4498464699879
161,50.04385833976966,22.60421498283652,1.089411482258903,0.0,1.0201883490313246,10.433521277493933,52.114762755148405,1.010007634881103,7.83268199734291,52.264934280466164,0.9717325517042676,6.479051420633345,51.78191744029552,1.0113782851301258,10.850699764525002,50.035851466459356,1.0159688454662312,9.55286789663977,53.777558422037,1.0106183599214873,10.590404011576243,49.94631128796796
162,50.06554569618486,22.218061257090223,1.2480877848706387,0.0,1.0078751714787824,14.09668636270909,52.81303933657069,1.0152062840298668,8.948141572768035,49.417198543741264,1.0028790400693819,9.628999207597895,54.07311864585577,0.985299803117209,12.75620005306991,52.343947794622395,1.0394270629654372,9.434096896740117,48.06646800645832,1.0298930353298037,12.270118629387124,50.61981718143105
163,50.06052510854296,39.13922748369755,1.1253669874348553,0.0,1.0164202496843682,13.224457382760892,52.9251714429238,0.9627708900424561,10.690125478552954,51.21281427666215,1.002820501502831,11.409910026167719,53.33237032499203,0.9918659157469487,10.536953193932396,51.85450132022501,1.030672393609707,12.535310261512958,50.69481198749373,1.0049719971985465,13.498812055170063,55.33611650012384
164,50.05673021932687,29.38834187355456,0.4831519672098106,0.0,0.9758943687093858,8.91771803948972,51.94089964057632,1.0281487341191313,12.026025488414243,48.4295948200697,0.9803678260785093,5.664110796302859,48.76906328218279,1.0159410750903421,11.553238489691992,50.44011530308204,0.9870356585815884,8.600732688871414,48.66342429675241,0.9995329963170517,12.089439827452365,55.77955787334144
165,50.0542184489926,38.08512875052392,0.5850065627612357,0.0,1.0103440238071424,6.0535651439067655,50.816267518806725,1.0303534938740828,10.891657836165177,49.35244749836037,0.9963951101925788,11.448467542878161,50.18527290911017,1.0027978136282882,10.178963884307082,50.783638890687634,1.0007088809044529,10.034899022606727,52.5088768286015,1.0106149453189948,8.097403487628856,49.33070689604093
166,50.02383047976308,35.45931430013761,0.821328011106504,0.0,0.9582451185641145,8.689111058489058,52.84155245638883,1.0099296837384781,14.409397482727469,54.81161019346766,0.9811161683359719,9.26480509612855,50.85821457737076,0.984537389695634,10.972559389689964,54.70051623941306,1.0006196110983663,8.253604315350849,52.49462490102662,0.9825745148692075,12.00372972551019,50.73939396057108
167,50.06806790666657,23.057894525922354,1.6177777230465353,0.0,0.9861286795484463,8.800403967077651,51.76338527525406,0.986237951199183,10.04314782580959,50.85313696934194,1.0068107021065738,7.072902863483503,49.96088711351213,1.010926299342221,8.559411162457534,50.90142207240257,0.9828590766234171,10.155350479446376,52.04581100972266,1.0009073550528944,12.397233046321404,50.80838796329171
168,50.043006252484886,33.09918008525188,1.8564387457492537,0.0,0.9814661650594674,10.691648443594348,53.56315502552873,0.9746552685927089,9.130268064804378,54.68934145725849,0.9861450399422569,11.757425697445047,52.432862158367186,1.0108783943040784,7.892833994975259,52.0301823813184,0.9435813867712219,12.714339318817268,51.75005202548068,0.9530524459579429,11.045286942656999,52.49877375459332
169,50.05880358535026,39.05077947048668,0.6998985647594766,0.0,0.9728524184793479,8.785297470517005,51.08974458262049,0.9565491493465221,11.374252057950212,53.10156899901659,1.0029509801361178,8.640142892829735,50.67717845536171,1.0182944157521567,13.173663244691506,49.80881492941788,1.0182452565543136,13.520702495293106,51.060667400839,0.9890565289306305,9.58447867306324,53.181366077299785
170,50.04578041881529,39.39682601186256,1.6975626543916436,0.0,1.0216316302773134,10.703395421902906,52.28307544276247,0.9697800889409676,8.34366164174325,49.66365984023814,0.9935378061703225,8.497683561814071,51.725139731521054,0.9954864802144632,14.439052230393251,51.62775213986175,1.0007338063524804,8.723233278464127,51.44517532397025,1.0202775271315485,10.619806057581268,48.062401219052745
171,50.05008455593008,35.6614978604549,0.9498091729756142,0.0,0.9689327402096247,10.09392965781804,53.59441946696269,0.964223737499476,9.144505087827842,52.00740741267966,0.9898407922389871,10.320898559077488,48.32179130200098,1.0120330661883956,8.668027729354266,50.13882794445845,1.022093421717642,9.429972915784834,53.122283424084806,1.0128671805730975,10.810533218420117,50.06188859739606
172,50.033413891429824,20.790810484511745,0.8955687996053787,0.0,1.0014221128377314,8.330956461790468,50.86250928943302,0.9792165031767377,14.025820074632954,52.73740759988551,1.0115802751558733,7.496450746393604,48.62899737198751,0.9941872947574393,7.254497890982584,48.866826377869764,0.9919622798892995,11.92146035139604,51.84946736400115,1.0159664323649709,9.993741810514503,50.30545669661318
173,50.05388863913337,20.785282632655925,1.6186092618041488,0.0,1.005576070422094,10.944035648899714,50.766502924295374,0.9943802344195432,8.5260510015651,48.46589955790329,1.0414217072129255,10.733192513979553,49.34721496830254,0.9866051042697804,7.387478323681213,51.94710633105302,1.0059639808363041,11.830737582268924,46.57753070995715,0.9929479269422897,12.602191164223589,53.430477294317704
174,50.05708763501427,36.73359512864114,1.4372272133941182,0.0,0.990784850794737,6.0425333236937115,51.55822699292057,0.9633938324116145,6.547535298589317,52.790531082671485,1.035670903770253,13.175085772498619,54.34602689308016,0.9979826217234975,12.622336497299512,49.37056830729922,1.0043191319591667,8.30878841293952,51.42869895530214,1.015219153594864,11.40888730698612,51.3859785777766
175,50.05471032866093,21.486288850769636,0.7328323070766176,0.0,1.002324233596779,13.822964485908638,49.98404059373508,1.0075653677134777,13.618288667426935,48.85872452478248,0.9840054865497583,7.554906130146226,45.65751899608065,1.001999534007915,11.410575851915288,49.659448186678226,0.9830400975805562,6.099268827149508,52.87149066761336,0.999329847713372,7.5724856067191215,51.38319929117765
176,50.03612410784217,20.733749597156542,0.6495957535518471,0.0,0.9894925366746589,7.87976127259804,50.012884470216086,0.9709283311917565,8.898673983769287,54.77152553939974,1.0056602736181146,14.049181168289044,51.15323561328528,0.9865022530641211,11.558921300791404,51.915483115501694,1.008000317167645,13.577183989746178,52.04587083990707,1.0095555521826434,9.51878880316396,54.47748989076549
177,50.047461815442006,38.54986540559191,0.6634105030045601,0.0,1.0320545414992144,10.260834602573846,47.860039855573014,0.980560942384435,8.477453516350941,51.78379975664729,1.000413535217578,11.459816004160066,55.00457849892973,1.0092691013300854,11.47849562437271,54.180212817308345,0.9850762011524953,6.60355134914319,53.70305686385853,1.0111910409384324,8.752305308906177,50.866697792814406
178,50.0357895241227,37.473143184211274,0.3363198529919431,0.0,0.993618440747934,11.385558165026,47.31284113934704,0.9622894531171492,9.011794290296594,54.11935392612096,0.959717630471078,8.969114746464825,51.84190336897441,0.9906055963475444,11.139992082405925,51.48086555311776,0.993897536206263,8.756506135013254,52.5111484229425,0.9679345032257842,9.720907805602097,50.93215624253832
179,50.05736253074684,39.475313590436286,1.446090290040524,0.0,1.0026371551130102,11.040408188227476,51.59431108927069,0.9853548926752608,9.648880032114052,49.33993348262596,0.9886311766933229,11.578142900930983,48.2805395774832,1.033715350641122,7.614381684072636,51.72449582314985,0.9505190266960535,10.560904189771133,50.99994259064111,1.038149994885887,7.7713636048605474,53.0826123566678
180,50.04233612214974,32.63726143476166,0.7543772145047403,0.0,1.0126143550599387,9.595422437661906,51.44497746352387,0.9781010721500388,12.084371170283408,48.90913644988347,0.9934762523647348,6.279331477049039,49.898800154414715,1.0053834557073769,11.417499432932395,53.96980598403964,1.002771404804669,12.040953723182087,49.1730755022342,0.9984932991387918,10.19093043116278,51.6525891686399
181,50.052106017355044,32.198381147290476,0.3301273785927228,0.0,1.0054747034844622,6.662946393757894,51.5425920298968,0.9830971782884824,7.969296058188776,50.26648596539213,0.9854389393167494,8.554814464890562,53.561010502883605,0.9882841751977038,11.770548456983736,50.939429700576476,0.9963874821323571,11.722433730173904,53.324648377873764,0.9883196463114151,11.28209842515192,51.79698495702188
182,50.04553104346333,27.120623083602684,1.873585526371316,0.0,1.0052495014516483,5.615457704031065,53.8999311584919,0.9829342184830538,10.222417981473225,50.04486486494115,0.9659587955122744,11.205536179049751,51.62582888160622,1.0235341481909117,7.032876013492812,52.67207924110481,0.9764129435976089,8.722000162026971,49.20237343840462,1.0067909043388723,11.054567069334816,51.027831912374154
183,50.04865170299462,31.281829362321854,1.9892794065893733,0.0,1.0202510628403614,14.50082543321906,49.612484988804276,1.024907145527318,7.574225048028662,48.739818865579785,1.0186310729002208,9.275414411996335,50.25307568118912,1.0183072061365068,11.211590274096753,54.343701504845185,0.9729051839621446,8.003959954817075,48.84378525173732,0.9846430775543882,8.136569053733647,52.26582717107222
184,50.05758326845866,22.45502970882028,0.5289502157500507,0.0,1.0077296177878072,8.767201993062688,53.032626939471115,1.0209868977759977,8.639571790576342,50.40292848262606,1.0150516281569524,11.933492926985897,51.062224283717626,1.0459608911896623,8.074731527728485,50.49725702061555,0.9696959545966987,10.666949924350465,57.764522503428324,0.9422738216519937,11.505466727614689,54.76579316736338
185,50.03514422634031,35.87582746641105,0.10910638020281493,0.0,0.9870793654511623,8.255169862499699,48.63579865062531,1.0035875615053174,9.17812860913754,53.54698700406665,1.0115279797508474,11.404991130084936,50.81092957163691,1.0117603342793866,10.554917245088728,50.25063448980818,0.9806054640399441,8.824792273308434,52.318459415719,1.0145591540300958,7.009462636638522,50.55619661206984
186,50.05465429061121,23.139737629013275,1.832496804797733,0.0,0.9875831856260241,13.500595723552056,55.984374081838716,1.0364969198035285,11.203760175310393,49.75553030254894,0.9948092032248429,6.826777694180169,52.79608331100665,0.9965568917082258,10.058289839689616,55.477599103191956,0.9875156119643264,8.137861034254732,49.45174326864181,0.9818549544242429,5.4105694177447425,51.42563991520764
187,50.05751767608106,35.80629874758229,1.1591185165125333,0.0,0.991769210504201,11.87680417165314,52.91417690630241,1.0046402926758693,10.629322518257998,50.77961151607025,0.9994505723628254,8.130911036381756,47.27869003055641,1.0212933197251808,12.837146951664499,51.348602559549406,0.9747285211705474,9.800733750224095,53.247534735057805,1.0039186912830187,10.28863214136722,49.754532062899784
188,50.06652807968173,25.013997514857333,1.380390205992229,0.0,1.0195512862522855,13.81175302841071,50.313004963593166,0.9913344221369428,9.02429670789709,52.07927261777984,1.0030397392430108,11.000756793531751,51.58903647365105,1.0206187132808437,10.206448922322128,51.40832475042632,0.9776269205052291,9.722625573555737,51.06196327148944,0.9821507953235259,12.076139660089165,52.640483343252725
189,50.045858690842834,36.02205498034336,0.8196606958654997,0.0,1.0051202934962045,9.179201684619478,50.71265358957613,1.0171051384198795,12.156459652293314,54.769255467967774,0.9841355275266169,8.318226121495632,48.38750069133614,0.9924700618780212,10.923395319141436,50.23629746130859,1.01800239996441,8.200312937009919,51.7945846997346,0.9920321903302664,7.520483684180714,53.05902772543577
190,50.050705974696214,26.029552492882555,1.4948035138919802,0.0,1.0260702674132784,8.42054434948089,51.66864050806994,0.9794664765613932,9.105233550299188,53.34880282325681,1.0013491531642744,12.266186048298035,50.21120335969676,0.992702551355538,9.22061776698655,50.982837070143965,0.9572671150421466,12.690589697699114,55.76883816480996,0.9887019662453611,6.803207289662305,53.25745370989506
191,50.03371768420832,27.929308761236932,1.4378098613286212,0.0,0.9812166346030401,7.566887677954847,48.14116727719626,1.0356865325829039,6.630083241015852,54.08728586949158,0.979585756141131,8.081076521220501,55.2854049605454,0.984734694382345,7.848648537541207,52.61762176047366,1.0309337104994636,8.83216147007452,51.04562296439801,1.0394530841645717,11.362953924050778,53.490844295412124
192,50.04920976838608,30.94183182673897,0.32821825462765863,0.0,1.0127178176660294,11.377393562137746,52.98586713882346,1.0149286636760677,9.368455926355393,53.13437879534705,1.01515567449087,10.792308627255146,51.11519498043355,1.0070892201761277,9.795998598880802,46.47962640942559,1.0215526874424967,8.879943807631788,51.96782683255958,1.020695806787595,11.075931503764506,49.559940067290455
193,50.04719384399852,38.458902901549855,1.2739421865896157,0.0,0.9733020441336705,11.991072662023576,54.73713539821616,1.0291509060065918,13.32650545274078,52.61641372982062,1.0037838486912523,10.566361019279142,51.1838523378884,0.9599468733417295,9.344900479785162,52.451426062470496,0.9555125497241279,8.771404328538146,54.34584050377954,1.0050355338362147,12.877746046246035,49.5657692262538
194,50.06154280916113,37.55907296694639,1.4068613343299088,0.0,0.9859326860653256,12.106611130012205,52.809850777792825,1.0055579674824284,11.229897985039955,53.66509642378949,1.0063045838639273,11.139791545478323,55.02338687302798,0.9944951560079395,10.905552612838543,52.132656108050156,0.9847511458319288,10.63760703605894,52.28361950863858,1.0157689780619898,13.235453263097464,49.500904805320594
195,50.05092924237229,38.38726957857042,0.3744057342730305,0.0,1.0078265215488302,7.544760187786436,54.28409834733466,0.9684368499267665,9.134333108538412,49.84511836278463,1.0077508734052973,8.306823053669467,50.042838539519224,1.0032670585216594,13.833745478290156,51.505987054922095,1.0053097046220982,7.9769050124540595,51.73841710506544,0.9935521502453146,11.4627382305896,53.77794358535552
196,50.063712790618624,27.541814901909508,0.3308141860585263,0.0,0.986934291282021,10.06767112887529,53.7208445291386,0.9536131910621809,7.485082385582081,50.439227452335025,1.0313653155640181,9.271358026814536,52.00571286033699,1.0028702520580235,9.464520969670858,49.64325721350425,1.028773683295842,9.06812053384861,53.164536402652026,0.9969550162083556,8.393684808898552,47.8353778847181
197,50.036300276899325,26.351569274600028,0.414459951523408,0.0,0.9945883161943189,11.802546830506415,50.32344801635582,0.9625576619896641,7.715681329450486,53.40169608054138,1.0272054935918404,13.58634033720115,50.65956043794811,1.0180561341811913,9.953950585008473,54.74904494548551,0.9808112009412028,7.495846461612418,52.36940089325526,1.0279061433092964,9.046801007894096,51.60538816781239
198,50.04168349156331,35.90545165252128,0.04512001528773135,0.0,1.0098852589266163,11.464774209716266,54.42463300675248,0.9754033426290494,9.765692722922969,50.22265815008234,0.9957904823182404,4.622046336609633,54.94539128558151,0.9816788951407156,8.764906363651015,49.17532940829259,0.9494160821064752,9.513223875601321,49.68079944070543,1.0077399492228671,8.279017512336482,54.62810631595541
199,50.06007852566696,29.415269414443188,0.7793653957728088,0.0,1.0074015660780002,7.821300674044764,52.616032648121035,1.0056850391260437,9.778658640737683,49.48544986289305,0.9776983172358756,11.877078060967325,52.21386768507639,0.9930352093063562,10.600898458712477,52.97040556126967,0.993466228960424,11.264068079205188,54.40610831491832,0.9877493376984763,10.674947858440722,49.77285031040197
200,50.027256437105294,36.97871654414127,0.1241994611634325,0.0,1.0159775789720187,10.981522416311874,53.704083250586756,1.0210815719414685,9.89233377198352,51.563879184195116,0.9960990556477938,10.359278861483293,50.5045052271072,0.9648342809153343,6.870073123772931,52.88528850078844,1.0060645360849223,9.365004991747934,53.546317405692356,1.0037248027952095,11.77692014271362,48.478164500201785
201,50.037489757814704,39.05695483621574,0.6161035272739688,0.0,0.9972450592877402,7.464441865429556,53.884104415004046,1.009562043575383,9.006119246768648,49.07306837484918,0.9884216943130579,10.175880082202564,56.13149433451836,0.9536743849282622,7.242390168300409,51.896731467350925,0.9776441787801698,13.46325869191316,48.48955908426589,1.0044449883684496,7.617553980220401,52.69148203908162
202,50.0517923585036,23.096245227829357,1.4581117773592145,0.0,0.9907133486235732,11.852589338189922,52.44435289258088,0.9834331370599271,11.456189074327098,51.35022049862166,1.0054291115166225,8.303927950035389,52.343288554744035,1.0170568561629192,11.571627072531129,52.489768289591815,1.0436334461319172,11.411999346596449,52.64214577917153,0.995327263195272,13.316610891754575,49.97404325390204
203,50.03339419262078,33.634699759357616,0.17713884212514364,0.0,0.9955131772642931,10.331011023123144,51.59962328732953,0.9941148409803093,11.052450772950888,53.900754565403545,0.989205639429353,9.831578367867326,54.075158603933275,0.988253697319775,8.924208918803837,51.313280313074216,1.016361611227216,10.1278931306477,54.63507178955992,1.0076117598498466,11.088164398882748,53.66714825024449
204,50.027833772510185,39.59034536383096,0.14276656657162223,0.0,0.9873061281820952,8.670766063617824,52.395747806986286,1.0370932702923294,9.661947226567644,51.1505443585015,0.9977207341813032,7.307569230085816,51.87870978858836,1.002081283397585,9.690922358496877,53.3314903447173,0.9874427852785149,8.422845258904475,50.6303215180041,0.9807766712441839,6.4931435671046,51.37776127191908
205,50.04936820483937,30.10353037053879,1.2476042461815984,0.0,1.0177310117484193,11.50878677851523,50.73506416074528,1.038878989713673,12.536915964968468,51.826684117165634,1.0443602092443225,8.81408953066044,52.10739520397714,1.0210737682389643,8.749817813147374,51.5436971051626,0.99056326115399,10.078350431198663,51.871085309012216,1.0264967694024079,8.680117356557226,48.39189488882965
206,50.04684637477555,21.65189716933697,0.9178576104344471,0.0,0.9647173497755085,11.057310506490643,56.800420177297326,1.0203467020285433,10.780261276438145,53.443991252307235,0.9832308631391813,11.341626705176878,53.68044571256401,1.0084276323733126,12.130486273818715,51.11867958894415,1.0262985222837757,10.194810974689197,52.11748359887996,1.0000485220841027,10.443101079495388,54.17149913718765
207,50.04157237046388,38.24745541816202,0.2359211000931456,0.0,0.9954822791324653,10.268992917679487,53.34225584980284,1.0094279944703477,9.81302377656231,52.50385626262441,1.001801806695082,8.72085489383783,48.596690548232964,1.001975185890393,11.455649502950388,52.67826773752003,1.0009961279724908,8.585191970661153,51.34955905462779,1.012626265594466,11.974480214391946,53.69432952991303
208,50.04592396591471,35.11786063811134,1.9935832071992077,0.0,1.0401772625998245,11.040253453489306,48.49288706185348,0.9703331930057744,10.887148865457402,49.96122006870895,1.0255866976148271,13.930917649301433,51.059153395944584,1.0006194422647925,9.414913028548495,56.190059796682576,1.048236007512133,8.636484926126863,52.95975094945469,1.0182730906607522,12.73950884834998,52.89971704074788
209,50.039082504015354,26.36597216974928,1.921949945711086,0.0,1.0159601105735145,11.006974131996124,52.687909976926576,0.99074714517139,13.373931390608922,50.817999903399084,1.0175286025288373,7.671085392759746,51.428018131810404,1.01263519054075,11.03347851595979,54.21675159434728,0.9741861100802596,7.503255453406886,48.89385976981034,1.0140278583574382,7.350839056546127,52.237093061369606
210,50.02758351300378,32.039651560047766,1.530364569173234,0.0,1.021605212132159,9.446225088087598,49.626632380295575,1.0118205049053732,12.439208348114024,56.1902675400428,1.0339912285303376,8.754322693059967,49.55251123709496,0.9998070836702172,8.474535736637492,52.10940830187897,0.9948008172922367,10.596785464364205,53.120194204178325,1.0244291927966689,8.391240276665412,54.726295576254714
211,50.03860090519746,29.601654304502333,0.3485592778131119,0.0,0.9880847069528822,9.61134781176046,51.026438571127485,0.9806016437614881,10.714643777939813,51.03598508515691,1.024088997289937,12.795129686596471,54.32086131993701,1.009680730878342,5.917746469030942,52.60422375655659,0.9593639731424981,8.072662990979559,52.35247917584843,1.0053657980287372,8.432444706087798,50.274799481561566
212,50.03272426322782,21.5397487417261,1.4969905495639133,0.0,0.9940084316523988,13.37483783667533,52.08784054388359,1.0132100571031073,6.445149324130903,53.45970900947693,0.9914959279041453,9.07513589610474,51.0073366349814,1.0043954154640926,7.124579254756881,53.24618040743752,0.9834671652836777,9.387533442244195,52.148545628937946,1.0551833992890383,8.984469640890591,51.02400144036885
213,50.04212056172895,20.618290956907735,0.6343631769944731,0.0,0.9730556015762319,7.869410690480528,55.850922586838266,0.9929198442997904,10.100528042640303,52.35938888243856,1.0301478449201902,9.314938897035587,51.15237283857026,0.9687533868997937,10.902685394183028,51.808094259459665,0.9964528744026642,9.891310629923176,47.95793225184175,1.0159111556357476,10.410303594576543,50.68314711441009
214,50.04803941360971,37.79836367858957,0.7673333800372935,0.0,1.0257929647207138,9.463466682557554,54.31787575759884,1.0117934651095213,10.82829138877235,52.46283124315428,0.9945687315602301,9.61634372298017,51.11666824700795,0.9874872803886812,11.102013168390508,53.051637236793724,1.0206594423846638,9.781663948929676,53.326180277975155,0.9837667216465352,10.573591558641864,52.5117593693049
215,50.02299093304757,34.782193870370165,1.6543763623189975,0.0,0.9868910503917708,11.753259163002808,52.55646456373096,1.000719870302824,10.311454577395445,50.89224906645438,0.9784968624776466,10.31922134552805,50.15831744022869,1.014352715952055,7.126069467809964,55.00950291317954,0.9874357447014613,14.648115384166553,52.326738814534636,1.0085633284765203,11.039435753639125,54.75574851507483
216,50.03182977256775,35.953093555296654,1.5746035003453829,0.0,1.0195529291586944,8.54039590796297,56.206063447160794,0.9820788784304318,11.089334304924513,52.05458222089957,1.005426200636683,16.145376524284668,54.023796895730904,0.9997263986110458,6.316324201950702,48.58006307088415,0.9757701826512732,10.547157987846607,53.3800269160861,1.0343004940315401,10.208741252858488,53.02402093107689
217,50.0458407551972,21.985638561328862,0.05276125085375849,0.0,0.9948894436883389,11.821093361326415,51.623944862736785,0.9925941589859745,9.945503213559476,54.4204218369232,1.0011837155977437,10.906334777082586,51.37702695259519,1.0223702881951497,13.146174777985012,48.75135517919564,1.0050573392206845,8.237386625026927,52.04284255369608,1.0067298422263735,11.122833296559918,55.897668604669356
218,50.05182895051721,25.99246750117698,1.2748827613075593,0.0,1.0031125652916577,10.758117070279472,51.877234285622336,1.0222576653579012,12.034311227799849,52.695585062635395,1.0186891666361502,12.617918176061462,50.507111814213395,1.0067712895633913,10.190353511514708,51.9269172379628,0.9970193341079334,10.398731163034869,52.719978493704744,0.9728925331076057,13.827161422522739,51.51091275711908
219,50.04061093157504,31.016062279417714,1.7711570719405447,0.0,0.9726115657988181,9.807393121979535,51.30940003697615,1.005389591116831,11.061621669627227,49.09630224871317,1.0081243402034472,7.516441305453645,54.89165163957471,0.98651083440418,6.386022887572932,51.884320644286,1.0078859911491853,10.502688607952647,51.75240002928946,0.9666776050603264,8.942220812802777,54.023575734495
220,50.03528123809989,33.559730840232994,1.2038426461836493,0.0,1.004459317395518,7.672137768686053,51.25842081343364,1.0032358065242846,15.057670645717437,49.97836616621603,0.9574668030931419,11.396885150559418,53.347469098465844,0.969561683686658,9.729946339269208,51.99688012499182,1.0059167905296498,8.276188916304147,52.923637145045305,0.959403893094537,13.190791596999045,55.97418758024835
221,50.036719471952175,29.93547243083404,1.9375223631601874,0.0,1.0426835999438349,8.83271564155949,53.17585539215613,0.9776190080545154,9.572124897191063,50.077183382414816,1.022292303596297,7.874645100984537,52.951184479024725,0.9992695877973671,13.137480645560409,51.069424629766345,0.975959082098027,8.800402347981455,51.99893371498739,1.0365448271263866,10.006832675593687,50.951798764271246
222,50.05895046575214,27.63591716955432,1.1836438033849255,0.0,1.012712124389596,11.177315478811373,51.80390280408572,1.0380396556618503,8.69807076792435,54.54759396890916,1.0027587082997362,9.115519379213305,51.55615773319906,1.0056232326403713,11.849139408106376,51.517547138314505,1.0262250858136746,13.320685997521931,51.244886202120746,1.011615872588389,6.94751839882556,51.16195097462991
223,50.026619397726876,38.60273463474857,0.1935763889465727,0.0,0.9933083199967233,11.435312849263688,52.117359187829905,1.0118604126093425,9.884120891397346,50.62598387514986,1.0069432739831028,7.648001733434335,52.12675019450519,0.984525229996257,8.565674331758043,51.78425868408158,0.979364533334439,15.128763141210268,51.3423667597547,0.9665100069945651,10.984358143372324,52.97992888252335
224,50.033157268684086,34.308563043613205,1.3641193071817699,0.0,1.0207974456350006,10.834615383321571,48.5722632843359,0.9922996446433031,8.958661907412587,52.43217039301327,1.008890879059546,9.608163159550205,50.99338968610991,1.0323464220075835,10.02442575956586,52.1196903761972,1.0276311038222483,9.327931245081215,52.993598423497815,0.9574643021869653,8.116646709909212,50.184625047312544
225,50.037468972587504,30.97755123397306,0.43000814549365907,0.0,1.0165186312163788,13.320382878409493,50.31421341669472,1.0016475487145318,10.685926661350198,54.47695487340378,1.0260097791049236,8.526060839579342,53.03744819318309,1.0151721026004528,8.009196594155794,52.546649203327355,1.022767928058065,10.833022651177307,49.70170749700308,1.01503677856461,7.093138208351643,53.48169843812287
226,50.04211923844164,20.101140875727797,1.2374972585773756,0.0,0.9631239766837602,7.4423989671899315,55.18088755014888,0.9840908645000642,11.93749371350317,54.46422375514627,1.0099301143827468,6.377436862139541,51.60876911607611,1.0074485487581049,10.589221135401166,54.73265048432525,1.0067209039848508,9.056479961398145,54.963946055984835,0.9682774745622359,10.492731035645411,53.86078572090954
227,50.03952031765173,28.938659638942287,0.06627854259477006,0.0,0.9800387915138065,9.334780114409755,48.617212275457646,0.9755870103022026,8.269682329378574,55.28340662720212,0.9957414654798751,5.763543010799799,51.19298998856479,1.0035280976430667,6.958270633694057,52.997255584442144,0.9828658065032354,9.170775613497081,49.5118943628412,1.003146179852892,6.886112984776412,52.08831660375865
228,50.02591748710891,29.397844693907214,1.3598351033017486,0.0,0.9858885472209437,8.252077415104894,49.228541016756694,0.9891298100648802,10.88709231994766,49.83001662127787,1.00248345447234,14.897084294758663,52.31577343117741,1.0099642273814735,5.9807116473396675,53.05591954512831,1.0047716561505944,12.897594469285556,53.57487039163206,1.0060164974828458,12.771189417152549,55.580764096882696
229,50.03218784940475,23.722036245082517,1.8585693289135614,0.0,0.993848996710776,11.547706979223774,52.75150113167083,1.002169888996839,8.867724650283536,51.111814847580376,0.9784768838346037,9.061517558943075,47.77953267268743,0.9578821418440677,10.88967606101993,53.61301617395184,1.0268209414320306,7.70528547902094,52.80516516608404,0.9956729722960868,6.512006191487533,48.99652096186631
230,50.03853290709598,21.173233274159806,1.937021655177116,0.0,1.022973583236378,6.967379507385611,53.690037214642366,0.9659568056958937,14.1430277397932,54.19160748451168,1.0185783821216456,13.825849182481944,55.89449514391474,0.994271970668701,7.914332641295857,52.42404091702047,0.9888270161704362,9.699996765413271,51.74157759330305,0.9685901397708425,8.363838491761925,54.440487446889534
231,50.042418046646155,35.29039236350563,0.4765150570780594,0.0,0.9877831825571398,8.18251147098248,52.01074867148922,0.9956316544599987,10.567417915914424,53.11288602917576,1.0189324447082166,8.551340052982892,49.135793853898605,0.9908674602565919,5.305476171830186,52.74528390452282,0.9848074689347844,8.252811268605193,54.241219074002295,0.9896530337028215,12.363099570857239,51.946233141323084
232,50.04875231647005,32.30144163826577,1.497676267737587,0.0,0.9901921596677764,8.535041850478716,52.32035350144471,1.0077449840274246,9.097660343482895,51.08696301698792,1.001703002532586,9.310651539127544,50.967538896359464,1.0215326939976979,9.082451932014223,51.64696917993138,0.9828280596079357,7.379493208451551,55.768736757509615,1.0177776894519095,6.205181423345337,51.80062267536298
233,50.04619163540778,22.526527333285994,1.407736230410803,0.0,1.015641984942176,10.442921066877386,53.69788931322361,0.9805538803396947,8.534324302319888,53.39152242851102,1.016105295865609,8.105752725088616,50.21615895213305,0.9518197305537419,12.031335555067175,51.21929203578543,0.9862666091505239,9.657040402535184,52.29511311181837,0.9927831370930069,12.359749521276704,54.47776773798412
234,50.040184488855985,36.70167602192929,1.486933202613366,0.0,1.0106352201834037,13.27399059489463,53.662025200416146,0.9850416972331794,8.376228606041613,52.77694835757443,1.0093434611304697,11.206323170210645,51.52478654683973,0.9876572300499985,6.624969580970965,52.362696480794504,1.0274927327174466,8.352802906421475,50.76851373492187,0.995665938937067,6.895561405770845,49.64289257740379
235,50.04795461723528,35.37057377111668,1.0981915845629415,0.0,1.0100210105796765,8.936099512295712,50.00685950876896,1.0149434122532486,9.471887372337264,51.71884381294558,0.9971691589097393,12.333212205313057,53.51421881632494,0.9749378404128339,7.290782771683083,52.11339573025645,1.0126093196052166,11.021665119891226,52.28929840456396,0.9944847270095568,7.137539727168952,49.560446306175365
236,50.033769009639315,22.447178483165906,0.9200953229240383,0.0,1.0037917537436012,11.584221937502015,50.72798658626095,0.9702735238382035,12.57205970518007,57.53759502571127,1.0207775030358124,11.079769321227163,51.05524816474851,0.9827660913483272,11.957878049765958,55.8126913493021,1.0030949993161753,9.95872277660109,54.058898319439216,1.014460144909811,12.074228375787857,54.02784298416015
237,50.042185426226574,31.639674806037036,0.37051323122378577,0.0,1.0066965360766356,5.422440709591997,52.06708391168623,1.0371981426554338,7.761559508648202,53.03259522330736,1.0244121512229762,5.245016302705192,54.04905003065266,0.9791669648397411,11.986568055442465,50.888487613824715,1.0022362260503217,6.035693415286286,51.308184207555485,1.024313721380809,8.422782330782617,49.03477185602368
238,50.0316457627615,34.45740478032931,0.38344090241442097,0.0,0.9890956824193556,10.683527813311954,50.559682667841045,1.0200672204394088,12.4641255597997,54.428793574970555,0.9907917638725648,6.275789959159379,51.563591665643855,1.0173575132529604,9.08446558155381,52.80943976910295,0.9779294587614134,11.899200640128566,51.52668380418746,1.0218754728496229,11.817775063092974,54.396472420958595
239,50.02676228478965,36.843372772564095,1.338740554481807,0.0,1.048924644306512,11.054483862328416,50.17597342878012,1.0075610098627905,8.854006108745107,52.39806923989659,1.0240371817924665,10.7419931185851,52.13453747055195,1.019577164861351,10.469561155861301,52.60069661193537,0.9948337560505002,10.664515091846855,53.25759501057893,1.034801456658171,9.74743777370942,52.58950506872628
240,50.04480657099377,36.2147339162003,0.29044533775800163,0.0,0.9643973092984955,7.992262449829802,51.007261468507245,0.9922326469376175,11.395270803930401,51.38835730975439,1.0177564601933682,7.698030306009205,51.93736973247858,0.9815738180446327,10.192556689067677,52.50509708018409,1.0045971987090228,15.80727949472864,52.199550748449646,0.9809153288353234,11.585897124738937,56.35909417143799
241,50.0286819560327,34.77311249620321,1.4089345961770028,0.0,1.0113018253885953,13.367310513944597,54.241019207417985,0.9789052810115689,11.900002300440521,53.357255911529094,0.9886998093448771,7.998246224694178,51.78811228370471,0.9931315128501848,8.460983106651017,51.690363938047234,0.9965813778008497,13.36404490919076,54.439531481400536,1.0185684128586734,10.479518037724768,53.502758694538535
242,50.015181813307144,37.89156649912765,0.07501059311914449,0.0,0.958014008476344,8.351840567122862,51.73566220925541,0.989049641073877,8.794205661959626,53.01092674185054,0.9775850431751154,7.727058737942343,52.53612850765619,0.9958937269626751,6.107835692891427,50.239305276106755,0.9798483389625942,10.439631782081253,47.26267359988215,0.9996981840231565,9.602534929279704,49.176008518219135
243,50.027762409058816,29.625925734405946,1.5770084760178653,0.0,0.9780724050574958,9.754638231823277,53.21815585694287,0.9691931846494929,11.210711719687746,51.92737501643678,1.0105024869795833,10.05448200784872,52.81739514454671,0.9813616451846969,8.577024935644491,51.894438758182055,0.9733805665058624,9.358031966759954,52.57877239412788,0.9990025293841248,11.040626188612555,54.29155212566398
244,50.02929772790668,24.072999962838054,0.5163261451473393,0.0,1.0101551829863442,11.162023292776988,53.06123785810206,0.9879394386012651,8.64279278817548,50.503650894341895,0.9986244726135639,9.568270233726889,51.99169777915287,1.0056491566534778,9.433128944833326,53.52614331923729,0.9764379949539147,9.568111096592324,52.26316384567239,1.0041452318637991,11.001184256316579,52.71244303554186
245,50.03886121418226,38.93604866519875,0.13098618404034168,0.0,1.0498299274065346,13.384328621439902,52.40907911402138,1.007787292423172,8.32159453029239,51.104005841370586,1.0172917399417885,10.152418276640782,52.94167217258104,1.0308514627904997,10.847493943501673,51.84157531764274,0.988600786899935,13.324062048738707,50.09536411246508,1.0068885020382965,8.900592338680047,52.481232556710715
246,50.03664859512854,26.09421432608149,1.1882773187310496,0.0,0.9632687638205769,8.121095836717242,53.12242053967718,0.9797425786376444,6.8170986800555955,51.60955345989315,1.0022246466149027,10.022209715333869,52.64450903839047,0.9929786765101679,12.787170554538076,50.377648534754364,1.0171448777462853,8.885823946725102,51.925449643899356,0.9889090935833136,11.141205272516807,53.45372675266678
247,50.019802345446735,30.10975470669213,1.4843836633600098,0.0,0.9918134347680373,9.621172686789805,53.986688547994824,1.008612848943085,10.04435864340777,52.67648229316924,1.0023853191637833,11.442504523916476,52.82688814979754,1.0154277858284688,10.153886480548191,49.30258119307921,0.9737570328100726,9.015337220173857,52.33357097578919,0.9819559833372515,10.318589446308078,51.1503555609503
248,50.03889285534203,30.628754046256415,1.0553993887976252,0.0,1.0342479751878657,7.781398020741646,51.88896868865262,1.0130195848243795,10.995162256483795,53.182628434581154,0.997656731858391,11.541955424176756,51.56474561791343,1.0139842822700478,8.745105207426343,55.52692632257686,1.004773611275038,8.600788627481682,50.683835152903995,1.0211254408675836,9.116780935178518,55.670574064220474
249,50.01154741108761,26.30134221895577,0.9525075788281512,0.0,1.050003857047508,9.743515636436594,50.92917022178182,0.9972877803925205,11.631924424335201,48.335218541026165,0.9993405979825493,9.449379406520485,49.82925833166883,1.01177227313579,9.36906434591147,51.47721462088561,1.0384922468620945,10.26744470236911,55.666173150740065,1.0054215775051376,10.914638237086843,52.57314080811428
250,50.021289837512974,31.676725050087178,1.2840541067223465,0.0,0.9918773487072193,8.046771029592838,51.593887703489976,0.9891914089456777,12.638752167680554,53.80029879791333,1.0432205346674541,8.22577164825733,56.77657332826439,1.0100438517251162,10.726593890325688,56.01095352008582,0.9897971708103047,9.081842104905155,54.62846578975696,0.9977213433315574,8.256817034636809,55.0151881854585
251,50.0188638561628,24.61464607158131,1.9870776986726029,0.0,1.0268216649376116,11.829335674414606,47.66403037086833,1.0023882380387612,10.669007748590522,50.72095010976069,0.972143269039829,5.812523030466626,54.46957762304239,1.0104977947408953,8.77095220683513,51.35697130629187,1.049287457980416,13.232810370612377,52.83933289762912,1.0193609298325828,10.66387736210776,50.32852518872024
252,50.021981163382655,24.82850634724852,1.6631734393908284,0.0,1.0110077888763058,9.977412272102727,51.450401688826844,1.0201049718084065,13.585999350723519,51.07075797851783,1.016851079963297,11.461200383856838,50.2451213252725,0.9910032306126862,8.804408302733044,52.781780956871074,0.9973749373493506,9.476455126290514,51.428499571746165,1.0280827349824566,11.451848215231394,53.96870584131025
253,50.01434901852114,37.72446866206934,0.9692580224570502,0.0,1.0279865404485735,6.24661045337097,51.51614344169993,1.053372554307734,11.8592970879485,51.928853611534116,0.9919281775450097,8.597082032825181,51.75439526755666,0.9829771387999995,8.51549602820943,54.028184473546986,0.9674979020545004,10.622352361466273,56.13616430548967,1.0592307609694562,10.738907267175005,54.529846516877946
254,50.02705617477739,28.201104246315936,1.0551423909468614,0.0,0.9695125802819358,7.2133756777679086,52.347590689386216,0.9935506668869363,7.56510171741476,54.665757145099455,1.0072237618990705,10.771181780173102,53.07932466438617,0.9756102742268691,6.404681828379905,53.84457342394508,1.0176337744443285,6.867811533257498,55.21286754580606,0.9976960637070489,5.532394083216126,49.57050191972631
255,50.02720073294602,38.95881452081814,0.6096290483939721,0.0,1.0297511219481685,10.71139515824844,52.97932947764548,0.990423967364235,10.035753843479823,56.19963516528714,0.9901829054840878,9.466453229789375,53.58689525174934,0.9864696043477229,11.203068859501819,51.78605186001817,1.0576323040673368,10.870189265598633,51.553010109072,1.01219443604867,9.175898243226968,51.83908839904493
256,50.02705727104229,23.923548935573415,1.9677484915159165,0.0,1.0164437925424794,9.318061312379685,55.8507480600592,0.986620642620233,8.982763154795709,52.400125466035206,1.0337979428186097,13.302685959461853,52.44743607550212,1.0102240824519078,10.064096186261846,53.83103019612809,1.0247738972951432,10.92807321650405,52.59357604015968,1.0020708448252464,10.123260241671504,51.334207954370484
257,50.02131352884592,24.990465362004464,0.5180466893127815,0.0,1.0145037670669017,13.610412664102508,51.225903367365945,0.9901589551460102,9.049756324198793,53.26783129345247,1.006261912997326,8.370647665382599,52.80947873071697,0.9625157585431885,13.604687327554549,54.59885389078632,0.9873309412188479,7.533846009426551,54.59182246844638,0.9912975421256558,12.535834892643939,54.36940200595264
258,50.02291960692477,33.361007622698494,0.2812586806009463,0.0,1.0177894330754333,10.719336682456664,54.58638886470388,1.0202322274703988,10.700391758305,51.86745368251617,1.031386273875228,9.557653132317828,54.50486617721284,0.9904546636499223,8.3710147057586,52.819448863196676,1.0082425995474975,10.750787168654185,52.61832082936243,1.0131790481289358,10.534104556793551,53.037753899676495
259,50.045016982217916,26.81732458359436,1.7439822378785919,0.0,1.006574213936724,9.01697972903223,51.44955571626128,0.9927412385157344,8.086925517231471,49.297107942835595,1.0277087423557048,13.188461397127902,52.676210695283125,1.001356997883659,11.513787642843242,52.592161316741866,0.9599395073903834,13.85318123087601,51.10220405477894,0.9752987027603962,10.069448367115161,51.12124186648117
260,50.02570862339075,35.11741215207848,1.4788761280347134,0.0,0.997806987371999,7.805651548536836,51.69102143739144,0.9998563684154775,8.580123759889034,53.92690485436796,1.0519316746628267,9.941358547105542,51.27284604869527,0.9694734244631409,8.012643053646375,49.64618017819279,0.9804920199015713,10.090460327648382,55.16025216117792,0.9681833062148669,12.184829582499452,54.030139971541416
261,50.03275229884137,31.759685155757843,1.054053978584347,0.0,1.0174617013895018,10.264344783643962,54.766308608979955,0.9455067615825008,5.067004681303446,53.81426760433187,1.0136979515934936,10.24472128424565,54.45831554828617,0.9902889541836712,5.740008604279601,51.4794206614297,1.03160287359052,8.658248923182118,50.572108349994224,0.972232956701459,8.934076629258712,54.40344675175908
262,50.02857342444942,23.016447606700318,0.03804361259126843,0.0,0.9933675809503276,10.904208237021283,53.22141143733176,0.9958737184235656,11.214057716722335,51.94450296614661,1.0091218429467943,8.558965915329255,48.486775057581035,0.989060258664366,11.383702518741346,52.25067576160486,0.979109539953672,8.0483681166305,53.874140739962705,1.009487590542026,11.041586401933957,54.2834220710223
263,50.03295839828985,29.711766635894655,1.3211661556509393,0.0,0.9879181213898431,14.270636427293862,54.48592326158811,0.9856000559513216,11.43575904788151,54.044357431488876,1.022426622814398,14.903799435403762,54.69132818427526,1.0155153421751488,7.3418038539089565,56.09828601557644,0.9833322335283816,15.236442944331092,48.986438863903764,0.9959775043979813,6.223597855343007,55.05165441261055
264,50.042813036455094,38.083543496457445,1.297466217587345,0.0,1.0011723276001678,11.340434567903227,50.52388882424473,1.0056320509884868,11.965300141717734,51.41080689758181,1.023355527272146,9.729249121066903,54.606686002998394,0.9985887673536902,12.75119898641741,55.218956860551046,0.9976917167322152,8.882488383434014,52.56974499141322,0.98611335719074,10.55796436497623,54.96600441921791
265,50.033371390857546,38.27096148571303,1.8190452165311426,0.0,0.9791042934030934,12.030168214081574,53.74828423485666,0.9982788923278456,11.546660967406503,55.061794495883035,1.0018264288128984,12.346827359694588,54.537768310349506,1.000643124061815,8.934971916498421,50.24846765493264,1.03423068041835,9.607594013671333,53.637351344569254,1.005751273328248,7.101415161307203,53.48702284064312
266,50.03566283957213,21.40561850695147,1.4037095966979634,0.0,1.020157424287184,12.916434848889857,50.10373829920356,1.0439309439942863,14.270374441540387,50.20421516718104,0.9881055923657979,7.045211688354842,52.0245211429463,1.0054143613237334,10.200162274408877,50.49649231666904,1.0103056656392642,10.854739295815037,50.65446900638504,1.0199006197997347,12.765890104033382,51.21872819886267
267,50.02104556151366,22.85545792188899,0.10164445471993577,0.0,1.0073511621329956,7.860933629501165,50.468321259674056,0.9927253755930935,8.57074951132978,56.81043180338208,0.9817970372285165,10.799593144390586,51.86620437848654,1.0108195350642668,10.999380048404083,55.26339630019251,1.021811919748943,11.818801582530071,51.9632009536895,0.9924415177180581,12.733055294635639,53.8865755061424
268,50.01148376888857,30.851044269885566,0.9973651079136312,0.0,1.0203994382118113,8.060963030615344,53.48287533423041,1.00035693532681,10.25519766184314,55.584034508173325,1.0155753183854377,9.322614421192746,49.78830552156133,1.0203237962710372,12.411906328344491,51.45028319315569,0.9848814353600527,6.905538199887326,50.8552810591208,1.0096441129152305,10.855821058332973,53.861959586577434
269,50.03320198747243,33.73525500440721,0.4180113083024364,0.0,0.9939171152405023,9.481984054858707,54.36762297097495,1.012534271167639,9.111048686694815,47.69879873308545,1.0084278268486087,7.798110969012525,53.01287974497352,0.9730648085544851,8.164692560420388,53.11589824462882,0.9822700051831285,5.185163854146837,52.1698026195802,1.0022176589055731,11.1265566347688,50.961309093480835
270,50.0084698667018,21.709615392703224,0.04692962292909031,0.0,1.0097541262122278,7.919127064017106,52.874222286181435,0.987058911516581,7.988628431613984,49.387498008341005,1.0033080566752244,6.8621020351509845,50.71703588079366,0.9917356712075535,11.550545226012508,49.772940783491386,0.9644503279298862,10.266169886925438,53.39191807980637,0.9921258210855909,11.011429999898787,51.78328768365605
271,50.031348901632434,26.856763961940636,1.616773635454127,0.0,0.9822912097393781,10.600140515991507,56.88330126459953,1.0219228389493489,7.055086736092232,52.16478387423709,0.9895567617662888,10.963320244991998,49.17509257539806,0.9536186327495884,11.992111692323,57.30779223857269,1.005716002399757,12.82533325612286,53.30258360741739,0.9870851253848044,10.489356752077844,53.95097086128183
272,50.02526868640071,32.16458918985755,1.1644278018425362,0.0,0.9866099657684803,10.849622289588632,56.63986213918281,1.0104726244795141,12.649746682179419,50.376710686791455,0.997542449055903,11.509745346101491,51.54277320806817,0.9860630378956955,14.515297732256442,55.78558235147928,1.0004998096145183,9.684388063867095,53.16438533772157,1.0035641861734206,9.609937454383392,54.75774069514639
273,50.02119438731943,30.87011504197094,1.1645371412599168,0.0,1.00804383802078,12.443298571545487,54.880924112055474,1.0030025343763405,6.200928826135959,54.018940437873,1.0129443217862655,10.090776020066532,51.58038394468281,0.9656637648370364,8.101089495015108,52.43061329700202,0.9970949616945411,13.000291955742266,55.36866973569722,1.0519387851601598,12.462360986342787,54.560520827852685
274,50.01951005843914,38.58343141276815,1.4160550998074803,0.0,1.0134215755551852,10.528172096011296,53.08133766759398,0.9832707327135273,8.537344257541337,51.035179368656976,1.0007850185782206,9.936029198030848,52.01671813089185,1.0168363642942633,9.435964537348148,50.348394369342685,0.9825864695468908,7.210207225318482,51.7907818732223,0.9927488964405929,11.96143439092674,50.121580387575115
275,50.035601419742164,36.7102211243095,1.4559977306254916,0.0,0.9461565095244658,10.716117795383706,53.471618092884626,1.0157500494626626,10.724385077064348,53.86487224924471,0.9766581483533592,12.982821239699172,51.84419832887823,1.0006492574705592,11.356613082476773,54.6573564066083,0.98776300239167,7.457210398028144,53.01942237045128,0.9839940061089644,9.316258692631381,54.37794691679257
276,50.01695290494028,31.742199824257604,1.096285641874527,0.0,1.0257791628259365,12.14899698000008,54.44057624901296,0.9747090420642517,10.403825881199207,54.78958693599052,0.9994825092505859,10.708567880459185,48.51033128677634,1.0165570615978192,8.16975335976532,54.41721128403501,0.9871636266257868,8.362650406329038,52.486765548064476,0.9877964698156996,10.119204339940849,53.55429190032346
277,50.0104967622244,28.00289791425918,0.27933132805630656,0.0,1.0023533166271172,8.256547839655422,51.49881199019812,0.9888463793123156,9.173308735419653,57.32269357777537,0.9892908172736357,11.761924867344561,57.47608346349107,0.9793270588693431,10.636962313070367,50.18818675206385,0.9607047906957445,13.462685007860411,51.66102514990714,1.002684327795465,9.486020861342505,51.44061021985022
278,49.99745067737908,39.747509413994095,1.0208165241638727,0.0,0.9901106475186201,12.209367682808846,51.87142514375891,0.9905411816212201,10.296515261926826,53.5764863060233,1.001102756205277,12.474808072005338,50.70638490939095,0.9935388466972468,10.892684250188678,56.09965852736633,1.0192492116007497,10.45590853885174,54.28246038124569,0.9950301618756493,9.35141855564642,54.45784262579156
279,50.02080836728645,23.130288759831004,1.0306050198172556,0.0,1.019824031701232,12.072617267753998,53.07320830117869,1.0037954714075292,9.163411570271466,52.952171334250394,1.03811748058108,7.325743734335809,56.69861103741962,1.0114346250416775,7.869317278515759,52.54854043896103,1.00112557637261,9.126484396395323,52.16384834336414,1.0161016447865119,9.84139721644156,50.107068921285766
280,50.014672707657276,37.70522406390485,1.4002564761784972,0.0,1.0012926000334443,8.164992427074857,52.40870487477077,0.9761473024656844,7.738027306397054,54.78050389133672,0.9689411089526395,7.172019696534952,55.29573033327373,0.9983113341711836,11.102173222175068,53.08128900220427,1.0199383513385714,12.779780996741351,52.94730906707589,0.977905673483657,4.940924176671553,55.3136461243935
281,50.020080722520575,27.606486957267002,0.8463734452981719,0.0,0.9841054746894745,14.7106106399578,50.023456343469874,1.0084142327103887,14.424740219408735,53.31617141935264,0.9965402114870546,4.6749385140413855,50.38320179186281,0.9961794506210448,5.340179594866742,55.629831310649045,0.9910285995906429,11.183608526061072,52.50025875413026,1.027927658988743,10.049113449632738,57.915609152330056
282,50.03379250616093,20.700451313511355,0.8057856946917366,0.0,0.9907366147792702,10.641015311664656,54.90791750373028,0.9999918570775997,10.23312025643322,53.51085282550118,1.0079969047389765,10.231155873842756,51.03595648047097,1.0225480901530395,13.533582451409305,50.07179406586985,1.0086638011705817,10.544017174385955,52.07596475494327,0.9923544825206158,6.415364080474365,52.80009617375492
283,50.012955300714786,23.981763517199195,1.520044278832241,0.0,0.990978934643967,9.025426872420349,53.18815968307168,1.0023031893392356,10.190484336236194,53.025197071207955,1.0080928501287703,8.551293348048643,52.78627710003126,1.0108448820330052,7.479634350292084,53.27566198185852,0.9929845601615209,10.82810552669946,56.50471893347127,1.0007773386398728,13.144927958208523,53.630823932834105
284,50.00943687837431,36.90033113202102,0.04742737558979915,0.0,1.0176562089720693,12.842966434049915,54.35898370641149,0.9971707346678814,10.391108306548185,52.65648358792343,1.0158001839911242,7.424831543381762,53.86710671817028,1.015404327053302,10.85796553100807,54.07868704957124,1.0102226699920047,10.276757084192218,50.377268919425205,1.0199704567504138,9.845596884317201,53.436895552047375
285,50.00023394845812,35.76822674907519,0.3611806129052708,0.0,1.0258246229538825,11.447874702193232,57.105522741895555,1.0343184461535142,9.821195850030481,55.263048729024085,0.9623838832923923,11.21744187305029,54.11400382638961,1.0119652274512259,9.260157545231777,54.69400117736194,0.9735233839298948,8.967064619646473,53.76085002993321,0.9789051394246874,10.696748352287162,49.32900342821543
286,50.0046465140251,38.753685609875674,0.16577933912376874,0.0,1.0080523615339338,8.501245124817842,54.725177162414624,0.9833965168915064,11.314328526058802,54.08685441570625,0.9757550944195585,11.069038939902425,58.080376765028525,0.9902742408095109,14.980113073008905,53.09550684100612,1.0103399296030071,9.408104998814357,54.10490546571565,1.00191288147882,9.030050469223879,56.75563177317608
287,50.031560615207084,21.078557115549515,1.071455670909269,0.0,1.0057334416200194,14.191065927281588,49.61390827547886,1.0026632562552915,11.392113388237712,50.86414028649303,1.0218845567618942,12.442316662663469,51.43696990294144,0.9989176915478342,6.135093015943884,54.667307046101485,1.015361598568549,12.040675491029084,53.55878103146939,0.9950616547740708,9.465822983569195,50.26235312427983
288,50.01007048166856,35.08088745484078,0.9502302677231775,0.0,1.0201047599424282,10.488194162640522,53.70553061543862,1.041100030430019,10.816301676010822,50.02646440482483,1.0073243279715252,9.084944373047028,55.14964535126729,0.9619821766020039,10.438513011883845,52.04620430440888,0.9917171181041794,8.843260179863002,52.9590288526612,0.9890265782895273,9.862451789993301,55.34797875074108
289,50.00919886494569,28.3575604410922,0.3484484543274371,0.0,0.9641961392088159,8.076123349625243,53.263020165148426,1.0310381096290884,10.47190706545147,53.64138812098327,1.0001017627238902,10.39563249244326,48.96290901252689,0.9712975077169524,12.088469924583704,50.94699622381457,0.9976197483270923,7.903296112248091,54.886021395175824,1.0119000204207678,6.741857722752984,50.46147342268096
290,50.00943035456158,37.00931202823567,1.5502785399966548,0.0,0.9883268052290487,10.540699574861152,52.67941856371214,0.9860553184307609,7.767463924391846,54.29175118695859,1.0753435430310343,10.05864651607806,51.271693977973804,0.9648086890760581,11.71034170763431,52.2228753106105,0.9925151743118511,10.347744059241311,54.71544578027128,1.002311447131578,7.280005855656174,53.927369471740214
291,50.003260084746195,35.059898007300525,0.15653576301405003,0.0,1.0046521291390444,7.104291495251616,51.39928164282609,0.9805635223907038,10.00892045234863,52.075746348083285,1.0245426208076944,5.315497111366702,52.83585058666021,0.9766176073514836,12.26661666923691,52.55188557557821,0.9704090713491389,11.283460913518079,52.350927761214635,1.0023955676149048,7.376572443854607,56.302848518727004
292,50.00978266567363,25.812538257007326,0.7478658924125596,0.0,0.9961726597246843,9.870893939536344,51.96946241659356,1.0126717386906798,8.563367317637752,54.22387435181314,1.0271700582450685,12.248305061940536,53.66612403342996,1.01640991963782,8.896531897449059,54.56954180581921,0.990727106244979,8.608820718178489,48.11311620590158,0.9900722212038666,10.493645115488409,51.687713376943165
293,50.02417262683233,31.136980511303555,1.576634116290741,0.0,0.9962624166391831,12.372118572773534,53.16884582915274,0.9802162250876243,6.766407203106597,48.57400772395162,0.9781179422197056,7.996447859135419,49.96645657967003,0.9910445071572268,12.834692435562271,52.46003758051066,1.0173683645129246,14.449204202585051,55.17249062666035,0.9949016324230376,13.836601764332343,54.404927028525655
294,50.00304761504546,27.762287065342267,0.6246922549545453,0.0,0.9985344679038595,8.695439705923768,53.11532779690774,0.9610762165534069,10.520597534139608,53.60388426562783,0.9616428459175641,7.176030700535788,53.66870137664565,1.047204143555648,8.222866006294485,53.05211882599403,1.0062236232198334,11.920095859569201,47.321940627794454,1.0049085011426606,13.407082437811193,53.577287539763724
295,50.007328060764834,22.08926417704915,1.755192400791876,0.0,1.0154250467143582,7.9976762429798045,50.70920139068718,0.9753650446218527,11.53593829273747,55.348253155732294,0.9591671972440977,10.94710142015126,51.334268637628256,0.9845956910471255,8.684277731948505,50.72962221495703,1.0237331491293782,11.224683772439072,53.080257077370234,0.9884718947389579,13.644365295915085,52.7346081425733
296,50.01084150695368,34.90954604781941,1.351468449584719,0.0,0.9958054279595193,11.959424367293161,49.048731521023655,0.9963696059307218,11.593753347368214,51.79564447148443,0.9989942573574843,10.762033512232508,52.85079279411407,0.9954885915475221,8.011994127626611,55.27461348157771,1.0062170550238203,11.564426897288593,53.9934018907635,0.9683869887444871,10.603687063133751,56.9276854464769
297,50.00082477593608,37.23891299536514,0.2748387523757738,0.0,0.9776496964723012,10.143585790791937,55.564161391943045,0.9757870404572967,8.407666059033703,55.72357031487075,0.9629379272956133,7.628276607219659,48.60215069591258,1.0126581116849955,11.561017329265113,56.61983507170386,1.001816236087914,10.915363006149635,53.65448962373156,1.0220158579029253,14.951777530326554,51.68992814999854
298,50.00317025503029,25.904215879314936,0.10224521014662091,0.0,1.00712423138116,10.516904633918616,55.64048828775308,0.9716638697083703,9.287526916391819,51.7202774091036,0.9989988471375287,8.015864305003545,52.96965945720965,0.9607902376750802,9.319077815464725,56.42772511775619,0.9954586337774025,12.642863166748246,51.85334776654445,0.9821481171078305,11.692378202945246,54.67627041188541
299,49.989738287211715,35.972128345410304,0.301392786080108,0.0,0.9958224239924165,12.654989346820646,53.90889519084521,0.9911715303134027,12.144945891849748,53.50852945093506,1.0025512513733215,8.657390321586373,48.526922310550404,1.008162037726408,11.671481046335574,50.507788845657906,1.0044287785547878,8.695114547876615,56.246710041756785,1.0223583896640054,8.291370867200254,52.89691779514677
300,50.00200955188458,28.086796341008395,1.9591582690378178,0.0,1.0286553969187129,10.60696593254658,51.332542743333256,1.0375207439467455,9.622721873032862,55.28268092205708,0.9718308724981279,9.391793778918156,50.35565508650451,1.005679899156512,11.7687856730106,54.563651669816274,1.0275974481559904,11.083310262684547,52.36554621871387,1.0348508063430488,9.700744695446062,53.89486390504632
301,49.99995029383966,27.563390279909097,1.445122908245604,0.0,0.9945846422897486,11.19786281983161,53.31891096005217,1.0014612490093475,9.82220486768464,54.234357415094166,1.0109115938633952,7.76521960154968,51.57548210762445,0.9924393297482478,11.219788035042832,53.491484257818726,1.0012362671299662,7.84571685108587,52.200944242013776,1.0043857300616092,10.024495365161215,52.35717012386235
302,50.00055147252933,23.588782052825678,1.7647920977979201,0.0,1.0134289889156003,9.318230137185317,53.63178203688372,0.9762388266041432,9.516575043707354,53.713725622691136,0.9806197155954945,12.348809627253138,52.840262880260155,1.0311644040864045,13.285193058677084,51.93576014326671,0.9882928342487924,13.287875490752775,53.120216198964265,0.9952422605676224,10.33922107875456,52.22347146916081
303,50.00124644792518,38.116307639984115,1.9413648777799357,0.0,0.9984285247927078,8.433363338634752,50.13842371660361,0.9559354602159673,5.3196330179377345,53.43843811758772,1.0265182803344415,11.152134657999813,57.89271365441845,1.0090595914400635,12.309227654696477,50.44686275312667,0.9998210138066438,9.350164122608636,56.20804604846193,1.0172627333383222,10.005194897086389,51.74517071166938
304,49.997995141233275,24.139058303097976,1.8157384205705283,0.0,0.9908461208564914,11.05661220315539,56.233614932130735,0.9923381489968167,6.663324950397026,50.24079672250231,0.9897858688613722,9.542098990889263,54.15231579814649,1.0411602379578926,13.403727871939587,56.35816613216109,0.9733521468611758,11.139706937654829,53.35278177451264,1.0044243434768025,11.814631303369406,55.87962371820671
305,50.007165131404605,32.38912629739242,0.2320495824657749,0.0,1.0064765669922087,8.640180033008393,53.762029976389854,0.9955891372772624,9.534932841368265,53.40989601200104,1.0181651531009657,12.104906977528314,51.68229767180123,0.9827125698422806,12.326410749684735,53.06426605101913,0.983559563123646,12.54596919564622,51.21041707518102,1.009138758541615,8.157930538530595,52.33898481265995
306,49.99730529029596,22.2874574666741,1.3249414425636463,0.0,0.952366794771816,10.228322458961644,50.612486985194245,1.0289955632739403,10.858443763032394,51.76055394931405,0.9724225815044758,14.720735281514191,51.46639042512153,0.9976775448978586,6.560098383106628,52.55505552859792,1.0261972382845603,10.205835782831501,51.28702503601843,1.0101335471364494,11.069647731234989,53.633223276491734
307,49.99463400259784,35.24334420909882,1.8664365877567857,0.0,1.004581769551249,9.147264124549233,54.223929902106335,1.0178293784121626,10.603402867420549,55.12370245432437,0.9797771751003338,11.062596233384008,50.83796558780285,1.0058167592074971,10.792334668059793,56.651901462319515,1.0098718171172654,8.992214141672592,52.88387522027692,0.9917379950729195,9.974041954583187,55.394954236836604
308,50.009870553361104,34.00788471374854,0.2526126817704395,0.0,0.9928088540944665,7.7692183271184785,51.99164485691292,1.049625685963222,8.569029618539712,52.752704499372385,1.009865373555211,8.06569569458782,53.37635650804011,1.0044149614957327,11.155636045894436,55.2668136934039,0.9806610934639499,7.733736698410471,53.63391973543594,0.9976971596725683,9.337993002003572,54.554942893804515
309,49.99718664118591,22.373709486158294,1.6644119773035002,0.0,1.0085154138432024,11.503831484193933,56.79931182795488,0.9885638292901093,12.209771236308852,53.015531050372864,0.997702507985125,8.616691898441216,55.11504954629176,0.9917889017575816,9.860652521662944,55.134612367620136,0.9991644571160466,8.31639187761636,52.64852695814926,1.0055026375893175,7.705894472509939,52.97691339155876
310,49.982809979621216,27.196868769035923,0.13096314601350834,0.0,0.979018359787591,4.560823225878294,50.38893837631183,1.025313226909139,6.702905636735855,52.13070310882199,0.9711686887776801,11.011922939775346,55.80795091617407,1.0043106683997172,11.279467469676534,51.99325812955075,0.9897008887886821,6.496616775960999,52.46054462272996,0.988959544244277,9.843079434902892,52.45050812840797
311,50.002581800902206,34.11920758926013,0.41580153546694354,0.0,1.0340570954623838,11.09802523875737,52.903687014399985,0.9851387285075928,9.895828529808512,53.47524925426638,1.031613091276331,14.24124820559237,53.57347544361026,0.986403788416459,12.236301197127808,51.84790661038275,0.9998985277798828,9.765041889272261,53.75949888127256,0.9921943317287046,7.081781913134533,51.962225290747554
312,49.98258430767836,26.73036838656383,0.36015756874453664,0.0,0.9698025545146498,10.117951529818706,49.110296167227794,0.995640100933578,11.431917137542968,52.540480318940915,0.9971706421578648,11.43652154963182,53.755685456999096,1.0062949194576152,12.156783199288196,52.5916160331752,1.0173309606312082,9.276298377190743,55.103138874905575,0.9749541068776163,10.411570342171267,51.6797442533208
313,50.000505210614136,33.43757926425626,1.3825303409048384,0.0,1.005394458895306,7.857672238917603,52.425435658896525,1.0049161718679276,9.840662001851292,51.389034210536614,0.9766891924196648,10.728390944420497,57.45100124499768,0.9793003351582639,5.848616864759065,53.94707284269521,0.9962423597773237,9.218993821939879,54.66922399785552,1.0312158344598983,10.58616180429977,48.533347105775164
314,49.997968028063546,38.615960768563035,0.3617280706390005,0.0,0.9951717839699028,9.70420899963712,55.67010519464922,0.9596071204089215,10.655340737944906,54.25052544735221,0.9869399960714484,8.961517170622542,53.542437543806955,0.9904391004567659,11.77054736095058,54.58637162155713,1.0339676460740006,9.073748099277571,55.11379648718537,1.0127378804257032,10.358008863617929,50.740189895491355
315,50.00833935336319,29.87974286696879,1.2802604766059933,0.0,0.999835002394722,11.984588804211672,49.72242936989701,0.9967971133204478,13.476015299813316,52.91984240993545,1.0126313296392522,13.212283494739363,51.90600166258254,0.9648926989775797,10.190906766872944,50.89590263424055,1.0081394541418043,9.23710348711116,55.082000010347095,1.030970854260711,8.80975498001999,53.99884176515356
316,50.005937874067286,21.687816913583827,0.12587717847473234,0.0,0.9902972146766281,11.501743521247493,51.90387203517828,1.0193447256932566,9.482505627595845,53.57717629012938,0.9811846185652812,7.954404822045522,49.86633587599776,0.9584060396872702,11.908753629162138,54.138218197962544,0.9906383024821986,10.13479377419705,54.021768274121925,1.0375987308817307,12.79855693562112,54.13561017375514
317,49.973700173059086,29.00656932204151,1.4273267780544663,0.0,0.9822386464039283,9.259914109977219,52.475442093728866,0.978987195002915,6.464766365765916,50.23180286438049,0.9949464883880232,9.032202686579412,53.153917026864654,1.0224035147154333,10.82954812491742,53.599720382670114,0.990776969905893,6.506605806505905,56.51248150405594,1.014580814502208,9.650840975834356,53.28014897106388
318,49.990145947509454,35.20682182597066,1.1772712253827715,0.0,1.0125652489575012,5.218123435169168,55.03482808179443,1.0039680785990235,8.728605889737452,56.83713415415033,0.9866281795314865,11.036652838736954,50.63879708382023,0.9924313236321097,7.836089673406238,51.67765326914298,0.9898256658376993,15.205744132151892,51.98367407534748,0.9652372491198523,7.612723688704408,51.86974339216625
319,50.003639531616784,38.13120178661851,1.4623486505515388,0.0,0.9970733181550409,10.255142633286113,52.10263884499108,0.973456924430505,11.240353756498433,54.06779531568972,0.9888543382812633,11.893735032494687,52.828118894940914,0.9827648043231024,7.643988645130409,52.33358486635818,0.9846951217848626,13.958673955274438,53.72828649214219,1.0214046273439286,9.983450894766808,53.583044028291994
320,49.98323014652946,27.236414983825824,1.3244916720856326,0.0,1.0109144970581005,10.002595576213572,56.98239647864254,0.9903059887275862,10.276557756069055,53.46069876403586,1.021148704650285,7.907883254913794,51.70553114079698,0.9736359866586485,9.886995451697027,54.73303515428519,1.057044270903256,9.307482656786906,54.22988839740771,1.0018385849662688,12.215588904042033,52.12223925859918
321,50.003439867090215,20.954911354574712,1.120683177611783,0.0,1.011629934978472,10.055149374495533,54.70693210810621,0.941666589625353,11.843291644319434,55.858548816633686,0.993752515691941,8.988350200828005,55.87811473208421,0.9820422373077626,11.396564376750009,51.70742422649279,0.9922234033870084,13.502793903222964,52.48515945520246,1.0183540188711095,11.851306046404163,52.658136827906425
322,49.991109700554475,26.51719776290981,0.8610014102997507,0.0,1.0110259547769278,12.254436681919858,56.06330474397103,0.9659891400465608,10.767825232043903,52.908186828025585,1.0024547676448237,7.777028169131009,55.16287263896864,1.0109640445974954,8.61846824235628,55.72101518690671,0.9652554404873032,9.032192166738385,52.918885325805505,0.988058709885379,9.21012542575694,58.04275136116576
323,49.983807919234,39.79664738596303,0.2684834919732506,0.0,0.9807251949691479,8.588648262475687,51.34689414100822,1.0147185937397547,12.060825234794057,52.73469189997062,0.9810665920273155,9.927880106366977,54.070795705643604,0.9914848343613982,13.34368590151222,56.53605986737449,0.9877876390623078,11.01793966472817,53.694209716573454,1.0232204537149645,9.724052330781207,53.03889093325348
324,49.9893203871779,23.673284437274692,0.6580588287141309,0.0,1.0194029211577817,7.6938652343895715,52.725784449151895,0.9941612038202006,9.806587896387056,51.93550495352464,0.9929668952635804,14.27233936352713,54.62111341198196,0.9592945177146298,15.020660006850248,54.29137356024124,0.9949448752014489,12.922311226916662,55.9252395430467,0.9688047902787529,9.459675935580862,58.00294073071596
325,49.99985141486838,34.53144201766263,1.3919210921818714,0.0,0.986066765358974,10.68167843212627,53.349961852588805,1.014408290506929,11.306362041433193,54.97516736754851,1.0108593763076401,11.002834517594538,54.9663777266117,1.0032205178086062,9.42291916333474,51.60998406805997,0.9958390832660491,8.497021160163236,54.962153927766444,0.9852049853634256,12.496663180391785,50.46746468066411
326,49.9892890664315,31.364779746981135,1.9246734592379997,0.0,0.9805189532593636,10.85696269063115,53.098883681252374,0.9913869548658014,9.074282469614024,53.14311903654797,1.0312036114532408,9.87459155591158,52.870188838382326,0.9990569646101429,12.634822168906663,52.91288945397354,0.9583256610247346,13.636900207354788,50.102605657307706,1.0092009406295623,13.878270184897175,53.467424713307146
327,49.978494921452636,30.440783618334223,1.407143032665783,0.0,1.0525429652352443,8.719644991951785,54.66063296557942,0.9994837741193361,12.61135015455649,55.8361764907319,0.9790173494546661,9.846901304563554,56.20966241674643,1.0280488414377156,13.320564630880408,50.856911533930585,0.9582252072202441,9.569802903991695,54.55169433269708,1.037469987175502,2.6753404226784605,50.65821398587517
328,49.98789285948392,20.296778280022405,1.370035612628064,0.0,1.0079370657622089,10.338362710508646,51.38668180786886,1.0017040832266628,12.200890984745087,54.30460102387973,1.0362474002797009,11.516577704673724,48.9086322328877,1.0115194105201293,8.136066060263136,50.915668538430324,0.9929626932431804,11.441592191954319,55.875063074717055,0.9638510057629771,8.586082058120796,52.61784895058304
329,49.97533795841136,30.27769478726927,0.1095364768735938,0.0,1.0169118982109575,7.2554773427796295,55.651581943092964,1.0104368474557057,7.568286614073152,54.43704407581066,0.9885719293907173,8.93367461033844,48.49437858228924,1.021930407293191,9.4741402702913,54.62933550331681,1.0039693980543203,10.725715691562238,51.46290510553578,1.0239717180377164,11.835629393566137,53.15843079694719
330,49.984075965005204,33.17366619666716,1.4318136251014655,0.0,1.0322030872039922,6.828407705537492,55.53714941959843,0.9737198684614995,11.148543563310847,51.47082464695776,0.9914362074223706,13.035559029827716,54.21148499702366,1.0082840550004084,8.387362963919212,48.59320566080728,1.015369388868263,11.045298633821272,53.52795504514181,1.0036467188900553,11.077447446827614,55.11584675550679
331,49.99708263094681,31.58184049543462,1.407751343972172,0.0,0.9965630501603243,9.924578948071206,53.26318091712843,1.0057363384249272,8.097136983833469,57.13129114200079,1.0207064442934102,8.241294720069344,54.428150757817704,1.0090155689748328,8.019272398301029,54.834966093395465,1.034454241222382,8.641054841215562,51.9970207009894,1.029638759602673,11.172725587151366,52.86997768854969
332,50.002788969711325,31.862287729052934,1.093842077531484,0.0,0.9843861691467991,11.619913482647098,53.770554931907675,0.9780017551405636,12.712959302379142,55.17449603867446,1.0053160211595145,9.170991570140604,52.50736536475023,0.991524720112937,7.853231769748737,54.30923721441672,0.9983772133224825,9.649936384051665,50.89806895889956,0.9840760415991058,10.452265541667275,54.80714305293967
333,50.00406284092882,27.22006365795538,0.9784033401699033,0.0,1.000768505163493,7.6653773072864615,55.2173160371923,0.9902325851365958,10.61330091635014,54.464738741956026,1.006540208621911,11.418202286092765,51.80555073601745,1.0137433630169637,8.69738966596706,52.86232561165199,0.9941442132109636,8.348373638011712,51.116190730162465,1.0330932830646073,12.141492259932612,54.068400637547214
334,49.997628509373,36.980052829501275,1.3415932494596394,0.0,1.0186431161571514,11.966598949425777,55.669888801748144,1.0093369472829374,5.883071928919761,51.98707418012778,1.0086085115238843,12.382936390803827,52.34909221211616,1.0183081690059193,13.681357704491013,50.30278605435377,1.0336262335286868,8.18168370533827,56.416145941414285,0.9790393250985407,9.911642491169466,54.100645205259795
335,50.00267863106015,39.878778025734725,0.0595899628589005,0.0,0.9913838195224106,9.352253469492172,51.75513550398645,0.9864744851903574,14.83379200188874,53.91404758106105,1.0422658656995527,8.89058247300373,54.301813764735954,1.0222399319649171,11.498958146615617,55.464358597187584,0.9984646156623196,4.429537462257094,53.503654314269596,0.9841740657766432,8.80675456010233,53.04193952958306
336,49.994167580102236,23.93972613604206,0.554834087846412,0.0,0.9520777708829858,11.657820369762891,50.62554184363662,1.0286113711561102,7.322706330124,48.18634538856927,1.0057999221280631,13.864604006191499,52.651451039621755,0.9635945838383753,7.800361451596972,52.24509583748505,0.9828047152121692,10.855471232886783,52.47544800724096,0.9916017457319766,8.534741305896542,50.63040137460815
337,49.9883152675578,38.15979667381217,0.6649671570317011,0.0,1.00394297384505,10.637462325700472,53.876674660918894,1.0231895194743483,11.357238812932591,51.83341205271316,0.9917892017127701,12.322453125729973,53.055193492381285,1.0054575129266572,9.575194003810868,56.123766224672096,1.00089141201054,9.84009766317834,52.91747525027396,1.0167583972077896,10.075592644174352,52.83239852711229
338,49.97513735701018,37.4175206300099,0.593852278895127,0.0,0.9895253539057595,9.056056028204107,53.921200551927576,1.0017203155247711,10.169480360579309,51.7375655776297,1.0154115116679951,12.556421966709657,55.175044700795205,0.9867260672760935,11.638205980499658,54.64063240293282,1.0139812083283501,8.256477407446475,56.664968930382265,1.0093572883995443,12.46451961582896,49.416963395581575
339,49.97701489055879,29.02591459737298,0.9938573594832334,0.0,1.0243078516125745,8.328995665921383,55.5959030838794,1.009339740942822,11.62716291522339,52.039438284291755,0.980519244367557,12.437002618684936,53.65274740710862,1.0036453201575388,11.748765168285818,51.328255425007576,1.0248279704788368,6.715734952902543,54.05025724623588,0.9800802936329586,10.02383560097207,51.53565758388246
340,50.00154007531515,30.002843620152557,0.4055186253501286,0.0,1.0109536175526763,10.800239561374449,54.51245686457629,0.9972614966374803,9.44487697821936,51.72673895062835,1.000227600713582,9.070295935320656,54.78566329050072,0.9917425094871853,8.84202358081406,51.12267129277423,0.9761666727810535,8.07267878675205,53.77608548729606,1.0126085795455309,8.270750253563206,53.988148313757364
341,49.98283496135125,23.2157091030118,1.027130822097412,0.0,0.9760791203706864,9.165403517635319,51.71282290857463,0.978133622456726,13.413629127836526,54.92778326596662,0.9814661953999757,7.131429235958687,54.052405867484936,0.9999914645330085,9.19711994372536,56.625099737951984,1.037791033200843,9.360611518053922,52.23952691824161,1.0237431200032094,8.815194145721726,55.292357429618434
342,49.97681602676398,34.32292131293114,0.88953598271252,0.0,1.0138910123692109,6.714619876070932,54.43474276398258,1.0221468821965134,8.567974500864766,50.76811734075521,0.9791592037288572,11.01664057007213,51.66556986425522,1.0225078369820422,9.907976024508699,50.6074434557773,0.9821538822283673,9.81979443640314,52.27624467866488,0.9829693892481913,7.173497137255125,55.67273666024428
343,49.99589126139439,27.918189493058826,0.40763938694241486,0.0,0.9928507035450722,8.248551652483584,53.4163427438187,0.9862603097398066,10.334988749823522,57.88218563545258,1.0040319395084296,12.827903817280042,57.35112809534867,1.0101716560215868,6.45686304738474,54.984527892251926,0.9994903263929098,10.456199615282976,55.572102895592536,1.000394622715525,9.960827759618631,54.81772930805435
344,49.993828107646365,35.35809707130722,0.9355960499483686,0.0,0.9948372413017782,12.972836785448672,50.06399003996518,0.9475812124922398,10.497076127984855,52.26491512696873,1.0162515619444628,7.027562799192019,53.1612520316363,1.0130919690048732,10.287834853868604,55.709038425731116,1.001950899179362,6.767918477567413,53.74563743686601,1.0398078444624084,8.24847949822993,52.814341879353904
345,49.98088845393842,34.92863146726577,1.6893440850234256,0.0,0.9810175956698913,9.549351804233595,54.31300481419681,1.0082695452739747,11.645867244437095,52.47641941556927,1.009078995213815,11.796844521711199,55.90289989488992,0.9710635021045,5.82515736705985,54.82671449180254,0.9780910423182662,10.621982845103947,51.527989074300706,0.9944102766362054,10.13030519790181,53.96242595942633
346,49.99442631190536,25.95627593809418,0.6582326386904953,0.0,0.9999933734360086,11.09833098631631,52.162046829428846,0.9960861530846833,10.034508253811719,52.28629150025455,0.9782402330453692,6.929306971486326,53.22105992660734,0.9945516206496556,9.600864359026215,57.0635722441518,0.990453546596296,10.106194951149824,53.7864626814391,0.9945172145941569,10.10697131951764,51.61068222987978
347,49.97018202246234,24.661733828300065,0.9872139724860776,0.0,0.9672128895024202,11.017942118508238,51.34275601941748,0.9876942073453854,7.789341163262339,56.69606986853658,0.9981176918199353,11.199971242752797,52.384086942550326,0.9854317647213013,10.895849239336993,52.84039117476319,0.9740511908933307,13.829576049639254,55.184037008473396,1.0163812971394843,9.596864216128658,54.159978658239694
348,49.96618716153462,34.135454321002,0.666497784134136,0.0,1.011466781127429,6.447141985692168,51.53760897950059,0.9832796917612873,13.384887306584426,50.46541479106295,0.9629570226301603,8.203204171943351,54.096192973362626,1.0060754343566067,8.740787488859473,55.83543241341728,0.9840670037788894,12.658904203980962,54.41978252943008,1.0197704024657017,12.805020975524359,54.668143608163206
349,49.978088039262616,38.38325698353524,0.513290157207088,0.0,0.9930448568192889,7.683440302362445,49.832479590782725,0.9958284692243535,12.727618714636813,54.92336600008387,1.0063071220288726,8.01212742110621,55.65428975824164,1.0239612856656273,9.199462378372894,55.395580921884864,0.9719150623072402,9.06681252634577,53.80058488836172,0.9962230125039253,8.185097432122209,52.812709822000144
350,49.98597651281801,32.083551894027096,0.5837815097995736,0.0,1.0040405533581236,7.030339730458322,48.7674670186167,1.0178811476313525,13.92726191184354,52.65094564416071,1.0072420257653931,11.8940030204818,54.99047940477502,0.9926446702904792,12.932178398380687,53.310034063112035,1.0182192323823893,7.12230591877082,48.73428117029578,1.0078333622270186,9.596697455988107,54.20538472941733
351,49.992948262806046,38.99312029508647,0.8555710105041101,0.0,0.9629836164832322,10.970119550779943,53.38117086212431,1.0034426236054377,10.365438080856404,54.54277655834841,1.005415576066645,11.314199511532989,54.263173652279235,0.9752217894085126,9.851052309366152,53.478698724022294,1.0111046407084996,10.254033968991678,52.45449525495297,0.9996038609076974,13.067028591559597,51.649453397072655
352,49.98483758094273,25.267992833524247,0.9841346427094184,0.0,1.0071756684200242,6.307600580243714,52.61233910791149,1.0222966463967813,11.734204581266052,52.94522148491771,0.9469736048166919,8.521620562217773,51.97574946298381,0.9826004010194841,10.570526671223833,58.33411144792252,0.9803026001676063,10.802072061604857,54.65569018522983,0.9707064783435532,11.026222406836883,50.59778432697381
353,49.98751803357338,32.274646267808386,1.5231276829373854,0.0,1.0189551519339841,7.361821059168248,52.69453476474059,1.0066149679916656,13.218304180063868,52.54763215201047,1.0233752509731644,8.33163581003554,51.32315340996722,1.0221767408451918,16.356181676285715,49.68254618084834,0.9865458625074902,11.015169333235074,51.39720322544229,1.0095418604304214,10.645670355009436,53.74212593420548
354,50.00698776230718,25.9887676222369,0.4113949194838231,0.0,0.9987483457472245,11.13012991007065,53.085842542988495,1.0242414610032848,10.97465142154954,51.582940653432196,0.97733794016102,11.238100240246222,53.23687361452314,1.0198498839991534,9.890484914408741,54.415754720440326,0.9802135529973902,9.31085286275993,55.94066788190963,0.9888237642435718,9.675030192606767,56.22204965711791
355,49.98432598024572,26.012335560234767,0.8770943901893204,0.0,1.003662963703731,9.706066697440345,52.900544442543364,0.9682886699745781,11.299825189178993,51.05320227182716,1.008931763217639,12.608986448556879,49.62307673923267,0.9608816373874213,12.47310615557274,52.432702047578864,1.0054998463489808,10.957943372169801,52.237649294894055,0.9751788468651926,13.46482408677955,53.99072592952668
356,49.987536508102316,31.743293871626758,1.1565696854707328,0.0,0.9695585105501807,10.825748800881456,56.006797957197165,1.0048584319581322,8.211282014604551,57.51578010621857,1.0212020169401692,12.161430014089742,51.134576503499495,1.0086492555549058,10.612896090852644,52.26783028359211,1.0230672753305032,6.786917643998503,51.55163998427865,1.0121172408391208,12.023491817789143,53.335798461186634
357,49.996616308542926,24.111047112732056,0.40385603691108685,0.0,0.9615359106652716,8.555158063969891,52.2206998081305,1.020094232342125,10.767427120693542,56.15328566721971,0.9985809519036998,6.563743822161863,54.66361898078385,0.9745451001900992,7.540893001423597,53.25106570748069,0.9881666482543675,10.613541643718035,56.23347463221014,1.0261709811721995,13.435857810539439,55.16468593256138
358,49.968360291119545,23.240921094064447,1.8061812315725116,0.0,0.9950528753617296,9.19214256887043,52.28931625987963,0.9792183054784223,10.27947872697044,55.39858519302675,0.9452546858309723,10.418487009368828,57.50587718286391,0.9882156634047805,11.090290695871605,51.78925729595878,1.0097635007960821,9.436983727493278,53.47044024290938,0.9955454539100904,11.429170947236907,56.34539883519521
359,49.9854830229087,31.27827032903115,0.7928121557611372,0.0,0.9756913096952737,11.143488831709023,54.083446189667626,0.9871618278519091,13.949343357230891,52.63831623512791,0.9904643250616004,9.623573874035285,54.745269385622514,0.985219335553467,9.8974332748756,53.50368965733409,0.9955006651678758,10.79246177109501,49.143965037993866,0.9949079574673625,10.879469375973336,54.34200460057171
360,49.97500553632905,28.887257474215218,0.5332549563967057,0.0,0.987712643281444,10.778107665894153,53.42918830851729,1.0367282471606094,13.529104120694074,50.788163830978,0.9807067940340717,10.552979735956496,55.766225899908356,0.9906592587119608,9.895331421413012,50.353662527484005,1.0104712429242402,10.121615254139073,53.09829579149068,0.9809242141907085,11.149354028223112,57.00613396401087
361,49.98993044533479,34.24378188371243,0.9540292633787346,0.0,0.9970964376381102,10.797263785179663,55.499870960342804,0.9824283916753591,10.592902166493719,55.768815869418205,1.0327289412422045,10.447109852154014,52.618063662287575,0.9978437122666937,12.558274046754722,58.31642270524997,1.049041651586008,10.575771153794946,53.54534412489305,1.0048890134109856,12.855588733381792,53.77298730464307
362,49.98110877465354,30.421896151391717,1.0975515767396824,0.0,0.9816216442856238,10.418673641129068,55.43221054771851,0.9752499189116469,8.144540981316618,56.88245807893459,1.0088234202064927,6.967758650357588,55.20482704478592,1.0066005224691998,12.18073741054399,51.517263143482275,0.9884779046914214,11.043805097104848,55.29410644547301,1.0070368228867244,8.282475566231847,53.984465378753654
363,49.963004477782356,33.57443211283767,1.9884738327762188,0.0,0.9820502365418298,11.565656406662137,52.74348858532948,1.029402300291157,8.509391936997961,57.56879844775878,1.016362036761148,8.48765919418021,51.831809248751455,1.0069193465704322,12.569883868633081,50.81981907755777,0.9837411442319766,12.80191406213312,53.44490320524522,1.033226311998817,9.965468174764055,51.60744625940416
364,49.97993902430539,30.422371071238167,0.2979759768954118,0.0,0.9774939226010402,11.052453304233206,54.266290630350724,1.000505909531303,8.536047494068452,55.942005696340765,0.9881969272474429,10.714489078639067,54.7325202540642,0.9929896175163146,11.947405311357645,53.06199129108291,1.003438875818738,14.087426626771624,54.07172787691388,0.9900394520247818,8.98027950702584,53.46758708007216
365,49.9721666566192,29.162641801935024,1.684648837029021,0.0,1.0111665495853202,13.083458062274664,52.151259961847025,1.0219095710104513,10.665849276760616,52.02865457500518,0.9898467040838278,13.195266224125135,53.323729600356714,1.0164800409103203,9.344254155752045,52.25329950784829,1.00926721087939,7.672117432830527,53.5995621585758,1.0241809112365294,6.968314287553616,57.375707085057776
366,49.97213805878144,32.188492558016755,0.12867077042644315,0.0,0.9921131303985984,11.77288649839847,52.412916653141934,0.9738708094194698,9.8579599182344,56.791243263965335,1.0254563403924903,12.05721223936553,54.21963433828845,0.986639307099429,11.145697344155758,50.50503235011665,1.0023606953405635,10.121492816724048,53.794272686693134,1.0342370957742213,9.895424286483204,53.68613978504665
367,49.95900252078494,32.9618933991432,0.5169973844565425,0.0,0.9784870019538361,7.675052110818517,52.817186709456465,1.0083371844023135,9.726006654998411,55.33150500121627,0.9959213069205995,11.997188730999563,55.400492344683656,1.0129129986823326,12.803484946583785,54.56103991491432,1.0010102825106881,13.375997722611494,49.1117053238881,0.9978472711619285,9.776607448957659,49.789713850533914
368,49.98593121687372,29.020029884840717,1.4274232647632885,0.0,0.9936103324843425,12.091356200535131,56.02023028556548,0.9853457863927146,9.685967077519408,52.18327712268506,1.0120170892462783,15.86757684651401,54.64565166749064,1.021171748115872,13.455166111601024,55.99862347417326,0.9710132781856805,6.661085259728951,52.80595947131968,1.0144964910591452,6.296098028243213,54.69745597577477
369,49.96376783504335,32.54601694634843,1.737229156191059,0.0,0.9684657187098471,8.140426550310654,56.22611835145262,1.0057845595665231,7.20517210365386,51.23889250529215,1.0136579963147878,11.004514357633562,51.09418836808745,0.9949033464843149,10.340568333455732,55.54042381356606,0.9906333706744789,7.183904585808136,55.44357923221267,0.9915081235231977,6.768137775554404,56.02133370201899
370,49.94625396506676,31.12355769902894,0.31243206241614296,0.0,0.9953321708289973,9.677646620133034,53.64414341585484,0.9837478336539976,9.389861519022006,58.01820510212153,1.0058077179598306,7.909466215236275,57.08327582378005,0.9945828312624245,10.199355589038682,52.24217633431598,1.0223690147501348,7.58860513584072,54.07532669960696,0.972919195741778,12.038615041862847,53.943111329273876
371,49.97220082015323,33.010596518925844,0.2883469789196369,0.0,0.9862565205145012,9.246353619141368,52.941541224405306,1.0132918822947181,8.659895560967085,52.47476105449873,1.0150046539078732,11.170587554240797,52.85865576586763,0.9920348895664935,5.510447396403135,52.23144765086197,1.0127244792965806,6.830417856785136,54.39904545166749,0.9747529228530591,13.248973199944698,51.645523717749164
372,49.972980183955684,36.65447120370726,0.33577007249947677,0.0,0.9808262711858495,12.063457300602069,54.81925482504907,0.9702677325508008,13.91318891850739,55.79499274036793,0.9832913028936429,8.977945797202825,51.66759273480515,0.9958833301697179,8.636344054184347,49.68273460001456,1.022717243105294,12.334628319770228,53.66868352337838,1.0316246405468035,9.155523230916469,56.229259967547144
373,49.979230537317804,20.2513031460201,1.8581905018704452,0.0,1.023009541302221,10.426546322775808,55.105595472623186,0.9963658652990443,9.22681179952548,55.81502524899545,1.0256022623327854,11.15277183907102,54.42431353037107,1.0050193380279993,9.199483953462535,52.9926555620342,0.9969123668852135,12.423871184219307,57.31486062568614,1.0061495308435373,9.213924586117963,52.017383388367314
374,49.95353153895807,36.25397025172061,0.24425119862077738,0.0,1.0156469316867294,10.830552771048769,56.98210732124964,1.0202110533099056,11.51191480805985,53.009169450200424,1.0082370597244417,11.264414884605513,54.44331437847177,0.9860396221690553,8.232922968962324,53.965723947722175,1.0068265264763971,10.212391277131696,50.81696779606739,1.055888422743773,12.38473903758982,51.78647530845014
375,49.965957243945844,34.79429686939418,1.9652624432382375,0.0,1.0034592103469022,10.471912188996823,50.73273963438822,0.9769113906094615,12.737230233033957,53.71649933673866,1.0105753973623255,13.2809363423002,51.56288817413688,0.99852602594514,11.61229125823598,56.42906510608712,1.0131176003323887,10.170004262226739,54.52188424052689,0.9774182504512836,8.489106801663569,53.30563107234125
376,49.96917925436208,28.0580985041426,1.1437511596707948,0.0,1.0053566410083719,8.662359163013912,50.95096184158691,0.9842978801893685,9.916104348530835,55.68923456000974,1.0060190481667233,11.766802658434502,53.342680754200494,1.0197867204893474,9.547434817086218,50.421329465546954,0.9944898250807804,10.016821129629541,55.62881240973746,0.9775552669242322,13.320720803344797,55.31352667075572
377,49.971060967094594,31.319824102033742,0.13339303923052803,0.0,1.0235340588503896,6.900699708188348,51.68896785926827,1.0031919577964172,8.4493437582253,55.449688588579015,1.030449751557098,11.889332823691198,53.33737423875956,0.9823175792155862,9.042672872505209,52.8388659150243,1.0283036995655064,9.975614259334249,56.069043773757556,0.9898721675619532,9.140820952977872,56.19391595357743
378,49.960137312834455,36.464597025631,0.22291163851544638,0.0,1.0242326382633828,8.102813232217215,54.87588494949665,1.017316753703326,7.604548970265803,50.926653623849575,1.008758286959349,10.821180899888265,51.249730189097406,1.027643253237688,13.466300058505704,53.93739495006108,0.9806642311181062,7.1389729964279365,51.338847458294374,0.9661790026859811,7.6367426248700685,50.45930550884696
379,49.97374011336056,36.61971073048011,0.7463997038249119,0.0,0.9896709718033716,8.131246917335071,57.976758322230445,1.008633605330557,5.449926635981283,55.623071830713975,0.97924744451496,10.382854710447118,54.188702271326676,0.9867182254675414,8.940109883190427,52.15751823764038,0.9898652198447326,9.744941017804367,53.52049942545601,1.002372248154581,8.742447364657627,54.738476455761344
380,49.96771581809487,28.447302085863107,1.5018134681966324,0.0,0.9851085467493284,6.321676483213513,55.586205881944764,1.0294753080546728,10.185756024587295,54.38983237763287,0.9929251000407919,6.3722623499059825,53.47293060776972,1.014996458002289,8.79925109283052,51.56429138911088,0.997054941308365,7.717193736849961,53.0911799941986,1.0333397836213507,4.362969147520122,54.0634927926956
381,49.97411851494356,38.58269854658299,1.4407043010109204,0.0,1.0073315477560052,7.12792564963517,55.05666682289549,1.0055988192274565,8.398692110745639,51.08440547605485,0.9752944610475018,9.424083954263205,54.675197393932315,0.9767426271752913,11.194809166569605,53.715751720593914,0.9758297716237951,8.240843958436324,52.99806949299025,0.9891614848263296,10.863349462481047,53.347990925023986
382,49.97156795992852,26.754345705875657,1.5204999106520674,0.0,0.9794701865317688,8.600644369987256,52.69084642393679,0.9949925764786268,6.587793786580475,50.882163187105085,1.015314333647682,10.318225597534578,53.481611008029354,1.0175493402098463,12.459823595458023,54.28684149506205,1.0035751877741028,11.810656260008749,51.949345090097836,0.9807030205245982,13.857051537082397,52.54507665919994
383,49.95452376678174,32.76956024842072,0.45348721739433406,0.0,0.9951472620832778,11.981111375288828,55.235512815612665,0.9860486247180273,6.694267590869922,52.08181315133147,1.013966870505871,11.915311536337024,55.72680545073187,0.992317997257766,11.21320190512999,54.72423467307528,1.0014991109968332,9.786843395623489,49.906719588898106,1.0141930864225444,9.577644867118211,51.09092910989364
384,49.95182998014253,27.626279079642025,1.2197230894551252,0.0,0.9812604720271243,7.379921739364091,52.72333368606405,1.0146308420549262,10.957553248748773,56.038399308992204,0.9811414486506795,11.206290173332569,51.79006312748259,0.9965459578586204,12.390317450718808,52.578799171710315,1.0218677325554761,9.429886199108955,53.88814449883893,0.9781996320528639,5.836948680836011,55.92016822033861
385,49.9664394111596,27.80967776126939,1.9254731986318394,0.0,1.0272171594059731,10.444167847336429,53.46136340058914,0.9690259997027829,12.635376902496352,50.80698718898398,1.0104132209320618,11.224483846510303,52.9491939550854,0.9929762756348723,8.737695401579149,55.042534446969704,0.9819481593816091,11.185451688995638,53.47940893762261,0.978024913201009,7.961979385753143,51.902226947254086
386,49.96810333972049,28.07806385240668,1.946257673298773,0.0,0.9962023000512802,5.405442574460365,52.01127818958653,1.0150645384293926,8.311711364885195,52.6762262118273,1.0042559433770082,9.028791094695393,56.85221038094548,1.0016709988600707,11.910982111096862,49.54709920014453,1.0350271308489796,10.89427614751755,55.85408696493879,0.9983466136021654,10.386361654743798,53.20291540860375
387,49.958171824413164,25.333890836931946,1.100693052305381,0.0,0.9752076571282079,8.846435488324584,54.45268405869852,0.9891112962718653,13.72913305679614,54.96020656956747,0.9980927680182113,9.08361312050161,51.276203563573446,1.0020318450782573,8.325735686898136,52.08147083899212,0.985991893695777,10.055665678597995,53.03689554450627,0.9511245422216384,11.179376250788424,55.602518958911844
388,49.968612111602056,24.400742306007743,1.4719416886014047,0.0,1.0364627266284452,10.403552851880868,53.82623060173658,0.9766886500703522,12.422780678813545,54.01641834869141,0.977471062026194,7.77582356145297,50.84534335013587,1.003430253363815,10.164893656414732,51.85898574333966,0.9950099736761808,8.32972208115211,54.279330815650674,1.0148260009148256,7.030671080324315,51.97353890740004
389,49.96386832947283,31.435965370394356,1.202093936588783,0.0,0.9993559668186499,8.13330030591591,54.81782971689099,0.9615725535511053,10.640973467739071,57.50633384013244,0.9836017895288187,11.219081541337195,55.31426152877587,1.0186877441885565,10.778221499290222,53.99666253666083,0.9861230746098849,9.511365641372548,50.57422099575295,0.9604491426147277,12.672179238935941,53.94150327896089
390,49.96212641982163,35.948716400837576,0.46133278821967716,0.0,0.9932852764180607,10.874021612951843,53.04883430917808,0.9738974371024635,12.887169608650568,50.79593250032608,0.983875414548324,10.970842475021142,54.37317334698641,0.9687685884265104,9.074673662234169,53.85181247580722,0.9917704213582532,12.361477834645024,52.751962834176304,0.9890690720812344,10.79963325423973,55.432404950455954
391,49.95762182052357,25.29120370113919,1.1657029922972058,0.0,0.9901767990189784,7.293588553066122,55.06265820089228,1.0328130905182662,9.492008560290166,55.902562565985896,1.0082220083543958,9.916207411066926,50.248558421309106,0.9957929245856183,11.267036378237142,55.92965697612115,1.015460387491105,9.362927101556764,55.72633333422941,1.01473392201545,9.093906756217715,55.91940629258459
392,49.96327648662262,27.94312355732521,0.9883679232745521,0.0,1.0477506610769578,6.546805940963916,55.31912700411928,0.9988584352175351,11.01455741009356,51.61107991901658,0.9831927239508862,9.681661319881586,53.20690599548205,0.9987861728771941,9.86169252817136,53.404846279844726,1.0068774038023416,11.418889140471068,51.732002591871336,1.025521740550553,11.062877078644533,55.69772621586475
393,49.98328158535026,38.38148911444468,1.1584968599864385,0.0,0.9875679152595349,10.731318712732577,58.503910916208305,1.0280530223667328,9.889839817982544,53.35726713488525,1.0168784572212988,8.832816307360906,55.45095588569934,0.9944680228868492,10.633065775122072,52.17041083456536,0.9874364304244858,6.9551958338822555,53.21999592197063,1.025254532419971,7.698831124303659,57.44779634839804
394,49.979964116029706,23.91652926948843,1.27372657498407,0.0,1.0111017276331626,9.382560566508719,54.1365921612882,0.988620825864927,9.941587698711487,51.27815379670279,0.983864098202525,9.684255193187505,49.65646012430192,0.9815994426538523,7.827168118355987,59.797671804404615,1.006665881875685,7.65886918076443,49.64542828048038,0.9784132881259993,9.144241700924319,53.208146422784104
395,49.95119289823038,25.074098688410547,1.038346058282318,0.0,0.9695891081523051,9.951304459968442,52.93011607825146,1.015545299669991,13.551620555655147,51.262694463999146,1.0109836912397314,10.413138877450663,57.188007700775316,1.0134239208058913,11.999014853242924,57.02334283048984,0.9942887017816053,5.816791345669315,51.96708898122026,0.9897206348342887,9.605400988901913,52.417292623389955
396,49.960568314595506,26.312054349549264,0.3556707434399342,0.0,0.9803487265210373,9.146848940792047,52.852701269839606,0.9885714816029951,11.366410834415476,55.816106476559696,0.9802636853492674,9.014158874707274,55.80109073410405,1.0076309327694422,9.479191992413991,50.587579954956546,1.0241049020150605,9.869587848970333,52.299129113139834,1.01268136657575,9.908360282077373,52.91339417919168
397,49.935124868849016,21.25621675466978,1.2599168847314188,0.0,1.01837051560278,10.152599586902914,56.45580795409845,0.973718471319494,13.873160513697442,51.09368056886614,1.0062349575243885,9.890047053453017,56.30271690561447,0.9927336109889326,10.757990707914123,52.98525722722377,0.986036616920387,8.959788519107278,54.50466994877939,0.9964414553733039,7.316305941407949,51.05704017352831
398,49.97653070570714,24.802064636176404,1.900098228683649,0.0,1.0353649928941677,11.967870303390109,53.2528874133505,1.0296937567234343,10.663544428963762,55.33572877338544,1.0409002353880512,10.137185999315223,53.85512431584346,1.0085778180297427,9.641560624089417,52.39974946951602,0.9978855801043806,11.262555392145874,54.99300053375862,1.0072222549980543,11.968371698076298,53.709953424475266
399,49.97131385583069,30.382151063031195,0.7116984213921393,0.0,0.9984374398743336,6.898677361901587,54.50496147078509,0.9776338968389903,10.437473944885252,51.79303990307049,0.9866900730841491,8.670632933383526,53.479118356546934,1.0007487609993875,10.264630667302875,54.49114880285466,1.053393376629138,12.053996033536956,56.235682268399984,0.981127717486543,9.25699144932695,55.97364429751499
400,49.9557847509051,27.792783487464895,0.6801990448073363,1.0,1.1003331560282836,6.967124085152401,51.4318259335805,1.1020842043338688,10.148163884438082,50.99156359581684,1.1214461029459872,11.305393797127559,54.42711019323963,1.0829588401585613,7.811896713415551,52.834553506851385,1.0909830371828844,10.100927173868886,56.11880027496129,1.0947824315695405,12.340646372233783,50.43861268486026
401,49.9486492148589,32.93758234327932,1.9223464879887975,1.0,1.0935103566292945,9.690421109266598,53.85533004778144,1.1010052500797298,11.561442069181025,53.65615482960014,1.083226269721524,12.183176089704226,55.88411454899134,1.1342535938845781,11.03163656618723,55.7497131046517,1.0930629716100613,12.196812986897243,55.43718751732269,1.0890611150625233,11.83431451378811,56.815868780139375
402,49.96483510047668,37.531157183187695,0.8591595062691011,1.0,1.1006481977066545,11.168778637230625,55.452917587616966,1.097916229482483,10.963349104780836,54.1475752386394,1.123761390471452,7.972716217564311,52.9010965758958,1.0725923667202815,10.37457706459935,52.528479489275476,1.1215817393350533,7.826854312526677,54.79925526697543,1.0981049938363634,11.94048291257105,51.411736230674144
403,49.959554978901146,21.923540043087947,1.5563828847053014,1.0,1.086983624543693,8.897705714375558,52.981296976704456,1.0887417426640524,8.147121714398995,54.35333624858185,1.0741217278908763,6.994608555981216,56.43101231532364,1.0866928065042707,6.457420459968219,61.774110223429595,1.0888770739993034,10.414992917903959,50.461770437520485,1.1106385084833403,9.436189311710208,54.491025860553506
404,49.970752291123155,21.8549863114836,0.33280666759530675,1.0,1.1074184391615123,10.131558013802646,50.83376168012076,1.1291692477747737,6.5850013351049395,53.47934427223381,1.0638755272620455,7.190198610823387,54.7970274017099,1.118511465711377,12.360561280759473,56.08221948933394,1.1113591771686486,12.771505563342286,54.39764280036977,1.1080312182231635,11.301425272174473,53.2986714961682
405,49.95618202340227,35.356760379063765,1.2704372340396357,1.0,1.1373536059711453,11.25805152774894,56.591853792763544,1.080680716961458,11.515645593191236,56.773701185459956,1.0898348412443177,11.575982814363348,52.55645091188961,1.0755760438562147,9.448169621021963,54.70749874308588,1.100564793007281,10.061391861588584,55.984466258792814,1.099446235123278,10.38585500297034,52.004788054354556
406,49.95357622179292,37.900872934931456,1.8012648144258814,1.0,1.0902788233851866,9.205446380066611,54.011011714534774,1.0862169118495655,9.141128953493059,59.679158924581294,1.1121731697946404,8.763006100766358,53.518918831432224,1.1056202487610274,7.292336998042304,54.819590913278546,1.1189167538456681,11.072270495293283,54.115353659463224,1.0990255182011976,8.200672438404572,51.726745440269696
407,49.96315944854186,28.674050454116163,0.46426942589003906,1.0,1.0947961600104363,5.970770645465319,51.46698313176555,1.1230410102829014,7.353596649794847,53.084638262992215,1.124614754786283,8.52477226847974,54.166556236157795,1.091899761139579,9.841316228307596,56.03385453688894,1.087477313369365,9.002353120436402,53.974594995928555,1.1035066124579913,14.426888726346336,53.507976952050555
408,49.966679769660026,39.922542782566616,1.2512705832564055,1.0,1.0645609169446737,10.863131480174832,55.91289522000985,1.1124421527685304,7.248615787029673,54.676482725925794,1.1076200704760364,9.323116671286419,51.71223258777148,1.078060370293859,11.248745588651595,57.71963483617875,1.0571070870068622,10.150483311043041,53.55853084288111,1.106557988971611,8.785531027827528,51.55859622073184
409,49.959162499425794,32.01105477439303,0.6700481016531343,1.0,1.0810916948317246,13.076065996082825,52.962023892033386,1.0790907489810717,7.289511853850668,50.42802500710178,1.1075268810431782,9.265314610354402,51.85333202314677,1.0788315662553545,9.531425100810337,55.661596348815536,1.1035945386409265,9.595099380454297,55.586263329208705,1.1110163328712688,9.863062633104379,54.66911796316884
410,49.97786593070605,36.53627141905802,1.1505567027335764,1.0,1.1189777854411227,10.73385446069526,52.52886416943769,1.088341329853516,7.427757475095466,53.1819937389721,1.0882048994869662,9.62229031361038,53.1648390551845,1.0994945996065448,11.725907794551526,51.6258757261637,1.063627594852489,9.642145145580498,54.46056811101719,1.1119532914577586,4.304720105395002,56.18359533551636
411,49.96542051984611,36.68484306621436,1.7262118625280467,1.0,1.0973199737703716,7.232646636398635,52.93213662287201,1.1203446861912687,9.076131468223723,55.22718666863974,1.0864040158960637,11.21600478634151,54.09930093044806,1.126469345686635,10.525304203878207,55.92757223972914,1.106936180590583,11.949220156070934,52.55124208333572,1.1376284908163135,8.519306190330045,53.573204992978226
412,49.95564903805498,24.60723841461917,0.13099493427907816,1.0,1.115346081290382,11.917425632612055,53.520838195426705,1.0861540673112822,6.0414272713935215,55.483046673696734,1.0877111255566887,6.423754203277966,56.65043844008905,1.1067198117065216,13.312853068645023,54.675934513266995,1.1049883006184904,11.761170937546634,56.533233854550595,1.111150398600243,12.706807715932143,54.038682127573445
413,49.954029724576024,32.29265679564635,1.566846235112872,1.0,1.1233684507633739,9.95173099051267,54.56688423704807,1.1046935424293245,8.579865245210991,55.249116955000744,1.0996099084459152,6.806926991041574,52.304516949434635,1.0991710549581686,12.033395741080193,52.80261025381687,1.1029280972283637,11.353756450794382,49.082347347531226,1.1053747848321718,8.44979808430153,54.913238449939065
414,49.97021392175379,35.358769558870925,0.5052076994758092,1.0,1.0979670169042701,14.223192025021604,51.31981331928727,1.0961126930426675,11.635770221025894,55.06790969890657,1.1054827613688951,9.496629806704465,55.092142922254034,1.104761014551937,5.16804561757475,59.14935442499707,1.1198958759153117,13.012326435559132,54.705257747190636,1.071458024096561,7.1221940647737405,53.0721163507731
415,49.95489490497284,30.08989685049067,0.8773828077164825,1.0,1.0787423646059358,11.131171118439951,54.06137176226725,1.119223007084968,11.861983502972466,55.67531503343484,1.1087120878271333,10.074338559617106,54.75247836926286,1.0809600529291459,10.476634715594283,55.10439826529348,1.1113559822220398,5.948698669402032,52.128434855611346,1.104594736244675,9.405911709567965,53.85733073393642
416,49.9670328316279,27.53986884266412,1.6546891827931107,1.0,1.1308222299786563,9.820602136839797,54.75464973798993,1.1166397372286105,10.28747592406303,52.51883324319552,1.1331565697160604,9.208675061036262,51.71083054754232,1.1131258405158386,11.708508471681089,53.16962161247051,1.0850269076420334,10.461279570005148,55.40418109151095,1.093628848438403,10.329277269007251,54.824053433417696
417,49.9546734222968,32.359847163382014,1.7910864976682168,1.0,1.1006871900276713,8.304127651212033,54.04015441957962,1.0675473815295127,8.71921384475926,49.402502489802124,1.067514213865611,7.76383768479152,57.02074947669628,1.115570969745029,10.188729778365794,55.82757387457535,1.127576769271581,9.810301872173612,53.40995933567707,1.0924708849077482,10.494953804928386,48.93801070790458
418,49.96982971535562,21.665832835466738,1.2619496653815458,1.0,1.1159334451241343,10.257801176189043,54.309835345601215,1.1005268754180617,10.025327975808711,52.523079095445006,1.1240335461544353,6.9935387777923825,51.682266766417776,1.1185110863824366,9.324318960235104,56.06170342319696,1.0967281956568147,11.952736852443314,55.354005025913004,1.102506371589803,10.57307003515007,55.37881942566435
419,49.94187217967231,36.43429678885825,1.3450163203626664,1.0,1.114671383750667,10.796439621256546,53.524082399820934,1.1130307716919863,7.784042939599543,56.210526625464716,1.086217865929059,8.621693547934116,55.310165256687505,1.1312322013655451,10.628352338557498,51.29131631599078,1.0853124777975347,6.4229398089943,53.190578563789956,1.110806875416112,7.755604945827505,50.787909256489584
420,49.94802237888894,26.44382689746943,1.8393231730301376,1.0,1.0961771940627434,8.646310606241618,53.45436532632714,1.1132366666603057,8.371248478539645,49.35033087164065,1.108389428262658,10.767260951187046,50.76274996052582,1.0624117980341672,11.303777541538274,55.789816507479514,1.0987827727881734,10.20082957085336,55.84894474328251,1.080311004834825,11.288142759969453,52.623088120413136
421,49.950326960074825,31.10822279496128,0.37684952806337746,1.0,1.1164181034188405,10.697814308989951,53.52291471436429,1.0604943382979861,10.987957277757921,56.21631517976683,1.116641031877473,6.169640123264408,56.01989322898104,1.12560397754856,14.400208849533772,54.241288148864456,1.0813311365578946,8.576629705504622,56.21815528296079,1.1274682893354542,10.480894537034402,57.8893293382061
422,49.96688480474892,36.65587261509821,0.1054197894093929,1.0,1.1044442778137709,12.839886838577561,54.224036749425366,1.0910970108385334,8.993166823200092,53.98522420428747,1.1161571509143866,9.6937342191278,53.85438295992839,1.1405125308516437,10.456559316492735,53.47374261272476,1.116416535065878,12.957881397672843,56.01612210395247,1.1362622322940286,8.299294314599226,54.196547165352904
423,49.953302033999165,32.90115182078604,1.4599966138164036,1.0,1.1387355815543447,9.289711407269326,52.8350533566769,1.141785130490594,11.614446585782911,53.17371165053148,1.0533933173630214,12.36504864789649,58.15060750668122,1.098380682667888,9.79048644069182,52.46320230502324,1.0925524923150973,10.226778890628566,53.70153492804322,1.0903707097403172,11.219893697349162,55.80966753759885
424,49.93788790566673,32.77210672585029,1.3298617952164744,1.0,1.1071755321527708,9.720345702898022,52.54282913938004,1.090748715591398,10.382809192792768,54.41520672972097,1.083132041157605,9.347937399395068,55.94280266607933,1.1231075789244909,11.797331362179396,52.2814950838897,1.1182111344596872,11.498981940872413,53.4017699935154,1.0826689438562367,12.993966238483235,57.72480760333357
425,49.94595308560622,36.939159559840206,0.13178053251247523,1.0,1.0648853501780744,10.120850606250263,53.069320235447144,1.1170273215442017,9.651510751805112,53.336883056727565,1.0912346525091785,11.55590152338348,54.38055047633252,1.0920886409607025,15.463051339202577,54.93461252490736,1.1012923262345957,5.544472136105594,56.57458265945863,1.1475432456648496,9.851924923109188,51.43250547936052
426,49.95963974224461,25.964242036504615,0.676976312609364,1.0,1.1075263836567821,9.293612092954032,51.419434645571485,1.0854478189546601,10.798157287674309,54.21852789992602,1.0895808179689965,12.017821808714421,53.865135133401665,1.1122579381790871,12.176533306446125,53.586039295670666,1.0861559679983295,11.413653211971717,58.15406525781983,1.1041945239362527,10.133451125810671,53.780351649307974
427,49.95223286084882,27.523064254539932,0.0658449454705774,1.0,1.1201142243574729,8.683592148318654,55.10781222084725,1.0880793336543617,10.882440968044929,59.72670858908378,1.0844681578536777,6.913756446524226,52.54350561606039,1.1173878089890628,11.691041172955059,54.38560169261892,1.105576189209484,11.173153441853449,54.983596870606,1.0803714824532873,9.481383727694467,55.46871752319409
428,49.95649289482117,38.69023797242444,1.7491055004520852,1.0,1.087256167902168,8.628906247892717,54.10650735414005,1.1428742603055457,13.186498195741166,52.07505790924219,1.0983013710004477,9.008290728824102,57.16244460527347,1.1044972768869477,7.683261410615431,56.30647154094224,1.1095856324419993,8.531743124660032,48.78314942524557,1.1076308236838386,9.337067553438779,53.94413233108336
429,49.956618145715304,29.481025669574308,1.9418095148175123,1.0,1.0810807754175287,8.3231249335667,51.69334137115843,1.0682537144216808,4.011873059290363,58.11603483261396,1.0777462217785112,7.777070741017697,53.287532032096564,1.0826040494349454,10.226221216209739,53.909995203894496,1.13483164921188,11.115518847430211,54.27955344026479,1.078289661798757,8.492484078461644,54.63118628555084
430,49.97011971256317,24.686907186481466,1.349507880706517,1.0,1.076635630066359,9.32503653106443,55.04120836612027,1.1146679123041068,10.618216946305072,53.68821216049661,1.1034292345851504,8.650960700599624,53.21799592064026,1.07469288356609,8.839045459329258,56.4477293518431,1.1392101845675442,7.960970238589555,52.816243890677924,1.091762964965993,9.233970110556147,54.62687926495053
431,49.97741022175302,21.393695758077396,0.8819385883670403,1.0,1.0762919591563078,9.266905591292184,55.548082131719454,1.0902595300282814,10.189026748241352,51.46831233711845,1.0952588377009644,9.784275442406287,52.27364573650114,1.0794898909051205,8.903749886346803,51.02290531348791,1.0870259943823872,6.206051196648707,50.37130011650038,1.1047684328205412,10.803657501714074,54.767884071072245
432,49.94752558210597,24.554766552654463,0.4954668828199902,1.0,1.0851735705813819,8.325800231331687,52.8955018991848,1.0847619085010713,7.784976221448849,56.53714617033221,1.0990044977328166,8.439012369376186,56.7511835029186,1.0817006765052135,8.521172390749024,54.641788191171386,1.0816574692293475,6.785950380583314,53.54054217127599,1.0981213218420094,11.218654641473774,54.622885623302786
433,49.933350872220785,27.084960092601158,1.1120138870205645,1.0,1.0894621406757903,11.113594589497263,56.721902662509756,1.1185690564982105,8.429262244820585,54.9396494049578,1.1000215028813918,8.141649617470097,52.42594419819129,1.058079211082159,9.548592447605543,53.14564730352959,1.1260901646401176,10.03566033745232,54.344243340549696,1.142720776199206,7.0373016040467204,56.745450221293254
434,49.938857452290456,27.514984539668358,0.06469781039513678,1.0,1.093473359594627,6.537443264426,54.2704074976956,1.075958202161681,10.571530964326037,55.74958596216287,1.0941653803266542,6.447405382739339,56.05036569365963,1.083417914862129,11.107683821911955,55.4071005123772,1.1059365813942912,8.048428250398189,56.97608977148599,1.1001236636206162,10.68482496378991,55.43140604027613
435,49.93970824190449,36.61702833364983,1.3368527038409872,1.0,1.1138315956511178,10.842890801943549,56.349361144220865,1.0674085409605387,8.916055357335736,54.35946625185897,1.1248296066356493,6.72600803972084,53.36949814599781,1.0983281850943791,9.934582748390767,56.83126939106467,1.1010327123167667,12.309576675586191,52.58749333919432,1.1377707361330578,8.92445772632102,52.96304051277348
436,49.95338000417061,34.46463622606993,0.09115319851492565,1.0,1.1125221467650597,9.708297015709018,55.558255081908406,1.08444235550711,12.720605257271501,53.221484751724795,1.1481482057802854,12.057025866596513,56.05979886841164,1.0899350256229452,10.650707527244776,54.581073736769966,1.078578073626407,11.438717445068939,54.898405868747155,1.110619894080524,12.543795144113464,58.182957174348196
437,49.94702214781973,28.111217521873776,1.854876989288186,1.0,1.1161605453930814,12.98876094729414,56.24921293481741,1.0963613899743108,11.002581469975345,52.84976383210691,1.1058835603959112,12.33160505438768,55.83041023488832,1.099534191817539,6.908896939413053,59.78415979151552,1.0960374310099148,11.71386945123951,55.682651362102696,1.107276290558009,10.545784912527155,55.77781310364273
438,49.9310829045343,27.900832187852096,1.49572543164025,1.0,1.0774328065933942,10.057418476278688,53.15910893038666,1.1076011628005622,11.80042825721801,54.75487647313478,1.1035346689077752,11.800195767466416,54.165466940433646,1.0665360838184124,9.940447203630521,52.93669474381934,1.1030381629893102,7.870592228064743,55.41474922343538,1.1061297634896965,9.72428607223524,54.87635415146155
439,49.949528235029945,26.51066337757925,0.5950738008753751,1.0,1.095151874742121,11.69410588751539,52.95336395238931,1.1036837957955414,8.570534029290028,47.621714216427534,1.1111297985310833,8.540295436067915,57.465859003953156,1.1157403777346921,9.894367757226226,51.321063984671646,1.1552246420280237,15.058180348720903,56.746961091894505,1.0699916418095292,11.048513883688495,54.13622682690315
440,49.96867058585634,23.1209128459989,0.693218983593443,1.0,1.0946220356018566,10.131752039392302,54.648209224929865,1.0870273071265597,11.99103560298023,49.14515058296947,1.0937257765208324,10.74830472983322,51.51723154406252,1.0954996507804264,12.237994949822376,53.31662300185024,1.0898522113260525,12.208909637613488,56.502242370176624,1.0908056974236182,13.579281641663092,54.58979039045301
441,49.961140110305124,28.38389593189339,1.6974130330768595,1.0,1.092941263741842,10.731125682504214,54.69201850912448,1.0845483086041585,11.249211332951296,52.73369250740933,1.1120771688849185,12.365540513602454,55.01174222509558,1.1180056072328692,8.24222017358381,57.24886889639749,1.1127343854640754,9.049847868865777,54.91072873157643,1.0891086972704607,13.274579000350064,57.590759894014184
442,49.96643839202316,34.73916304171891,0.8518122176279439,1.0,1.1272137319978317,4.667642915009397,53.72200415132301,1.1234722496712004,13.798173376672139,51.30346943208852,1.1086689139731356,11.338113578674108,54.000956510102824,1.1316226882073424,11.353484329377563,54.546937681763985,1.1086850472065755,9.536068987186239,53.95083618904271,1.0567301668294198,8.229725548042289,55.61526099688018
443,49.95039592165768,20.20204736845704,0.029166026611878504,1.0,1.0989965539333344,14.109439958020785,52.08594359846153,1.0912303581903293,6.867652977747358,55.39225229712484,1.0496303862565048,8.42111333189935,53.22244168795528,1.099113301896317,9.424811885587145,55.88810517559009,1.0804949092220069,11.853677532059063,55.7817162709177,1.1115143670240724,11.092163090757273,58.80856449076451
444,49.954615278778874,30.595015464749913,0.7510075857371026,1.0,1.0899657270765848,7.29856315791033,55.76140553565611,1.1100222158202449,11.60406183146591,53.87218221330588,1.0896827354748901,10.210691700972093,54.16334206155019,1.0907088847583892,13.294402531042788,55.25931212879726,1.1168294190052384,9.624860175109095,53.0639360749795,1.102629991774772,10.625569780959541,55.38102788801161
445,49.969075153649236,31.552412433735867,0.4216600438799254,1.0,1.1181928359052913,11.386878860243804,56.8686718065296,1.0791632253406014,10.493113356966502,53.40216847983865,1.1182096375741857,11.991199384780394,56.62856292603271,1.1065032049729577,14.001222689336677,59.07563321381677,1.0867364589908612,9.751258379740449,53.810874921768345,1.1117402657482496,12.010237995565552,54.21915794989116
446,49.95592734193458,28.153253713012877,0.6786280359414394,1.0,1.0830857999821952,8.357764136601048,54.462459856013524,1.1006567038354278,11.163159876929642,52.40703769300111,1.1165987145063787,9.631742274282038,51.80352971916257,1.095224629033887,7.647503869369347,53.77686215241205,1.077756265584251,12.295209815343117,54.40760953812865,1.1019506482417143,15.079184519393532,54.00617991273141
447,49.95674516769927,20.506451119788302,0.1869827175784884,1.0,1.0976231270115948,9.434543215487922,54.567483381874325,1.115105049613764,11.385987002567738,52.355214594029896,1.1059665654563646,9.545176170883588,52.81976887127218,1.0966336934191891,11.41731833567096,50.798096259672704,1.1611116264841463,8.15301056750922,53.73654183693307,1.0864505540790503,9.980079906650383,49.79545835174425
448,49.95377274651125,33.39550470772194,1.1271617884957361,1.0,1.1016476954572727,6.590672013521248,57.98691315548783,1.1063207486576856,8.94326388669002,59.432651482301345,1.1205843398566575,11.00925127140736,55.53526165327722,1.1116936372799107,14.3373384481465,55.668269738561975,1.074564171387889,9.107485934207691,56.59195970683373,1.0932850653014359,12.644381093297959,54.49836312876879
449,49.9567250048358,24.752318284965042,1.008573643616558,1.0,1.106718381527174,8.644020886304506,54.866604132604245,1.076954607281935,11.423151888757202,51.819268952915756,1.1205285606318196,12.239009744516672,50.13889584809651,1.11524726147124,13.652259679061428,52.95413270852144,1.1451751436201008,10.187473587228249,54.01486089780044,1.0604157090414779,10.551737339436741,56.73643367362058
450,49.95358209183855,22.060063154990345,0.8634406094616496,1.0,1.0854372897743085,11.113124914699446,53.455666490344555,1.063489220673227,7.091025135780274,52.35075018966546,1.0915800843981456,13.409803273578467,51.407701808981685,1.0869497884999075,10.402520850042576,55.590816009144206,1.1028405820383493,8.937581456755016,53.47566557844211,1.09999236944499,12.399488313154663,56.13645016466438
451,49.960743943300606,22.780280518417456,1.9786485809456065,1.0,1.0976018758553474,12.60990014943479,58.71539711381891,1.1127787197416912,8.621368797293043,55.316849127291434,1.1118410226567914,9.246914569278305,54.56705599652685,1.0521463877923654,11.21397685447223,53.686245737886196,1.1048200545603897,8.316218049471448,51.46352568414799,1.090551014181197,7.964362935599507,53.59732819386708
452,49.94923625588323,30.370356643792974,1.2317290995321604,1.0,1.0854975177421182,8.398482644134255,53.997726799589174,1.0862427434596489,11.922022391425028,53.778150806554066,1.0868775014424314,8.631367754505646,55.45801139608348,1.0949377200162393,12.419248493149032,54.22237039428017,1.1159246292639513,14.822782394473712,54.2386806696268,1.0917147373742306,8.637147868796239,52.60655603413482
453,49.96197402339105,25.58614905824859,1.6823839653175672,1.0,1.0614113792225968,10.86323039938078,55.40559482536778,1.101498783756696,10.688414733128692,52.11382232201812,1.0892930361092603,9.100678427412006,54.546181580363516,1.105294215728789,13.511572965216153,51.987548528775804,1.0878492849320116,5.911512833841627,53.50543409316161,1.1002246020184794,8.126530267552207,52.75743456438449
454,49.94329230765834,29.838271758826952,0.18894323642817978,1.0,1.1193312662450092,8.86786724616586,53.55717682406633,1.1032436565473063,7.447817559468005,49.22153228029685,1.0823143840458245,7.483404497029749,54.97740079226319,1.0858277209606009,6.562496234832937,55.828990977644814,1.081949329931238,6.7853620041714375,52.753299165622174,1.122439271142199,9.687742132410003,54.63263969540942
455,49.96149300435253,35.29681095935206,0.9217372391856642,1.0,1.094768276143942,11.590007865029076,53.90101909497931,1.0979920606013047,12.730158329350477,52.213124055240336,1.10917294747636,11.106874531474654,53.26545807857902,1.084833127873878,7.536783881683013,58.62128269064281,1.1385824072857964,12.426126386007008,57.112138544799116,1.0675928872369242,10.802771534044698,52.49841321567166
456,49.959575948352175,30.081255910078653,1.1230703190374647,1.0,1.121029610908356,10.759520273212939,52.42802667990585,1.0984467269495652,11.65083009712815,56.47583280207417,1.105530193472008,10.000165011765928,50.767699730246086,1.075368584727581,8.54467372358131,55.63730117875839,1.0845922519380107,10.070030841911242,55.08242331048606,1.0977442624705342,11.927634209141363,52.49797683272638
457,49.94991427368306,24.801356552699737,1.849957874445722,1.0,1.084339808254481,5.93599874795259,54.037963152789295,1.1319635921626063,9.695008775126785,57.04356987611721,1.0997536918601298,11.387980145992444,53.58259807278524,1.113494836073438,12.46358215443704,54.716295185908095,1.1225801250009928,14.977078433142378,53.50299435429415,1.0767484281403346,9.287539779353114,57.44806638382582
458,49.94960077871085,21.606017700970707,1.4015145270436344,1.0,1.131302161529662,10.267615491719477,57.707247278431154,1.1275149329649747,9.86270325416329,53.74184780496122,1.1240059287128465,9.275635365394445,53.53808072885738,1.1372539774172006,12.72996683892297,56.126994173729116,1.1074021684092537,14.333673905881708,54.101215916897246,1.1065860363472206,8.79804596371476,53.69481821884679
459,49.94541672446738,36.149179087775344,1.4471189778917117,1.0,1.0535532877815106,10.182125200579428,50.61554101843858,1.0959712190792719,10.40974679586682,55.42026250016718,1.0679928439985864,13.625627019688284,56.13912897893614,1.1434761568349767,8.728152270662587,54.537241240764835,1.1218041786416202,11.570074858597206,54.71195767461221,1.096873325742452,10.318720153562525,52.66365898368082
460,49.957753554891674,35.61629839139204,1.956061434042563,1.0,1.0918069493288913,6.6095118069815975,55.20395113734217,1.0904453008360215,9.125867947420314,52.74449127974962,1.1064346715028273,11.20397481771157,54.394510457962916,1.1029555791610435,10.653490016472077,53.982503404391345,1.1250792417922355,12.038149768811357,56.08006125024066,1.122460741552609,9.309341997326039,56.25472282712161
461,49.955144519517994,27.142337848822738,1.8497101150348734,1.0,1.1145604159975449,7.242438055931204,54.05581083588794,1.1115629081283915,7.748871476765148,51.59447422941781,1.0971576748859293,6.111296428137172,55.90151350750464,1.090575251112046,8.20864915318013,52.76619820722904,1.1330679510142299,6.585967657318335,53.96925255780162,1.1071329972832116,8.669347870412048,56.915488619795966
462,49.9668196959707,25.460119297662857,0.016894955607014372,1.0,1.0678095150230356,15.927935980841996,54.35369643499505,1.0663136791353032,6.129947143662958,59.097793622482435,1.0860229549935052,7.242984909764522,55.18265537524415,1.1145282567013977,8.68120955636778,53.47487640642918,1.1060812341254402,10.270860359890412,56.251686100690385,1.1286438527938536,8.117246997647838,50.43430403082648
463,49.94829872611133,27.09819792014135,0.7729391778689894,1.0,1.1154736302092279,11.024289774429091,53.62222873759299,1.0916610758470915,12.599071244532563,54.60117580465289,1.1221948587402943,11.75024556909603,58.39139485709833,1.1202447140178176,11.788137340113803,53.96534664197133,1.0844237070779723,10.619230266703518,54.36600873142715,1.09180617530317,13.011198772174504,50.60960670704641
464,49.94784173857583,32.61091218509112,0.1628206413967943,1.0,1.1256723095118077,12.408884357704622,52.19174245381285,1.1226096568535004,14.200893618509651,59.997723147349,1.0619078577466587,12.203677294117744,55.309494171022926,1.1155454459935288,12.685912340634179,55.09152569062076,1.1024096649406139,12.66994005515518,56.45039495331807,1.1378040822658122,14.103498966366205,51.1707307945717
465,49.95013777416177,38.406218554814984,0.30013867864310684,1.0,1.1050041738420895,12.19189020288611,57.01324313092171,1.0865868562487007,11.909181951234386,54.680772145224296,1.1031131576935507,9.109565028978423,53.08383740975544,1.0901703145053976,8.744683925241095,55.281499234326766,1.0901761580514338,8.716493476778432,58.27289757023451,1.1012353308811695,10.41053615893092,52.62392654973668
466,49.951927083434136,38.270623443849644,1.9432044168039921,1.0,1.084219729418192,10.855523422010855,55.29735108334494,1.1085014073128623,12.335732128836439,53.34474984090992,1.1338050054508144,14.805285039767652,58.60098003995487,1.1355321696007876,13.24082479220546,52.4552422563914,1.0957462529554611,10.402003355755165,52.32423772848188,1.0903575030116284,4.905197417297496,55.46464156624596
467,49.94029548604686,38.76907956253218,0.6506604908662705,1.0,1.1070431477715545,7.8171557382759405,56.15762056845114,1.1107947085515737,7.458441678766404,54.83668686820305,1.1164042875136804,7.971638916184453,56.25177223119762,1.117382710822074,8.06555099224377,54.99976030067982,1.112816786070445,13.24384962623686,59.08455183019284,1.0731163541547204,10.456387964988377,54.9049380892597
468,49.92204472455576,26.19925126884938,1.999017587089141,1.0,1.1065618742385719,10.099843413444127,51.81831793858541,1.122889367569598,11.087506565313749,54.591374165916015,1.130717584799389,8.434100158504343,51.20322947213119,1.0664003920719267,9.539840080267998,54.0536857837859,1.104506282017128,11.614336473971333,55.77072428988075,1.120719490680431,11.726105530893953,55.009341571725095
469,49.959154950163935,39.06328995804458,0.6664216684696023,1.0,1.0840281180588707,9.64064171126487,55.91691660172678,1.0855295134681913,8.747534106900408,54.097982792065615,1.1023631186978664,12.194489035004947,53.13180871120739,1.11503053223895,13.454082570744411,56.58271758096811,1.0722674033043418,13.685007263383381,58.1383988636695,1.0837621761256926,7.597619590629878,54.425317301688594
470,49.95519282030833,33.47660289634145,0.6800169489138401,1.0,1.0548861344781413,11.753938451372113,54.85659435971193,1.0909039725594174,8.51084649885232,55.00149443976408,1.059387335068698,5.819332074401699,55.145289440482074,1.0870107020380753,10.839546454378537,54.749032734054,1.0880989790818245,12.032967250980015,55.98423965903145,1.1076777135626326,10.827889296462029,53.75513594529833
471,49.95355374510926,29.950247474818955,1.02398510613106,1.0,1.1097551090340938,15.098421584880075,53.38307817926485,1.1252172248173586,6.4023637454346165,57.77637785989875,1.0924323964448865,11.571319502771093,52.353808099000446,1.088657076506324,11.996332873214987,51.057339438283535,1.0911056963271062,11.35494073900691,54.80815380482066,1.0998470608563855,11.390430563643623,52.52967686116867
472,49.954097634229754,23.37772171645941,0.9022653728708687,1.0,1.0923450576892704,11.326057601928023,56.24929397986221,1.0686364528584706,10.518011740190913,52.81623617069934,1.1296407215052482,7.499658029520959,53.14646823368539,1.1114712974224659,6.112522539710717,57.031828425575384,1.0839564008634177,11.943877467698414,56.6233652708081,1.0907648439864042,7.064810165128139,53.31177232031838
473,49.96473246057834,29.34778754994049,1.1656177136767456,1.0,1.1189172843339592,10.326653147241393,50.28589043621563,1.0829385734025971,8.624861708081442,56.011751722312255,1.0926891613845324,8.784122312212663,53.63587973737679,1.095561339154489,11.403908854269892,53.705585659116316,1.1101982246417628,12.5917818859031,53.30425296281506,1.0974508666189586,9.567935187079948,56.65051435207842
474,49.948167940480054,31.2377055157018,1.5743055394826364,1.0,1.0991842372660106,11.996451287002056,51.80000328649387,1.115140985603626,11.820831998253214,54.06115260511359,1.0831256344112936,11.768537946141285,54.179624694474015,1.1001594869804987,9.458918562941449,57.01068188619164,1.1288150694575845,11.522362829926612,56.360769120642736,1.0770344297935481,13.153506535433934,56.18001510939881
475,49.96248178198399,27.78983245788862,0.7485290276949925,1.0,1.10652924507672,10.149844600078323,55.68428171039981,1.0614792720459254,9.463214722259892,53.40796206643064,1.0913540928086782,7.372222495607337,59.85329625042276,1.13785097299509,9.73865303980719,53.256242060280236,1.116435633103087,8.545612382359531,49.63108551033765,1.0937652535067155,13.55534357186436,54.997699833601736
476,49.95588605318183,38.500411379614214,1.7467131940318807,1.0,1.12103678005069,8.358487019660037,59.49738576391111,1.086192305169928,12.016802160295764,57.6527676543284,1.10304173153226,12.977730855345797,55.63416608531462,1.0670770525241067,7.5394671893060465,54.81402006096335,1.1258590090301208,10.710744263160535,56.04356641411677,1.1033097710571966,9.105823026792583,56.40286008561644
477,49.952448358960844,32.05235571288735,1.9593032877652905,1.0,1.0838212904102331,9.272807096675121,51.36609099919742,1.1545312524637017,8.114319282922285,54.69216097276795,1.0945135107817165,7.677108512763903,58.056521514361194,1.12660757901758,10.689229952802263,54.79441335265558,1.1007344341671115,11.730526304080906,49.23249201279803,1.105958452854222,10.875756636047075,55.7312540977497
478,49.94035290640859,24.54573935063121,1.7681834963197594,1.0,1.125103846348635,9.648391158976773,53.44746942202011,1.10224950450243,9.179434229781624,55.769921682239584,1.0771647371791013,7.7137930861527035,53.3122701544562,1.1160820970451588,12.244043295298104,57.70244479441617,1.0745469462568684,10.868050017590495,53.75892394757509,1.0838957602275685,10.451150684475262,57.187697018806965
479,49.94866382651128,21.933808433426748,0.6410610332189155,1.0,1.0942314790642091,11.15053020186425,54.90585079406457,1.1287805628938952,9.629963084988567,55.81402256063549,1.0901479063558615,10.965410365592563,54.52411635579611,1.0990619622112046,9.031821955236138,55.01635020190175,1.0905804650440272,11.180885536827377,53.5132299637729,1.0818214902871552,9.398496162948899,54.61199629858987
480,49.95172878073786,24.080295205406884,0.14020746369283876,1.0,1.0956410576850037,14.04578686555802,56.35407111814038,1.078934266075906,10.156032429092097,53.929618514371285,1.0733630821346192,7.71129654482708,58.6359221037856,1.1095749845871459,10.4004188988801,55.636518090810874,1.0952759969339638,6.596553362743107,54.86177717957885,1.096947365825593,15.405888980106788,57.72223651121146
481,49.96083584187981,34.51595145413862,0.915371232541627,1.0,1.0878983785233454,11.898365958974134,53.73428816619276,1.1053681003364029,11.679675823704889,52.27400871842922,1.0967462139886233,15.338776225868315,52.47111142929367,1.113044367636849,11.989796314287531,54.84628764878,1.1192570383639808,9.491156744560321,54.852383981727456,1.095492287360941,6.714744882954263,54.54065281439708
482,49.967172250587694,34.85906028138304,1.9125623834643533,1.0,1.1086041227798333,8.331676448180316,56.278739081226895,1.0919295670898346,9.48013500337235,51.30979589491315,1.130329447080016,8.31238536399918,56.20653979355399,1.0954292452734813,9.827221839080613,53.87013739167198,1.0730665104297212,11.813044199944589,56.6925707677874,1.0577076272253065,8.436641871983635,53.48740122702797
483,49.950330375067026,23.984023897484626,1.918485091829666,1.0,1.1358926005495789,11.961311956126263,55.75888291511179,1.1323571552628449,10.637299153950492,59.15302030147728,1.1071280296805606,8.586179506983012,53.956368358070215,1.1392397883472225,11.066434989400262,52.33944436688284,1.1137399040462,11.45292131931535,55.960910450100464,1.141581395858307,10.165280355382396,55.99972633561471
484,49.94763209751473,23.1687908417379,0.32814802420547484,1.0,1.0859035355325588,6.4244367133029066,56.23964490647871,1.1001520377851575,7.662994775533889,56.088248767025824,1.0934080635078525,8.415505103210268,53.01639746481198,1.092489655423959,10.585620965270106,53.892025392350085,1.1053471392672154,10.453225867303148,56.191187701970506,1.0786121045708432,11.344503508086277,56.59170202103825
485,49.9326672383744,23.9074355972743,1.6614466589435481,1.0,1.0855876862573761,5.743506071078442,59.93233832183343,1.1347088542041177,7.918560538770406,55.9205867105225,1.1401231376264074,8.815174517142264,53.67370183614904,1.0973294585097293,8.84415150207489,57.216013188919916,1.0986195622840635,8.91762805664651,55.35758849538156,1.0921995472099246,12.583588859612503,52.81997357362988
486,49.95201397694229,30.99278976547557,1.5788510330960774,1.0,1.0967927184616262,8.933739717683162,51.72516705089731,1.1245612455682703,9.147007724609582,54.862445866817644,1.0997066372280384,8.363563534261443,57.5634247339235,1.1167676351066673,10.23239819701047,50.90726424971096,1.1321089332030059,10.409823473776745,54.92452581393211,1.0980617492345779,7.937545808838701,53.29786630828231
487,49.94459664237995,22.077411803928836,1.5731463837158453,1.0,1.0767172991745162,10.609086025016847,54.8937977573871,1.1380379674751504,8.293417528578082,55.87696402333308,1.1431285189744311,7.292557387892295,57.375169572087,1.1315434925831886,10.915956903311718,57.45248437523931,1.0804519240310868,14.694772592694152,55.269403005227545,1.0873237652468846,6.985033481394929,56.28517202488252
488,49.96882267306359,20.8099149416617,0.4572697694317156,1.0,1.0860873281467442,9.589886492777266,54.933200215799076,1.0974422714959928,8.583299673648652,52.65339230462019,1.085772067131595,8.719292653320958,57.587150082516686,1.125994710611011,8.947862727304814,52.832228533686255,1.1024574474628588,10.160978610075013,49.195774209879026,1.1085685385225847,6.699819752314259,50.34661675744826
489,49.93446713543086,30.404723770382954,1.5012476472746699,1.0,1.0884840659278359,11.23568758242273,55.166784341395854,1.0968108583186618,11.589575535940387,52.12381588322473,1.0931357775428734,9.952291926343145,51.85648798331062,1.089983564970403,10.246715722318868,51.684048503662424,1.0722173538260293,8.946270374830497,57.08418410858367,1.085869557569549,7.2270020232246885,55.46109078032029
490,49.94379244726137,23.777432690649604,0.6096388362726741,1.0,1.1146910447507898,11.62583817732571,56.18215127801366,1.080157009223165,7.625361941515957,52.070883991017205,1.11899570746728,11.270143495043136,57.4663644134133,1.0787957073329337,10.021695447964852,54.106242048776515,1.1062230486461744,10.511684618045331,56.73660352265032,1.0840290947291051,10.335014564327793,55.55517430545971
491,49.94566781723583,39.228210431985204,1.337287680941032,1.0,1.093123225926182,10.164829826644315,55.04745370159254,1.061083828507278,8.287847707656166,52.70314922714718,1.08265044937206,7.9687276585351805,53.5546298884302,1.101697387058692,7.647264825762026,59.49883541012749,1.0983228571295618,10.436298766565988,52.4311814317665,1.0785071931458559,10.106131861620968,52.45346944872945
492,49.947320570339116,32.478237900301316,1.0077141662903915,1.0,1.1012095154220474,5.184647204107822,52.87669523391765,1.0968483191843104,10.448792854954071,56.32602420126915,1.1192492607765845,10.418545305281366,55.968796495562,1.0771928973604645,12.42906052000834,51.89093591469905,1.1163016856139338,12.651011353835496,54.93349298059737,1.1070532611421309,15.167236117110118,54.813246717537986
493,49.966032309420726,24.31165728417022,1.7776205062223132,1.0,1.0780957854757844,8.252103738285998,52.87871003346132,1.104531498023458,10.859551508733094,54.60492579750833,1.1000125415200068,14.988493322481819,52.676011222233114,1.1377893040744458,13.286433042564527,56.34943908060822,1.1281364684570656,11.302928746698385,56.19341271792376,1.0729015241351838,7.151787243191727,52.6616806353351
494,49.95468081228143,27.215900327542464,0.857195792220296,1.0,1.1289736683315914,10.097005312514828,53.98281566277657,1.0727456205800974,11.36057875006659,61.82624657014572,1.0673983613405762,10.511508450119358,56.48178642471584,1.1107512276367568,11.0457139768832,53.09279230485893,1.1216913345741981,9.462269538738473,53.98046457318433,1.0857303788346235,8.978882478129075,51.328392244106574
495,49.947392260684126,20.147327816001884,1.0701921014262492,1.0,1.1049962064765846,8.247911247800314,55.67648907234315,1.1060833272080033,13.524577567509468,51.75604345509495,1.1316700745490909,11.497889666300978,55.70685120199353,1.1259405459569263,9.889450487910574,56.382151732098755,1.1249055787827302,4.5109273801867396,55.823586536091106,1.1130637996178785,7.621783409103063,57.87090481799841
496,49.93984402801643,23.39552798915119,0.7058321328977646,1.0,1.0917340849829038,7.77290943228137,54.26313157452951,1.116266821142703,8.589416201232568,50.9018772674641,1.101685861154875,9.103965379877454,54.97883105835073,1.1213304689721117,11.106991341930181,51.73564007137003,1.0700247700202852,10.293075033875402,60.03863089919409,1.1041949800742827,12.841831609230512,56.50387033631171
497,49.9361639237606,37.25808404412919,1.2214404263354268,1.0,1.0677920893436137,9.160351730018,56.16360353026678,1.0973490803185135,10.160792215321557,53.82938815262367,1.069936023510201,10.177043111897204,53.272294659076536,1.1065376573697192,8.811528230223043,54.47413482497506,1.1023296186650189,9.424987307371248,53.93243345262257,1.1205927136539595,12.315825867966264,57.78474034127275
498,49.9533668239449,29.766641331889588,1.5269270058664282,1.0,1.0961307958828128,8.093219511951098,55.4020960940221,1.0867686873272229,10.98483126764686,54.09371244608304,1.119913437485223,13.217222445461978,51.57762362417069,1.0999668941007026,10.247105559175736,53.71609717675192,1.1240626199946517,9.498693109689578,53.34515751741587,1.1146954264564113,9.448008624115662,56.613792631489865
499,49.942470800802425,25.020856958141415,1.2430631693825303,1.0,1.1037052859963852,7.45272589620566,51.601195894346304,1.0813049181740322,9.586469164827607,54.833948858350766,1.1172998032497805,10.205976574391787,56.22033924196358,1.0988842397254805,5.971946912113392,59.540636452654574,1.123038685680329,12.11801827885447,56.987950939948725,1.0968209572935947,6.122731608447067,56.36970057197112
500,49.94397536150679,28.89942414878658,0.793011390719178,1.0,1.0871724959327758,7.376206402974427,58.04860120524699,1.0967330017507113,9.344657615715077,55.33019762311471,1.0868157345404832,10.798336914904207,58.269820522491976,1.091334542721384,9.579287484911541,55.918629293389905,1.1074775555697403,9.913670979556983,54.367312102105494,1.0852011172635547,11.232477935827244,52.573968981244136
501,49.933627406752784,21.04377338368003,1.8090754204884252,1.0,1.07365055962792,11.58020363659307,52.6496692978771,1.124632531329484,9.87739038797849,54.45096080447114,1.1342763158199447,6.6063166930666934,57.30608273000375,1.0743104882178915,7.444989289917505,54.54692851722533,1.1027548526303947,9.277629516589442,55.56573778769574,1.0943616469711543,8.820775253992025,55.96448068006209
502,49.9441318906291,24.475828371895545,1.8359939394155624,1.0,1.1039103186731345,12.082030473209969,57.183038501233334,1.0796465649440163,7.465599515514855,53.29638222881034,1.1036723411491975,7.981810459835916,53.465717546732485,1.1062905110951757,9.201171711394885,56.47516322301393,1.1323062324707076,9.50848107530999,58.0182220915689,1.0866872592244992,10.267823904657767,53.824080776019066
503,49.971736108186285,21.71781698898529,1.9555971092705622,1.0,1.092189731694671,8.526935207439495,52.73836120974598,1.0698152890089931,8.485772062609392,54.16681963434362,1.1156440275133905,9.590027644196079,53.743494041732966,1.1226382209058854,10.748897174839632,56.63234653322261,1.1121461389379252,10.664227553056605,53.922581502299316,1.113484002969982,6.91482843464774,56.60611390746964
504,49.95781050005808,31.35359111873317,1.378426602218948,1.0,1.1197361013531038,8.445924358621614,55.800016531066404,1.0872429446619645,8.163038726744105,57.108425257621846,1.1136979439321286,8.920093560491816,56.11187000835718,1.0616529440327234,10.204985056717998,56.62201831355593,1.101167527682688,8.531539657504894,55.30764421338906,1.090443033004715,11.04805600253226,56.639735837010086
505,49.95259912314311,36.72329212687076,0.019470664864328358,1.0,1.1292371564452346,8.86785975864937,54.72062950091556,1.1079011643548933,7.605324375472873,56.33909106611459,1.0934472875618697,11.046054887616046,55.979048649104456,1.0926364372991342,7.3572350343003565,55.19790326050315,1.08442618882289,10.903554564382368,54.67404837525641,1.0982805811289857,10.140982862650429,51.475266693872115
506,49.94346652097091,27.226730058017978,1.2026773236343002,1.0,1.094953469977473,10.707996412194962,52.75679908941638,1.094548729845943,8.1250234900738,55.60344574797419,1.1547235630158263,10.787871907416083,55.88374608419591,1.1334341060402005,10.16097996133778,58.58615349820289,1.0972772869829714,9.785032204987544,55.985919784208726,1.083787171007883,7.272328787689544,54.01432549195679
507,49.957980528617554,24.00647642140229,0.5768871624151111,1.0,1.0911996622384137,9.805982653549952,55.08974506313368,1.12211335413864,7.122470519596682,56.321123322665684,1.1192455834660726,12.246710781000669,56.541686199177235,1.099897025749956,11.551993036317894,53.931870784730755,1.1223969230403543,8.898673477177606,54.383763149789196,1.0853644731316763,10.679437795999776,55.558125163217525
508,49.96591694353288,24.671544406997633,1.8683960219347002,1.0,1.0893155025408972,12.31624788691142,53.69277824124874,1.0938462508060123,9.497106224244181,54.1273044744868,1.094823736688919,10.851484145731371,55.59007781876663,1.1113094562071721,11.994242160071554,53.814500788406015,1.1412650580231576,10.588864736095655,55.622707777932035,1.0879120039209722,8.25848334900935,57.41460625373308
509,49.95129522613253,29.937980285716574,0.37389989124227374,1.0,1.1106769805486252,13.024686262791676,55.2689590408995,1.109016130379923,10.615962427231896,54.3171984784237,1.0760867825924054,9.944200366097062,53.75426111099468,1.1016129006295523,10.872751871250838,55.7786598486324,1.1051860387522359,10.455475802461352,54.59227897342337,1.1106511967466348,7.335798739345594,58.0946075956068
510,49.94416884628001,39.69521578820003,1.2627644569700165,1.0,1.1116478563600893,12.368758576177594,55.03643763443074,1.1037347570823528,6.586579137297662,53.48457749446683,1.0888631996722549,11.99224969670116,52.00056588329633,1.102281900570353,11.733192096295546,53.52423982024639,1.1027288184140256,10.272587186614082,53.309207637108344,1.116537648657802,13.00624724204431,55.26145445907087
511,49.96447122852879,39.934289545942804,1.5635713395556945,1.0,1.0825926722117754,10.525784516379488,58.23025421864052,1.0520054545727975,10.080999794777867,57.75719711750117,1.1236263336546977,10.14747034478224,54.54346885042268,1.095606162442685,13.34696754567611,52.166474310198346,1.1319803354538156,11.26798037630442,55.70934688509214,1.0810376308839906,9.652541055259439,56.43315663862764
512,49.95359749047421,24.56014839687478,1.0480018688063713,1.0,1.0860030707686261,13.35198601211476,56.82327116939875,1.0800172805421504,7.577750234729926,56.64713774873531,1.0768045736732428,10.080466387871228,54.64990958907764,1.1149074513461354,13.019271916315592,55.255405873194825,1.1089875895781571,8.564452559966162,56.85643513593905,1.0729785275217574,7.211957867122646,56.07633031154924
513,49.95545282988905,23.74754350081776,0.6036298988604609,1.0,1.090841305270352,9.944864847844109,51.36929057448763,1.1037460864232496,8.336319772115345,53.77234703726145,1.1086760210965296,9.572961082212231,57.74193772826648,1.1228432976161487,7.160841117093846,54.86303114610614,1.086004274353787,11.335678105343348,56.0842150744795,1.0802103877635323,11.386971941993774,55.382791305530105
514,49.949715386416834,20.45396232553037,0.3933513593939959,1.0,1.1058030109733545,8.974825390893313,50.36476331371629,1.09847275495486,11.856484836451223,57.16775943366319,1.1002117486428964,8.937819256050687,59.585115227950325,1.0827273229800007,9.69832904011856,50.40192376016708,1.1039656067301296,12.149827945699208,49.85319651348766,1.0799096217605633,9.609155969458424,53.00492225563417
515,49.94387513791357,23.12277078260929,1.823570206066694,1.0,1.0872879527146266,12.086490053507239,55.9773078628187,1.12238013887425,10.133868088232042,56.82030822180956,1.092011055725577,11.407912867585667,58.92068290896404,1.1477688223995826,11.195223626866321,53.98633757309423,1.1154167605861522,5.48452417874989,60.9228447935319,1.1046643714367934,12.519044137790257,53.50735978927373
516,49.94781087147616,30.45968857423547,0.824119574952741,1.0,1.085125549094102,7.065905202594193,55.21726773865906,1.150192293952533,9.994764650694828,55.33291048664735,1.1087266385071133,8.553312461085035,53.11429303094274,1.1302672491177428,10.17669091882219,56.27911786357869,1.0864544907499225,9.055853438552248,57.436418595458925,1.099935446929227,8.250154854511715,55.51159941168595
517,49.96144918523734,22.821849274846397,0.357025480974827,1.0,1.0808177249990611,8.194868165584015,55.692501807532246,1.0495721548204757,8.849952955583996,56.061246504615646,1.062616494202953,8.601205871680909,54.85865522550164,1.104523632290913,10.910421571158796,55.861841769640364,1.0965299056860778,7.7190909376521954,55.119202453227665,1.105532516106392,12.24111920622891,55.58392091477396
518,49.94003736772871,39.64902836528387,0.4199540554948653,1.0,1.148269749246227,11.33670217574783,54.931473838265326,1.0838308600438418,7.936964207036919,53.46492431479772,1.0903335312862277,10.806677078806782,58.402939892815645,1.1257475750196653,10.117454445619828,54.540794441247016,1.1392518580889892,9.617009875951341,55.68187821115341,1.0935253275630874,13.559391285219181,58.09850238494302
519,49.95802778344944,29.694167168346652,1.6264691590819529,1.0,1.07100074986105,12.726001831777829,51.853391015145135,1.1098848832268318,11.632962024577422,55.555236099711315,1.0725492000793135,8.423480736336554,52.588975654692796,1.1227455653898875,8.893403123764383,56.71623781794629,1.0848680400405726,11.940766216147797,55.008224338033955,1.10164230477626,9.449122444026912,57.524495553874814
520,49.939609694023694,20.989262504602003,1.3474921368255603,1.0,1.108612994358669,14.10064538504611,54.29977770705265,1.1087781029775206,3.225167378409872,51.94718186712312,1.110642654943365,11.245662478261881,56.005319826063825,1.0787332384010504,14.873823217656547,52.689477825659736,1.102718098067724,8.244099393532213,53.91397423616873,1.092913664096364,6.440743946009816,58.703468467797705
521,49.96081641136801,32.737445026095216,0.32776475194261545,1.0,1.11021821537273,11.19112198428375,54.611157681607864,1.1271378941979115,8.253414739331658,55.0819778560247,1.1032846622962054,9.285441618772696,52.99751676020869,1.1102856326901804,8.670491428251442,56.82530470446257,1.0875491602200416,9.136166183412504,54.89835350649248,1.0780085678486593,10.760407180494912,54.57214335376359
522,49.95269066002448,20.3988215734737,0.13288257298449646,1.0,1.1211715632198058,9.346590023000546,54.58600600169817,1.0802675911937127,10.572087223443443,56.432425204038225,1.0886898033597394,12.206674297369556,57.21939305429076,1.098465468378098,10.433210195781244,53.91474062835751,1.1276298943982535,9.09354666259188,58.0542871316783,1.1076580264735998,6.646650745078974,54.579022369055004
523,49.94699851434135,39.460329000101964,1.7964662874599835,1.0,1.1193305393374933,11.020582259601342,55.7215397842166,1.1063788194694186,5.282225944218723,54.50019654307124,1.105006926679171,10.377755830414873,54.238960533867775,1.1116783434537187,9.622442907749303,57.011542321401826,1.1126479777518534,8.27138927794776,54.69174490298413,1.1077348509389062,9.825907378913241,57.23423013414578
524,49.95355944873054,32.077601362144605,1.1498116193877392,1.0,1.0955733701280073,13.216836100701771,54.32363848699832,1.1155633737622523,12.35139667452011,53.81177450444465,1.0609517210998247,8.594176734836068,55.10668373969741,1.098726159978368,9.320884068391925,54.44303244214367,1.0758404719743242,7.841679489976007,51.407334626193254,1.1346286209260135,5.698222686577607,54.83557568896336
525,49.96449773175959,24.837359667954594,1.8463338361283368,1.0,1.114322031998646,9.83515436722565,55.867330574519194,1.11581034320448,11.459999548624264,53.282315445964755,1.1208449039439647,7.8179132337608275,55.57263857765634,1.1392075926397023,6.333305590194955,54.32071207300015,1.107351381153448,11.043397313358788,52.28459194666669,1.1179332285058834,9.852741490131898,55.938094533711336
526,49.95519451815903,30.645377349565592,1.1556406799666208,1.0,1.0804478061081235,8.127179081312713,57.9515428936856,1.1000458021013813,9.62864047924123,56.119056715986986,1.1072862844602092,11.916988526365381,54.35106765588462,1.1317828530024505,9.439544239303881,53.906234781108815,1.1027901022549702,10.009025519233685,56.373570504280394,1.1250755608611558,10.149585848686828,56.44037977631817
527,49.94606483511932,34.400393823271514,0.27521297814076595,1.0,1.0921986115232574,7.185675594466584,56.626946435095086,1.0855985235350578,13.294707784007999,55.22907074429643,1.1353267462461278,8.636330830855917,54.63077348871386,1.095439490009717,6.45392856816836,58.04277768068626,1.1051684447217085,11.689831390936083,58.630420173324175,1.1136213867683877,10.55017032870451,55.42780384142998
528,49.956924325337056,38.43793822801496,1.2811460776225523,1.0,1.096275821880611,10.245984778913252,56.078086699762494,1.1049599696267358,10.823996093579737,54.321651189894276,1.1284632180534138,6.728445513080331,55.5448752638766,1.0777832669784164,7.679416838157341,52.67514331280651,1.0902840250911967,5.317920865156224,53.02733325277764,1.11227204811484,12.553938865739873,55.97458795885915
529,49.966388602851836,25.515100079531123,1.3164095089194128,1.0,1.1306754441089673,9.381472822839504,53.695684239824196,1.097533025703481,9.294073574970483,55.34305316801803,1.104704265305219,12.519730802028715,55.84449864121336,1.1207606526267686,10.986630438980546,59.57071395280526,1.1029630801662842,5.409099775357542,55.240696173205116,1.1100842748629842,12.112723850536327,58.90523590269915
530,49.94854607726222,27.599518301623643,0.1465353119128754,1.0,1.0911881175734197,9.229104218404848,54.968872056726575,1.117723253754308,9.577662935779818,53.902422823147226,1.0791119771349615,7.251876251803875,54.237084448643174,1.0816776660271592,14.685940622221153,53.13476587957711,1.0892817065215212,9.67756116650302,57.28197427528025,1.0564603370048944,10.34713225108559,54.59473038585751
531,49.941618251253836,38.94286464186868,1.7743443466191462,1.0,1.0981670870459628,13.73265119138553,58.500231951812104,1.1095139743631777,7.646615590338454,59.12016221813598,1.111449493265908,8.136237957666614,56.90617956705668,1.0604048391704284,12.67111292127476,59.192291151044294,1.0852335909367923,11.179598872381893,54.02180698972625,1.0929556042790585,12.066290481252622,53.24488125181127
532,49.95935422474182,39.65903227728131,1.0493511947967185,1.0,1.0791488018461661,7.6966888055928795,55.3964709455583,1.1019908645428735,10.853853714549063,56.45670057072875,1.0789995025177312,12.331767212606103,58.06220860797827,1.11743140412037,11.445583426924722,52.211245780285815,1.0484059610037075,11.18037986019422,59.86785484768795,1.0932446227239212,11.757585430417084,55.89460891036395
533,49.960889348928696,31.754984936483027,0.6599843742035028,1.0,1.0640339503467282,13.287628174341547,53.90422583498973,1.1086912363251722,9.226983740597133,56.03425697914111,1.1184841654047206,11.32463211231658,53.711784449799076,1.0642152421697635,12.77127345436555,57.59326232540691,1.0680404589193868,7.27727048370587,59.68601775575087,1.0653076368743049,10.123204085028561,55.84383419967397
534,49.952061481199664,30.611330341010763,1.2636172235716177,1.0,1.1064151509750353,9.720486112922497,55.08126564702126,1.1021946527218467,12.879280832803216,50.61284169148458,1.1175933235889621,12.920961901285574,56.01343742662046,1.078220727891275,11.825110760042755,57.016492443353386,1.0820293435584718,9.169823459496637,54.615094193773,1.0917169096398271,14.438335769105972,56.57795206660699
535,49.96402948434824,21.97117756731701,1.6083656400511168,1.0,1.1057482875982942,6.978872273113508,55.34665398529888,1.085413754992709,10.190594827322158,52.5710958536462,1.1167396627871098,9.572416786922252,55.20305326982596,1.1026414911491929,7.853360159096151,54.84462579597803,1.1167325774081749,8.790036450561288,54.387887273153034,1.049594281114981,5.954962893951474,54.45035258271511
536,49.95327117435165,29.15034992006253,0.5214516091556518,1.0,1.1089677942621274,13.412716611598855,53.54729794497934,1.1309797255021548,13.20125319973916,58.02880906029433,1.113069546612031,7.809162777190031,53.822808611040266,1.0870745400134856,9.421659705615134,57.639085171985336,1.120715359235938,11.346990711091191,55.59203028533148,1.1082203358241276,8.35765628202544,58.30712245995775
537,49.95619718548291,22.764608714088435,1.2710583908896707,1.0,1.0847249431375796,9.08528404122451,55.90071074392506,1.1055967938154099,9.492053463451112,56.53310366747712,1.1018500641599756,9.926910841613408,57.75340138297359,1.10365800413748,7.172962798234801,55.31854241184647,1.0911046622774596,10.362285755285038,55.796621473990804,1.0993015809253854,12.521916548954506,57.58929888435338
538,49.94375324535785,33.25432255369972,1.9506650940974832,1.0,1.1126821594602176,8.624870846757295,55.19441143252267,1.136717043254058,10.785278252686545,55.69018373676995,1.0645198559821833,10.602514726764943,55.3372294316118,1.0962509447549567,7.197900664660558,54.95833545725669,1.067454154872448,10.985065607885456,56.058224279567256,1.1199282675060536,8.443080860617318,56.11638612391543
539,49.95979518139202,23.169734108959307,0.5124238774584728,1.0,1.0853623245035129,8.78654027877773,52.71762229905287,1.0963043989828254,12.380451948434509,56.210071152249014,1.1001742516044823,7.040386450490759,57.65077134304819,1.079573007748184,10.732892629894184,54.45407436850837,1.0789301758658276,14.483297756072888,55.78099722893211,1.0858613261684937,11.501223150018262,58.187663956244
540,49.935940018922,36.79185764030515,0.5314399003714907,1.0,1.064115289230928,8.857317647588303,57.658444872798455,1.1357414348681787,11.097375737951033,56.26417743506957,1.1226305277489876,10.414685611813551,55.62342102393548,1.096915458003176,12.46235328614381,55.31693058045731,1.0736562944397714,11.285046948157877,51.42625697147175,1.0897560251153995,13.968926303995575,55.38008713650207
541,49.970978733425554,34.84736779737212,0.7483258100499566,1.0,1.1071373315107833,6.747127742152124,56.02903434975389,1.0803722028502676,9.726860974494386,54.32208068783056,1.091989729461611,9.373020574585139,54.656980945425445,1.1305619715339323,11.75657535638443,53.822565222134116,1.118824945012542,10.085519619390757,58.16187627493734,1.1211092676620853,8.742019371874743,55.129233621752725
542,49.97122341619175,38.813603567804336,0.27598673194858536,1.0,1.0941182508054095,8.653444392337695,58.57841637487837,1.1018052538031593,12.310705154838868,55.83364626954932,1.153141282078064,11.144817402181616,56.31215395445801,1.0989881603792249,12.86657938468408,53.857562858801344,1.1089108188478833,10.543810658905192,52.05283984721486,1.063201320699139,10.47123124116747,53.961857927317624
543,49.959941420406615,38.22788015637417,1.5836853900531163,1.0,1.1403745948217974,7.262561215057174,58.31167080285267,1.0936492266606377,7.976897917458486,56.692177219643746,1.0852326380636919,9.223196841848925,57.165487466077565,1.1148308607273125,8.035300977314732,55.77319182782922,1.0681933307385447,10.198510154997306,56.24718955176408,1.0811488580217565,9.275404198332696,55.41834618921975
544,49.955091897952954,36.91297048918922,1.2854389492870502,1.0,1.085611838255783,8.101361731467208,55.68126246474099,1.0629111263912607,11.488620851752385,54.91264897040959,1.1187161143804123,12.14177754450752,54.789291528351285,1.0980063775257451,8.577161624176442,53.61401190994993,1.0740027552829257,11.657154107207104,54.38023464569861,1.0522297258973081,8.359768240540504,57.936598320249466
545,49.95699383624575,38.65169526056681,0.6830718502571194,1.0,1.0856033611309,8.178200741461275,59.43351826993142,1.0938186640644538,11.779561846332868,58.64461026507725,1.134800184911366,10.436078146727592,55.76734017390768,1.0777775071704856,11.548056818488453,52.41600273991437,1.0865944542944639,9.9715859643779,54.8747861459391,1.0834808226212809,11.029985487096576,57.736648034003785
546,49.948391527304295,26.66985150866862,1.3880837813514428,1.0,1.1063965623081176,11.02942826949283,56.5985680283246,1.086872294216653,9.47294869917708,57.06003566766056,1.1104262598891854,11.359392180701027,58.368320249321215,1.0701467576305377,11.37209013660989,54.849396726374906,1.1055746610345578,9.487669843295372,55.15272575134196,1.0825964568620914,12.199275214730365,56.766601378855086
547,49.97116794973629,36.38079305822245,0.22424269668349184,1.0,1.1014169492468397,10.508802188447888,55.3139848910154,1.099985658521597,10.257422833683433,58.14407255909814,1.075082928523733,9.448005435055908,58.503216243636466,1.0954869755296879,7.372650104349395,59.004834498972656,1.1389095618822735,11.359058462499913,53.17316759234264,1.0870453566699267,13.979850944502148,56.43393446854697
548,49.96306043012227,27.213699311276613,1.960246652213756,1.0,1.09340695665483,9.533325907607608,53.448911745655984,1.0951286991319464,12.720752754758404,56.73334798262886,1.0905040729588484,10.22624812431404,54.87268731888935,1.0942532023284215,11.968408291910743,55.58204526011849,1.0732395388574025,11.046296307348454,52.90885812036934,1.0793557104339044,6.46920146720227,54.664459090396996
549,49.9610355895966,25.18128914333713,0.42369906140809266,1.0,1.1344378698165762,10.240237545473462,53.09548168018332,1.1113097585261744,9.700904315521177,51.1247180390505,1.0814748831776986,7.183828782945805,54.08773063899298,1.109057754371564,8.826715359055266,55.538103645865654,1.1064133841095165,8.81368911363343,55.68418522587571,1.1093369281985224,10.624393176854923,55.89374352030091
550,49.97094221789441,31.478713260717246,0.4743977022553567,1.0,1.081013630274621,11.854455663811308,57.04704555495584,1.078800090992019,10.846349665482114,55.70170775550344,1.0712557525002868,8.596552493044944,55.831896251853536,1.0798237271811884,13.886112837528504,54.15263809108937,1.1093590729687575,10.647827646461659,52.964341131055036,1.1002352298732143,11.56254160384371,55.38397865835486
551,49.96176987675691,24.051870852552227,1.6432555182623476,1.0,1.0902223602455272,10.422141185974457,56.420450884751126,1.0893727075249873,12.119552642069392,56.22233255850608,1.1230321379446178,11.147140099750382,56.167687924295116,1.0960691754235101,9.900653648264829,57.18524835306346,1.0837941893168728,11.435642054077862,55.5345665981769,1.1192140914705575,9.98692157781546,54.31560989072974
552,49.965711532199954,29.81132086852292,0.8744716487667006,1.0,1.0809898350740659,12.786527113203105,56.556785724459075,1.1550513730678145,8.82144198440406,54.23636539677956,1.091700378341055,10.82369466608466,60.69819448365051,1.1013492002760192,7.446668691984518,55.433368259544864,1.1063068515489063,10.105364797708864,54.32432758575207,1.096415091730784,10.650677947613305,53.294540596699704
553,49.96264360828413,24.245177923449035,1.6773079487646867,1.0,1.0672481449619162,11.466762707643353,55.63414884198367,1.1053316039378944,9.721715638920056,54.68006840636908,1.102606615943998,8.982068555626373,54.46919736659942,1.06010558550522,9.311359496877703,52.38918790632319,1.0784777809616157,11.031254682124882,55.433725914523386,1.0638894407276003,11.751615048052624,56.621661481456194
554,49.95861475953627,32.25138221259148,0.30604723923128474,1.0,1.1327375611178423,8.321158636304633,55.35950561828557,1.1140418922300739,7.739961301437778,56.50607688615241,1.126848814112269,9.221533682107866,56.46491515259061,1.1085985227298216,11.073068265522018,52.98917804754583,1.0799306905799642,6.448710102676621,54.083031132892614,1.1023942886425306,8.624528379068543,59.92515089957624
555,49.958931666249526,27.275577171028253,1.4911383995303944,1.0,1.0887881583483647,12.280649174241734,55.4886542930647,1.054478785441152,9.1121175090239,55.9750780277577,1.090745601922936,7.951876482427459,57.22915993732659,1.062214256630993,12.026092522931163,55.956156915908906,1.0752446247601424,12.43078869394697,55.81766860590121,1.1193556046049669,9.72508722568638,56.00793354655689
556,49.95769724472086,23.153359500897437,0.3432790623430477,1.0,1.0885890811330778,14.260557744584164,53.69086089056215,1.080045589561324,12.516710529287055,53.46604223183817,1.0720187949481117,11.315701992909508,56.15159772063743,1.1125199754164907,11.54923635138744,54.0189881818734,1.106342981875387,10.931574211353354,53.50404170291854,1.0917469430500044,10.600105136134324,54.11236438008839
557,49.96998872899093,32.400252312926376,0.1292691799202068,1.0,1.0777012994131112,12.029826311907836,54.68845260731747,1.080827292201124,10.21726535264809,58.46582271510147,1.064034377594194,10.006769815900656,56.901603514463474,1.107386334666539,11.782675265581885,56.84022872847589,1.1021636895923745,11.68101970302595,52.01933355714594,1.0806875058458498,11.15540563602984,57.30896756409967
558,49.96501724327352,34.44704079284093,0.41724472757308484,1.0,1.1109027963149811,11.461583667994132,55.19967450685617,1.1278995283281108,9.776659557969118,53.66263201821537,1.1017069020504269,7.522579429273234,57.244552409450506,1.0854076423742687,8.33296114834683,52.76766474742376,1.1137643866110953,16.47446645723854,53.56854177901242,1.0912283545625263,9.342991620789991,54.165974780644326
559,49.966059548722875,24.10869152696674,0.29879864998046224,1.0,1.0980619881532372,11.812814949365457,55.29241834098382,1.0799207875426324,8.814899491061075,58.70906075472435,1.1119982173432137,9.312317470595625,51.4616612297153,1.0599701989560018,6.745892869477542,50.73001554598288,1.105241349252905,8.310137082319793,54.463942403174876,1.0926688014069086,13.919812193354957,57.49397440865595
560,49.977568128376845,20.566733438237208,0.9585147343770548,1.0,1.0851547327441624,9.896219601885917,57.75966244987397,1.099582448190807,9.337689230205104,51.61182742779644,1.082596079089932,7.491680532447753,56.41489408713994,1.090314345604241,11.059017446518425,60.18792869894541,1.062659406139294,10.298127969368458,55.89497375973746,1.1505695119389767,10.207271756235869,59.55458338431853
561,49.95360028120206,26.811907048372916,1.0321790025626998,1.0,1.0749614649456032,7.979156841313369,53.015121821369156,1.0922636649009732,6.237801716683746,55.6531583321926,1.0724777034734514,9.137761433125545,57.24703422822506,1.0912353353385722,13.231473287303485,55.48012168843101,1.1075992229895373,10.035351341116002,55.14616857259618,1.0742142471371083,9.454501196394602,49.43151577326733
562,49.971341565722966,32.66267673714467,0.5636633050021946,1.0,1.1078369494033293,9.983857880544079,54.33414135072105,1.0933043074657152,11.550258941558518,55.24690274880354,1.1131666544644085,13.28276154067125,58.66767743669551,1.114264151529143,7.756167388288968,55.54869966236256,1.0764693246450725,8.186503830136344,57.07064944889368,1.1055236478166364,9.481424096831434,53.4806416961277
563,49.98094893095186,24.952321885365976,1.2103520061944124,1.0,1.0867023436749168,10.800512276979006,53.70238036457481,1.1307965786741652,10.611045818644516,59.076253875555125,1.1243683433157952,12.108751437670012,57.473865206256626,1.0828542514177217,10.802625862786533,54.60668444972606,1.0744525097681565,9.89415577518823,56.43956088083612,1.0941287128447423,8.292486387414955,55.105966667354515
564,49.95719672622492,34.800510048403616,1.0094601750793648,1.0,1.1046033333886554,12.327473976761574,57.04243179018384,1.0970322141764728,11.985349884388572,57.09076269033447,1.1216436368270684,7.080688431348921,53.847659291679726,1.1231220688882777,9.710748449554776,55.45306433375937,1.0465315029861089,8.675805039838677,56.33533132615522,1.1246370134866779,10.020197571280104,55.3382416133789
565,49.97672853483636,37.19410935588535,0.5771086371310072,1.0,1.108276869860751,4.54539310664483,54.563146891669135,1.125752207512475,13.572066652632024,55.670489630336384,1.0971220086441387,10.217810777065152,54.22255240458376,1.0779783973297936,9.012321639210482,56.679591046982736,1.0858397181320407,11.875804205885904,59.05961462215369,1.100641887563169,9.918845102344585,52.861868793894686
566,49.98826014898373,34.55879935731999,0.6415473229077946,1.0,1.1112677147403425,12.432029008061932,54.8864062691828,1.0905406870877188,8.397133988128823,58.11518369913778,1.0852735394671287,10.276664361984217,56.0769779824337,1.108856359943341,13.841418334779389,51.7194324840718,1.1122084507692307,9.85412592186999,50.37473503845914,1.112111615323528,9.564434713178786,58.015053558034005
567,49.95631190838362,23.706079100925727,0.021999631242138884,1.0,1.1240227141397376,10.853709587417784,56.81719784428894,1.1019327204259346,10.213094219396323,55.98243345215931,1.0877356874107773,8.182108545168875,54.28991837799498,1.1066360420313344,9.409702389364972,55.67096618800656,1.104740951726478,10.139950960013707,55.11757013854752,1.0925030179372182,6.643961775787552,53.255984239667406
568,49.981554134340534,39.52638255828149,0.8101860223141273,1.0,1.1031745218002367,11.453410684383217,58.198433621191604,1.0905463447188548,8.668786911867349,56.787603733681294,1.1158224356976945,10.24582421206289,52.98332050546043,1.0919421381161514,9.403719736832914,54.87543799480698,1.0942211863608426,12.666905082620213,57.862456462052236,1.099824278927275,8.206464488603409,56.418408808235164
569,49.97427987841111,38.90724463278116,0.039169021500645496,1.0,1.0680913988914413,10.959680324655913,54.70923884287382,1.1036593284805762,9.627803379254976,56.116814495562124,1.1252450657494888,9.560365761095122,56.1684426703571,1.078362464137289,13.240263895093774,55.97750969080885,1.1081130668498629,7.8076800474494785,54.287888055319456,1.1260959909021335,12.627848875867588,53.471638043930724
570,49.98147910295707,20.53860000417881,0.08854563447375052,1.0,1.0558547917349668,13.675872461306078,54.96329008318347,1.1136144069052771,8.201255181896133,57.197597155330065,1.0983213717599147,6.066990536355388,55.914118685111085,1.0721658436436234,9.957972848763566,57.81530512064279,1.0689433286909082,9.323255384056583,56.95570772120165,1.08423737210721,9.160781596570883,58.18541719318019
571,49.966779908257145,36.52898152066681,1.5518602908670514,1.0,1.0685332768242022,10.072394750217029,56.06331722211771,1.0841916246923242,10.623092510129371,57.21111497127379,1.120434582344668,7.595393972460326,57.43973886123893,1.0807530403779153,8.542462330587403,57.18889799341068,1.0724024679046513,9.518501575062452,58.94509620616761,1.0887728539780408,12.989335767167493,56.985069359856986
572,49.972830382392694,26.65188268813883,1.410392795807288,1.0,1.117474378238817,12.395927334731756,58.78247610467834,1.1217392250247362,11.763669827605401,60.85831027483085,1.1144047909804877,10.953399045511826,55.08101014499939,1.091307266471997,10.213599442543083,56.90929129946035,1.0696804405960196,7.3800376129134015,59.19612297302779,1.086543361521658,6.300897920871768,56.40077607769435
573,49.98670282704786,31.13188624847095,0.9298893971572615,1.0,1.1079576822058814,10.265212210838497,55.09055749775085,1.1171207790520852,10.657302304612937,56.22524083756681,1.0799857883844661,11.529714432520901,56.13816575859951,1.0896589142274942,10.608062916349944,55.1248956863363,1.0853649021544365,10.583646333928336,57.75213116711604,1.1065105990956088,7.716745018464692,56.05494265045477
574,49.96960390037728,29.155833852817672,1.8174994399659545,1.0,1.1012520725869868,7.872282389699375,58.33847567073644,1.1094888022459515,8.662486889525468,57.08585361239316,1.1071680433772602,10.224952236759833,53.770851983821586,1.0790692552051813,9.059028272010192,56.15036017128525,1.113750915846482,9.966525668972976,52.77790699882698,1.1331489480375248,10.556297902755777,55.07240872683522
575,49.975681627656705,29.38022235426739,1.5544463382163838,1.0,1.0887031132706897,10.18222802584809,52.93082468024342,1.0783555741158775,9.481954422270164,55.70519796595098,1.1183987175698624,7.190976822754179,55.80394463517837,1.0985222543435846,11.9243934103734,58.49935558901144,1.1181952465445633,10.231533429826145,55.65307284585461,1.1009833637866637,12.18545769659063,58.090260062711494
576,49.98190093787431,21.108813435269212,0.44670763961355364,1.0,1.0890667798286517,11.74688675494633,55.77161759280536,1.1395185842409135,6.341954065731787,52.502421860164624,1.0606666082051075,7.952407189320581,56.93862223423186,1.107166063969827,9.55459871274132,54.428322900885576,1.098520107593892,8.166174974637586,57.38104814045101,1.0952357303468032,10.073099796421607,53.28615060301892
577,49.956511065843735,28.15302012393994,0.2474378046568959,1.0,1.104521397751003,11.706045710401439,56.8205926058711,1.1192015871366519,11.210786607460157,52.430483021330936,1.0748409169419268,9.53576473354838,58.80619434475545,1.0871560803919476,8.72019292247586,59.01301498545094,1.10866338681414,11.784913493854733,57.40548461687332,1.084175963646501,11.94806550053047,54.02740512575391
578,49.977262870968936,39.40951730683347,1.6377378913079184,1.0,1.0674750082443962,9.910779587664,55.35421041897971,1.0836320582206735,11.302894591430093,59.24734576280835,1.0902025041133228,10.236551987572756,57.53577995713806,1.04997219417712,11.3982126360546,54.989853202885406,1.1191243102095356,9.001741309128047,60.66429660198866,1.137697758346534,12.07571057261133,55.65544996252215
579,49.96456133789305,26.646674442379705,0.6830063472447636,1.0,1.0984170105356759,8.99772982508587,55.413328372821844,1.1102240467518631,9.9938672903049,52.63814914240515,1.1183547120264805,11.097806312623241,56.298204247161436,1.147081726061831,10.293149149365522,54.24675846021125,1.1134890771961512,10.180654032298442,56.68226929167823,1.0703802745158513,10.197956868819745,54.191019760980836
580,49.97362801181246,37.99938644050696,0.40090620683765743,1.0,1.114104001675702,11.179585904037749,53.982778357574425,1.115147968147945,9.923424223504645,50.83703555606015,1.1019419787559142,13.183296939459144,53.28855923652665,1.090907466822016,9.930932742470718,51.353826314132974,1.09091159098926,11.443196449839524,52.968410512647985,1.0909456079614737,7.758905394179304,56.86058094283898
581,49.98081193927535,34.17597330160428,1.7323807088595413,1.0,1.0913315085959197,8.768570218134537,52.79347557940547,1.1003649983825234,9.193370952845964,54.42708717058223,1.0747756221401883,7.0070474054914555,58.59368202440365,1.0828792434744117,11.574268075714784,56.057982064047565,1.1259521743746843,9.975103979418334,55.76876662886975,1.0892732291021494,8.414430041590848,55.7590684594277
582,49.98026317868373,29.102211157660513,1.24297374922573,1.0,1.0899900179326265,13.48909967137362,53.89001409336674,1.127407657237643,12.816249261227126,55.962038696024734,1.108473061766151,8.997435912143787,55.57163864377721,1.1214956593110599,9.362130135827066,55.530625930333485,1.080689548912327,14.019658145302667,56.938923421474215,1.0624569433860007,8.026470736945175,54.47522586528117
583,49.975830959353694,37.62381240076109,1.3211160699939908,1.0,1.092355821299779,9.659453838514155,53.94658196024893,1.1030120982222755,11.421024001934702,52.62023903505591,1.1166776272320025,10.536368039808075,55.52222552032614,1.082560390710015,9.62955428974929,55.52385014016752,1.1100788482047252,9.583521338076224,57.50009681489381,1.1254280459014236,9.295796684196926,57.99660984863473
584,49.98839403952937,25.711837216319957,1.7860685348157055,1.0,1.0954248557814856,10.365876372665676,55.83291199159645,1.0890032904159221,10.322692591670489,57.80103453047181,1.0728088829372058,10.278835804115904,54.140601747863954,1.0986097914144375,9.4949237650857,54.25618380325788,1.1056646405277206,8.500576109169584,61.46391785385938,1.0780179289785397,10.26473743672636,54.4753444337397
585,49.99781117634583,30.818474791500723,0.683175868169406,1.0,1.1013665455879842,8.705749542073326,56.107376795228426,1.1045173313356929,7.491437021133238,56.70703964376234,1.1222345008698713,11.186942839257597,54.79969522725988,1.119359229674724,8.305451736471122,55.84099726985613,1.108111814188902,10.98788861584004,58.11011175569479,1.1067357079825797,11.35205609182866,53.716913351135815
586,49.98677624035742,30.112434513039638,1.1294702210846457,1.0,1.0711288003548052,8.510627143152544,56.68181812241151,1.1290153172255644,8.393109336999801,53.48519618587986,1.1129179706433838,9.412046479558544,54.43406483282678,1.1079081846086143,9.244065732886396,55.34395877149608,1.1405127291972699,5.864948356385037,54.70747843362391,1.0690776906911235,9.49529099021952,59.90039538919936
587,49.96760466809022,20.287111229838423,0.15074934294309794,1.0,1.0813176500235506,9.810182116820592,56.10155489842261,1.1217839292031915,15.21241533540906,57.23851980169571,1.118072202487111,9.77471358544336,50.66261001309893,1.1331156503403128,10.236234739807129,58.11299418952644,1.0905876192524322,7.9457223016223155,53.87846736400972,1.0705955748617182,8.12773340251142,54.452803069497136
588,49.98142256019643,30.590825828442824,1.9333625574384217,1.0,1.1126750129263412,10.52536244545633,54.903988235136936,1.110528792205571,10.594766132783478,57.49684167338531,1.1103243925277846,11.844240916421686,52.78029030576969,1.1128213168522458,9.827519941168791,57.471537845173366,1.1095528474107184,7.4408186552004185,54.38940106891376,1.0745519892901494,12.42849945676373,59.68774430654035
589,49.97943609754956,35.45699504534106,1.6647336886012856,1.0,1.110880357039323,11.306646965894213,53.48269849901824,1.125484775217788,12.994392674590166,60.98983203016582,1.1009282969443075,8.433234236785275,54.19794484313557,1.0741708803708312,11.615494861481011,55.69192360584319,1.1345061107989332,12.568216323927413,56.730836631824154,1.0639810394318294,6.700122507187679,54.79530888974164
590,49.97627273491607,29.72033242806983,0.7534292804642575,1.0,1.109327425744688,9.742285922547698,57.516511812437145,1.1286593467165813,9.861387266004556,56.11280458773314,1.0925990709679703,10.984420623801972,57.050434311944166,1.0937368714097735,12.086103761094176,54.67320228378362,1.1130785644037613,8.669629651096045,53.378852661996504,1.1002142286631327,11.02199610216206,58.15650463732584
591,49.992641064279766,32.261266077410795,1.0350581403725012,1.0,1.1057357951756435,8.424641744569568,54.03194313549375,1.1082406787566663,10.88975830009775,55.01764016690768,1.0975831509699003,11.28491731308311,54.97666109359539,1.0938039570786258,9.60410773643001,51.00312343450261,1.1227878341322346,13.574567473268626,51.93397105687102,1.0845709819932805,7.1315753561879145,56.63390327643348
592,49.99899827049052,28.42757681291593,1.6274359514560681,1.0,1.1183344124302221,7.900435296512249,56.21491431621555,1.0808990023574152,10.240773511426644,60.49917284793378,1.112342972968504,8.391684885538755,56.84145627808581,1.106032003093522,8.012041734720802,59.44384280671266,1.1261909802937653,12.843420359002515,57.623443784217244,1.0948646914702274,9.571099065591993,58.062370305157984
593,49.97992193993141,30.12174279126071,0.23137887888725106,1.0,1.1298938667528182,10.205894030562833,53.81338784935764,1.093112917769572,13.096436174693608,56.10603219252712,1.1339408187281823,11.989222529347261,56.775169631103445,1.0677947947328095,9.967872581920929,55.84585072620815,1.085707677755826,11.4669646007052,53.81944026277882,1.1372138002687622,6.473290381550415,57.03999483710404
594,49.994421538759546,32.938769670752144,0.5127525021684591,1.0,1.0953400881101378,12.191457154562983,54.21592216065717,1.106439319686814,11.757340999912008,54.61320231786049,1.0709238053688317,8.22655574958463,59.23677436395871,1.133671607522321,9.377872049903198,57.82704089298702,1.1093483417993355,10.419598009558175,55.88599049154748,1.0936297945165376,10.416418732238927,56.07460698546371
595,49.99811317823069,38.89603833176752,1.147402399020186,1.0,1.0829761815591075,9.152468215503731,58.71884841950749,1.1387695592585854,10.5566585687403,58.08800370980775,1.1227902467477435,8.68449549350354,56.40180858750714,1.0902930730502758,10.24497045845067,55.50801820504361,1.0924579556714642,13.236115439910474,56.1230096701003,1.0905878536250744,12.265188813001469,54.645507127562965
596,49.99584913305024,22.497904417022678,1.1534726688848722,1.0,1.086628909520668,12.616304933559544,57.39542159248534,1.1047165702350736,10.177446497304658,55.31085339217463,1.0755914671901357,10.333727595312823,58.177726654128534,1.0967956580272404,11.534339265805697,55.64225672888134,1.1016546331789618,9.327765805308907,55.39133175885279,1.1014804170607413,11.73769461534275,55.932133107717945
597,49.98860353064211,39.8984553056584,0.8088771161651429,1.0,1.0971881561458379,11.211443729343959,55.41646475920895,1.1016060284067544,6.942495661853336,55.6641734045922,1.1018639517343751,12.636691758681305,55.00342821660714,1.0957079364778883,9.562454964493964,55.78068287091597,1.0705341269885809,6.581683084567471,54.928191971731486,1.1160333466017915,10.662854621207215,55.243427660581254
598,49.9907436577583,20.835875224115505,0.3648228053085556,1.0,1.0858034816481987,8.840678481125009,51.01558661121309,1.0939064885293281,10.223840239074827,55.63144748015437,1.1233819603968145,11.336132108132235,58.975476956948654,1.0946777427900036,12.10022044886599,53.62528817139668,1.1004660699228526,5.548360629190848,51.64086576200091,1.1058815852825241,8.197451932125173,57.296412931602724
599,49.977047975781076,31.952798629887987,1.5052363710919638,1.0,1.11821893671076,9.853505046153083,57.88092149966222,1.1068253606429632,11.600918710543894,56.25046387013256,1.1119415038109628,8.71330062334191,56.10817150555803,1.1270941738567282,9.368108471468425,57.391556332244775,1.136663782246819,8.938365006435124,55.070841422832515,1.0794727339936212,8.500578163407381,53.99854378271558
600,49.99157769286902,37.59237663250863,1.6909889734957118,0.0,0.9807287298812704,9.272875909301817,54.707409125850134,0.9929798914885533,9.884914110669202,57.619373822182865,1.0402120693030383,9.177637272573007,52.87299726666389,0.971638075243581,11.378124262186999,58.71534138062349,1.011030532182196,11.678988763337768,55.74186561667616,1.0346683659953133,10.816204534672712,52.6404262869323
601,49.988604751731245,35.288682911244614,1.8246340999040347,0.0,1.0193113438524921,11.952544505948365,54.50897580119026,1.0194032269181574,13.542495443252616,54.59922779009681,1.011112960099528,7.352134485587616,54.344647357403936,0.9851656337159798,6.895033692242773,57.60990630913498,1.0197915573730525,10.530202637796066,56.79358199056324,1.0230631553534537,8.30032840754331,53.33466666758082
602,49.991313513692724,21.382612721220614,0.9022640267608901,0.0,1.0124189007074402,10.735020305400568,57.66365077049276,0.9891566073885654,9.344699911867748,57.87437349877499,1.0280253078987975,11.571212199597307,56.10364864819157,0.993923149624547,8.459901602017649,57.67668242000227,0.984813879058733,8.441749565897153,55.356860840139724,0.9737880523752593,5.3051068675755,57.231251796273845
603,49.9791866181479,39.78557052468523,1.1672034581480806,0.0,0.9760072886093885,13.246355010275497,57.47552802205819,0.9891116932728524,9.334622889965662,55.37598943388742,0.9833436825361709,8.354668997352622,55.413271410997545,0.9853936909330123,8.447283579063129,53.6683109608044,1.0306699127007475,12.826468456005776,54.91097637236969,1.0162986333141488,10.14529448808461,55.19473562597997
604,49.988888731250746,39.37017443634559,0.40613991574992303,0.0,0.9854123693555247,11.838165301139314,55.44716946666546,0.9494547448537258,11.258115255859142,56.70144858965906,1.0039675781876973,10.912232815532702,54.46620124371898,0.9834611416183163,9.439237260791417,56.56808381520754,1.0144326908444328,9.15248875834331,55.50005483102411,0.9590346995276895,9.95339582155494,53.736619638127074
605,50.010939474874384,24.790104358487888,1.3310451186310783,0.0,0.994189988539237,8.089226459220015,54.10844599720223,1.0329461567628149,10.36093245809661,58.85545867074877,1.0079999186512865,8.109169332242352,53.660752873011695,1.0001705860609584,9.830583246970138,55.60051580787643,0.9953973815412608,10.439896023992922,52.12349356465329,0.9976400108551535,6.647149561713514,56.29932267083821
606,49.99007408796084,26.43141475620096,1.4218734717013195,0.0,1.0133071312899153,11.366290539126883,56.40424414372943,0.973558846885984,10.397601159578434,57.41741630046523,0.9914060981679154,9.366735098970901,52.43701297997098,0.9984084876896275,7.677697975772299,52.03391372456862,0.9959069159422215,11.351635581749097,55.80208104386369,1.0139351325533617,7.440530258061442,56.8321321333868
607,49.988938505102,21.833207289898414,1.7108779550845166,0.0,0.9796162992961163,13.585927482405644,53.03910542119996,1.0310266153695549,6.627428815007232,56.62981721165536,1.0088611133305854,11.428484413507881,59.099196189252524,0.9962238434885301,8.157229703594467,57.55785472175464,1.0223179895908514,5.370838854259685,57.514422583432385,0.9918053173757603,8.858763138255027,54.444402604590096
608,50.00947308785634,37.872752832177696,0.6420573150587174,0.0,0.978167986306638,14.0821588582529,58.28147296666369,0.9997686475016687,10.264396121729467,58.358624564013745,0.9929951382227556,8.518066119844297,55.241353003485465,0.9982634727091074,8.75998786529406,56.89317806337494,1.0387738653212892,12.999283954246087,52.800595277960284,0.9757845209035723,8.735153231732133,54.686383178079865
609,50.00260730283813,30.79473564384838,1.1261096966604778,0.0,1.0321029280238974,9.077061138895111,56.0576790819893,1.04629317585888,10.349062014651317,55.88894938534044,1.005328460092906,12.535037718209256,55.68071804606612,1.0085126640263435,7.14787009245528,49.28865390587483,1.0393484513510152,13.693037483254184,55.06890177235115,1.019282800481209,10.862032473751178,57.39428793562925
610,49.992573185133615,38.038702705096824,0.2533618731315428,0.0,1.0215181998859368,9.919892381222816,54.75089700646672,1.0329923601893014,12.038881551789084,53.85168448407567,1.020402455751074,11.131145688506326,57.54026536024265,0.9891621311148999,9.54217141472332,52.917118332422376,1.001352454838142,10.025031348385596,54.517693789584385,1.0349407819711247,8.071596792925837,58.05804864524362
611,50.00619578276646,20.80509526119282,0.791391735006371,0.0,0.9774826081310253,13.763673698019929,55.0832963022186,0.9871385536026775,10.950020636384666,60.25591297085546,1.0116043046367147,13.914506248262342,53.05778819004505,0.966975844516938,10.913946522688853,55.63996615261172,0.9875661537822839,12.482140285472124,58.35708537010593,0.9959699921069517,9.888101075864043,56.41041430619177
612,49.98788500167326,34.53970132156631,0.11729506730015338,0.0,0.9935952994828505,13.973542330723337,56.61664139602228,0.9813429857907623,10.633285285697433,56.485751111048856,1.0003525206733779,12.780083612303798,57.64046206548193,1.0627503302501227,9.294021375688509,55.40941268982038,1.0017137817097965,12.410374511349946,58.93143650245564,1.002268092074637,10.639501786362207,55.812631214768615
613,49.98969836809071,31.863895282600076,1.3193247216764834,0.0,1.0013047904674113,9.458746591596936,56.48570790479947,0.9944064720208158,9.295192648016592,57.807574154530464,1.0038963292113392,8.080349738436897,56.37776329012198,0.9710184801958994,9.480726658390685,56.192224404399916,1.0118425419894657,11.550600480556763,53.86504159306136,0.9864884123391051,10.82350969099413,55.50833174340175
614,49.98617608704634,24.637209651783284,1.8976298744647357,0.0,0.9671460395419044,8.929842095714902,59.063182768899836,1.0210336240902338,8.56732704266065,57.710357281221214,1.014093168564575,12.38117108261276,52.47276440256691,0.9820507448823684,11.347711605373668,57.753551074742326,0.981422317948801,9.592488093410964,55.66748494119987,0.9882574534281381,9.714591215187813,55.97088134367572
615,50.0103175698371,34.865945279423165,0.0397626497614012,0.0,0.9924423082487204,8.762541788678945,59.31707843971702,0.994136714886633,12.77767269483674,55.28093319673353,1.000114041168395,8.090349280920545,55.31594867797631,0.9930386932747466,8.412370938090307,56.512869732630676,0.9934442479510567,11.619848200366956,59.710244548702256,0.9899191693198874,12.447457307020883,54.41534757606929
616,49.99109592386912,28.45853307836755,1.578239607248236,0.0,0.9886409620129535,4.5622950137604015,57.49202488808036,1.0457184063014078,5.147015985484272,57.42975804288709,0.993775214501146,9.752935395924291,57.45644245592273,1.0004092743597461,11.980810681786608,56.76288488116385,1.0203143710595426,8.3788189299569,58.73725343812701,1.0032176684114986,11.489095360339249,56.80394234139165
617,50.002804559921685,31.995349850685265,0.976313115612429,0.0,1.0223459511297635,10.533282629026113,59.8330881418773,0.9753200705234188,7.485402529213859,60.18544141323765,0.9913135698293196,11.578817734776845,58.344868762221225,1.024116985705685,10.377693416123831,55.58393304117463,1.0025208422822136,11.330622226826097,54.9736619253097,1.0159028007096498,8.191326682042591,55.33208407240552
618,50.003042488759654,33.9741721385895,0.6283761282302303,0.0,0.9516522808510636,12.457091739964422,60.01866841347387,1.0382682343765952,8.393579683862763,54.7475309318551,1.013209931301721,10.620693576422907,56.3404571677651,0.9961491342035307,12.294744551054995,56.42021094940059,1.0220470430919086,12.694727308700672,56.856077224296385,1.0087957871453204,13.13286772409095,56.94095616401705
619,49.9944943987384,26.618835058230648,1.5416852604833822,0.0,0.9935715403691432,12.836328704956081,56.204057101429804,1.010406395254128,10.37101953427655,51.422608416192375,1.0031078699007234,12.926853162202155,54.60737217831188,1.0174054886511614,9.403582271280813,54.19196956873801,0.973989894170546,7.627412051692545,57.02988277579022,1.0048967431517153,10.95702601831054,54.82200119897759
620,50.01141851184981,20.651099521754453,0.936783929363679,0.0,0.9978855215834278,9.957721656944871,55.8467359576939,0.9730981539638811,10.758885231352412,56.78677033548371,1.0005512285195004,9.211145280537552,53.381273647668436,0.984910444977008,8.055789038444715,59.25617522727551,0.9955357652599869,11.762009806950358,56.72984691107964,1.002328635900156,12.203760137607793,56.134868965245005
621,49.986994520731805,33.31002345405529,1.4707426376287591,0.0,1.0022611322954291,10.383597658031048,54.75712885814835,1.0066688972618691,8.459009978008837,56.22167523846363,1.006622835949534,8.473865886745036,54.975340980791344,1.0160526466600903,9.167105694596696,56.469916211479294,1.0209413884969227,7.68131102654317,59.77631502572348,1.00906715387892,12.465136463319421,53.39395571736481
622,49.98177814207619,30.67560101066696,1.3664549178613858,0.0,0.9893820391144903,11.189531738327288,57.01644170550232,1.0025284490022552,11.231561507862668,57.40105302572465,0.9738090123014663,12.332643898261903,53.29344171430158,1.0199032021429595,6.718132151334409,58.11054568824255,1.000981330128961,11.930003913910213,56.85739096665357,1.029307101282596,6.326030526059981,51.24879784144892
623,50.00118502803834,37.13477300867042,1.4472507819496294,0.0,1.0114357196546113,12.856067593470415,54.332337691533,0.9967347416742114,12.274690275404916,56.67389079650163,0.9821171328403224,8.321811534626775,53.591650802334634,0.9981297670729725,8.547979344728766,55.90703758495814,1.018680499055417,8.870877759938566,54.265029979859314,1.0293086121073047,11.405983584354672,54.107406141190005
624,50.0045298675139,29.96277088524953,1.575815711529223,0.0,0.9781373130584251,6.6795427919245025,51.71152263813582,0.9653990588387862,9.890822181567506,56.31492773832283,1.0180571548657587,11.430044901180231,52.90243831617702,0.9893550443771157,9.533580867396351,59.82082531970401,1.006732492104429,7.323935462325552,56.96861056808029,0.9887704626264215,10.538596082391416,57.13161211608562
625,50.00196751609014,35.96211999294385,0.7953938779896654,0.0,1.0031733105105363,6.417419095296085,58.60779536756401,1.0158271975593152,10.071023133723624,55.75975749448174,0.9962835647698123,9.297953224490607,57.87355607102148,0.956156314849515,12.918872735807929,57.580676701877145,0.9915247374520684,9.576583884758858,55.11675737604745,0.981454774777119,10.501976658420213,58.372631036829496
626,50.00750669717357,23.270087085022112,1.427708864833401,0.0,0.9837841644086787,11.297709321114477,59.369247385304305,0.9891170377464195,10.816038384699619,57.92171640681857,0.9864159600036075,11.653394410297578,57.779629994083066,0.9602439577834415,10.394661357980558,58.201779398617695,0.9812837775894176,13.039470017168028,52.09627017073686,0.9939649557087622,13.641005111124166,57.286900620052116
627,49.989653396801536,37.82006978880662,0.9743685240189197,0.0,1.022721031678546,6.842347617550363,56.33078158862575,1.0185391514033504,5.006583721199088,56.321099143637724,1.0117139002470605,12.449706092612432,55.60427676258823,1.0081374823562117,8.860385326328066,55.35524010264124,1.0148271361697725,16.070739233276196,52.22583186481796,1.0016352862382711,12.550119135832922,51.81213886701324
628,49.99903906874319,21.884717700969766,1.4730399936992415,0.0,1.008560624096522,10.27647399541996,56.61604565101087,1.044652452701945,9.672696789906407,53.52535524543758,1.0087138612492732,13.903961585829158,56.33823049549929,1.0111940098875516,7.601331914179541,54.63131766306464,0.981418153592726,12.522248086469844,59.43407459070903,1.009345506664823,9.289459700277682,55.013037914988644
629,50.00039688257514,38.57347121786394,0.3204065870424957,0.0,0.9947758300311349,12.535892918216447,55.30589831941969,0.9911835000276501,11.023140893765476,57.961525817382,1.0026731339255026,10.404647736560097,54.21095385134382,1.0144668543270376,8.21869761871954,54.422578148807894,1.008053735451274,8.670533561985048,59.20542504802074,1.0110517252069613,9.821446078840928,53.83337802429657
630,49.99865305617003,29.768390764723947,0.7668217734827343,0.0,0.9839439345096936,11.833456744804275,56.653597944598644,1.0327673784355502,9.740716827785226,58.41232319654583,1.0111125663353628,8.690194951932694,60.00616749720053,0.9774146308093004,11.73905617430414,58.10510051739176,1.0180216343852095,11.354939339845386,57.47885492044535,1.0360310790681522,9.24791748295257,56.64701294978281
631,50.00060306527658,32.87343364150427,1.2167071872931883,0.0,0.9916374182348517,9.32480474802889,57.03244756709795,0.968513694158825,9.503345639815324,55.41119483446887,0.9792922120514379,10.300658219303003,52.747818199239106,1.0232642531420666,9.55267864882195,56.993300202844246,1.0047262375746757,9.594908713929923,54.8640360889996,0.9907556939228799,9.114953189788869,53.66813067767342
632,50.000314867741665,28.855760407579044,0.3736104375225926,0.0,0.9749826076831112,7.946628887936098,55.938832498652786,1.009509560406209,9.358262768949055,58.598798590535445,0.9712969023997331,8.917369242822431,52.22870926146973,0.9904927082602233,11.82521738410455,54.089826188886995,0.9786118574795103,11.613425828949442,58.17354893969301,0.9839442393969424,6.2872517271184085,55.35962435133578
633,50.00870052156975,38.53801461182449,0.7583082703261326,0.0,1.0039964107453532,7.835390936424368,56.60939961053943,0.98209020223045,9.383972092658533,55.658312958760675,0.9947400092942702,8.380098788875218,55.87772838365724,0.9882286646266176,7.476195123128588,53.47733427802531,1.0189973280043103,5.049931986528196,58.287249986337535,0.9748580746185148,12.757085564723852,55.03124088535049
634,50.00352821266658,29.52733277419653,0.1650587124120073,0.0,1.0179945588609653,9.103730174634023,55.6934606385582,1.028048035533347,13.261803530516172,55.805112651607445,1.0036640842280828,8.282506425127998,57.11795674870952,1.0042206714730604,11.40019402802999,56.3891103595169,0.9918930632078887,8.28719751637233,53.64829266993219,1.0065730379997455,8.74710569523012,55.43393624594728
635,50.00380844132091,20.238870622185967,0.9436625762398287,0.0,0.971904545284035,9.908556665272613,59.03501815230948,1.064867890923586,10.645359004714875,50.97412722754459,0.9853098738156314,11.845230840760435,57.95118502644676,1.0139540118929613,13.53667494309417,59.11937994841162,1.0116454397073742,7.303722967558006,58.77262088359551,0.9954361701456537,7.8029489632020095,56.73308519278551
636,50.00143095288605,23.541521603198078,0.7400374329935282,0.0,1.0306062845935604,8.552943351657106,57.50241059029232,1.0129941249054975,5.943335055214171,56.269496619078325,1.012267321206204,5.849445772377225,56.07157011035891,1.009130706492723,13.325399982098999,56.376379339285506,1.0107989472626904,8.24168181816976,55.69382106475138,1.0037504391949827,6.136902016904308,57.00347031685635
637,50.01406789790871,28.051428573748765,1.4643438655193797,0.0,1.0402510088528478,9.093063567838037,62.26326124589766,0.9782427787705648,8.463419945877778,54.777390815645994,0.9902721331458576,11.386337362468975,56.34299192347505,1.001193605369503,11.669072475810946,53.38991443776588,1.0070246177672497,10.153326420478905,55.05512073645718,0.9900154341519378,11.776221571455812,57.95624727719326
638,49.99442024735778,39.52610068675174,0.17282073367707218,0.0,0.9954367817099357,12.225515301178827,55.93424428885392,0.9921513082164242,7.964844835429901,56.33677964255175,1.0076552711135194,13.319006032646703,52.82050638377521,1.0050335376590422,10.490137638186058,56.400916512050614,0.9492889406387823,7.700755350075718,57.00142531796657,1.0257515188991055,10.329501315400186,56.16913473269675
639,50.02459788129628,23.77363168661162,0.04207553672822173,0.0,1.0295090318825184,10.22012660547841,55.651110407408986,1.0165561558272127,10.752798360092765,54.31248629720994,0.9871560814308414,12.430040246312004,59.045845823562864,1.0297110075287603,11.492893993802094,56.474281699333936,0.9881233064288661,11.798908582813715,53.90112059337552,0.9773460701913608,11.398654766802805,57.545556923529226
640,50.00488836374474,33.833665158607204,0.8296706292160376,0.0,1.03212194775134,7.163436032368664,59.250828115476196,1.0027213056848432,9.463956807965548,55.73432612646527,1.014979275452984,10.966848617171024,56.140026222519005,1.0096799049821448,9.473278991495622,55.17078483668193,1.0425488152424538,12.132781547061871,61.067341507086354,0.9833837035456992,10.66436847794022,58.679114565813144
641,50.02223802319738,28.161930936085124,0.41228411637857887,0.0,1.0487382192983319,9.716165473713968,58.59353650501288,0.9513940384633445,9.508613254472936,56.99388490630828,1.001788725391609,6.679853893578337,59.279225924998975,1.0004970017434978,11.004804947380242,56.24090145983984,0.9744063038121739,9.526150453837461,59.5936983706847,1.0003540622747238,4.93279179995841,56.59519514328701
642,50.016822136792314,38.67518462773279,1.3933395545475453,0.0,0.9688372969523652,10.518582131549636,57.83701504201025,1.0009821380147037,9.143506756850643,56.0799420459597,0.9618496453370056,8.516173735946634,55.83221039975354,0.9930864230064599,6.626424384895003,59.50150159746443,0.9918206179543955,11.4187865545173,55.38263576311937,0.9914603854562464,9.18225873606646,54.90033890453851
643,50.0119430616122,39.312737268404916,1.2980837756648982,0.0,0.9933009518731309,8.631104379443308,58.16610817510716,0.9569319065132929,9.05874607793915,56.911590913640325,0.9900186418128183,8.624025024898764,56.67645722529941,0.9944809304082395,7.729837711001543,56.73554976450596,1.0167953970335937,11.511515507329998,58.79166138355974,1.0050570049125536,11.500815638994645,58.40976556634747
644,49.98610213151638,26.717368038482995,0.14616278377383685,0.0,0.9919238443797539,11.173640549452127,54.96716218397519,0.9946036869822057,12.91106083750485,59.56862215363916,1.0191437527904943,7.066306578553739,54.49557259742441,1.043840700931167,9.9137956210532,50.93329750877213,1.009654257364688,8.768181236549509,53.61513978091265,0.9904752669562914,9.075521043346248,56.8915111863044
645,50.009535208983046,26.373342185787507,1.5145507778961163,0.0,0.9609012164427552,8.244635842463861,54.92863335333793,1.0057402621777847,9.34786871494899,57.64766354771016,0.9919529510994824,10.61811472043686,57.661478352569695,1.0122915420041088,8.915850879046708,56.681113714742416,0.9787254500610494,12.32482231789458,58.77534550982746,0.9785042218225395,9.914495444161265,55.46909497882872
646,50.016435343134894,30.271787732179366,0.576468445480149,0.0,0.9972907093179914,7.207078011782031,53.10919495665138,0.9772240346467271,8.475661699250571,58.86052570670005,1.0055131285785026,10.531210303271763,57.56321464013314,0.9889529013924112,7.896232657303875,54.256394627072986,1.0111870110882646,10.794927027174104,54.945158627134894,1.0347924790406866,10.814407868524013,56.07449375850451
647,50.004899559415044,38.65925704248297,0.6331454944357864,0.0,0.9800018790162655,7.817393565028661,58.55547023699356,1.0019162706211118,7.852191866808293,56.95166980322089,0.9672692020191802,9.673383743925116,52.92447738260881,1.001320259532501,13.050665412457025,57.982236550606416,1.006074867295014,6.5570343271311575,59.94300489041357,0.9620642773293188,6.736710767995119,57.73340467826809
648,49.996205798060686,31.95904012329185,0.7849503776869216,0.0,1.0307890605419971,10.11158668212467,58.31937068805485,1.0175168991949544,10.792624710003507,58.01305761125345,0.9771714474751462,8.036787638371038,57.655666892862826,1.0101016128663547,11.136200990008323,54.26520661553412,0.9910448213120341,5.109264831835687,59.07865790552969,1.0048460997626985,10.059056689449639,54.406547199511024
649,50.00590345885429,32.503470318422,0.06498350077103043,0.0,1.0001243481210949,10.066958423646055,57.86924858048283,1.0017360460952551,11.536690853374882,56.13275876945589,0.9996384955508539,10.233499357453434,57.54482683657672,0.9526403670561489,11.161550863804496,54.1674973959047,1.004110236697909,10.696817483047093,57.85808533008254,1.0191947647669481,12.29659395230354,53.386356854162536
650,50.01121585106582,37.601468567228665,1.0974776027207231,0.0,1.0086721507213483,13.194446024177141,54.60476259953717,0.9876961563623414,10.465862502236536,56.35488028784346,1.0204760038587022,9.742074282764754,60.180618168938295,1.0178105614390065,7.819736506891954,56.12736937043183,1.0238597381265773,8.222788239655886,55.63871189429089,1.0202286990510627,10.786124662965598,58.21051057400727
651,50.00521936692188,22.664157879330034,0.5567401009210124,0.0,1.0143918388876705,6.8941597540606665,57.37891333826462,0.9839278577308956,10.403126633015935,54.37668955703091,0.9944424110792583,9.589567155894107,57.605291598418354,1.0129675727681295,9.98070358822221,58.36862448631602,1.0168860094286551,13.589996708093858,58.81235964916827,0.9991333550609965,9.096205785016922,58.873337958659704
652,50.00973229671355,27.177848140152285,1.3360620248256105,0.0,0.9794939465932102,12.952493813034312,54.53491195948102,1.015844200374839,10.282998949857998,53.09547762590288,1.0217961954126846,7.356352426864246,55.27608982861351,1.0369046631210308,7.929437348371956,55.83034032447207,0.9934826673354417,9.573423838144521,55.401285677143875,1.0217276073121295,13.699593889602944,58.421255655300335
653,50.01875436581488,30.87572919491948,1.8519509487291475,0.0,1.0145790113685178,10.041323190925905,55.08928802587069,1.010147140340632,10.709024212087503,55.5017270835322,1.0060600482736448,10.980665830932516,54.88431390455876,1.0236426767892433,8.694981888038773,57.57771807380785,1.0009436750657683,9.443379801374668,54.543637334923545,1.0155369072976441,7.442288148121968,58.27303964164895
654,50.01565195693251,31.89942229645215,0.7769354620772349,0.0,1.005191018068927,10.571919679096231,54.358428053159,1.0471527217985546,9.863257475563001,53.74097125760318,1.0085342301318334,9.316153690914673,56.95986140292581,0.9894823815436413,11.374977828496329,59.179823887155294,0.9685982475637116,8.890750204666682,51.91444098623845,1.0162935310503507,10.295850330846546,56.3084156652461
655,50.029238573990725,35.7829293506486,1.9171444831031588,0.0,0.9992157493220944,11.85707897314029,55.73990103688806,0.9763706059715622,11.56624937856012,57.40248469055644,0.9510966725150526,11.12829965063504,55.11156454986994,1.0144887176429087,8.90024259744855,57.8305273627905,1.008875166316553,11.214738920594025,56.5587319757437,0.978522658538873,12.805917383170243,52.78037065458614
656,50.00241349654837,20.622752609658434,1.8750038312826671,0.0,1.0005647034097631,9.450585933190567,57.18018944966402,1.015184263087102,11.182326918215423,55.73821581938626,0.9978719438363163,8.185923568372106,55.37419772572576,0.9868058114545388,7.815768840933892,59.42822899863896,0.9816253052994232,11.004539467014995,55.68862138254182,0.9810329884894514,8.524712147157821,57.67191005408104
657,50.0093555859678,21.541875386619534,0.5202881889954747,0.0,1.0090796673527205,7.9191686556665,53.35572171144994,0.9919591669705297,9.243446082611078,58.594180678702784,0.9921504195349156,10.890289260249704,56.0272137124241,0.9738268135115673,14.436965270800394,52.900881672148415,0.9625226867619175,10.58642789585255,63.379532606073475,1.0425489562628076,7.968836954036695,57.294808195019904
658,50.01572508253374,23.046882088427417,1.4242996361528355,0.0,0.9974151949100567,9.7675138474396,55.93454631925053,0.998542832543652,10.556306495089439,57.094492398252456,0.985569172719561,9.768853748844025,56.90521424751324,0.9822012501802848,12.030724168623196,58.41078535515929,0.981188729700379,11.745147574156283,57.45413245592578,1.016339986254708,9.36754162167989,54.83333367394469
659,50.02680830885993,29.24177596291656,0.2822665736529901,0.0,0.9822990724982196,11.331101268331569,56.283102874676615,0.9979212186016699,8.76143673983455,56.27333177534757,0.9728292447012382,7.097676285333813,57.39715943209703,0.9771307180875626,10.009641843442225,56.573592662700136,1.0152203858484785,12.414622192934857,58.79765056253038,0.9772051175827546,11.645193938557911,57.00309960811263
660,50.01420199519535,26.076582408464287,0.1464821893924273,0.0,1.0141338851907318,9.388490639288527,56.57536858447008,0.9916656397420798,6.457945325047332,58.5076066822667,1.0092028676427154,11.023403156835826,56.584107269038135,1.015338685990344,7.423148858393144,57.89103970761849,1.009165539215221,8.771915998666818,53.33702488319826,0.9868081916884116,6.146546082190524,54.96765420650919
661,50.0036743879007,35.51239295584006,0.387358667568406,0.0,0.9920149820108389,9.521460368579802,54.1815810329957,1.007229318568221,8.938875194838115,47.836244249164054,0.9841347134640364,12.843764461926453,57.87822905692014,1.0112739806190225,9.19110608899813,57.71984232775563,1.012918928044241,10.951550590787065,55.690919624111174,0.9953143682466529,8.907098283734179,60.90070818346774
662,50.01442699862206,25.95274249055265,1.9580187236300883,0.0,0.9765579231833754,10.53152903401293,59.34678330418434,0.9544910300207097,6.537686325760963,54.83286574161333,0.9918883020121717,7.722745226486994,53.5874411794248,0.9800167132737484,9.60711638748404,55.9179920354788,0.9903217401997378,9.185501235948776,61.65872187261603,1.0030619149992368,9.012818713408134,54.91629821725177
663,50.022588267148464,28.20319896844305,0.9876851360140277,0.0,1.026237447494701,8.42722492481687,57.868198591085005,1.0393779116170845,10.840088441764378,52.50312083947851,1.0464692465296295,8.656555471303937,58.16984625804529,0.9875611931636206,10.344359042063257,55.81555916463029,1.0083514673069591,11.633803926205417,57.182806375389106,1.000730662393208,12.870874962302864,59.25624107936325
664,50.01760160743795,20.25558962372309,1.3248372891531153,0.0,0.9918258843568692,8.454566378694539,54.45634460849144,1.002010267182055,11.016706467650193,56.486550023084725,0.9827951784191722,8.229332785255888,56.80171788535729,1.0370769467179521,10.29795340276205,53.88299619618292,0.97016128990131,8.996296982415451,54.03393577155376,1.0300753871892736,11.47711761108673,53.361972739869834
665,50.016159012649354,31.92288239596285,0.014033544903335748,0.0,1.0186633621092807,5.808179839805901,59.72082415474893,0.973102920606401,14.181727457847604,56.50743717645561,1.0448619940885673,11.142753967061529,53.980204878842756,0.9795758308565248,12.923008820656172,60.340732553378125,1.0170510086082485,11.22078048459259,57.765745394069896,1.0160253266538068,11.690198795172995,58.23067142376659
666,50.000443423054406,36.83815956569724,1.7458579887593764,0.0,1.002456538796871,11.235201080909185,59.376046944572444,0.9918202514150054,7.762832076588557,58.16242181061362,0.9802285537966251,10.645293785681893,57.679383766956214,1.0074592765033927,12.430684966819111,56.64601788464926,0.9843217474144728,10.918126104698436,60.75367928532473,0.9939739164458352,7.4582640912410145,58.384088520222974
667,50.033751348910954,29.0612291202204,1.8645718979993782,0.0,1.0022825026718827,10.52152822979066,57.398809058757614,1.0331754243449316,11.952302755013328,56.07447961401722,1.030777114466301,9.97619245698681,57.11800381900081,1.001320019317593,10.300794134521658,58.101489990452755,1.000192693833387,9.27553652005297,56.72861616216411,1.0208739469586514,8.044378491312731,56.80065622096003
668,50.023986937741135,31.159391728980253,0.7239394376740949,0.0,0.9906906628756531,8.786585572839064,53.36124616000484,1.009903356364651,10.790993706023155,55.547890485157566,0.9804799710144508,9.557073772660116,58.86132485583065,0.9946761622476571,15.022852598826809,56.62710220306749,1.0130364319657126,12.328188148079114,57.009777091260446,1.0205832697659343,10.212701101089909,58.537163828707676
669,50.02125739149696,39.358556646141835,1.8040278260408318,0.0,1.0132874075379141,10.06501699184346,55.6610874312404,1.0102245505689427,10.410364543659243,58.71719129256937,0.9776341203519919,7.971288443474332,55.02689255459978,0.9777068676168222,10.62162662481635,55.950839786387576,0.9749468034538966,9.173566708101326,62.304084256143035,1.0219577312896628,10.706709563078617,56.42974637643285
670,50.02588564381052,34.98633330428535,0.8013756531911873,0.0,0.9905395172753141,7.918793003597164,54.46474065860616,1.0137482141400629,9.544151156955113,58.91903187526854,1.02210636342287,8.047468435670567,55.863939028070156,0.9958794185396522,11.109723816314908,57.359717923479565,0.9820114286159748,5.208282710082363,59.711862330243484,1.0052448879983944,12.00105263887058,56.61384772681098
671,50.01749446759533,22.105352202976405,1.050884905292352,0.0,0.9871399977754367,10.882150542619224,53.183403224296626,1.0304277461409743,9.021225359478551,56.898894122514854,0.9921551313315354,11.67632351593349,53.390855580851884,0.979535083639968,10.210914903247804,56.772716051270244,1.0334026766415427,10.498289989691,54.957271945235206,1.0197683256949455,11.761009205525475,60.08918683504071
672,50.01787367298205,28.127529019620496,0.565120187340765,0.0,1.0255726486463745,9.608660013414095,60.64319198691252,1.0035528970744676,8.479209576357645,57.65236376489063,1.0076067914837885,12.903073418741,57.004436057219245,0.9525409712838327,11.094848560000617,59.15392572374614,1.0074991702219183,8.326320901752016,58.222064816475296,0.9699769324033808,10.1039601539045,57.466675154452574
673,50.02154793287497,39.28825804261287,0.011707350807245609,0.0,1.0088232421314642,5.913033630431041,61.513123554165624,1.0222697537241379,10.40016296654573,53.045628737148675,0.9900981428587867,7.782113489105363,56.45813027362359,1.0174779419660585,9.242661372897025,55.88330751293891,0.998299614258072,8.314781905619853,57.777483288780886,1.0113633509111317,9.619021513772879,55.973843820009805
674,50.01518290957802,39.55305630301281,0.0975531994919232,0.0,0.992939632485204,9.498249326862629,55.86162505057038,0.9998742091976429,10.913579411187712,59.458461598972015,0.9479646229182267,12.62196463526828,57.64872703347933,1.0118246928896624,9.789787378575106,58.59535213204714,1.0243614408653916,11.648662982921024,56.39640994823072,0.9956726508069238,12.915329719740551,55.90353693599846
675,50.01648739414337,24.44477397661951,0.4697818584632172,0.0,1.0331018578203566,8.392281314951545,57.159961648671775,1.0370206117842662,7.354570994556499,53.384694607336996,1.015158603661215,12.475044023618974,53.90553270104128,1.021069534930885,11.328129132195574,56.225685750054815,0.9926797212026327,9.64888935468672,60.47859823881311,0.9930420772536382,6.270961240313454,56.52774997112002
676,50.030141821973025,22.382162722085834,0.034085589348942236,0.0,0.98930238500612,14.037124780456534,58.52436744142017,0.9907001390885581,10.503838600464718,58.359849252922295,1.011405615612028,7.4408039178110865,52.404275925650495,1.0198948340679337,13.161672934360741,56.68179551497888,1.0075470563217042,11.602022692453328,57.23707695126013,1.0118214352152197,8.685920492288082,54.796934066615485
677,50.009494171432735,34.59155464458423,1.7036191277120212,0.0,0.9842055999889374,12.408855202089757,56.44008443790717,0.9811352550827932,9.334066485952867,56.802167404965985,0.9797135886437207,10.450467197795355,55.57729638224524,0.9937132270686972,12.051127955632811,61.34239905375577,0.9753082485710509,6.059976438967125,57.795887783790114,0.9721316206425982,5.7753892740750485,56.93561029858592
678,50.02065175851668,35.669845482837275,0.007631899033438971,0.0,1.0167875138758498,8.243121148531865,57.189875019547635,0.9752653775181676,9.933278067758161,56.132082965215474,0.9894435542368308,7.603797578735359,57.752844714399664,0.9880569384279668,8.735522779173762,55.14698299720937,1.015253209497605,10.559846072384836,55.419187656141816,0.9881242744379038,9.661258063295335,55.67352454499079
679,50.01519099218193,22.95035272006197,0.6828577946640444,0.0,0.9861623024549925,9.707279361900875,56.92942417688207,0.9973630347945796,9.332407207203731,58.18448825150155,0.9847076161582298,9.362169196065313,57.56575128197681,0.9907067839390145,7.9681859261766235,56.230929563347516,1.009044043426959,10.42610138766662,59.16501600710568,1.0666844173135719,12.733763208904847,56.892821042435656
680,50.025767427417826,37.1896259282471,1.403338353158825,0.0,1.0138066326576276,8.8442357041347,59.71124303998216,1.0086816571174375,6.200101104354086,51.347071295490174,1.0013848511641923,10.953884226427038,55.77149572770834,1.0023863259451689,13.460864116619101,55.35585330876703,0.9868412971177701,11.503410651077836,56.95287511989425,0.9827287779695099,9.088561438984545,56.259886909779105
681,50.042959185916935,36.40293099506056,1.7761217177216444,0.0,0.9905676214788061,8.741854154509968,55.00543160754393,1.0062808538785675,9.935957166967475,55.9770603154919,0.990569066413459,11.362810233114272,56.11969863599272,1.0296677931682718,11.53588682178085,56.677936417770056,0.9906801878034699,12.053389663669117,54.86220116604781,1.0038311579191512,12.009771836016203,54.12782945204496
682,50.039824057847625,25.155065997751244,0.36794556084512964,0.0,0.9829484302261493,5.486711168111584,55.95688878335563,1.0001440330716846,13.063366566668568,59.02395815672055,0.9754634711242272,10.126914287879572,58.25679679307422,1.0115705602344678,13.749105731092072,56.62925476773951,0.9890383626499479,7.636233432367069,57.43536060103298,1.0281142705728605,9.683066480839075,54.250166428824926
683,50.01917347052221,39.1923556498562,1.5269653376759527,0.0,0.9943822626888033,7.001088863764603,56.95558332386758,1.0041210995742063,11.334210851321734,57.345032564565045,0.9970405521989759,9.154423285865752,54.87205480594198,1.0164815054283773,10.245983601811044,60.66990120648651,0.9907180562856769,9.750109871749515,55.23789725962675,0.9988517145167192,13.45336907950114,55.10745804979764
684,50.02969016410879,24.69917344169625,0.24410014267623636,0.0,1.0196643156318481,12.590738759656054,57.35233261738017,1.0205368893245168,11.367545990091124,55.298674143941646,0.979400433924326,4.928023590056408,59.00574207395538,1.0196674146339553,10.726960721917406,54.738445415658234,0.9950774736018551,12.78871783186345,59.99214182275572,1.0356532067441453,8.94548738757685,59.27008253995728
685,50.02691700735623,27.667451951950902,1.0302327929387438,0.0,0.9988136755980784,10.966902296022115,54.61699687438313,0.9902837306886811,9.603879124382887,58.06163528974315,0.9944033282184994,7.274215812867585,58.794912277692504,0.9573491591684073,7.189737081796347,55.92168586643712,1.0232555235407121,6.676447971714419,59.79398026882222,1.0165924669635908,8.064316321245832,56.06002107125768
686,50.030351604069786,34.95385370526218,0.34798934875460086,0.0,0.9652625341048916,9.268810144129242,55.66622678399857,1.002846858491374,9.077018213643617,57.23721292428874,1.0066922006750538,9.015560987673616,58.02655124404911,1.0038732557819423,10.637567172608922,60.86694115557553,0.9712267149419757,12.217401025914,57.916498326279836,0.9738965875548906,13.90549530044402,58.37378699501216
687,50.0375644547157,21.132871663456267,0.3830633082654835,0.0,0.9910802883180244,12.693220959908322,58.74288003889997,1.018639808335784,9.986923605426352,57.86444744721,0.9969507906342986,11.72832018536979,58.64467609901522,0.9925042555975969,10.619083661357312,58.19770087113804,1.003206425883269,15.074354015698122,57.19222223556302,1.0146702100891918,9.1782257874282,58.03762918551562
688,50.024538548209875,28.2383971547493,1.0109484380723033,0.0,1.0221553909875953,10.60182443231938,58.02336835091983,1.0072846093641068,11.467289800121602,53.99834263323371,1.0288648758114136,10.556688645828684,54.99324500570929,0.9773769652191923,10.625244354538884,57.4654131765194,0.999003269707193,10.773967172027536,54.562266678290236,1.0433881323839815,7.600519396563101,57.10016323434083
689,50.030875734304914,37.37634756751206,1.9611524150177964,0.0,1.014742686061756,9.096197477799633,57.18765851195319,0.9896389661106639,11.840534515004283,54.52866145701863,1.0139539782258193,12.30981441016168,55.94786285453275,0.9983538374436502,11.278199366422383,60.898283230152444,0.9890294754739289,8.561594210631014,55.506563338404206,1.0057863591303895,10.94115238594805,56.4140793731666
690,50.037090932893385,37.84645751802472,1.6054775356834614,0.0,1.0283390240789634,11.973117137881351,57.870197808489046,0.9844153248274876,11.07911261815847,57.2669395216007,1.0085787168782427,10.594308789003767,55.39666709054212,0.9928718330327783,8.259573721780075,56.98414745468198,1.0296189258333814,7.499683060690813,56.35962654910834,1.0155463549288999,9.645090358672167,56.71645661993661
691,50.024003627643054,20.515180786761228,1.9272443887712338,0.0,1.002736123845409,11.07611743742741,57.37126332291709,0.9876803302602727,9.367677699013113,59.40929680404311,1.027956341734353,8.983558286721667,58.78159411028218,1.004329669456046,10.742353880807029,59.04761196751772,1.0024710039287872,13.382049993332277,58.99474992262391,0.983073581155915,13.030637998438864,57.78131758075938
692,50.01630366770122,23.998015682777588,1.7770962673280284,0.0,0.9857371733148557,6.82788643504165,58.622264082915954,1.0207520507543564,8.251536327411532,58.377138924015696,0.9885538425460261,8.137784828224744,58.81942119299373,1.0069297318081372,12.026564205731814,59.205147981359005,1.0120623060697624,10.917111148084071,58.26446551655593,1.010999043145324,14.310646805634084,55.99575305221561
693,50.0318185131006,30.251037718485513,1.0873048598226571,0.0,0.9891926116790384,12.442553286915082,54.29279185458743,1.044824810593563,7.325973250973281,54.18392292384698,1.0581804135853015,10.68292225094127,58.03351916549269,1.0136969451021798,12.18765854388413,58.96017910137585,1.0164346142865686,8.437445442946522,60.80650418157942,0.956736050727795,11.387904280826685,53.44606394460025
694,50.03080012537977,22.988439720069984,1.6305684751792757,0.0,1.012855898587214,5.7959945893424605,61.67768190002509,1.0046781638567455,11.286163811228844,56.605063152021145,0.9933234796071794,10.356243234707607,56.915096965602935,1.061663810941086,9.09412861819812,54.68697093590814,0.9995128967899588,9.897790211631,57.22043354943455,0.9942992496181596,7.954900117904915,53.21255751165383
695,50.03106667086771,24.376578749702265,1.3349839519076576,0.0,1.0170648845093433,12.85201508220917,56.31911922650694,0.9859324183796643,11.41392789658213,56.81784435921392,1.006388518944682,12.99580747887481,60.63908219758843,1.0304308152581394,11.493435919379126,57.20852196868557,0.9571326848605659,7.258866434348633,59.167113112509846,0.9689742026544692,8.840134573888914,55.926178891365275
696,50.02202437445432,31.95626387740536,0.5338877089009977,0.0,0.9885814598075918,10.255548602493139,58.02598868622977,0.9977730267197866,6.415202768961219,53.83066722351357,0.9998586196597984,13.22211669247766,59.84607136377286,0.9959272591027404,12.378280537919789,54.4860532022294,0.9932758289020581,12.406254082900714,56.18653880152524,0.9846051099672016,8.223869963454426,56.22687368876268
697,50.03187808202641,24.755193779018285,1.4399983648939456,0.0,1.0231370905688342,10.873580778566811,56.928732688060535,1.0032577581528717,8.523623426701727,56.761956962073334,1.0096048597387681,12.560482489868548,54.29221309929123,0.9740114581919702,9.115803504159198,55.13831425452054,1.007788799132564,10.735903365198466,56.070408653416756,1.0460105956193193,11.857445504309174,56.78622341372299
698,50.04582771634759,39.08850314192007,0.5128049440015565,0.0,0.9895107996210574,9.559522180618773,57.69704312340043,1.0233242258537476,6.325862807836655,58.048901845721915,0.9693626041820449,10.131685855454773,55.000922629602485,0.9904673606979684,8.658715446055288,58.59832909006354,0.983996435961162,9.224313766847203,53.52766842359179,1.0084079945304307,10.738011967803327,57.39257422035154
699,50.02697313868226,20.796057455510663,0.5124172897276185,0.0,1.0149364340586426,7.667429333367641,56.367754819839604,0.9879993351960134,9.747713130447584,54.68529856172999,1.005737739933366,6.208709488138665,57.74624331490409,1.004268318212088,7.132502519565746,52.73904977462905,0.9908060021961324,11.497988880924677,56.831192652360215,0.960922174699879,15.369037632897246,56.47601721679683
700,50.02374580425965,36.76090166463325,1.2742903403029944,0.0,1.0078194318985525,6.188224974035018,55.81579818324383,0.9946013180534236,8.73968159618908,59.71637100549533,0.99083689578042,10.264791109761624,59.157231789706714,0.9883946710788776,14.727443397321657,59.30053895558573,0.990209658299863,10.285947661599447,57.3410631201438,1.0285179752184281,11.011322315473965,56.93151728596082
701,50.04011037122481,23.84846553371746,1.5965950836301372,0.0,1.0429048675703316,9.004774159501116,60.813312965918165,0.992887582729753,5.012155352714099,57.19729727703665,1.0148186799118677,7.170079053577268,60.99886015342575,1.0111135806133285,13.512355313715931,58.11052277046321,0.9911942538389047,9.294585149187393,59.7581595459816,0.9635306569002792,9.948000367569437,57.69609181463856
702,50.038066036015486,35.020765044994576,1.7005062736987222,0.0,1.0373102632418663,7.098790637507939,58.632025879871264,1.0025894258468393,9.367025280134515,57.044594290297134,1.0054974560084877,11.872599477460025,62.52836880694716,0.9916878407424937,9.738726380827774,54.70026901048563,1.005015189625186,8.572215046108553,56.92101544880281,0.9832075180566325,9.485949822161853,53.630377887514165
703,50.0382986655131,20.079002679140252,0.2122732721159002,0.0,1.0065084373898476,10.292714842343702,57.04616030919646,0.9708125657876218,8.277204396599089,54.975260412158725,1.0038964461843218,8.278807230423775,56.256999905885394,1.0035219207711055,9.73478614630719,58.95232042312225,0.9719746804249386,15.922095475283442,55.41940820197179,0.9977008272853769,9.586935480103017,57.419810147762604
704,50.02838716023278,21.48205282139397,1.801567927345497,0.0,1.0185883647224896,12.250746735614147,58.98072193519302,1.0149961050210063,7.2355496343097965,56.11248100593365,1.0120672923898375,11.183347160750372,57.24251141090914,0.9764798648877443,9.86278653943877,59.28634345493564,0.9950732500289651,8.707640899502643,56.634225376692726,0.9740031623547025,8.574503699910613,56.53817450089874
705,50.03058102800872,36.54460381186142,1.0568974367259505,0.0,1.0266290714319435,9.926932344253887,53.98743362148297,1.004495423963601,12.080005015361946,54.20366204172516,1.0359526047770053,7.587814255935683,58.94351395874493,0.9952040449652935,8.27373745845581,54.156800945049255,0.995973452089845,12.783806407083185,59.969287605574515,1.0326659520290076,8.624618288186463,60.21116266345849
706,50.040759563974326,27.85627758610798,1.7285169270373784,0.0,0.9964507931965103,15.176506241229468,58.94555176624039,0.9883846046002088,11.464157475190671,55.4239892163769,0.9967665178437108,7.056593935669492,56.84861738746639,1.0095524106395064,6.628672164554015,58.432652166075755,1.0642778282057233,10.623121292804392,55.22276749725395,1.0063279904817546,9.792129775042813,57.071775886574635
707,50.03259948932738,36.50725518357925,0.5277117718944939,0.0,1.0218731158173764,7.626796740063419,56.86786511390885,0.9876853305631695,8.602858684100841,56.63915021490584,1.035774611551788,11.351805420282066,55.133707812414514,1.0122737823578027,8.278838642695742,59.03807541778627,0.9695135634757475,11.50108441605286,58.09664391179926,0.991604275860218,11.575168721090991,56.013481385702455
708,50.04057454400599,34.24553676566259,0.7510241407830065,0.0,1.0188840159020025,9.992063617043232,56.780132664226244,1.005092307362122,11.40663957897999,57.203226334499554,0.9883613171532362,9.734278715021107,55.745194586597556,1.031834625022806,11.705470008118706,57.05258602805066,0.9798873675738177,10.70668128862116,54.64921186440935,0.9992490432672682,9.685423448399362,55.834257855164395
709,50.031081163965595,35.121380478805584,1.5147069803798483,0.0,0.9936200237970685,10.181266092327641,57.51987682891895,1.034968040831838,13.399565353339877,54.57052384652358,1.025939065012033,8.350595391357395,58.7592199158203,1.0085010987035308,9.838240178316404,56.44925519552189,1.006617950690996,8.231267279613714,58.61544683912871,1.0233828791624604,7.866422730926031,55.71834249247473
710,50.02582590911342,24.182432446624595,1.4240202953098415,0.0,0.9872251610083347,10.850409032510234,57.09620359839235,0.9871176328782194,8.957178249644778,60.21287581944464,1.017361262174986,13.25219647971618,56.55550581488328,0.9803170686450049,14.154255065101783,58.93077321368277,1.0049488076935658,9.622974729831112,56.56914574287393,0.971128709030974,11.197865466581574,60.50131099437331
711,50.04118099557514,20.855704111264817,1.161524300370484,0.0,1.045709972163351,10.868156040884326,55.36524710509701,1.0182518743701203,7.025766100477725,54.304742942261115,0.9816796690767886,10.828593831509323,54.46975509993279,0.9841242298162535,8.074554620093748,56.79914348024474,1.0015831901311674,10.103294005584951,57.29740318731322,0.9870474010081102,13.061825590764496,57.13037538735794
712,50.04716373469418,36.773889461863476,0.9400799046421042,0.0,1.0046246914681372,15.3162864301333,59.16258784719888,0.984562257556586,9.465010449580433,58.84391786684325,1.0234618098672028,10.459520128109649,57.154326695697634,1.013101034454276,8.800773068012994,58.15463460524624,0.9799971196919782,10.37757347105239,59.1041337016721,1.0039429656572378,9.518160809712352,54.31209665165546
713,50.04955582677215,36.230235600163866,1.5763434547535529,0.0,0.9558640194368226,10.730604926680767,58.72173280095473,1.0256688524156,11.204467735422703,58.433794400498,0.976496589826151,11.05005995884059,53.515655173821074,1.0191587349327722,10.726334041523385,54.51570609627503,1.009964536960124,8.105141689898643,55.15789624716629,0.9824639229005587,6.105427683033551,58.30274851857376
714,50.03166177512555,39.67519614724213,1.4418744859243307,0.0,0.9660874754741207,15.129369032382247,57.48474196299478,1.0154495645442196,8.566242508616225,56.58557906197151,1.0055430702935433,8.61562959290128,57.45994322586542,0.9714109597078089,11.979517451331334,55.15546871234224,0.9830561763834429,9.44684095019727,56.715022795791526,0.9960000298552405,12.217395996875302,58.57896089231551
715,50.04899645105022,22.977594200657435,0.6214396024959254,0.0,0.9613751541235637,8.44805100563317,57.704177575654626,0.9673022467978468,11.846572553253488,60.36875574468769,0.9908350426735576,14.265153965488677,56.1631982324202,0.990426687619069,13.471135224465506,55.335055924618956,0.9815257557787249,14.225756259908088,56.55268508381196,0.9579522475844992,12.690265200309241,57.60217538582948
716,50.04928195061941,38.48959535264782,0.633845223595106,0.0,1.005406689779457,10.95747241060521,55.88084520952329,1.0091741850188904,9.90636066949207,57.13689168143108,0.9929793295111692,7.696823445866663,56.70593299925059,0.976722677318938,9.21668449470461,58.005720230272075,1.0134089734433667,8.214446957872806,59.03949544291114,0.9952152754026504,9.509926653097445,58.56302009246489
717,50.03023906467157,34.17515509396588,1.628926368234996,0.0,1.03528070739485,10.154038842816243,58.46671960088629,1.0108050481205675,9.630528586078709,55.1055328968139,0.9655337409174124,10.304616069258769,58.027316362664344,0.9883163311539461,6.067418045354058,56.99616195865605,1.0076786996783529,9.385119086550558,54.088192843434214,0.996436034405762,9.373125867177148,56.891696840584366
718,50.03716141750561,29.75055018079302,0.6103650733602997,0.0,0.9935157807795333,4.995764079323959,57.66448974095636,1.004564116274925,13.480366413425408,56.49482759448833,0.9922906908427158,10.928482297694345,58.784598493734215,0.9949547808506437,10.34734701257769,55.31885970955204,1.026203784623533,11.582043769792255,54.12057178804437,0.9600192589837943,9.102172496809345,55.75108220884512
719,50.03102030379778,30.21826031552994,1.6935091439717984,0.0,1.0029091724945873,10.995406918626808,57.624243081572665,0.9952538543916017,10.604642723598065,57.40850644413366,1.007134284869332,9.95578587616127,55.955773591519176,0.9974044535889438,10.37788400062136,55.308486483955924,0.9705558374406048,7.070985376853931,59.03339851298813,1.0196774252168925,8.704448959489518,57.79287147814577
720,50.02815113274077,21.252634997864895,0.38469858247332867,0.0,1.0050580216460065,8.232145803768141,56.040764458022466,1.0068469136343519,8.592888836085429,59.55901349383827,1.0127135727084773,11.98430594965301,56.038402718288445,1.023317591412899,11.096688608681246,55.37239246033672,1.0074347518111795,9.184955739650729,54.96782462140391,1.0114918491884932,8.519479006711089,56.45304132044206
721,50.03988482451205,27.227057123122336,0.5146264263976079,0.0,0.9933856189271351,8.454225731549878,55.12939306203677,1.0150781311809849,8.206041540179493,57.0729683848095,0.9985423959210132,7.247654668815279,59.91607187101212,0.9703368626643757,11.867903226315576,56.08114525225121,0.9962767502375489,11.43232253365159,57.615853170006936,0.9998157208704914,7.032614371273374,55.99000928966977
722,50.0274507069126,29.414908659063826,1.1910837641485903,0.0,1.0239709992783468,9.551238169413228,56.244358396135524,1.0126814000313749,10.494607809453193,61.371931817184084,1.033183116966165,10.844818540692462,60.38892253761109,0.996959704245638,11.001841922674839,56.974357851605255,0.9903916551807842,9.148216041403762,55.581371853425495,1.0193229130271813,8.9673385509889,55.99395735584933
723,50.047088765956836,30.56023152005107,1.30195699600488,0.0,1.017303948595539,9.568981281941443,59.882002329551995,0.977275090306337,8.155379561750513,55.518541689228556,1.0144777428833833,10.226022463068974,57.2880710482319,1.0184377452718505,12.534738260252439,56.35130399962238,1.0198826322400458,12.056720655688341,57.908139614172114,1.0383391692244708,7.909130586756744,61.49159557152536
724,50.06328879516322,31.96904976430067,0.1429947272644152,0.0,0.9724298887528171,8.178059944796807,58.1222252080715,1.014358900539336,10.887695384874467,58.47317931656654,1.0049067220244519,10.637322570512554,59.69806318526709,1.0051271368042605,8.484535459287478,57.00815387117755,0.9718433082199387,10.142244659469881,57.85058475393799,0.9547081824424479,8.571698496214363,59.852984000734075
725,50.04446096697972,37.53666218690874,1.9573246644279962,0.0,0.9889318634541236,10.790329659693995,58.462021633280145,0.9981957633205325,10.288557261243337,56.37431150314659,0.9895477005507446,8.286943851569779,56.57714850688374,0.9609494354821976,12.588882546929884,60.390816415646604,0.9765137215433424,10.785347671545495,55.502062507629205,0.9961861945085602,9.934592828104908,58.89337134542093
726,50.032251001848955,37.061769185688426,0.6272628338593709,0.0,1.0130323740199199,10.56204791903308,57.20114858805247,0.9724615136696362,10.798105221556089,57.88404935068145,0.9974558132725825,11.204350064195284,60.53035572078276,0.9968394398923421,9.908034976580545,55.25840729348275,0.9860611172960272,11.719840370699284,60.04447070972413,1.0069132276159902,10.406025884313095,60.54092115397392
727,50.03968933622324,28.514776746248423,0.6942931239868735,0.0,0.9619728781679648,11.71883604726979,58.307624885749995,0.9780009962478778,11.340414096803451,57.58597848478089,1.0194361344471567,8.191042819321643,60.25695662641768,0.9818246991466445,9.616737489361588,59.473856654961295,0.9979325059073032,4.480320166448384,56.33696074583479,1.0303932344813782,9.49944132520584,58.876072248208175
728,50.03763791304031,28.90310841440828,1.6449295841743223,0.0,0.9985185613296409,9.497911632880488,56.7248474431479,0.9848898540801839,13.485684998623157,56.56775363495099,1.0129108287025494,8.679759138856722,57.85828237186978,0.9851665847531748,11.782519612317108,58.742687733789296,0.9636159416698337,9.389983757649617,58.73695394570765,1.0103877276284745,8.895164374538997,53.18109876035908
729,50.05067495869328,31.035553604407163,0.026976842779889987,0.0,1.01257374780943,12.134441934215374,55.879923507358185,0.9970736035940553,9.836856861614518,56.45966925911727,1.0438530258830943,11.954875687940183,57.86033255858333,0.9754385807471888,7.4207750599860685,57.020677067916395,0.9801872095168572,10.6802966960571,54.3051887298777,1.0111913367575125,9.210550402604872,57.685520196537084
730,50.04982083079361,35.06980295447928,1.9651540153179303,0.0,1.0066304443892373,7.120441048209599,58.63528128338464,0.9618438487626434,11.882868811681327,56.258610842761016,1.0113448779597167,8.636479412546198,56.991578497421095,1.0267087947323221,6.787904789773808,60.244010701500045,1.015039627770727,11.740664212672453,56.38406096547865,1.0025553898076227,7.927107980860679,54.85399348695895
731,50.03406652394615,22.024546663293414,1.2312705055665634,0.0,1.0106740339880633,10.786025652412036,59.11488936241425,0.9820773044593097,7.860196380396289,58.07397081872789,1.019579389031826,8.384283422788373,56.71292071417094,0.9873732475490437,12.667019802118425,55.96721123739958,0.9835690676186853,10.666967695759254,56.005157597149896,1.0302548370154596,9.721084026376195,56.93233854710301
732,50.0619170232768,38.2552294962412,1.7489521390265075,0.0,0.9909861734911986,9.271041690610986,57.428124153870876,0.9738186589434307,9.820369591498286,58.996663385758275,1.0041919283197296,10.426891228222212,55.90238206056356,0.988027858444386,11.090001659213252,57.567728247230704,0.9946642899466605,10.876572456671102,56.38004164324326,1.026950734901999,13.357599977767277,56.255473304559374
733,50.04585547577904,23.646357499580855,1.7331568296419242,0.0,1.0059586971891918,9.97813927204103,56.983657623338644,0.9614723879503239,10.707455385040426,59.03383785114825,1.017360307400202,11.288518684853308,57.08361921843418,0.9772273631344308,8.463813792308244,56.443976423793345,0.9844470158744888,10.953981724843269,55.052283227377124,0.986532983340286,10.715709617575216,56.640378815949916
734,50.056923218336955,30.585011417099164,1.78341993010184,0.0,0.9881407551659837,7.62854149463493,54.0702961683881,0.982137699697794,5.547220781062729,56.56740597617181,0.969456160174906,12.585340698143698,58.241896864776116,0.9977636460278111,7.928986669426916,56.8824401652759,0.9891736447057274,10.449410362476051,57.044864475761656,1.0002821952783756,9.795124288190497,57.29873632061278
735,50.0661566894785,28.192277718020502,0.8800927945486015,0.0,1.040893334298003,11.473261418459721,58.63417855662107,1.0075738188716357,8.028503783197658,58.95927339546227,1.025997289689141,9.34748087478824,54.602054673524755,1.0312142389812156,9.155953102789322,55.08737471177351,0.9956690024323053,10.943862675910944,58.794408090922666,1.0217243801896068,6.481433187098659,59.17514364743013
736,50.04247428812446,22.066533941733248,1.5429871128187456,0.0,0.9883912933753528,9.572053687694181,58.42626154961766,0.9878249903142001,9.071877864253354,58.41375054715485,0.9673429930735273,11.572057055867681,59.35733475601502,1.0041319955978558,12.096662836260236,60.43707567680404,0.9951208572643341,8.817376817512612,58.20372896188192,1.0346752784700475,6.102321424705279,56.52705058476917
737,50.0424275558463,31.299307235008936,1.197137143664972,0.0,0.9825589560074626,11.381147876060732,61.8138338646299,0.9894987694815088,7.476581895015581,56.438254081707605,1.0505429965647664,9.875285649107232,60.29002448896558,0.9771642633187776,11.968682829679542,55.72437015071437,0.9677485251588583,8.966073308896625,57.43108235537543,1.0080533915805039,9.93026261892992,58.31881684317005
738,50.04545250463544,35.19450651422419,0.19362932594048554,0.0,0.9740795507201692,11.26962686210096,54.55752313741772,0.9759012936137765,10.065697596604547,59.736602002809796,1.0123469742776965,9.403493185818693,53.84686537690466,1.0011016667426986,11.477396910640804,57.892831674597296,0.9989801534741078,11.390614722837961,57.479234634928076,0.9679415949074919,8.191855300839809,57.02616691322957
739,50.064322244413354,26.56853774098017,1.679864432902353,0.0,1.0045774110888737,9.764105611686166,59.117799424867314,1.0142587536095098,7.636847471411013,60.838938932221886,0.9855285434041492,11.46491862742083,55.736116056967255,1.0139943324000906,13.533030387539277,56.55379597684807,1.0193326384351669,8.500980800641573,59.433989951308845,1.0283364690789338,9.354416259186234,61.69934600503089
740,50.024757991542295,23.35853367905347,0.4997755825474135,0.0,0.9715414702126871,10.806007457165729,56.81240176033613,1.0404887753420267,8.923016874178977,54.264915954770714,1.0168373329152767,12.664071307859095,56.81942036444495,1.0120302625252615,12.079227400707602,56.26372767500782,1.0219127359690543,13.034187932527196,56.746655783544774,0.9933052677143221,11.397269912475492,57.57165447102073
741,50.063423954878154,26.403568595983486,0.8076888899421433,0.0,1.010216433125012,9.200623659121288,54.69416170180639,1.0091359848185772,9.960644712067717,54.16282699269547,1.0043968263862735,8.11849982656826,55.47713046569187,1.01950516876998,11.836533607424629,54.80357479338639,1.0103721293591454,9.622362288432095,52.97790272153216,0.986826948566951,7.773674666609893,57.45342065592095
742,50.04151257557796,28.291383836363426,0.7048529768053449,0.0,1.0099172346970118,7.712238515954285,55.10536847959823,0.9832943320454176,8.579095078514825,58.25213992148305,0.9973514786291632,10.801287287279761,56.885428163293604,1.0110883278334382,8.195037211285653,57.76378780460653,1.0230700426269532,8.9484214969234,56.81562407540445,0.9895047448724967,9.240134056671694,61.5575608577522
743,50.03287270019159,25.864913277973436,1.2700879670523355,0.0,0.9852387592493366,10.590325907453668,58.42005688364827,1.0026097834787078,10.44175690275177,59.80175307158497,0.9852371242705008,5.558342197479975,58.8421070520358,1.0054485725336215,12.498883617350222,59.87748396076244,0.9982555839712696,9.435186059363792,59.97333095226339,0.9940168683055625,9.470289154550693,58.948731424442784
744,50.04424785812198,21.296248943733826,0.24596775717657637,0.0,0.9830129073238987,11.077003935530149,59.993011807238865,0.9923764943616602,10.233973680875943,55.17422004725773,1.005580006861638,9.041096433801451,59.82054103651853,1.002027025954508,7.960366209517336,56.415615030773004,1.004571721239235,9.551643696802037,55.694638002712104,0.9918712593424696,10.894704963551337,60.30032691081518
745,50.04804404702721,29.955945572235983,0.7969717991085576,0.0,1.014364059748426,13.975218880409498,56.76800241807837,1.0057220423465911,10.825205985514078,58.48103563831042,1.0141556465535546,8.706778778424068,56.863641489638056,0.9917891966266658,9.186529326134156,57.94433520681139,0.989918792108462,10.387538471037887,55.45310555343387,0.994735919213353,11.756285204059692,56.30247244339908
746,50.03484115221686,28.872698273646492,0.17440351596808878,0.0,1.0040837621409797,9.012222149449414,59.1978918403982,0.992070387375922,10.729932161590153,55.766890993420546,1.020837686449107,8.94850103068286,54.927043907838346,1.0138139047228856,8.221413207275079,60.77810780225346,0.9754643247536858,10.671885153594875,57.91408646015043,0.97443069074743,10.157245854438493,61.46669805027303
747,50.04191246981265,37.464218237004914,1.8285338781706515,0.0,1.0064491483811995,10.32416250919074,57.1199137482112,0.9793057189180961,12.008863968760407,53.542534742042875,0.9872888798869648,9.790219326562,55.08250043091131,0.9817946382290159,7.032099145942896,58.37788432019038,1.0029949376193543,8.888499523319348,55.072079893149095,1.0133153495574454,10.017851865069002,56.772917775048626
748,50.03406828589229,33.72006170087491,0.024881601576350665,0.0,0.9811844412953706,10.084207119644063,54.28329946967864,0.9937869942953611,10.15301008529817,59.03604699310337,0.9936175931813829,13.906125595664642,58.72128347708888,1.0193328140232665,9.957387499120838,55.530832229906736,1.0233688503479257,9.822560462235899,54.47873910659256,0.996752003082957,12.03962381329691,56.48096903457313
749,50.05408801194058,39.307582467021916,0.7425195283728807,0.0,1.021491798913093,10.16599576755982,58.60598310775506,1.0083727728551826,9.157589186805524,57.647413262653316,0.9863213111330178,8.901893712392251,57.56605059694561,0.9932813945557566,12.261901948154708,59.69393115696942,0.9960530629202695,9.060126982361222,56.00180274440807,0.9776460559998739,11.960706166157395,55.27664813147846
750,50.04077546983619,39.073254203884076,1.0771965123581868,0.0,0.9975349159616577,7.586842774748295,58.40526013238465,0.9626342006094762,8.400682966738291,53.3573883254237,1.0039589087187875,12.47739434680355,55.23958925588115,1.0326104125056337,9.859412637389658,57.36948071453879,0.9985348202607378,12.79766894611884,59.80671742754786,1.0193435258824066,9.725288472008774,55.53773546296593
751,50.050088402675094,22.382245036453014,0.11271343257028055,0.0,0.9889664094353691,11.69705856703011,57.971911583414354,1.0085300824452959,10.375854030857056,54.93237661699709,0.9828166677679049,6.726263177179476,57.976627186273554,0.9997955475861064,8.694032725965767,57.33377699001493,1.0071612361542697,7.865231252043738,55.76491797836109,1.0013267714223117,8.59921549111701,57.82805389769379
752,50.049199316756585,26.630426744607263,1.261178869989204,0.0,0.9997432128284074,9.662215280440453,58.15616251992617,1.0006364896528435,9.773113387216217,54.993613465101404,0.9848488266805575,7.721635505918378,57.748499218211904,1.0202093203498046,11.284931428526246,57.266944861780466,1.0066762287164661,10.535597591822329,57.50194323638216,1.0175673877629752,7.880550826940287,57.130517753546265
753,50.05251309014369,30.881138358872978,1.605630600365703,0.0,0.9810466692994596,10.864921594498464,54.57462771117865,0.9922446438913729,9.399451271794748,56.96649695631908,0.9764027732513518,9.581201868220589,58.907881507397974,0.9804500267303674,13.126538506800502,58.09990451328949,1.0314633447119588,8.402916302458417,55.495961098644486,0.9536429699207276,8.62611361037065,58.177714538601364
754,50.06000840280122,20.42552974887126,0.29445727407196665,0.0,0.9728162022834952,9.772890482768359,55.7090360345387,1.0071038658350389,14.505839108625407,60.581672216519344,1.0163526764881659,5.3254257468247905,53.967307963305814,1.015410694048833,11.708330402081888,57.69885631745111,0.9701078910083589,10.238959423027103,58.941593092769956,1.0132297342504382,10.892041510383116,59.388383520529956
755,50.05736294743374,35.58822609008306,0.6543411467197231,0.0,0.9880094219234948,7.365352571054984,58.570674199525065,1.0290818666060906,10.216270783455647,57.315127452011346,0.9803621286782893,12.755487238178608,59.37268337161771,1.0095668836294343,9.305257533385621,56.341652305707136,1.0013978867595539,10.541879009765202,61.53691756638916,0.9848891767335093,9.699997810970078,61.34899619866853
756,50.04890633956716,25.175827464550387,1.2297635374869293,0.0,0.9713683825458002,14.648877476402223,57.042006516163184,0.9668238232159926,7.364247856062744,59.116106886088275,1.002811711222288,8.387045661561373,56.22800801324673,0.9667858237634299,8.253520833290152,57.53754767857743,0.9995030647438421,7.85445078398271,61.77360083544922,1.0084402269018904,10.749206148936967,53.94874730730555
757,50.025041945913806,39.11180975490021,0.013997191870267045,0.0,0.9908608472197139,7.74212862627714,55.56522556629489,1.0224201330433622,10.372264895145817,54.2127153029326,0.9830449520791725,9.016287771956701,60.75723183568763,1.0204523342956702,11.19726330040983,56.166673106888595,1.006994224351416,6.584327164244673,58.24711788669793,0.9940599497805718,6.768317889586797,59.814316006528685
758,50.04676121689331,21.7962330284691,0.5449061015761321,0.0,1.032835555223198,10.619188515597648,56.565802527320876,0.9822553657668309,9.220926912731763,56.40529586106429,1.0381322407656868,8.775158931202844,58.042976944751615,0.9915746441075064,7.609727280047423,56.52150083482801,1.0161602897055408,11.338095341304715,54.87375209568844,0.9847226513352083,7.6776581773635035,50.86280461953484
759,50.052098346547375,28.276305748804486,0.15535383646898904,0.0,0.971462797652148,10.601691451610114,57.87168471902774,0.9987818073932871,12.764968069050692,60.40337901495646,0.9943814277019163,14.261549552798494,58.11417306010903,0.9893289852116556,8.194130880442586,56.47520004836772,0.9550161670120905,8.501909401236666,56.59388675489802,1.0008770686376982,16.294963482863288,55.71263906429478
760,50.05142508024664,28.244094538128152,1.8952885368528902,0.0,0.9992606526127334,10.12444219082705,57.45320630506976,1.0293514166893403,12.544526281749496,58.37693569467902,0.9817440698931249,5.618735242743558,56.85020958798204,0.9829365717743256,11.81746052014688,55.75319303578102,0.9701805716367933,11.39587665320121,58.99604778936008,1.0375117413493407,10.013865689794459,56.61692415870679
761,50.04639370050696,33.196249225449215,1.1709648152430558,0.0,0.9753477516498077,9.845357510655344,56.698470364935794,0.9952830043274039,11.557115801470843,57.373207906919454,1.0172539325887302,10.373975503395497,57.04050477877169,1.0364094386852112,12.308495394473454,55.96594397477695,1.0181866751055546,11.158911152290285,58.134083367308854,1.006431378575127,9.448809682160427,59.81787913828151
762,50.03842039071255,25.300720931688232,0.40064504011971436,0.0,1.0072567111176551,11.591792957250542,55.6838402283239,0.934296156127019,6.267821011753331,61.31498540292986,1.00800305849259,10.214046295972125,59.12916216187306,0.9892567595547523,9.113072492265653,59.497189688898,1.0041672546310634,11.04786562380542,56.575886567453054,1.0011141934602803,12.208250535154441,61.757724295255535
763,50.049266191481244,24.117623533741938,1.9405080213184558,0.0,1.005598344814726,8.656228257962901,57.03303641324983,0.9740270730097931,6.645581353625351,58.76561027343675,1.0260820197706046,5.425583967250873,56.13345159407323,0.9789752194172578,10.306598940806957,62.737225621800526,1.0348260148503885,8.287914968676521,57.605283355332226,0.9982476706701114,13.40915469236234,55.97144399661106
764,50.05836348230416,27.7103977061522,0.35769007113403095,0.0,0.9986112791159663,7.740472315429645,55.169682895430384,0.9864564266192265,11.175455441365836,58.54906260477477,1.0119933874240037,7.275438000197886,57.169183037655365,0.9801382216211058,7.177249248180034,55.48464227327105,0.9852857313372347,10.497002760336615,58.92991797272177,1.0102805212585557,5.56150422226899,57.82055725055766
765,50.066629259288206,37.85970923472415,1.8020578682609671,0.0,1.0232242452210398,11.578559128671028,56.95434612627171,0.9803811907914165,7.310752648110817,57.23102362257112,0.9933029647875337,10.203548632425587,59.4861976678963,1.0100672251726508,14.103319302016423,61.356406805101635,1.004494936145529,10.364151008971545,57.93478888439085,1.034385853646321,7.198149058530883,59.50231409161324
766,50.05623553878086,39.94523930438936,1.8077021314077928,0.0,1.0108941689492725,5.559608187288722,56.24443027758157,0.9855003916292188,9.556033401082175,55.62804236205329,1.0245787903020003,14.757846422491466,55.64323750673665,0.9946720631370701,9.13487796168743,57.891477351230854,0.9532362069020311,10.298085763576296,55.82306803568274,0.9836961530366941,7.0834202363536996,58.31336410461594
767,50.042415312193874,39.94065649779247,0.08239024845472809,0.0,0.9875816962245392,12.21929293480764,56.85496634053413,0.984092111828849,9.99760333336545,59.72913414144573,0.9984521811829186,7.846973453981297,59.784052174639754,1.041691053420818,10.875367136367226,57.479612720972504,0.9782673979866728,9.975797153357805,55.50782441378052,1.0086884060115462,7.315931660797953,55.87839492226477
768,50.05059141539086,26.693939701863073,0.20479350077576508,0.0,1.0277958322142016,7.800536904234269,59.830818853550134,1.0356078291239912,9.811781943172138,57.81707995913704,0.9902431870688274,8.899820011443182,57.132727436857344,0.9859869346591371,8.593644377714071,58.32792346397123,1.0208606747811315,14.159829799909572,58.437372253706876,0.9686951613796506,9.534548490921319,63.46181808757615
769,50.05189196844996,23.886285607457395,1.8809281033202858,0.0,1.0238777495757088,9.758717439845267,56.274949931253424,0.9965904525317465,10.861610901748836,57.995895942269286,1.0220768346941074,4.875348880325685,61.8444684536456,1.0097077286853962,10.190831212366597,60.055822630642744,1.038500353196142,7.454419363640445,56.64822729486153,0.9975816330547885,9.479272145873257,59.45724086479783
770,50.052317099232184,23.79721527287383,0.9995615345237099,0.0,0.9881694272418717,10.867831167432037,58.85395992336417,0.9673356702954871,6.825485716569542,55.6332113062182,1.0242507522168707,12.660669638314515,57.60411291889982,1.0058321315531564,10.265396045420003,56.4827602098874,1.0236487631821547,10.936480017699711,59.36089039945561,0.9592630136669135,11.516456601788658,58.894441540079995
771,50.05195218528073,29.545572711285843,0.9426073483433428,0.0,0.9953805003052952,11.343280933745637,59.948087714584226,1.0081248215697245,8.869434976320898,57.1989199902188,1.012589828350456,10.795460366916668,55.80915532629099,1.0100553231554898,7.55788264127734,55.327836489323765,1.0211928450726278,7.806264553729299,57.27696437388413,0.9909020020073508,5.727412789379806,55.85695004762104
772,50.051210499217795,32.68536866195048,0.09451614090492044,0.0,0.9770944233104034,15.503818523049029,54.90660329944577,0.999318715744092,7.670888563118309,58.0578035775487,0.9844909394069563,11.024970884247733,56.52519652052241,1.007258755873988,9.818978035970362,59.25813157754038,1.0215245634505912,9.863920331924819,57.03483770847448,1.0167731847212644,9.81332413761566,61.20015217310938
773,50.04175642355089,39.436761268061844,1.504932155787099,0.0,1.0058897106288696,10.214548086059335,57.59505093974323,1.0171390697978917,8.310214998615798,60.586697000462685,0.9711793207566642,8.106946176600417,58.26131232923677,0.9783548455057124,9.542549761465994,58.86407214077682,1.018178296850361,12.519964982299118,62.145793250453316,1.0065463120565712,9.777822723160764,57.60267149078701
774,50.04157877920905,26.140549782125568,1.0403293823978037,0.0,0.9731607748938252,11.95383937676727,53.08845185304903,0.987260338026007,11.798260493685323,53.76702824999946,0.9850335361146303,10.525744332169836,57.68916026659515,1.0008675079192801,11.171394753903044,55.913139928093976,0.9939020394704764,12.709992916610242,55.82294906130059,0.9906783857730677,11.25056022510235,56.623027896425825
775,50.06277645257032,34.185465773850396,0.178995277744602,0.0,0.9999314825335993,10.007972339143679,59.26746764248882,1.0300496454582424,12.768519052963141,56.35384380432437,0.9959290710850871,11.773572925204032,56.78873797705627,1.007565920496567,5.937970568959781,55.8965511317595,1.0047856069778804,10.251450769737502,56.330898959916595,0.9573090298373856,10.862713910807335,57.419062169875076
776,50.05960534266469,26.585473746501638,1.7737179003411239,0.0,0.955853188021323,8.423956961753618,60.542449132659335,1.0056628463962067,13.098134241133682,57.62891869326295,0.9735444483758278,11.362925372886012,55.00724101811283,1.0237307867818686,11.146796110518395,57.250047886279766,1.0285233456248084,4.735076783009232,59.02262117154573,0.9860396701908172,6.137142425422752,57.94440759479012
777,50.03851217302982,25.541354443613763,1.5317894671573087,0.0,0.9882937511952282,5.615133033571613,57.86460751762594,0.9851676678824466,9.661173498978426,60.59281884058337,0.9898454095646781,14.34828979485534,61.96263403741221,1.0105503016296646,8.04948099278813,59.799193586792555,0.9958648202616205,12.284232389840511,57.65956463819609,1.0053916439843111,6.354167242946735,55.56444086841786
778,50.04167174235245,32.534587576633236,1.6860868901730826,0.0,0.9880354675405403,11.246916018953602,58.19940104651471,0.9628524663267266,11.289315436768174,55.94008885501798,1.0087057400396537,10.708864878408537,60.37299804240295,1.0198309351149317,13.276539136188646,59.16149347441855,0.9937148107572147,9.986526085978028,55.72876677586942,1.0103531660771703,8.910606083211768,58.180703191607094
779,50.042870616672204,38.76572103142905,0.0564951867681589,0.0,0.9670205258792286,11.68396762050152,58.129856586195075,0.976294482003801,10.452970282549243,55.64380689427653,1.0020850664996905,8.907183698458823,54.43377830236682,0.9936642213622167,9.68409787809896,60.029336206181625,1.007493297488125,12.935321395536235,55.15155191285947,0.9994966459887273,10.998522960627396,57.7023783894243
780,50.05416156581692,38.3967099269783,1.086657726356023,0.0,1.0038942090167455,11.044694895971652,57.59320275155432,0.9877651912791984,9.024301491424154,61.647677597527434,0.9857632346697409,9.127377499417765,54.23966874221031,0.9674261454881854,8.158306839305284,60.27183543362938,1.0017514400032095,10.031776607624202,57.27810297712766,1.0444943174702639,11.754442134428231,59.84142182421613
781,50.054916642725196,20.509043071749502,0.07547226299437204,0.0,1.0068202470214367,6.756370675176587,57.872454244665406,1.024413479447534,9.20094375027261,56.55105529487619,1.0036599633336893,7.6918804120547275,55.027372720371815,0.9932872646029671,13.731045861422885,56.36053357393024,0.9839211119837857,13.99318215973459,55.15655883185747,0.9993145853856645,8.347048268391122,57.75063633876545
782,50.03762286676327,39.97820158577214,0.04665403598187101,0.0,1.0103947819981791,9.498997526098673,54.60783463258277,0.9707638326303092,10.125164956527302,58.42189617596079,0.9780311900953209,9.530178492940728,58.79482437653606,0.9756291078077133,10.005317756027587,56.423748673833636,1.0108366705381517,5.5680764653666905,57.785986808371106,0.9976739618087668,8.561791668453907,59.41076123704034
783,50.04463179760829,26.00944835729699,1.0270987361241226,0.0,1.0126698375331706,8.861564566989875,59.79602182615728,0.9913523574138762,9.354325995326068,57.45304464749119,0.9961783693090794,10.67210663304365,59.162590880499806,0.9999206699752408,8.509915409402309,59.121731769937234,0.9753044310219081,9.866525465226287,60.539846547440206,0.9743215273983354,9.103571581479642,59.476758191016565
784,50.05093158918784,27.518165499520645,1.7803473277980018,0.0,0.9935338886020636,6.0552279339955435,60.248909937215856,1.0166260884422484,10.502149105141216,59.835859324440044,0.9725540406326315,6.852889040778349,57.13690098613611,0.9962498560717689,6.632683791698586,58.218999256247535,0.9971226268811176,7.364689212740121,57.71648260441817,0.9799169559005533,5.555900299357411,52.32200299375654
785,50.06448736319553,26.15521353807673,0.05981694890661382,0.0,1.032089932680417,6.765852114808617,58.358952196303775,0.9985288865823381,7.3638173297298835,56.68415395471503,0.9694059712621602,7.111614884980949,55.72901581814126,0.9981437793488942,9.687291620756962,56.328379766427425,0.9634576421120351,10.36116422967965,60.59275832131234,1.0100583978162772,8.740102792731854,57.56971827138727
786,50.04951637770739,25.394516894429,1.1214352326458512,0.0,1.0066882902167664,10.061949347185612,55.22185244315328,1.0168152005352877,9.268284586021203,56.77201205359641,1.018424618417988,9.22233493854818,54.09852836197751,0.999382650808807,8.212210756155423,57.43185236350915,0.9876744217967178,10.89815467732447,56.609061156470595,0.9825420707237984,11.629585053263835,55.68075193056966
787,50.040362985230644,24.099863768086216,1.3616584049355154,0.0,0.9798157212939563,10.411287694336682,55.913075392012004,1.0035498896835175,11.177832614548253,58.764635025776,0.9665917428507455,9.307786767874171,54.71806056617433,1.021128289115735,10.062128365562248,56.723296964695656,1.0386489382077964,9.217565503378461,56.561970679782874,1.0141036636690086,7.864407275271361,61.337201369245996
788,50.04223120217925,24.951120254154226,1.1165677800420901,0.0,0.9642285667419457,11.749589252178005,57.18756642063327,1.0244354254348307,7.951442470772096,59.33848406642008,0.9855143945295798,10.75296400909085,57.597501176315276,1.0032679675452274,11.063481510520477,58.06768448710659,0.9856515601510227,7.455865253324182,57.022630291083864,0.9785187642308172,10.08712138226428,57.46525926429765
789,50.04857060165668,35.65781904075796,0.9559103523592587,0.0,1.0035521972043444,11.875127245889928,60.93901607619663,0.9534650756828167,10.104654012679536,58.772551621183915,0.9943286484100345,9.579514633653172,57.9495708981917,1.0166104003435492,12.85475365047688,60.67048894208276,1.0410529410782996,7.114320211212557,56.25419264384545,1.0252807807932862,9.113457230140266,55.901395552416375
790,50.057832955182434,30.77903243472249,0.30254319642511884,0.0,0.9892157392565646,10.680773366035924,56.220028877514316,0.9881659054457111,13.261341439267877,60.77797531974829,1.0280590819698734,10.096167509901024,55.39550963781048,1.004983647504547,9.39477966750686,57.787580582885106,1.0202787979045955,11.385007451501359,56.77920527709649,0.9842040672801605,9.205654032162162,58.2111895281936
791,50.03963993269089,26.333738293581273,0.2631592238350453,0.0,0.9971505866732365,8.943251736629458,57.363413205325934,1.0148566453488732,10.838714174987313,55.7070478245632,1.0038418907710924,8.846383608515106,62.143269262129046,0.9869149111121727,9.234814093148088,55.722121343461296,0.959340651649125,9.623651431957859,58.44856906547423,1.0288744470709958,9.387702880900695,56.81275792688471
792,50.05985726372223,35.611502629118064,1.713701023596327,0.0,1.0043300730426605,11.347200223344789,57.38245091623368,1.0200870135497093,11.76851261164425,60.92939179231293,1.0211277324968864,10.050863962760195,54.70324299865101,1.048967194898687,10.750596557915564,57.34412454259843,0.9600410655230255,8.82124529171816,60.92249634281683,0.9694128825133802,9.585082753466859,63.25052324996165
793,50.03444918689191,33.340339819387296,1.763333851118083,0.0,0.9888408395421056,11.972766599390713,61.34485297933504,0.9925852608062895,12.188148127847963,59.32341552572471,0.9797088475231668,9.526053747353183,57.73338420232741,0.9934345849903431,9.931265850386488,57.10345672943801,1.0198209667884646,11.207602711700606,55.52657576658482,1.009939940852759,7.714121886898981,55.53258676549026
794,50.06340789663903,28.658272691541633,1.2796737557318079,0.0,0.9899551705268362,8.781349618711404,58.578392344218194,0.9830268167854133,9.522755942885631,57.496860771082886,1.0252172429183053,9.709664675319031,59.19303742424363,1.0025098626087297,11.901500066357684,52.83727133545651,1.0098153638814742,9.470897614158464,56.39112941333139,1.0132600137575722,11.287060713387985,55.713234252156575
795,50.04256305813499,25.98409548760089,1.3710555860368228,0.0,0.9984559974027863,10.828983356498831,59.02677084421403,1.004810747229352,7.469629711665892,58.538811962394604,0.9910659637215047,10.241424628849817,56.432996847592946,1.0204911961075045,7.5447276160717465,59.71261829697983,0.9772300321790002,9.500810977909412,57.98700218005168,1.0080745132995987,9.616871865508497,58.47057796795532
796,50.05831907818852,35.884799390510985,0.0660327415975841,0.0,0.9944845958625456,6.351559197558053,52.13195270445157,1.0076894282390012,9.43043595712759,56.09620180624285,0.9921405217797076,7.07658546487017,61.06943144727483,1.0016064025189024,7.617182074807614,56.1965474434676,1.0235944942583273,9.274586153866109,55.57908934327534,1.0394709380370764,8.78355837195736,57.74647774181148
797,50.06117474545525,26.63193761059221,0.9727825862040747,0.0,1.0185587121011068,8.36265520528713,56.09346794819861,0.9990775288261907,9.102481183468718,55.19233921052808,1.0605173725819008,10.002291511386183,60.38963846299576,1.0072309451549097,11.882546287152813,55.73656742315714,1.0269606921385357,11.689219643302025,60.34176415322784,0.9747829568794233,9.940431380446556,56.88979885771391
798,50.043796555621064,28.40112224661953,1.3395868700899969,0.0,1.0127175451444868,9.43051819665078,58.551216165617156,1.00600849238997,12.527143979693193,52.71997335367255,0.9951948026831152,9.870565964756514,58.18344547961642,0.9657162856515109,10.911313447205556,54.86094666726295,0.9992888291030713,7.201114284617524,56.68523664543461,1.006873443384012,11.265327637145008,55.684142656778015
799,50.047192014983956,25.579500477462016,1.480307595200602,0.0,0.9599797608585939,8.303662143163361,58.36806196876542,1.0036686212937018,9.104040260936596,63.93987663620496,0.9993806950117191,14.624001669707244,59.30886709896309,0.9921136561181525,11.085079321268724,58.58684554440516,1.0284475096055368,8.765535725021751,58.630325708673936,0.9887782056171359,10.789745944319161,58.66704489271149
800,50.03552593913593,32.68348257681137,0.35125472726384777,0.0,1.0263167159481215,10.066326714689497,56.56002410172166,1.003578204926239,8.779694666502587,57.889521153985726,1.0079965767931642,10.962407409652709,55.911195861598394,1.032436853700034,11.851250262177043,58.90357635119517,1.005438172122807,12.334290668115305,58.596968302949115,0.9860977075570545,10.845512867024894,57.65747753011392
801,50.04445280313673,21.415477689825565,1.0904592164955176,0.0,1.01892404887228,8.985814934171522,59.1908362824703,0.9851513723209053,9.470590393356341,60.1939022249253,1.0231243937973336,9.469215394391842,56.797381333751275,1.0004036766654865,9.711641901716934,60.16693338625342,0.979611350415256,6.968306102702991,58.19148832563242,1.0021403257165207,9.233611870424145,61.086140098353304
802,50.0648217438806,36.23139515714324,1.1940326363082694,0.0,1.0221347634160525,9.063963347846551,57.831271149217564,1.0060039027353849,9.828926040773696,60.65793876384316,0.9994558383663253,8.772533001165336,58.352530942145734,1.0257219656228942,11.61693095710688,60.077363623441165,0.9846250006980792,14.995777410696412,57.18210033485718,0.9747659512229593,6.282623659232871,58.84956081318483
803,50.04371288545263,37.072014655781636,1.2679600173333991,0.0,0.9938446824801473,9.97364165194214,58.91837430902461,1.011964165368218,10.223148792941263,59.2271909495615,0.9827467140569475,11.643422455741725,59.385974356224935,1.0321454817694478,10.070693399773484,56.585333521849115,1.0033373936300085,10.907935132715888,55.32982732107322,0.9969566948018875,8.517188038748653,57.463845917491106
804,50.05731486242181,38.140800812066985,0.8707932517554795,0.0,0.9845452619611258,11.26334219038537,61.81058181243575,1.0030059552546173,9.96747881902062,59.68030867944554,1.021569224716098,9.715856531394031,56.753025826210916,0.9953595361893759,8.829407702100442,65.74391557642537,1.0080732789447848,10.63746934406378,58.61300396519862,1.0245598085928183,6.160680899883207,54.16866863936821
805,50.055406558314175,36.179855475284434,0.8305350269136578,0.0,1.0125199614687246,10.548438169558887,58.347668792542365,0.9941463792476224,10.924055390878715,58.01408403263537,0.9952692346222486,10.900361841193002,59.030668934988356,0.9754264080805513,6.800405534046171,55.89302971028666,0.9700383341941953,8.29024452183503,58.97305757854203,0.9913017983617044,9.63909833905231,58.03503513608415
806,50.04510562751573,35.234265140612806,0.7821178372891704,0.0,1.0037084648553398,7.980548921116661,55.928042920487485,0.9735254658314355,9.707689248330698,57.49723864247035,0.9563840688623954,13.535848927353479,60.19440090692406,1.0269927653989521,10.975360761532519,59.24022398890425,1.0083188314240958,8.298112847787092,55.90724197509048,0.9690381137788389,7.56758492925208,55.0403030236525
807,50.05248633582996,24.9469475016012,0.14443481597404872,0.0,0.9991144770530668,7.916761989375766,56.97914674934322,1.011391157121758,6.699344374342966,58.94767939464759,1.0025308941423972,9.144663515178971,57.37082270874548,1.0200543179270518,8.23624463654958,58.127820003310546,1.0018021238164625,7.36626128830711,59.90824058451366,1.0211212271148258,7.857103531029187,56.76920116338865
808,50.057591830978005,31.472669613214695,0.19993136364187492,0.0,1.0014717453659225,10.186230157698638,60.47754905437493,1.0036865684560816,11.607324511172626,55.22927743277982,1.017736451524758,10.706117409388831,58.983439741469475,1.0108227496632791,9.380281970703324,55.63175683097615,1.0127606500274826,11.712267955136571,56.60872151278578,0.9598119924361689,8.238134357216463,59.21825373762944
809,50.0497630143923,24.14023629559628,0.6726724771193844,0.0,0.9966167469423575,11.554464914189895,58.627578343507075,1.0399574244214038,12.314488723435222,54.67097954063804,1.0029950343317635,6.674231184259604,60.884626529652735,1.0171811776405413,7.466276185693376,58.05522637273811,1.0524344123248652,10.371476568241551,58.87329298772927,1.024745004955487,12.17273408693595,57.37638513842654
810,50.05523695031242,33.88517403546953,1.5865622309346699,0.0,1.0150532824081786,7.490600767417911,55.85720245768186,1.0141746245661913,10.947225163704172,58.24982973254679,0.9876518810759148,8.304468619350647,57.854410406752514,1.0050690280333943,10.176431498965453,56.456333536204355,1.0232805079524503,8.354778610718522,54.56826705197035,0.9982888706481308,9.574687062428998,55.77047225449695
811,50.03780556352629,21.138069052112275,1.5875796183857191,0.0,0.9776463682618389,8.687115582822184,59.1513764323391,0.9968048054293956,8.758135938620896,58.59361284191099,1.0300651244655827,11.285570898829732,55.606861384538284,1.0020529785401737,7.996769820721088,56.35622165043939,1.0035863521430097,10.463239707178525,58.300457348013865,0.9813441256666584,11.432582890380235,58.65093834138309
812,50.05250969635694,28.947696452200578,1.7362381032522842,0.0,0.9852198496276572,10.294594183510481,61.58950052159252,1.0124542718856475,7.347563202820917,55.612118067591894,0.9604104321754298,5.4748113119868105,57.16268924649081,0.9667001677025489,11.13745196633419,60.047627167985645,1.0182466468983604,9.389339266848873,59.639597043628456,0.9952393932514123,9.948984211660258,58.22586436665093
813,50.06803967876672,38.113053279282354,1.617961481347627,0.0,0.988509147636809,7.359588646526315,58.269601295969025,1.0186134908755855,10.530112162431763,57.531204622237105,0.9655707158874505,11.59281287034336,56.212635904702786,0.9721151393451145,9.902451872784425,57.57189069280916,1.0105524081028687,8.436670896659855,60.675082202045516,0.9751905636025793,11.202326613295252,62.50040991018374
814,50.05302320248993,33.392749099335205,1.3461598462451625,0.0,1.008277158099009,8.464615297620233,57.088263069304325,0.9742816752171266,7.659401974801509,58.02038852408344,1.009137458220187,8.085334171498177,57.62152361171554,0.9796385691007116,12.041154330910267,58.193511791201985,1.01958070914042,10.159807729654023,58.70455417365796,0.9665223641958711,8.183107246520997,59.27054004225911
815,50.04806441852047,36.46105879336919,1.0847364251587688,0.0,0.9991787664235157,8.623141026115311,58.23641572966277,1.013507452659252,8.96226222041436,56.13137700263946,1.01153628078919,11.320348592412852,58.2778579592567,1.014776733477377,9.19800515407533,62.1704438383491,1.0171965727147454,11.719109525440919,57.75558156589792,0.9949364169999226,9.626933577091423,58.02688029071893
816,50.04234101899681,20.21586115900187,0.49587792749222626,0.0,1.0141087468811614,9.564441894006055,55.766390401438365,1.0304085429624916,11.068879530540084,61.47141589485712,1.025077028311965,12.439737175834956,57.038540948087395,1.007773016653854,10.486562140338167,58.77713432133396,1.0486111222409156,9.493957159400617,58.63471470902481,1.02989510707344,11.769309253795873,58.29812341196316
817,50.05734646497932,36.22063175651937,0.4663955645400357,0.0,1.025525018793351,10.485157577048742,54.392896963521366,1.0435256816680238,10.059992235756546,55.01701479619804,1.0225134842966852,12.30923054124763,59.56925390516711,1.0084777998769234,11.131795139786291,57.492689793020666,0.948635966748165,7.538381791824069,57.95252732223782,1.0271049709575684,13.486720535429924,55.73186071855598
818,50.05301242162688,22.769348118751424,1.8920275222142144,0.0,0.9580811274740182,10.217734747210756,59.64392887341548,0.9670924849767307,9.953027444417813,56.20518669767338,1.023089240405268,7.990599824193178,60.23200804156359,1.0086448840979227,11.75472656814421,58.48656754395417,1.0399899135683786,12.45798453016614,59.54051180443796,1.0220476031805,8.19102006212577,59.40973104535744
819,50.07138507590593,33.76686642667477,0.6175202786950997,0.0,1.0146836233575562,10.104108193908829,59.90826099741137,0.9714494084953738,7.630114958814511,63.32452906520639,1.0045527744034952,6.941983626560747,58.2869501543392,0.9696884022411242,8.118225628222183,57.161663527271074,0.9945642216579171,14.03882966790744,60.51506470290713,1.013614955283951,12.7786020174915,54.538400120882
820,50.050031494429255,33.474365886986284,1.2100062455208112,0.0,1.0223912081232371,9.957733080236515,58.06927994528966,1.019402612219558,9.524728316173826,62.142244002955756,0.9951131881096273,11.674458381892155,56.52417423264795,0.9845292122609778,11.733090834038663,60.07564356450408,0.98961807442791,8.174615222709201,57.70120233794217,1.0105915254430773,9.86371761704192,55.90923828380725
821,50.05258321739551,37.10209071724873,0.14658655784671604,0.0,0.9836732906405071,8.571601602688329,60.783485619327514,0.9906462991364758,9.5459757703816,54.73260948913881,0.9742695897264305,5.158727824733755,60.41413398939888,0.9913935632513287,11.049839977950182,58.9770709391227,1.009962600502498,10.91086444986907,55.40615006991685,0.9855189496366227,10.90383868528227,56.27794824469806
822,50.05512852404691,36.61490161284178,1.9359014960147847,0.0,1.0180516300348494,10.649160740045353,57.26261522130951,0.9952545991584123,10.243688013103005,59.16766049087024,0.9976168435950208,8.978686514284941,55.900657875058236,0.9900789283187124,13.341525326042245,58.638841187893,0.9866885746640532,11.109893043500373,56.99679686021056,1.0193697206819958,10.813640646022632,57.281470466328564
823,50.051812588948366,38.40530098474322,1.1070655243803873,0.0,0.9669277027719044,11.133794556699147,59.09419195647004,1.0103599783493875,9.001243482798206,60.300105949344776,0.989457363110736,9.686837725387543,57.85278777095995,0.9523931858564586,9.639145067388172,56.1808296269703,1.0005916583421288,11.34126984535787,59.888788400800834,1.0131428371498703,8.081005180374383,60.92946863262892
824,50.05547856929271,32.18854554441161,0.4898106877543058,0.0,0.9992884563580285,12.999726846757074,57.386311795596136,0.988871168365195,8.08481220688496,52.24488737387607,0.9871160783988322,11.77039092915634,59.81499965232362,1.0059433536273685,8.357121442753876,59.22497792184497,1.033310420327742,7.6338393068211925,59.958663733067716,1.0075526044441245,7.803871285274106,60.55966010002324
825,50.043504297377304,38.92377010793928,0.6946123279065266,0.0,1.035423660467121,13.413170340336803,54.33030999268389,0.991138030985828,10.089637503596569,58.8881418861945,1.0056184185983117,8.178725998393489,59.57766696848291,0.9983118963056093,11.072266421159712,58.88056034593707,1.001109758009237,7.381459435050288,61.38966998117689,1.0176336431430544,14.347936853111168,57.76333913234671
826,50.02367177529393,26.640036886055125,1.3190321239024925,0.0,1.0110314493738415,11.668014640429053,60.20928118740801,1.0159459305666327,8.596220131030803,55.800199276165976,1.0052516583858853,4.993927039527805,60.2930088814307,0.9553270366355442,8.501070136686407,58.760995562902075,0.9925203172381784,7.6049882275511855,57.08613754552402,0.9870541244351455,11.34568905040602,59.76579168096291
827,50.04724457549445,34.364959962011014,1.1128493996398006,0.0,1.0084410060422724,8.522729934352043,63.23877645763792,0.9935692525699289,9.63837122580256,58.653775123445776,0.9926584746997886,7.868716494371458,57.15307739441104,1.006382821870917,5.072457778377519,55.6906306516501,0.9919082073569322,10.687709353732343,60.53413987130649,1.0228135535331413,9.806957936868313,60.88390235131812
828,50.066209013231145,25.842932305693076,1.8545161942255062,0.0,1.0044970407533806,11.923777486847342,58.85584618147885,0.9855781001447097,9.056118003490118,58.56511405744396,0.9515307977527997,11.6606608873975,59.56956704897073,0.9738453893935533,9.987004961592788,58.70254989921547,0.9982360177614638,7.714696109363656,59.07130044687675,1.01495658575676,13.783820645022987,56.717002708102434
829,50.0445431410381,33.5172328628374,0.5732011639753798,0.0,1.037081809934176,9.74495936970105,56.87051232420022,1.0065923810584718,6.862283690768167,56.66426591348989,0.9695021437137623,10.325502852897943,58.79223391453513,0.988946361019605,7.302511256044253,58.34043629407987,1.022656171048379,13.537396331382073,57.8271057623106,0.9978566985845172,11.611756223030998,60.06247883076445
830,50.05605078595446,27.407650444762538,0.0414649400825986,0.0,1.0145047424460645,9.03741057276509,56.22671248120135,0.9885274374225989,9.545764647501938,58.572850380431134,0.9957418232952022,8.182310914478485,58.210724629206446,1.0356867207759293,12.734973256392653,58.52496655078418,1.0549864229273795,9.746881730896614,55.304602754380525,1.0019178736090766,11.091315842413035,60.02546271607019
831,50.04134927762449,22.44187616760135,1.99509345682688,0.0,0.9878195005604875,8.728721794951149,56.55243767908196,0.9800098767412541,8.68307084807957,56.79627622181552,0.9675991005503806,13.153595667608835,59.14957345498566,1.0038604041935617,13.984780995468643,56.17508856168176,1.0398701337843013,9.599223345947124,60.235935266783464,1.016129696448521,9.641781176752822,57.55401340874795
832,50.0448003011689,28.638349895567266,0.04979087204195065,0.0,1.0216040210422292,9.89533808381005,58.72348370262651,1.0121346866615188,11.1067843031886,60.036852768304584,0.9651834126475952,10.151168584692774,61.57075129873835,1.0511588086157317,11.647982270933007,55.46546483812199,1.0042136972152989,10.984974993801831,59.25518647074467,0.9937978318121803,9.900993982617495,57.55615611013493
833,50.05747047826763,24.028481850552716,0.21795357966413498,0.0,1.0116163727379972,7.503782797673417,62.05232801914952,1.002431758012167,9.3990506733645,58.00237381604576,1.0066401555891602,8.354950678117245,56.33288034165271,1.000712914641274,8.801037831240471,57.19322383038652,1.0211345335815762,8.489736947241274,59.168528295500245,0.9642271632866832,13.772377483612125,55.42694048318467
834,50.03648495232326,25.48046819657636,0.8944476371463883,0.0,1.020298807965697,9.767545072545312,55.47482225922609,1.0166063805747427,7.617662428720745,63.09439731828204,1.0001605858967166,9.817490532696187,57.71878503272959,0.986932992984516,6.619204476912606,59.49923468328563,0.9905077881255026,10.278645833343353,59.674504346069945,0.992168044139583,11.262191062184257,61.43894694961146
835,50.03750156553994,31.86888244387746,1.5385768987405073,0.0,0.9684013103975102,7.553844080177372,56.44853663101286,0.9703740337848622,12.313938761040598,59.56860155920217,0.9920856549531619,10.90737998942415,57.314335987744556,0.9864823052286138,9.001571448119643,56.70250245179519,1.040466256145956,7.626367136511841,52.90381169981616,1.010589874004048,10.06045508924357,59.27601001973344
836,50.061336153776246,29.137144119906075,0.07498993359773665,0.0,1.013622427827094,12.605915277001543,56.6729671754354,0.9937607309218446,15.12451474091457,57.563361561244974,1.0098437730968264,6.118194819912206,55.374402225803095,1.0147573507624377,10.473288924271765,57.397376091458554,0.9837577125171134,7.169799098886767,59.06291142575738,0.9919055137664948,9.777617007776234,56.86210003695616
837,50.023527758308774,32.58767855375439,0.6619569505252054,0.0,1.0154141484857038,11.679512565075656,55.75756390666782,0.9864459645015214,11.279334786584936,58.22201159503566,1.0215112930302566,8.556137142639415,60.118393416091806,1.0031860883095975,7.007453599333876,58.56885350839305,0.9983622653149706,11.894705378311972,58.599372650496214,1.0071179375086416,11.408837097596399,61.47737038080575
838,50.0515827916291,20.04301994075832,1.5229271876073263,0.0,1.0156236544135113,13.290935917540297,57.632148124731934,1.0231235855533183,7.350023357370825,60.35632817776034,0.9995509160585747,11.994997465992546,58.124602737459846,1.037594412778234,7.4617662709856605,58.4635534105007,1.010013853496947,10.468012108028132,58.53490987644346,1.0151450852827837,11.061927963213673,59.10884637415077
839,50.05491944744423,20.65147550054101,1.0024888444250974,0.0,1.0292237115283402,11.297245170153117,55.56121786317489,1.0077749918653804,11.695887860989039,56.761986302967586,0.9785520012170087,8.995193600976208,56.1739644087527,0.9865086923192667,9.492618638993008,58.77668743070343,0.9810847656667779,9.097420282084606,56.25975778261625,0.9778123209172594,10.175137515095225,63.21640568372085
840,50.04154164206361,28.19529979819218,1.186653525820528,0.0,0.961006724439103,7.165649129534545,58.68618156468901,1.0230474810606012,12.343511628918941,58.13209376855317,1.053171009799298,11.140055659578325,57.46887124296504,0.965928390748124,9.18412338599397,60.60756275498788,0.9742857805764977,11.862884154079584,54.67336742691594,1.0525249820544036,9.110291163569565,56.3555177417848
841,50.026968826137065,28.413916735602115,0.6406224223420114,0.0,1.0012089387251473,12.3296333462808,58.780757807085976,0.9870847387813462,8.368340176839851,59.25837011012511,0.9775100337767674,9.574829816067517,59.00444840874225,0.9879655176619896,11.731654751932298,58.17335619539424,1.029059657052271,8.789736525248967,59.94419857935825,1.0435366112153197,11.36012983617537,60.50922392558852
842,50.03673677920439,32.47266434780039,0.9439973637010088,0.0,0.9921605988645522,12.370561468371763,55.72214558488159,1.0094875512626282,7.151414114523505,55.551186808630234,1.0209727180474013,11.297064180835388,55.131233069193335,1.011550000636453,10.48642528040724,58.14841157190997,1.0110409519165937,13.022351654624158,56.67853007232218,0.97696596815854,8.8589765860597,58.92797310484223
843,50.037705334299076,30.54784563649157,0.10651567725115574,0.0,0.9734870570731572,13.126810315339613,59.732121030207,1.019389917810286,8.530712665188956,57.09124058910039,0.9721507291926634,9.05819837072943,58.23862294846889,0.9717205756992184,10.785861220354487,54.69880164419361,0.9883882262414477,10.431761697891583,59.92258114151823,0.9993404043306936,7.639915702590682,58.33192995227736
844,50.04218003896785,35.82013659679619,1.087045962689178,0.0,0.9767489646187505,14.095913448316818,58.46914754974391,0.9736617771782462,5.969255345205003,59.79903739149364,0.9949529898591705,8.286347528221828,56.386634852377,0.9834308416008856,13.144068919085392,54.87693535090086,1.0603143294791184,9.274175122870522,57.65339928992967,0.9981891689249546,11.543476431171424,59.44279635167772
845,50.04300971097134,37.82549412482189,1.8715861990760347,0.0,0.9571178642703289,5.554391549839627,55.93600677470851,0.9637124395154402,10.469745956717203,61.02551027338905,0.9805558991797091,11.309649312364252,60.08072268257071,1.0109213580843501,7.888217119423623,55.51423139828116,0.9695457527336555,9.150988661975893,56.776769642110516,0.9998022886881003,6.653984357506922,58.26595253284881
846,50.05794125962224,31.880153852015162,1.5105403112202391,0.0,0.9949793886785151,11.12685522167524,57.99474082075806,1.0100745283622405,9.041401272487809,55.48217457506467,1.0307703173142124,7.8863846724831745,58.38687361775256,0.9946355104431699,10.069287174999939,53.32306030453702,0.988373154511373,9.903343710925787,61.134005817037945,0.9860749204311321,10.92049296104607,56.513145116167806
847,50.02612797303171,35.85051953683895,1.1519771466771707,0.0,1.008528334229064,10.873068467232773,56.47413619707372,1.0185372011581464,9.489641581626506,57.9541209351454,0.9935571437154207,14.351712617578237,55.073253436694635,1.0141240439056793,11.901765284164027,58.971808274100894,1.0058012958658529,12.791810697920512,57.109355087766595,0.9951775724903121,11.841307112567332,59.27920870962367
848,50.03629616982527,25.283958496950902,1.296225537820879,0.0,1.0271405284759,10.821080941995648,58.33863795793817,0.9972614134536888,7.540528741335558,59.77212500556224,0.9747643809995864,10.409206578014627,60.891696898809435,0.9836573980927235,10.917395188728465,55.12072305112738,0.9944318195276318,13.04156901841364,59.18408677474605,0.9921303726108445,13.180467336911006,59.99325670343548
849,50.0334771756068,20.830270224930977,0.6733871515159346,0.0,0.9699383819396925,5.499291702595617,59.6458497837435,0.9809774264057953,9.755289579591807,58.15689424318799,1.0070225821362957,8.841052006265075,60.94240921177723,0.9832736824978802,7.9377811307535495,56.7349547248508,0.9892534508535775,9.617427428607712,59.687118078177605,0.9897313998589492,9.119249168316918,58.72199639589794
850,50.060568325408575,31.78359273090699,0.5729079070258936,0.0,1.0339578299140533,11.128136895446378,54.66998574114765,1.0011142652337455,9.020799487900241,60.44097159956735,1.0025743783397878,9.057616459329882,56.37899677280018,0.9652792976598995,10.159624139763867,60.249071600218414,0.9975876175206999,11.55879437748445,58.68187187010082,0.982904656156883,8.781694210693523,61.85511420773991
851,50.046500008633764,37.08879420316039,1.9512711954577366,0.0,0.9943043493554526,10.722965738334063,57.14641676097465,0.9860157683054595,11.326639720273198,55.36882112160577,1.0084018593593544,5.691037604977332,60.01277578481976,1.0161739060330683,10.285174678835183,56.91703209040979,0.9914358899317994,12.098130935348562,60.206880095404664,0.9642710724951019,13.864991300776326,56.695733528410024
852,50.0386648202939,23.28323767021522,1.21687726524794,0.0,1.0270990036014909,8.993150346258933,59.754378929381296,1.00375733310883,7.076860944254853,59.31232276314415,0.9962825678013999,7.9310972313701935,59.44589584496633,0.9825070828301778,9.940070400612766,60.212369893749205,0.9858149252460074,11.622628431470133,57.6444199286304,0.9842542574833717,8.976282316620434,58.76791991498652
853,50.03035273477058,32.71715648208293,1.2744819489541024,0.0,1.0320241349290626,7.195149716817494,61.015038565648865,0.9789602261002657,10.97564415938467,58.66625771999929,1.029907112202416,9.442093107024997,58.22208043129829,0.9846034933758363,9.897768158463592,58.17026143776921,0.9848301526361543,8.752573061171747,57.065383178978685,1.0103453448559852,9.471601994135893,59.026984802925924
854,50.04060382776463,38.93116812529941,0.4387615892598733,0.0,0.9902776368071388,11.972461761992554,56.681863007652034,0.9896060990179524,11.421715444986573,56.78167942168477,1.0094916013265434,7.786974693883527,60.706505341209834,0.9918195220382534,10.959029961974082,58.23514434287137,1.0180720322475179,10.945374798327377,57.53255699297902,1.0231682372534279,8.74649672076379,60.38229397345061
855,50.03244174922035,30.847896856376483,0.18830170256526757,0.0,1.0270600841435633,9.360568143294728,58.83768897506983,0.9993786191963957,13.635505870832237,59.06271281180002,0.9700974211260275,9.639673561693742,58.80215575649847,0.971313506205157,8.120120114762443,59.68018305073472,0.9992523949383078,11.107277958982742,59.08975196287221,0.9724352824379469,8.58037281602548,61.28841538346036
856,50.053620021274035,23.519679889315015,0.902508657527834,0.0,1.002792303805275,9.392122068056478,58.798948281733594,1.0336983116019753,10.847532484151026,58.20330971768215,0.986638620533989,8.414874407878699,61.255978909057866,0.9874826238439051,10.395760724296546,60.80886920044345,0.9932882685665146,9.00303397519637,59.99859939428626,0.986662185272576,10.345332080137393,58.643004023647016
857,50.03389850295859,36.163911439070674,1.1509386431384212,0.0,0.978260689781844,10.565261159718407,55.96006425378135,1.0225713062065254,8.109319332992154,60.60860407429612,0.9922956239919059,10.236830710495994,58.731708116046015,1.004384342627214,8.985724207484239,57.74547539249973,0.9888070899390654,12.126815541062749,55.74703740158023,1.00068613734129,10.120853231689072,61.86818992642049
858,50.04588769652475,38.829018542204835,1.515669188418384,0.0,0.9939779735029614,10.952920852463343,58.72258357746512,0.9791595074159937,6.519184549734186,60.69178071475221,0.9887243494536622,8.414713067388313,59.973163919163675,1.0443638775518,10.44457624134739,60.59775590779545,1.0138609744423428,6.9556338649330485,57.693711002018,0.9749493690475461,13.87949884180783,61.19552144246275
859,50.03882851860026,33.645351684326585,0.1973905917364711,0.0,1.0157067658902528,12.782602538803388,58.571687456096555,1.0123509700670692,8.739221987017192,60.33974908084997,0.9853066718316839,10.678739373140187,61.70249737235358,0.9913346202393,11.91613039572493,57.436977472761164,0.9787819750921054,9.309244214085812,57.311903469048076,1.0038082581093468,10.528000308899367,55.72974957974715
860,50.02749310094294,27.43548803951455,1.8286352942280777,0.0,0.9828849253151989,7.114527242348842,58.216870049761134,1.00730141298661,9.155910689694402,59.38273045067218,1.011422637666491,14.398602907494318,59.38423746181115,1.029328451526034,9.018506391960392,58.541582447698985,1.0274206647959827,6.439581779985158,57.46978837969025,1.0079807163923589,12.4012156581592,57.49784449911974
861,50.027137600803144,34.34540932964566,0.23873946501004384,0.0,0.9430962925285564,7.907455998497518,56.01086025169993,0.9757411591004493,11.04253822527107,60.904684188198445,0.9824170202957098,10.276779151706252,58.4057625831553,1.0276307227008907,13.073682707505702,58.96068103816916,0.9645635698533765,10.267262415377745,56.910504816665046,0.9903921932833396,9.404921261449523,59.36251732107937
862,50.06884042243707,21.544545534920655,1.6988868974792815,0.0,0.9816775019173404,9.32512614671642,57.450849645628864,0.9863312071260725,9.00193839870693,57.82437138170813,1.0068019781623125,11.878472043013144,55.683405142575076,1.0120327107154583,8.94289820528697,57.802410805279536,1.0009316774650094,8.113513126734684,55.49693364306402,0.9887337399646641,6.063431628762442,58.20544304314783
863,50.04690107138361,22.895009682993958,1.2201226263366276,0.0,0.9696411354866716,7.626409861564768,57.34483308116849,1.0125741169730391,10.415297483021043,60.26040599500345,0.9876575888988411,9.50940435868337,57.72320008468816,1.0455434726314103,11.604302644444783,55.00044607803661,0.9928205047470638,12.605872287223459,57.950094991382244,1.0142095784848177,14.834925606731382,56.25388234232162
864,50.035894650003286,29.746408990353043,0.30762797999892255,0.0,1.014175413460156,8.657705376122255,60.13576969228282,1.0004686882279188,7.821585040691215,58.11772450869267,0.995862111595002,8.296778286044718,58.566309729688,0.9720566694841497,7.422726087471956,59.95012531125683,1.0098923505018405,9.08231285389039,62.67296027641669,0.9752695289152902,10.012529421158805,61.715779299435724
865,50.032327954701884,28.563247136624874,0.0644629861745516,0.0,1.0063227414113431,11.65670112275511,53.689634749762725,1.0016522801337717,9.963504911055422,58.38009542201273,1.011440464022415,11.56475145414793,56.92947139848569,1.0183813124287662,8.298420655795134,61.10814673569676,1.017469848724485,7.382878252903868,61.00730020072042,1.0335813173431672,6.703259104246964,56.68709855905734
866,50.026788223267474,38.092227688847515,1.5825816699415411,0.0,1.0235779134802687,6.533509146106928,59.342571419949635,1.0172972657129185,10.917704361852355,58.956161478962876,0.9838879360942492,7.135270931090412,58.5365227460459,0.9864033826140237,8.503220234250989,58.73979834913592,0.9999481693225708,9.510728592132924,57.14389330814497,0.9972431227717958,8.037396236427842,56.88138242747691
867,50.038683507912985,25.653946051662228,1.7686673748712207,0.0,1.0209262065172282,11.704134946227317,55.506819266932496,1.0519011052754832,9.287286922745045,55.989408447586754,1.0126803383489376,9.870899285441432,54.14470702612699,0.9765106542394544,5.349620209022813,57.5365428846671,0.9849830175936392,14.237464103304674,56.727800864660246,0.9844491078063254,9.090799695863907,63.57037416642407
868,50.022462741470235,38.12790506511847,0.6602221919587379,0.0,1.0140458375548225,11.043767668965636,62.23615400781416,0.9973056505190715,8.462496092146829,58.58598567157562,1.0165048234493577,11.022394267889382,57.84201951065597,1.0044506852634774,13.246572229943936,57.71713881493238,1.0275239077726863,8.287574876510106,58.863989304125305,1.0154997375398982,10.646348370416796,57.43398322493516
869,50.039330875623584,39.263446518128234,1.2367465738667558,0.0,0.9923007293569082,11.968450359352488,57.78394721374087,0.9953135382489098,11.281596220664941,55.69627527603316,1.0132716833029927,13.23098046027687,60.036245951998744,0.9984576991568296,8.136894406554635,60.46357414712007,0.9925578193704372,11.469428443048034,55.41184306720129,1.0394738319049792,11.61812741524033,60.22448590996883
870,50.033930534254004,27.701184014145724,0.027058598402311063,0.0,1.0040623407884741,10.44825903068347,57.99340710965729,1.0134775174250694,13.462696713571257,60.99191966629539,0.969550701044158,9.769032661049435,58.80731508290934,0.9507358260890977,13.03682534082764,63.301869318202975,0.9748809559162924,7.805787314125952,59.192035045768385,1.0305868924946846,11.696308027585472,60.80570885732347
871,50.0411303128073,38.05322527383674,0.8429479730946345,0.0,0.9480788812495917,7.440099261201026,59.298392719009996,1.0102057190968097,7.33859775633705,56.88324656940256,1.0227900512229453,10.606017599351041,57.374085351227016,1.0223844968931615,7.966688311833989,58.90284986969861,0.9976996415252216,11.378652516799225,58.09793447104483,0.996143408082088,11.134243701793844,63.1139046527655
872,50.03072790080411,25.583553512368347,0.2447601410214144,0.0,0.9690206224241069,13.877463076810375,58.78149391612254,0.9992114428472526,9.559172503292066,59.36676395370982,1.0709569364500553,9.26813926369874,59.3447523679115,1.0264869182803342,11.910281288954538,60.24524183595961,1.0187528563964554,10.943212310593783,57.0622077147059,1.0293554908786657,11.270238071689837,60.708705625814844
873,50.04240888367558,33.79564065931149,0.028695617306050636,0.0,1.0015740908980522,9.397742631085409,61.13159839617854,0.989491201425611,6.945995784312015,57.97324600001142,0.9953481036314782,9.549237810724781,57.82431644453855,0.9999096723953134,7.676463659679369,54.69160551758308,1.0154150530502055,13.687328884609613,56.68469793423427,0.9887455566920458,9.025248541147779,64.14683907384185
874,50.01629418127952,29.24601031782038,0.6385076693253056,0.0,0.9841405486053836,14.32038916467036,57.35147595325585,1.0430033602980702,9.299684972308585,59.34599083535801,1.0097075423099187,9.50202410758261,51.97233861730759,0.9831574812497139,8.830953790915077,60.71011644109675,0.9927843091797273,9.7403032287905,57.749321060719055,1.0074123640554256,10.181518848299081,59.57783549610195
875,50.02749799569638,23.92481096774728,0.5968155655175265,0.0,1.023091704743556,10.584080817686571,59.56534970297763,1.005160113468877,11.282647361395801,59.79537363810714,0.9973823511155366,9.476746363240112,59.71040214978007,1.0164339211396383,8.896425248963627,56.226770769162755,0.9974358862944408,13.515355608395272,60.93170408940236,1.0253475182017644,11.811105400645221,56.40335704363871
876,50.04383790841957,20.59448397938705,1.9284638469820914,0.0,0.9737288620994967,9.6461653037946,57.41750439918721,0.9856708933911089,11.360169149951396,60.37716060811662,0.975840857420026,9.185445312459954,56.71876390654151,1.0256570323133256,11.42534244964597,59.988121751798765,1.0193971527704329,9.852424404206586,59.35638691328124,0.9736727604699666,12.719492288984322,55.929631805127876
877,50.050255238515284,24.00924721478433,0.9804355692300144,0.0,0.9888204107777413,12.314405356735417,60.64759852736357,1.0068333248958798,10.661065799469387,57.97380030303395,0.9846570038687502,9.265690108294706,56.56198063621442,0.9947484787137045,10.893351454878905,56.82519756384424,0.9948199953972813,6.782170873409099,59.29737557298948,0.9859121235210944,10.174900593912758,60.05966037129186
878,50.02103063742573,36.92080757438618,0.022577119019476122,0.0,1.0076874349848104,9.036729153276184,58.602566908970864,1.0289400642356805,10.592259229956667,60.16561524410871,0.9935647096011127,9.551328598323902,61.50869348228602,1.020410723046086,6.28295057897152,54.7744274754576,1.015488245934868,12.480132852500883,60.40559698945395,0.9974042829603565,11.566631528788038,58.863335429614416
879,50.045391333443405,39.51938413595751,0.9115420284359457,0.0,0.9843698031125039,12.311298855534982,59.17908100841118,1.0164072644472992,6.708859810520864,58.91889881870122,1.0255482316678275,8.477505512977967,60.80272708441205,1.0499224188993894,11.190977823078171,53.93926520805187,1.0020312944225995,9.854204908327363,61.93433820412247,0.986308277769678,11.828206135925937,60.15223031888557
880,50.03093330263782,38.489500658968424,0.33719024720964064,0.0,0.9933214570084851,9.994933403485197,61.45704667948582,1.021751248137865,9.460025333531178,59.30651505498401,0.9969476510270954,12.885016999924696,60.26194697766821,1.0190426794208147,7.704807033054124,58.91824818612908,0.9870376429738883,11.806396776181783,60.541669339566425,1.0129333773541465,8.514522720278661,62.23481405477202
881,50.04974932724422,27.2205825754412,0.4290698743782495,0.0,0.9958991539168048,9.750849838698473,62.97797233669785,0.9999030959635477,8.29152875408075,59.09486005072732,0.9896220281482013,7.704121724261999,55.89010192998625,0.9800725128395215,10.85306635783309,64.05617015282768,0.9759866477104602,6.5653607429678065,55.54703544302679,0.9948084616493469,10.367340868282106,57.185683854961546
882,50.02971270187254,28.692299213520336,1.5257798030127057,0.0,0.992026692477198,9.912769308633484,58.92092678517659,0.9854324567171612,10.157179474908478,57.625964216501835,0.9859235018951761,3.113524803475026,62.86228025562352,1.0225082545483621,11.870763285824182,61.05449023667698,0.9844922330226115,8.901417729436258,60.517553311894915,0.9858403460290447,6.503196949412501,62.84901782479184
883,50.02577771856278,21.480445170941017,0.573730016934844,0.0,0.9894759130107372,12.322092482735819,57.77995920328389,0.9636084947053188,11.984831829850055,58.74266832121891,1.0058232438057915,7.974980692851345,59.02158318593584,1.0072778113911673,7.938241948817874,59.86602402250094,1.0119687702444045,12.71158212364908,58.39969896169744,1.0156674035127469,3.785993540363111,58.443356238353594
884,50.02205051179989,23.147936402600447,1.464032783409452,0.0,0.9870798386967001,14.444304162070278,57.76558708750118,1.0118863691112978,6.630025825119359,58.341465757859524,0.9965203301342027,12.099645902880482,57.37390697436513,0.9891345488753432,11.164112161309259,60.32037281395509,1.016081357351909,9.493655389702296,60.053385021335174,1.0321558903574615,10.91261029033424,58.880710814676156
885,50.02871204108806,39.428523239705115,1.7521061424731847,0.0,1.002243981680309,12.996190143033928,60.92795832718927,1.0183643774136448,9.4340252322591,59.470503884886696,0.9727627955745224,13.290765815876041,56.002738493562035,0.97045964631318,10.005666759188232,61.31348869461135,0.9850366959778556,12.761113806850702,61.40000114291931,0.9980763545952663,9.50409208481575,62.15036336248273
886,50.023029062896605,20.01757038388626,0.8420104523720862,0.0,0.997503707432011,8.320444628074743,60.83806138154947,0.9932966721988317,7.4933716236319174,59.28598918004057,1.0344472396344315,11.756899162677845,56.43847749375035,1.0199411295125826,6.113642039991454,59.730057010125535,1.0067390576285684,7.226733499427355,61.73255811375411,1.0227239842800921,9.228330409980435,58.48305775301769
887,50.02705178856592,30.411030290516393,0.34365689470811267,0.0,0.9631983161880628,9.432599438072176,57.119991100802146,1.000360956973064,8.318492352881789,60.36723961256042,0.9953025923542577,9.556886637919385,60.21442251663819,0.9794899867773286,10.838051228920907,60.04300633441218,0.9894720475257507,9.547384050627283,59.812523822881936,0.9679176182110716,11.322215663583782,60.7409286156108
888,50.031394496926396,28.93347093551736,0.465736170120129,0.0,0.9854694868656356,10.473817650142967,58.680352321035514,1.0067020168732186,12.299741949804005,62.240549111518995,1.0031862895324075,12.630699078282596,60.291466368133534,0.9797447258763704,8.167479545029147,59.18104329968588,1.0329629095425032,11.49585305469986,59.47185653882515,1.02672335089619,11.233058194506281,58.372535905104904
889,50.02163049012857,35.56997512826168,1.2008494614731235,0.0,0.9618359766215607,10.964475727765835,62.083026074121165,0.9986962468152941,8.919404330919997,56.6667988567515,0.9995997752330216,9.559021618947714,56.35448866568078,1.0117440138311673,11.361623744384021,63.41390031681638,1.017598234992244,9.818234793485315,58.69969801520034,1.0035930972280163,9.937759716780429,55.98754444987213
890,50.0213464459785,33.5328670203733,0.4020113091989028,0.0,0.9957321153771105,8.77295620383631,59.73558568903068,0.9986694292945966,8.30043678058407,59.58370005731542,0.997281038460266,9.757170903205322,62.6711817006188,0.9903794344190059,10.152396218071162,58.928820302442084,0.9752066014712782,8.010906661920528,57.64563687301186,0.9945345745812942,7.70587125799638,58.01812577413251
891,50.02466875711377,39.7923648239943,0.47692916569495836,0.0,1.009985080215634,11.594787881508978,61.411856361933644,0.9952298861172482,12.997154452236611,63.91664110287016,0.9723039272433759,10.272440073300972,59.19493131604852,1.0437251985780178,9.438003977269926,59.893299897280585,1.0008596053115875,7.390415370937188,59.99000974875939,0.9857717524870703,7.658050978604873,59.570867172594205
892,50.02861537965474,23.183666239917617,0.4495410631291532,0.0,0.9848654455665352,10.441761163682884,58.54087314441803,1.0303644332093587,10.27414286048884,60.286907553566806,0.9911790661404489,10.919336534739001,56.45137462841303,1.017091601140177,8.924131098998007,56.753602795201004,1.030207436431704,12.35989871302682,58.164565017760964,1.00644591572945,9.259865879895056,59.495344417935215
893,50.030960947106266,36.17693159550093,0.39264192553843524,0.0,1.0076044565001507,10.586778470592959,62.98353986270055,0.9908540627765947,10.026580891761656,58.99874196400107,1.0086281844550533,11.828363907744139,60.19568553304887,0.9899247046590322,9.960480057498048,60.390887469079324,1.0026676199719464,8.442131548287207,60.324465927341315,0.9971067006048375,11.070818108106058,58.11883265719208
894,50.024369294145195,28.324205492243216,1.2375035796442024,0.0,1.000774016167706,9.779091224133689,54.74794428334137,1.0011690079685562,9.937990421426772,62.248178007683116,0.9899731959262267,12.183751977569115,61.02504500652468,1.0101649890336863,12.185052446776979,58.70879776767027,0.9977008930260542,8.981974321420708,59.91432494337419,1.0035634467768082,7.872666095889071,60.86394723712951
895,50.01274782318382,39.0173126159104,1.3045601269968021,0.0,1.000432908208517,9.947116235578598,62.20176787737001,1.0026206769176194,11.261811513554632,58.424891033753696,0.9884150716738475,11.631393649795719,56.24413821438036,1.0009453780769109,13.547421904042988,57.34584003330016,1.0176678557624212,8.695230080731486,59.75380863518373,0.9953597292874732,8.124457258340257,55.73550259566467
896,50.01814448245701,23.95626703919333,1.706783004399881,0.0,0.9880960525411769,9.672554524972298,55.76747042973083,0.9907021415374306,13.421566934671267,56.83045834082914,1.0064310458042094,12.925838031588183,58.53349252044718,1.0315940540329607,9.723380711948394,57.51458658657349,0.9846729169326219,9.76486776937966,55.12158843755977,1.0006794111616082,11.100734446777555,60.469892066935216
897,50.02840676652693,34.15793583463315,0.22453060973299488,0.0,0.9773881889032001,9.444707836129957,60.48991338645177,1.0293967481272497,8.000719402735651,60.94129607544945,1.002670929164006,9.22346918372862,60.02778449664536,0.9631561676333622,13.701329893119745,57.23340287272188,0.9999373565414549,8.431597766625103,60.489145103028214,1.0045605830233075,10.91119871430707,58.092371107570536
898,50.02356867354903,34.03585073323495,1.1635874057405313,0.0,1.0349614257582382,13.298270459328938,54.24961852551731,0.9847120642245503,7.841250000796533,60.80105221096036,1.0104962668053539,9.137056025319136,60.490661894712645,1.0193794689819762,12.590430893951975,57.34146934831723,0.9884494780293455,10.530464616716243,55.921750336977944,1.0140987619929822,9.154690291609299,61.68075379077958
899,50.01602127399369,21.897252589286044,1.8030445821915673,0.0,0.9943199585884964,10.400100841773332,61.354594983140714,0.9856084248409691,10.642810825778373,62.0476363090347,0.9889009739886,8.823026990865241,61.31348351432441,1.0129299021704408,7.108882862439299,61.677026379263225,1.0239064810387586,11.779452458684657,59.404129735024,1.044068391515402,10.777725414206447,56.64964288909967
900,50.015592066059035,34.94260659457325,1.4259054109228646,0.0,0.9635501872805452,8.700376219339473,59.77205406538776,0.9840506772101226,7.241361030413717,58.865388582967114,0.9990159363937631,10.588183024435587,57.146584979605834,1.0170293921313114,9.511496676653683,57.765038099716186,0.9937531954480361,6.2305888168736026,59.18436720526,0.9867539416420618,10.905511169818443,60.7215844280123
901,50.00301943674863,39.54811717685253,0.40567127406789716,0.0,0.9802332612831169,11.200676538992571,55.496849791849385,1.0081491375268492,10.060477670533164,56.48824253471287,0.9924988002948312,9.73776339577902,61.371645328650146,1.0254538373385498,9.918288786771706,57.29287319387846,1.01787338898436,10.00389361727037,57.212973771858614,0.9812544449555763,11.672253775978234,58.003047599761544
902,50.02513970073025,29.390332607955948,1.4896398067343308,0.0,0.9922658265407183,12.755037695630293,58.61551213999845,1.0545047547726036,6.261794646783777,59.4066407130581,1.0139644104213108,9.329692202783175,60.06041159015874,0.9577415016787224,9.789335332563011,63.40986468532212,1.0115815709582527,11.092884008041139,57.347316288252685,0.9836027074227756,9.898908480529304,57.55822036625856
903,50.00925331544837,32.442223006120756,1.7089443878774797,0.0,1.0008969302023722,11.368286657391172,57.56472904495608,0.9954359801747179,11.628510323149682,59.705727031132,1.0133126537247312,12.509129593136805,58.084656596536874,0.9955394094496741,8.231480049223117,60.42613440462028,0.99827256954997,11.941720120350977,58.64897824161703,0.9774958027579139,11.531034712669818,60.02926428409233
904,50.02109791510156,34.901184573651015,1.7830986793964458,0.0,1.0089876483433144,7.777001067415869,63.59164762285711,0.9878965035112083,6.396290958704228,59.95156157414139,0.9772926384505561,10.649802009390108,57.645044927157876,0.9999309118068282,6.980392895837436,56.54458177781967,1.031282827535117,6.888978457755636,60.826014703952204,1.0038118608210036,8.229026411739381,59.08590446502466
905,49.9923499716571,27.07017556624244,0.8738244895805845,0.0,0.9855261306040882,11.596572936677223,56.210301663099365,0.9900986956849978,9.29667594913691,63.80280648618461,1.0011787963698295,10.156883475274437,59.634394685684036,0.9865921935322298,10.355405673119733,60.44391781513723,0.9921567369693947,11.124457063790675,57.22896919160358,1.0167147970679413,10.75207607407703,56.46385633163768
906,50.014758823853946,39.06855053835819,1.329947200051998,0.0,1.0034061880813543,9.124744306818057,57.588030645227605,1.0308661992809405,11.991481848284252,57.37823998661116,1.018526713746968,10.58623390240839,58.11068578133931,1.004886639701781,8.109197165124518,59.34646554574035,1.0077119046259386,8.590752879128523,55.78865343289722,1.0100347096034912,9.574744941640349,59.85015883601329
907,50.01789441585336,38.895095291281024,1.6387428323259654,0.0,1.0102980207368681,8.395906124039747,59.79029783793476,1.0006909917634486,7.056677478318621,61.55282970046092,0.9906742845882404,9.768783464876288,61.08961698904003,0.994822156016665,11.942060289074654,55.1133425837439,0.9776064678877919,9.348321553410008,56.050772332847416,0.998226875653691,12.89892736396985,61.03348774073173
908,50.01608869359858,38.981324342831975,1.2649349820735534,0.0,1.0068428769350735,6.5764415765756645,59.41073314486341,0.9709057042244061,8.09911892413283,58.51085613791362,1.0052840015395508,10.845324847247394,58.05867473168101,0.9960630496639707,11.290964778953134,56.20603800149519,0.9978007676752858,10.587170655048725,58.454874457256615,1.021433639046952,9.011447020147862,57.006788947285195
909,50.00139370038188,35.36222419085529,1.703946949991025,0.0,1.017396458447735,10.031666651352474,56.2386436562691,0.9580162817367275,8.504788902097511,59.28536897694428,1.0031553678979386,12.40345212502768,58.21980676931831,0.9818380295383256,13.961123906261808,59.680690447109946,1.0055425507808433,13.778980145277178,57.26704207270103,0.9790672018722435,7.127441788158741,59.18888365959179
910,50.0153203723391,24.202320143331182,0.30954668188172496,0.0,1.013258530225073,11.774978225115632,58.50058950490164,1.0060589999879155,8.102794536452121,61.18784577050955,1.0058567134584955,7.5367901222080125,60.32371079723043,1.0354721552648716,9.81631572479561,61.323995016625254,1.0033827832668256,10.069699866790193,60.139312596832994,0.9871886505894624,7.34224482026271,59.909666356583614
911,50.012108838619156,20.484950311886138,1.2847852258525687,0.0,1.0317629620609992,8.64355785054705,57.017110124411815,0.9896895084128545,8.840162733032843,60.153087770618946,1.0382012171772328,11.5680708890722,59.58890258432416,0.9778999086294801,9.685902795892877,58.070537753533955,1.005234591478687,9.987974635873396,59.56712405127884,0.9880433293494802,12.684583599028452,57.152507442781975
912,50.01441637147946,35.7538767217486,0.5924573717845021,0.0,0.9937599078694115,8.378332542295318,58.36781747682117,1.0092569955526043,9.426727926928406,56.61164467479126,0.9936315907380407,11.590745932184,59.35262777852469,1.012345411899899,10.109969169188656,57.23227484966061,1.0126543909091124,13.524670983402288,59.200241502831275,0.9516916895728555,12.048918702252495,58.003354644578195
913,50.00687840448315,21.133716059041387,1.8303718811503504,0.0,1.0241320976035941,15.490163511430028,60.75835346482215,1.0318041731264544,7.872692596544937,57.39668427359016,0.9804336379135197,6.480876785537837,59.71021470121929,0.9885751367340245,12.660212033501036,60.12472831942747,0.9922322974912275,9.567220133554775,60.30352608273914,1.0103818059180545,10.416190813786228,56.987378069449846
914,50.015428540350115,22.218778056903016,0.876203728554841,0.0,0.981541803382137,11.478449110206645,61.47665556840482,1.0030532694062346,6.779624175560509,60.953829394257596,0.9948490347100039,8.611259598936728,57.72837810295618,0.9586551229931911,7.800771749785364,59.34966114813147,1.0061245240884553,10.768469906380798,56.77068270986469,0.9834576920538962,13.678681611093975,55.48758409945975
915,50.01760630874502,38.80930980716252,0.24677113818943397,0.0,0.9739074082518299,10.438553947203786,58.78071536457567,0.9936852402278221,8.348730442597974,59.253658140907255,0.9989196794471634,10.812233121688523,60.92966101317673,1.001430193717898,9.727284891851589,63.542338066319076,1.0105174778905044,11.137225312807745,55.35902651985185,0.9847430116624676,8.9763069719329,59.16552339725226
916,50.02267858370411,34.56341461659588,1.893455859322377,0.0,0.9959137720734077,12.44923455772113,61.129262983696705,1.024351172768694,9.798903228961509,58.911675350530196,1.006209795712699,10.57510845766781,59.32892838654928,1.0097945374559387,8.896578245657619,58.69324137235784,1.0172871338124074,7.495995716514162,61.88492444817514,0.985720182550796,8.705981172705801,62.28080763724695
917,50.019689481304624,22.092553985633753,0.3920932189194153,0.0,0.981317084262327,9.488548464859859,57.518773206558805,0.9943406480344459,6.512697122246523,61.0796485579841,1.0020665313455808,11.112015222975607,62.49234131012345,0.9980532829960082,8.908587710616802,55.588827044270076,0.9967936672194516,6.850791262159088,60.25373832526239,0.9978196213484738,8.912597588277459,57.56885445750884
918,50.020311533009135,35.22211445227128,1.3765700107588064,0.0,1.008812040983061,10.589863148819903,58.32437235052671,1.0237958837231207,11.872885947022125,58.67427483068717,0.9870646599946838,12.378229083127284,59.818900267454616,1.013596789546261,11.014370063029926,60.0978976147828,1.0018389696057945,9.348752201636506,60.50460899631058,0.9829176386178168,8.48651946597179,59.60247942530432
919,50.01704812097756,23.549442050118653,0.05394582999077002,0.0,1.0126276595796635,9.289988262790136,56.825570273557936,1.0284658360771863,11.328068568908417,56.97438710244514,0.962335951176773,14.044756791215026,58.02361478835825,0.9848877733972311,6.428825153145191,61.556371153373824,1.0005659667412297,12.151701146459796,59.14237693000611,1.0068546026951042,13.44162954385497,58.96286582419922
920,50.0172667683935,33.71164314056207,0.8928465782823813,0.0,1.0273605714541796,9.330078113054684,60.38727818831589,1.0310821565232502,11.211613384859573,57.04775479336595,1.0073163210746376,10.359313626507523,58.595790290579686,0.9647946775859693,9.323302477248305,59.014681996891284,1.0040017226658036,9.140212823363838,62.54027876281234,1.011669771612246,9.129063624014936,57.317316075796526
921,50.00874167241541,21.631997426155685,1.3953302462150792,0.0,0.9910953541205001,4.585976381427641,58.66103019697572,0.9701390192896505,7.411279782128528,58.99830920403162,0.9820618593824217,11.28980494354049,59.016262466448794,1.0033882618334904,6.738147262296691,59.20594738610278,1.0125846184767862,15.052228306725956,60.538679640425364,0.9695432048383616,9.023500650549623,59.4718720403504
922,50.02271580288737,33.76900588964297,0.13191858400588874,0.0,1.0246871892958196,6.1248014690136205,59.307022896684984,0.9826739481141259,9.657142965770387,60.62817615108183,1.027812609128708,7.53974198014984,61.66807476919572,1.0100180905719192,6.651908496543081,62.0914250659284,1.0180669003497393,10.854058547763545,61.73752416637091,1.0050037477577956,12.265224325154103,60.373049227464705
923,50.03252214672932,30.18575804885491,0.3995831797263176,0.0,0.9865701187160887,11.178516202529373,58.35934554877407,0.9736018672748221,11.069785888549013,62.99077450015708,0.9926107736770191,7.906693494267589,57.01791630908943,0.9946171890349118,7.047264837090916,61.20383030241152,1.029311119973108,9.964605902856976,64.7712684087847,0.9711444985198213,7.649736094085238,60.1568801456117
924,50.01137469178732,29.175618993366736,0.29449466687668235,0.0,1.0259608402278468,8.509887737366874,59.154361799923954,1.035413743843698,16.057257062780003,59.668704169909816,0.9849874732348008,13.421490835396241,60.70616248743663,1.036208012419535,8.10519493001867,59.860770397353036,1.0062260993696064,8.993995895993566,59.79159000719421,0.9814564311725997,11.523479816853028,58.56141848139187
925,49.99376973275792,31.39689188104936,0.7387080970130395,0.0,0.9778947080551748,9.270824513529893,61.8681530554503,0.9862317616481188,8.85442628000036,60.21936184318193,1.0186296021305192,6.534127198850236,59.35537607078445,0.9865470081457064,9.285936438032882,58.700532621726715,1.02841968182502,6.940993913304101,58.40845955730689,1.0296394745363329,12.088992186234625,60.90337823947678
926,50.010849417418925,32.33612333237452,0.5700183819503934,0.0,0.9972551555509996,10.02789014232978,60.82648752536253,1.0116541817313651,10.068575649738026,64.21408784025496,1.0225990158878235,10.955704027265433,59.383003674792235,1.0003738437175118,9.834575987949698,60.94287664838079,0.9829085008525442,10.258998913310387,60.02184120900917,1.0081524647859164,8.035773804145126,60.19143113342206
927,50.00542236371348,20.194484190592842,0.6485379101864965,0.0,1.0215312074294505,14.22207315537891,57.80572448616745,0.9890122437856391,11.179523966991487,60.95423014085065,0.9889629147220029,13.671799861898954,60.371130770384354,0.9914308001239636,10.139466128786943,58.673784034665076,0.9791961829793601,9.92847812783423,58.741864622946295,0.99675972573731,9.834102171540618,58.75235613833989
928,50.020408308928566,36.77237427741224,0.33881341027544876,0.0,1.0127483110568725,14.581990177488212,59.62448059745133,0.9954172359409648,10.817418492248104,56.204148404513994,0.9596861562867557,12.505377568012097,60.0234807773192,1.0235604644871052,10.664171773490278,60.38545008031589,1.0172568094088181,9.412391125728249,58.03769883379349,1.0384017042312224,9.44370483058845,61.97703850209745
929,50.00357719823081,36.68273157623693,1.5883972281699323,0.0,1.0115379783702778,6.4819467454519355,60.254163459742884,1.0006946364433968,12.801866509853832,56.845175542462265,0.9963870835333272,10.004266369790104,64.11735810710624,0.9909337984521912,10.945143518502656,57.240236767237235,1.0321513592648655,11.175481961247964,57.96417556069196,0.9829374911851941,8.7735159629652,59.08158706718691
930,50.01849114076935,24.81199255733731,1.9347274544091293,0.0,0.9998091606556989,8.607845122806305,59.27119879562347,0.9651606466876221,11.387048455155687,56.68133090984181,0.9739482971008243,10.202220458427679,59.9691213707988,0.9885248661234955,8.160115716442252,62.201307106048915,1.0429034801881842,13.057186741650687,62.49432730431203,0.9908016556764829,9.063359802754505,57.7757968987254
931,50.00815949798002,23.33866410539486,1.8009089865246632,0.0,0.9874752745559475,9.424726708621826,60.197068766317784,0.9879304067020206,11.080389136651716,59.54313575187773,1.0165596990816697,9.730117197084931,61.91533690643841,0.9843046163500545,13.014598225897162,58.58547104186259,0.9942831785187642,13.36120590090501,61.706675244193214,1.0071119499672894,11.242603560854677,58.50745103986323
932,49.99525819882177,34.42193431870771,1.5137144239646585,0.0,1.0093778652415053,8.537382063950652,59.707721188212,1.0317229994016643,9.646252856470777,58.49260310350183,0.9654477720750367,10.351412931683564,58.052442816193064,1.0243473891713881,9.495291047556535,58.06067343877337,1.0056256724609873,10.276507049242067,58.037914222888816,0.9833441228943217,9.271723803255108,56.23594655361179
933,50.00524004785739,30.385353016909846,0.740528813227409,0.0,0.9992935703579507,11.603957185778683,56.42257440201364,1.0141273986898016,9.610418292494739,59.34288925633247,1.0103913198442858,13.604934551345474,56.52796272863324,1.0009699398173957,11.450876621110343,55.23173185424182,1.0289655306571321,5.900074516328304,58.92724082569062,1.0056340589951425,12.044609274325945,57.86101029845971
934,50.00461878318133,21.153073694820193,1.1077379159794225,0.0,0.9910821514413516,13.013390750037079,60.783717604530324,1.0221967463765862,10.36797980562333,60.99058666071475,0.9765119150102514,10.83380981965383,58.701168368239486,1.0314009292263624,9.03103893415858,56.34347477086794,0.9882927020949545,11.472567500572044,59.21089587236475,1.0026716433015979,10.818654719285336,58.403101643340236
935,49.984288350143416,29.584415767282515,1.3246096678361956,0.0,0.9759254934355317,10.91054555123128,58.508788960828575,1.0065387157803554,8.284737285486687,57.48155832185835,1.052632710268272,12.73476995075791,61.57906152472859,0.9973303658178115,11.22604872016793,59.33272150605804,1.0328068706373381,10.345014375049015,59.842793580852366,1.0148237206671182,10.751222543546831,60.107717947842495
936,50.00632617462612,34.572410781690095,1.1078203663496748,0.0,0.969303559264252,10.740044901320537,54.187593982839445,1.0111842677700977,8.478193477444181,56.1672296485361,1.0197771850481727,12.888580290907997,57.864298023077396,0.9957540503969387,10.372959148119874,61.34544097218094,0.9632147650631836,10.617048468532895,56.13194948199567,1.0251999230621631,7.547267562553922,59.66579841237284
937,49.98618983691965,35.77230476689071,0.005851513343758885,0.0,0.9928811689184838,13.406433258367798,57.03114374579987,1.0025040902304283,11.749925514484792,59.644670648948185,1.0114212388448975,9.913848242673158,59.413921995414015,1.0086715495995662,14.897153831873855,58.65456791079565,1.0039901416856511,12.294955255659819,59.86744622675097,1.013273041642091,10.373046804263447,58.081148774019134
938,50.01195503795789,37.713742182904966,1.407989435384426,0.0,0.9755213358195123,14.744904217639778,60.66940250119352,1.0037553389853133,8.9003442635643,57.854042589351494,0.9721473260130286,13.022034341465906,59.82008204694224,1.0388261384935502,9.498859598099259,62.149757528245324,0.9993001417234543,10.797139244441286,60.97897261132687,1.0122989999732699,9.36950397965336,57.43362053711906
939,49.99891517767512,39.13599562404554,0.3803627304809165,0.0,1.0134854260174402,13.466317596598214,61.4921495231422,1.0016343895426738,7.773073287123411,60.4923771706853,1.0009832724315901,8.914924561313201,61.374434333599986,0.9925580817281706,10.970256013375435,59.6103754379491,1.0213750753627582,11.771978827533964,59.35276654661911,0.9684617725110005,10.305581938017243,60.47785873994167
940,50.00905196794195,35.41557781052167,1.5712560750930504,0.0,0.9971937506933366,11.360178810941804,63.75891413361192,1.0110173788039236,12.736408671703888,63.303497849831594,1.031512516619941,8.035515702936205,59.40521608737954,0.9900795809701411,12.16078430315758,58.7669029823619,1.0132831996140055,7.091603101082258,56.36016341392655,0.9751462925009483,7.839277078548968,61.10189312401221
941,50.019368572337754,33.86765545500359,1.3400325490092408,0.0,0.9598999992170367,10.26592222741734,56.84530311304304,1.0393266549146025,9.009595777900685,56.31865904950032,1.028039091598276,7.377677882374664,57.95639852619557,0.9685851276999657,12.00668962612165,60.502307371154004,1.0223847357224303,7.892342464526836,60.762725227744305,1.0138759870858431,6.195501029207066,59.365617514581004
942,49.989532648456006,22.37868185049827,0.08396433861873831,0.0,0.9816248669115626,6.599901003488389,63.58318702199064,1.018072396415577,9.25412415335284,55.30277348959848,1.0264527873453115,7.385843262918934,57.64141708994013,1.0097740425849036,11.7755239822505,58.25180155179144,0.9964246347575536,8.85978571242225,55.54882842687725,1.0017897310757966,4.435903725194355,63.25188262847746
943,50.00049772670585,21.479834062220057,0.16657226060997155,0.0,1.020579488970963,11.746986616018742,60.50228505786034,1.012756466716647,11.609695932952711,57.87364943680038,1.0022979266731198,10.213388511322004,59.86383687522809,0.9913501127046536,9.246700171604097,61.3932321582925,0.9531419050491949,12.84991265220516,58.27309773020225,0.9997415978867155,9.667613066715239,57.236881833181
944,50.001335674975465,27.279824754535067,1.4046038824710316,0.0,1.0444162172784266,7.1999783489863916,60.73441578594947,1.050593385456251,6.641780784287963,62.09936097557601,1.0145267120467003,10.827039813837326,60.7543557070363,1.0091271746727488,11.97947643258527,59.8784139886846,0.9947143091081125,10.213608120585622,60.3533196623048,0.9888840008530352,10.825007443125394,56.975982080952996
945,50.00073785921943,27.96695780245505,1.0450749255863758,0.0,1.0101168147030795,12.340384657566512,59.35208368474706,1.0052711293702457,8.410221750167475,57.58073865713026,0.9823691654366202,12.642464656960303,58.31025518948761,0.9582957694533293,7.162892767528367,56.74975952487976,0.9919292338142388,10.447461831912237,60.59212009881071,1.0387108563306942,11.706768278825837,59.92713959088389
946,50.01197541738009,22.89616246056027,0.8667884324480404,0.0,0.9853365158598065,12.126113722643034,57.01471451534632,0.969109779414821,11.72455697432628,57.429755894734136,0.9769359595221062,9.250509534832027,62.15482323462029,0.9739380722037894,9.096771251526423,58.96071887380499,1.0374533226370526,12.93604265737633,57.34235263002117,1.0040000545822754,10.012560702996293,57.118364277090706
947,49.98394768409258,25.704610268155196,0.6372097642636827,0.0,0.9800514304411964,14.246066992241031,61.663645607903135,1.0442700632153061,11.962824212199086,59.36866095401964,0.9714767070325184,11.54138654108495,63.71943746609242,0.9994466422335379,10.4594260202739,60.79744322965039,1.0052396541434312,12.200863762270197,59.845104187157546,1.0253189216206429,13.329562972263897,58.54063961880756
948,49.98401315952297,34.595141820660515,0.4970122084044093,0.0,0.9983208094435698,7.006160151176881,57.343942554835714,0.9487472167269326,10.16625274453161,58.89184536665866,0.9552459769715522,10.098200946780251,57.19283264245427,1.0567262317460542,12.833472515695965,64.08537857726147,0.9635118695587822,11.270336499835162,61.67394387768343,1.0292197605104803,7.350607152405667,62.21673608390881
949,49.97119719154775,28.934565096287514,0.14644481255164177,0.0,1.0321183244261387,6.914243839542725,59.247585881283065,0.982659782860344,6.290365304385726,62.32022370299922,0.9935372082829576,9.829860610064594,59.861669298247506,1.007663476135458,12.52991213249811,61.1834070621204,0.9898436576348689,7.66092977465377,58.202402316078754,1.0077099343986582,7.746972749101863,57.66849851176788
950,49.997829932641075,30.186722839902256,0.18549307842758767,0.0,0.9958371271861098,10.045945813073887,60.30377137744527,0.9985148470091384,11.19747277935157,61.93992241315638,1.0239420438351376,11.625380667750171,58.97554752524286,1.0091264916624278,9.513463104214946,58.354216769048826,1.0085061106975803,12.47109597990263,57.02372039628998,0.9971749171438475,9.047349883966355,59.03798241542274
951,49.983817561967705,33.36523115204642,1.09775740511001,0.0,0.9999354422683941,11.368804932462778,60.96567718994595,1.033583495621187,9.020656886132898,58.853708204828536,1.024282122772012,10.97594086220809,61.79811163305949,0.9602422769922397,9.285917940746605,61.25544919025933,0.9885588546210987,9.706783880400728,59.02814090204526,1.0099948312583675,11.443805291656105,59.526399060540946
952,50.00022538255309,30.604096491333273,1.3157730452602128,0.0,1.0059309385701183,11.240051414629752,61.9973518103076,1.0152063360775254,7.373682806276793,59.462355241970954,1.0269309236419595,7.75770216029846,58.90787931600496,1.0285555583791888,7.968630061884285,58.852137598732774,1.0337090898890458,9.174693661178056,58.29144024158238,0.9965051515101149,6.754876866887068,59.44272727462824
953,49.99165654523691,32.69678502574217,0.8527843832751683,0.0,0.9593589952352239,7.91266990277923,57.68767130526686,0.9697600965155558,9.171648520305164,56.838684779199255,0.9981160036463037,11.249355483353186,59.08226110893724,1.0120457064988502,11.44871164115054,62.069741431058226,0.9872107613278144,10.694201309518506,58.53367489264396,0.9990282837611401,11.256751137293154,60.36248301536226
954,49.978125379394214,27.658889777799438,1.5212748535578091,0.0,1.0304548978435495,10.292552248298671,61.22914665936769,1.0378651044291958,12.65943028862802,59.04890678701828,0.9903566289799196,12.895597522681257,59.14438918850342,1.0033514056209596,12.986584101202446,56.941301160388974,1.013173970274366,5.84198965580794,56.29266253651028,0.9706553608479722,11.519890499704392,57.20353800184005
955,49.979864606948624,39.246620875130105,0.993679440869361,0.0,0.9852350605277279,10.14277351870819,55.71613991002202,0.978728531838404,10.337029074273987,59.311477991832746,0.9440844253477838,7.941753108424915,59.65894013656427,1.0046478082984682,10.800425689365218,53.2379752680974,1.00103261070103,7.644534274624695,60.62382167248428,1.0094786454402616,13.971830245974521,60.96164638692115
956,50.014856614522216,31.785959667020443,0.5904226796605714,0.0,1.013571469514156,13.042167304678038,58.30135122317731,1.0141344248259188,9.664253655143867,60.57694028048252,1.0105950873765839,8.397244891887176,55.494372586588554,1.0182165911980159,11.196193485204144,56.68027011539199,1.0087914654489967,10.06409735157482,60.51185116915556,0.9873375381709767,9.471205428014763,55.42360770315504
957,50.01709030625875,31.701496720643114,1.6092124100300667,0.0,1.0063378028186063,9.30635706226738,57.648028807991494,1.002612248199564,8.439532487903165,58.771446457929486,1.0214308294355867,10.096920301634514,56.31178042815967,1.0072687975231718,6.4062452080841465,60.276770596171495,1.014137884933583,5.877945239494767,59.59116127122887,0.9512655976584655,9.640038487402025,57.382365153587855
958,50.00343701872402,32.96907989543847,1.571987416740235,0.0,1.0052878298728283,9.828556032607597,60.80133519916599,0.995049983567213,14.81498542093746,62.033166662583874,1.0260218224089548,11.693262563635397,60.93137750384034,1.0370453535123707,8.32674510415448,63.851809547329026,1.0075635593098635,12.932179667801806,60.593216878329535,0.990478688747448,9.24512995217339,58.123048342064145
959,49.98083213826961,38.58376846221029,0.9978919058610132,0.0,1.0385846295267949,9.2587545254136,58.545178893100136,0.988694273298819,9.24135288716349,60.0037653067075,0.9959662554605151,8.426296785706821,61.58185659963745,1.0029833908723096,8.512434073930695,57.17945058709742,0.9965397952554111,8.157751046663426,62.97957430738383,0.9842353424236934,13.391552052127864,62.10700145786578
960,49.985460369139446,22.745423599524337,0.05806983233789853,0.0,1.0351349625786193,9.564055359504136,57.18417952094582,1.002949445503682,9.307616150403007,58.15224808350163,1.0086323321499437,7.1092830693766995,60.209930356245835,0.9670654775574925,9.645416084924317,60.04855966234825,0.9798368062216406,5.851546311248383,60.904560426043375,0.988204427597471,11.028163619212412,60.25101260349966
961,49.98849657109298,28.91302313688067,0.24761104183915972,0.0,0.9784331519056764,8.85811229204063,59.603704925940704,1.043767431354448,10.451619435381627,60.74532059269224,0.9961957193230946,9.899393912152705,60.54422406278533,1.0098178698431923,9.364834961573564,58.66745571486397,0.9838750349695969,9.7601537142276,57.133366381540775,1.005248482457461,7.8816459068330555,57.68123463150096
962,49.99076906964182,23.741201961583915,0.2997457348650212,0.0,1.0155344100373704,9.873478299040768,62.8190345802338,0.9849163933413227,10.427211673786093,60.393017469359584,1.01440273990046,10.853295139504983,60.001164491053125,0.9794294192699712,13.53462566114169,55.62102935345657,1.0245353884106498,9.54313894470861,61.76451503224261,1.0000508033501836,8.514646848792797,56.1399447810247
963,50.00079701570721,23.73614036148659,0.41380744999673813,0.0,0.9740178279481048,8.067022084188325,58.75487741534532,1.0293821563497059,10.533297865722178,56.61128780359504,0.9984235528047694,6.225091518583616,62.28135557054735,0.9865296771013918,11.695612081082725,59.57214499699009,0.999232797287901,8.329567972783694,54.435591546722456,0.9796727121727968,11.68518181103976,61.56428027645666
964,49.978860590877076,30.12498673985273,1.9705978962157138,0.0,0.9892624231500374,11.03575107639997,60.142545379772706,0.9815636081505511,11.815201125875266,60.19073717141073,0.9951822969048688,11.77817650263832,60.38521470886678,0.9861603123923101,12.326265514043468,60.431900648592,0.9856289039577969,8.697270291175244,61.404565162569696,0.9674565276369957,10.261422614984284,60.95873086779067
965,50.001496885619126,39.36959055927533,1.9242984022508867,0.0,1.0227348758228574,8.775125214999907,60.60638103391365,0.9958038688897246,9.065252824193903,59.997431501428714,0.9999842743398136,10.656455023432889,58.58462381688852,0.9868503826733591,9.104438265362674,59.48751894661924,0.9638989592838594,9.275077372618039,58.06780266256017,1.0254524267806686,7.642684157312091,63.4827570057698
966,49.98981852390451,27.50018189786417,1.3643476886835937,0.0,0.9768731795503239,8.217431182927706,61.649654015347,1.0142793537636412,10.289279526215507,60.72548662789437,0.9803932746641881,7.622335256862385,59.49135140426954,1.0319903378273336,8.910794133117722,58.69236184941863,0.9964748824248814,9.173969803273135,60.91227907349944,0.9825481235111171,12.644146359215242,56.23135647420826
967,49.98925276369958,22.175266527812077,1.5065288062458675,0.0,1.0147575891317175,9.845755830784714,56.400007513126084,1.0256148962774556,12.805628411208296,58.59613905024208,1.037898250385036,10.458933614446071,61.0355026744901,0.9776559580331045,12.144238776596739,59.66098000856732,0.9839881579260008,9.834152025978963,63.342483995655286,0.9905812611448991,5.638173907577231,57.64111241154102
968,49.99094863940848,29.442414102253906,0.9734838224673348,0.0,1.0083547741084737,11.348350974133382,56.84903186429781,0.9790466175910001,9.359242954358372,59.67986331376649,0.9840827010898244,10.634405735941602,59.12740116648817,1.0027231863626527,15.179270871923585,60.34972201804996,1.0226691630755704,10.746675399594826,58.24068513349864,1.0056975912298272,10.949418980566588,57.405738933655584
969,50.00466343739531,24.68124959930163,0.5385121250940277,0.0,1.0435118829367944,10.115013555858331,60.77727924840058,1.0093714392644906,10.908117589890706,63.58261811945026,1.01082460711373,9.732836213152858,58.93523504163826,1.016125080562842,9.414100442667886,59.2714118406303,1.0015853650926425,7.590804024191572,62.41961790331115,0.9814004065329996,10.565349312043763,59.17904354705973
970,49.99491574638835,29.17733754736966,1.703864805760612,0.0,0.9946075568150459,8.525708080441012,59.21498842811837,1.024229123070678,9.356022964693768,60.960935064001845,0.9944831952992942,9.11070701544147,63.824417884712574,0.991020121569622,10.403774989212558,61.05263385047674,1.0084264307624247,7.354405281036902,62.07984768993663,1.0155098147955497,11.12651322933112,61.02545568958412
971,49.97616307199125,22.331044707930843,0.42018668677925897,0.0,0.9962268175505086,12.452508520348697,59.84892710774887,1.001249092158849,12.696552921961757,59.959141765598964,0.9866316170240141,9.485755697401489,58.31541480058385,0.9896795110478451,9.344142411845763,59.74894468907301,1.0405933706807242,10.67111180073504,59.0253524193317,0.9619333335362565,8.453740872856704,57.180154295396065
972,49.979284876401934,23.09909950828757,1.2784139239496493,0.0,1.0050943930306657,13.963232711047207,60.39617555202418,1.0221295416547111,11.003031761121548,67.56184412648734,1.0025273596893949,9.384578662061136,58.85733654471945,0.9946756718192095,9.832767328088153,59.51233756532442,0.9863845913818297,6.464682608457705,61.2877193752019,0.9918896222151784,10.281303415140863,60.37644495445195
973,49.97867144501633,26.28733657783655,0.9560789218883421,0.0,1.0194771474569153,9.073665713944639,59.957022524511665,1.0019824436591955,9.11808090228263,58.82271387346664,0.9791682841036199,9.346347326711673,60.972370954861965,0.9431812171751411,8.96453166476967,59.81336329890874,0.9859685107876128,9.835117764225814,59.82874768796904,0.9617226966400599,9.958591096951373,60.00161559086749
974,49.99703768422936,21.972443315378626,0.6554135749188823,0.0,0.9842324536860114,10.941421436501765,60.60937288355727,1.020809562514499,7.872781981668546,58.54309927513269,1.013061527261237,8.391128562644045,60.3124054355438,0.9876839052209503,10.859518404147156,61.77467760683263,1.0456524153396207,9.916763969220804,57.86974043250224,1.0206501600905438,9.971373893349146,62.1828756613026
975,49.96513899774641,24.044968991623115,1.6402864524352447,0.0,1.036113609244861,7.550329276368072,57.47801441989312,1.0184709529768508,11.342196623058756,55.612791941358836,1.0054921101426066,9.808929999886061,59.524974135863424,0.9993852022010242,8.074656128615587,58.79513344264016,0.9983480233303301,10.190315027460128,62.02961809046539,1.0124983140599015,10.935575437373023,60.241356674855474
976,49.98865348952912,21.567173810945352,1.2268661609608817,0.0,0.9821443576638417,10.908825432206802,60.58661480077122,1.0202028893858208,9.84181210722066,58.0683114416008,1.0244864307280446,9.263327327076977,60.95858706880717,0.9886444194333678,13.510769108614632,58.82023267435992,1.0066065202223724,10.899916049006212,60.8115343117237,0.9680982410673026,9.847247944964838,59.97004333962713
977,49.98296253042565,35.97634275236309,0.05377223764635053,0.0,1.0056794943891074,10.036588867008073,57.49789833251489,0.9763453469062788,13.23170344499334,61.847839288503664,0.9961633958931738,6.525969218129156,60.02250790333915,1.0031694074935296,11.506873745872875,56.39890696333998,0.9789956608956049,9.243970756567826,57.711482459553,0.9993571228651897,8.68045725387469,64.41407115570898
978,49.97579981648008,26.710118459638178,0.23716158008297117,0.0,0.9974659370919758,12.071000833771892,60.245422464058414,0.9650687018219205,10.849862091712888,56.615643159131395,1.0000291073596206,9.587283412065428,60.33645488231826,0.982356197225307,9.59218511272908,63.852487093967056,0.9784362266512113,7.97504729984224,57.624855872720865,0.9876041165579265,11.14502608230105,55.632222782633676
979,49.991795516444924,28.38312323835391,1.6440373175492835,0.0,0.9742995421225115,8.656546026384481,58.490541908886584,0.9945063546866936,8.763084862844392,59.29820010409014,1.0171250049799712,5.378556662495458,59.672000291730434,0.9962803613434211,9.795249574639337,60.179926385085174,0.9906735469756909,9.67833379888259,62.61846912039165,0.9960813821600002,11.271693003517232,60.493550390304314
980,49.99912076349411,39.68402551155056,1.5661004496021285,0.0,0.9890082131844267,12.033205438572189,57.56877972117586,0.9866720798014577,10.762021134898957,59.59636686688661,1.0260654093150146,10.095068571751137,59.01054059607813,1.0049141912891204,10.135289305282663,61.42820186436329,0.9935948637427984,6.162692160864006,57.324221652381446,0.9900036912245428,12.070216988905305,58.78648811901234
981,49.96667545743531,28.515564958610994,1.072076916168954,0.0,1.0178186328301007,9.145789333222188,58.73305359201184,0.9992555717079792,13.044431701267262,57.64658762364182,0.9722271682742736,9.639837054311725,61.0759240647167,0.9882968156214975,12.207807063112561,61.52929946068909,1.0403511346551675,10.988268929982597,58.74140450534382,0.9951764479847309,9.29139813630397,60.67167254677018
982,50.0014657672164,36.290924141320076,0.49257936757045395,0.0,1.0140156309055692,10.705599122243724,57.50479633292895,0.995429436194115,8.737626704544487,57.092916737251514,0.9969485542372681,9.799591763636899,59.29466249793344,0.9828467724841738,8.956674532155185,58.450988280042374,0.9858324290833157,10.21270383574852,55.879696880529046,0.9760675502355692,8.45480745745113,59.0986163500347
983,49.976908327158384,36.10571148443198,0.6834764580566637,0.0,1.0111114486504298,12.668931564474327,58.07404756340217,0.9913768481128918,9.193089725880657,62.690649892614964,0.9863358797511861,10.220399636410892,60.07024608236136,0.958232689217978,7.058609584056744,61.81768855742716,0.9563441082119302,11.163828404576439,58.67478636095501,1.020416962075788,8.717236352853627,59.01702771830694
984,49.981572233338035,30.9124300383498,0.9506532914199999,0.0,1.0084703551952843,10.876207425007049,62.44682171106661,1.0083235992537936,8.896074704679378,59.28596339092936,0.965552022023159,13.178843988129392,61.45270765157137,1.0369790081620274,9.900687791742989,59.89484157736815,0.9955144363399671,9.519478087719051,62.45754119842434,0.9947873883154293,10.671691499566675,61.59145091805198
985,49.98914454205973,36.12491587345333,0.625649774122429,0.0,0.986578258219011,12.731403263888065,58.68926293483639,1.0209191257753387,12.635596802790126,61.32264191873487,1.0372188866036292,7.575780495418254,58.42271157693901,0.9854804630296762,9.763540036646791,58.43622848114993,1.0300261596273677,10.658845843332479,62.03739859043906,0.9777387850515317,8.612471306518481,58.62574479574223
986,49.98155037092376,23.968626502396887,0.8073488610342454,0.0,0.9771018511217435,9.067730398654742,61.41954906090501,1.0095733720503206,12.215654363205184,58.00457446326225,0.9903151672779771,9.510656119411568,60.75792201954579,0.9944603494565571,12.468729555377768,59.28143906553106,0.9892776502395972,10.936685956877827,61.782957550758894,1.015510157158544,14.38177539376326,56.896100860362196
987,49.98457921306429,21.934876155757998,0.7543151317089241,0.0,1.0203650486423708,8.809807256161013,60.6950591434052,0.9965552297708159,8.5186618403508,59.823757676266546,1.0161730086849274,15.357462395498832,63.55204750301969,1.0045880384916994,11.971059214572682,60.694435334294624,1.003009869500809,8.107632141731964,59.3530754705616,0.9955290679576358,12.711339925518189,60.73629525486477
988,49.979866979956604,22.695573756951624,1.0926299118889002,0.0,1.015182513877248,9.22077141364023,62.97238060468679,1.019363711479478,12.09934672686392,63.337158848203195,1.0173808225791572,15.25582872685272,58.969645289838276,0.9925666636294641,10.57317689666561,59.67395566558897,1.0058419115604922,10.335170429007016,56.34749277527641,1.0202825395706439,8.432973335865077,60.798588361194966
989,49.95590387056149,29.687786302165982,1.1700570132635362,0.0,1.0305572504163707,4.929659609961703,59.4295966056622,1.000450004577649,14.986273470785665,61.20208351117647,0.9952068840059343,8.345914226886391,59.35484019187025,0.9781710063300757,11.006181252605494,60.82785340585883,1.006916924932929,11.37753395636653,61.1643016348141,1.0468709682434503,8.692467153002994,63.94494367271727
990,49.99299153887713,22.05599353332375,1.1174307381298723,0.0,1.0089849977722227,9.72392706246458,61.004600076570235,1.0108193059709447,8.32245474565725,60.59786763238113,1.0236583570359754,11.071773325091568,58.035578722099885,1.01983779288768,11.367251857872962,57.560314870342154,1.0140754082903383,10.071063536747333,58.58244337989341,1.0057545179349316,11.056323172831405,61.82391029184967
991,49.96656302782373,30.507946598328104,0.7137364690647308,0.0,0.9924843417237832,10.118109664667443,57.97992865899755,1.0000050251152883,11.676034283652962,60.80763850248606,0.9978440046539288,5.642663486150797,56.03843461115815,0.9597724841580291,8.08029526819806,58.68538353007298,1.0280957102532642,8.072110090625658,58.679328661559694,1.002816310101565,8.576460037967276,59.29132308093861
992,49.976719902802685,31.467614360476766,0.06341712166484847,0.0,0.9841950496389178,13.27252805030697,60.20045515809946,0.9623654913555093,11.651969965581845,55.80170298892945,1.0086562548964053,10.413036455650117,60.88381932624749,1.0058556385904234,11.633882938480017,58.17697537025183,0.9770867316756296,11.752379127337548,57.111986313422804,1.006982509027265,8.56542242694128,61.920930239209426
993,49.972265402839696,26.234539529085502,1.053252152553627,0.0,1.0200565410395477,9.564215072474406,60.2933007030208,1.004361511883465,12.258145743092948,61.220031997159786,0.9774950970417633,9.470634825818616,62.59370419198842,0.9944106604045869,11.174908244517317,61.427816831808826,1.0096657348494138,12.643561771065288,59.74650573514905,1.0134154150121542,9.943085634522316,62.68429668066174
994,49.986021107120585,38.69326634399854,1.9819655254808588,0.0,1.0174332742409173,8.502376869747312,59.84448924817205,0.9855299893275103,12.056841554372966,57.60281223111622,1.0240447432727038,10.739833368910089,56.47313270241102,0.9713771782624359,12.420971951966873,58.680152516820904,1.0132380759046413,12.345314318452333,61.90948426288751,1.023116392000824,7.044909696881843,60.47299254879536
995,49.96717718659745,35.05129539382902,0.12405506944993716,0.0,1.0036457369984784,10.43820751768807,58.92465474302137,1.0152713762910288,10.233996422280624,60.00585095606389,0.9574930377754954,12.863596483640698,61.702512304811044,0.9848280268815748,9.453135471911612,60.83370135589108,0.9985497033609126,10.563303426606584,60.12077936579234,0.999533527027721,10.264066185339502,61.248905098130074
996,49.98653889816249,39.68196964114989,0.5213211418461303,0.0,0.9778814724934333,9.598751882853012,61.50444798308908,0.9940456182605213,7.9209475226224875,60.00347029613405,0.9812631261724988,9.39529121863136,59.1604647708614,0.9775125704646022,10.018997979190875,61.87986468182633,0.9887278339205267,13.065659525235493,59.89731519534488,0.9919814863653089,11.3025855886165,59.588086548887574
997,49.96855195246488,30.336932422722818,1.293264682018997,0.0,0.9977120787264623,11.075443524836075,60.67833088796745,0.9934270641856798,7.719428271502413,60.09614697590691,1.010311536529383,7.183211879905876,58.89754815405215,0.9804720957613081,9.074646701048481,58.966291730106526,0.9915733914519602,11.08721639319393,56.26162469868899,1.0080892840041882,9.44205926502367,61.49869799314191
998,49.972787027474894,29.76229541726887,0.37164176259634973,0.0,1.0018801333371572,8.090229438807695,60.490384959450864,0.9991861825769109,10.803485668354007,56.57972436699622,1.0425049567380231,10.357893845708764,59.616022824648255,0.989993897097685,10.88649183916222,61.624847296692906,0.9983073404448733,10.30404377015979,60.897416512183725,1.028298083380964,9.704977950731863,53.93702055708239
999,49.985427461469406,29.931167308330807,0.09660516786115414,0.0,0.9889510349918059,8.432220248930854,62.89228544542206,1.0087781542806677,13.974538036727163,62.359259372759446,0.9965456601109218,13.128254303256275,62.037746275711854,1.0232167365986733,10.297190791300597,54.52300318198019,0.9976995082776408,7.271540488227194,59.387241986842355,1.002797298626729,13.761037150260824,59.25126062666871
1000,49.9658013229641,176.76404476583292,20.617545091218567,2.0,1.0031180179285233,11.449513193464236,57.366210513761956,0.9892730158975226,8.964464266329571,62.85319363744263,0.9784214362188612,11.771669291544649,62.74224113785869,1.0425795191847014,13.739197356060568,58.669324302276685,1.0234609032250583,13.122406025391872,64.01862902192505,0.971176863695027,10.689235739909732,59.992119273869854
1001,49.97864857104655,177.5389177903517,18.895916387896015,2.0,0.9674142723309341,12.39437455623762,60.371334829895474,0.9469587458627037,9.858030845256433,59.53956910900932,1.0173395980690878,9.600271442228562,62.901364141179286,0.9963126418245789,14.189371734982913,57.4406323134072,1.004466873263126,10.386608699258455,59.08636289443028,1.0600043565197548,10.743143205425309,63.878451653418324
1002,49.96904512773762,178.29545908948916,18.91377264079015,2.0,1.0049823187503297,10.493826877832378,55.28226116645176,0.9885775577003773,10.047554226709435,61.7019107843759,0.9845132344495802,10.716448091853195,60.88489247828146,0.9983838319470246,11.907591627968904,60.024078647844874,1.0141177585376366,13.24425188863184,63.942531022500496,0.9991227473366315,12.053870434753794,61.97848734860585
1003,49.97424308559294,174.43518765601578,18.99340062691171,2.0,0.991596320335876,11.108496494174325,62.308098153929315,0.9979000107546862,10.444054630616305,57.67273861427773,0.9964888172826393,9.174702629227319,64.20724716963682,1.014842039354517,10.764207839987664,60.915050357591596,0.9912097740397741,10.788081349982097,61.07405772980074,0.9750594935899164,10.100972993585968,58.8036419895087
1004,49.97943491515962,177.20123732420836,20.27928928563858,2.0,0.9847673435586904,12.862027439202743,55.96244899049228,0.9842109358838731,6.600977790271807,60.10561164468967,1.0023987913141672,11.282960524309644,62.313504566275235,0.9832669066481003,9.989414769686759,59.40110787962904,0.9934265899947564,9.403515136134292,63.26924220887098,0.9982442155186526,11.566232852818795,64.25216859119107
1005,49.9809333160107,182.8609609525988,18.777224681125265,2.0,0.9959818764186987,9.348269844204498,62.452295017886456,1.005640742831461,8.39647018369102,61.228129020748774,1.0133248134907018,7.351351508586628,61.72226154539805,1.011110780299395,10.606650503324987,59.79019545598281,0.9842000232541058,9.492148730948733,62.668146616658,1.0220159281890888,8.802562689036733,58.83367746215724
1006,49.96690716464777,170.66261269760236,19.326583877530734,2.0,1.0126755990533713,7.720644451262582,57.324633281162974,1.0309668295278789,9.052872377934753,60.435841601216396,1.012430115642721,13.206410277158641,62.91996077906939,1.0003254191468414,9.305879624661022,57.270788859997545,1.0146771273613502,9.249040517779514,60.404287915238996,1.0112934777192681,9.703206703519726,62.15049544913077
1007,49.97234137781061,166.56773489603205,20.14388558506423,2.0,1.0242005780547105,10.439766482782543,59.846034993145274,0.9921202352258205,6.311044866698989,59.937934852392296,1.0035193428683724,11.497512549303492,57.55941585874995,1.0177833584246918,12.23487744023445,59.15020926594093,0.9837341610609119,10.876674012768081,59.186177298325966,0.9825414600347987,8.471744495504515,62.64640311664627
1008,49.970476688417506,175.44763859065205,18.752354200304403,2.0,1.0104567615134714,11.222997117914698,61.492935043776626,1.0008641605261521,5.463459041397109,60.127743938634076,0.9999746282916313,11.119661393574638,61.39120068141097,1.0442756007091019,11.784766021801639,55.345414440103774,0.9882278308916469,8.948614813561184,62.714301041345685,1.0099079732630452,7.246674630529308,62.241599910331374
1009,49.96911147889776,171.7749121928361,19.666898618368634,2.0,1.0192429175893092,9.224164660272447,58.931795127957805,0.9859257067432653,7.844259086279717,55.39565749589916,1.0181386054453494,11.87898358072152,61.37886687909691,1.0048044414587671,8.692709213345257,63.90350195348269,1.0378047710678036,8.801072071082448,59.89207080423317,1.010823129905357,10.33906245535053,63.780673614710565
1010,49.97215207682355,183.51859953631228,19.29401527700776,2.0,1.010942451315416,11.827168727000718,62.95128113321878,0.9511761998490829,11.174285851413897,54.311599763869495,0.9849921167785746,11.576689626088788,60.50507995314275,1.0133005309286676,9.262706045725302,58.356628208792664,0.9920816594998613,8.575041202546497,60.18315188525386,0.9796157359747295,11.889829336600702,60.41721161381417
1011,49.97876276774798,183.68806515089773,20.108091212349663,2.0,0.990448421862299,8.19986347754091,61.05340824527493,0.9940267267838973,9.31722474740133,57.92669343212014,1.016467651003493,11.671910993372547,57.56376993857519,1.009484772860683,12.690530607504396,57.0058839806668,1.0275009807888262,9.965655502567506,62.52900028779213,1.0009639082865427,13.679166025596201,61.64035210505281
1012,49.98098081021864,178.61379458102823,19.271826441490248,2.0,1.0059995637792774,6.048404556113969,60.16519527495453,0.9890336701974962,12.285342979652345,62.677642593786075,1.0386780236176238,14.269018953575717,60.94397138182135,1.0186006745759633,11.672080202109122,62.343173218454936,1.011215929557469,9.687898349916907,61.9411957007265,0.9911456763173951,5.902607040788006,62.4160510861429
1013,49.968885288141244,168.40401136397347,19.921361206425814,2.0,0.9897498553853105,10.773695686866832,57.277419138263625,1.0032151107921856,8.485418957561317,60.6988515173773,1.0109104270519462,9.174577040805802,60.316631327469594,1.0348161434841099,7.959201374537185,64.35146787528583,1.0057546795168293,7.784027581678313,61.70415032940647,0.9787318328181275,12.461911906489892,60.36638378180771
1014,49.96824675053775,167.6445246959931,19.72289590939418,2.0,0.9853436791817716,9.035231603342538,58.64626286992455,1.0232035974600395,8.379231717040103,59.57070316795595,1.0054096375134385,11.666150553573699,61.24784018190432,1.009862530965499,10.546262747534488,60.70778367195934,0.9966561630423549,9.463033725595679,59.28303479934837,1.025243036648208,8.889490741733011,59.467970152479424
1015,49.97464854927747,180.161696120645,20.17913885340912,2.0,0.9832498692324005,6.877802462585199,56.80045069155,1.0118458715067236,12.518897829343754,59.98281746313493,0.9877602253558344,9.422392324698338,59.61252251077403,1.031667768683304,11.875121662025123,64.39112240860561,1.04270432398277,10.388903295007129,61.80469817374777,0.9956017442275833,10.8542406722691,59.10072635000888
1016,49.965284137030466,171.67444048671538,19.06405132379354,2.0,0.974729199495164,10.37297935001885,59.757782615261135,0.9955232807952942,12.298123385897977,59.80929885007173,1.0206696712467582,8.757034798421024,58.68565466365906,1.035059931625908,11.942639198336156,59.6422067826166,1.0081201465192655,7.85567023027106,62.38839785384411,0.9803557817281126,9.777212600452327,59.108531760250024
1017,49.9661117154512,179.6039282650259,20.024816521394268,2.0,1.0239740651140383,10.25885303040128,62.03478931210392,1.013395433567992,9.10508782018198,61.649503305593974,1.0199563450904119,8.12836950995418,64.1016400725688,0.9970712488009476,9.162747993241869,61.14659319310542,0.9954718855623432,10.762718287815387,58.819765695715034,1.004803247150583,8.793059045273678,63.95550973182947
1018,49.9639420343249,184.55516058084768,19.942896171768467,2.0,1.0082473802206149,9.765786514499679,62.51586328081571,0.9841870814790619,11.995736321944559,57.93591347180609,1.047298972208323,9.979951400867435,59.89144891835599,0.9836964546653573,10.4095868230427,62.561521048472635,0.9763660482270462,10.254742947198274,61.093209198955726,1.0423088619309673,9.283140136525471,59.97346753108581
1019,49.96610652674872,176.42246415343368,19.616842779224875,2.0,0.9827017042226777,9.57693122031821,59.117548828636586,0.9949873703298825,8.627562428974096,59.57824654651065,1.005408606960626,11.709127809215225,57.52766509546275,1.0009381419008443,10.759857761442628,62.13521985245879,0.9511109717806224,10.728704484590237,57.498814311242924,0.9892445311401651,15.081697712162338,58.63211344850088
1020,49.959778544829746,181.28777424617306,19.690123088873104,2.0,1.0274721587491764,8.176527988283699,61.03464237215393,1.0356293361676598,9.227777772022403,59.9021192262098,1.0054889289520976,13.43637916380249,64.19644010217621,0.9882206459208687,11.538279433299426,60.04244011014754,1.0125876195680104,9.058645814986773,59.163801107987325,0.9778131490381015,9.519426153607188,65.19518420851576
1021,49.96539117160743,173.2074814523937,20.424969880509433,2.0,1.0062882221081852,9.038840876886118,62.30114270360147,1.0144148366169756,12.215448751747317,59.03033730317363,1.011766279687954,10.4202895600008,59.9115284688018,0.9889391929442024,8.863132110627237,59.18682409039067,1.0095383148525792,12.355626779148686,61.29137704883247,1.0066980424558436,8.652896006146873,57.23741004860557
1022,49.95901877619052,185.66351949120013,20.341626369664198,2.0,1.0273598939963255,8.67187568877395,59.70912064279611,1.0100481225615943,12.703323138127747,59.34088635682708,1.0206951239977584,16.504692755066095,59.65886182591282,0.980313941909105,9.733518969779482,61.68556051117017,1.0082121011838197,10.787549983994733,62.11013314136502,1.0036468603482562,9.355417865998465,60.174056383542634
1023,49.963751865046476,183.7325121559256,20.136984098211684,2.0,1.0197670202255322,9.54563063885738,59.34303950499209,0.9727092762623766,12.331103977550397,59.38154241288096,0.9888144175917172,9.21727207550584,58.634058011600686,0.988414575784357,8.636866835608833,60.7363767073972,0.9826083417539428,10.205823646880285,58.44575528277575,0.994471518138238,11.45255822828837,58.51887579462064
1024,49.982661397962346,170.73595723541848,19.732573049820868,2.0,1.0252622331208272,7.608262793145385,61.44891125562449,1.0158100262988934,8.834923419910455,62.82488474048283,1.0004224557326356,9.333204144517977,61.055029662037164,1.0183236037632308,7.774172837323255,56.31887058404267,1.0219661625211391,12.52314566728504,60.269458306659665,0.9912031286356245,12.75810487983884,61.16010930254782
1025,49.97138371960559,175.18954699470856,20.301042044471235,2.0,1.0272549402329036,9.195081025455522,62.6082780779897,0.9956114726688182,9.26625165719347,62.25103053074899,1.0220487817561588,11.44118296833446,60.64255757778854,0.9679334330707878,11.623497036608596,61.28418831829735,0.9766461557227842,12.377886837832822,63.895558156212516,1.0109985392528502,5.933351836767261,56.77232592409393
1026,49.963267141401616,182.20623192328515,20.447684625462824,2.0,0.9908013022665666,10.357817247469752,60.403907200722664,0.9937565292050611,7.880742196016577,61.457717651793615,1.0006044726418015,9.135310745564256,65.40500167931293,1.0334934683406114,8.049056857932847,60.93704700406549,0.9829792497891287,11.070076127287155,57.95311120709929,0.9668048165205825,12.53021012776421,62.14871532854479
1027,49.963686752702024,178.1745298679598,18.79394664343084,2.0,0.9863578766886537,10.063508718958136,59.698698890967606,1.031967362588043,8.957586586995049,56.32556891123251,0.9952852389727651,9.008837009138833,55.80610495765665,0.9960183329403516,11.031197646481482,63.855002273970484,0.9905786332706298,11.571285139917263,61.63333058285298,0.9911171389562596,12.867087317139262,64.20812910742593
1028,49.96891903838786,171.2303246008675,20.522984705890064,2.0,0.9958069575924732,12.901088519734918,59.27499377262486,1.0209593314701921,9.186327528115013,59.59446540900752,0.948232673791318,10.635510416896832,59.527310560989996,0.9773794147195941,14.128162259681318,58.6486043494787,0.9773793887696712,10.767215845742834,58.79588171758276,0.9916020917535183,9.902833888714804,57.24320062837912
1029,49.969511122376694,184.10400196056483,19.932674124772085,2.0,0.9781891948121828,6.865284039514969,58.53604968691308,0.98392443602478,10.887475090239175,57.33624403636511,0.9806431756429167,10.860959480046482,62.485044294339275,1.0296703209016123,10.185143382504819,62.832186720932555,1.0134299224763135,8.230564202854705,62.78368445122934,1.0096863067648036,13.344168844475977,57.58076858084365
1030,49.959736872053234,177.54346662664585,20.08789844069321,2.0,0.971400409742776,14.659783757275996,60.04782278441559,1.0002629547833681,8.28798575131644,56.371019871162254,0.9858711937227873,10.845218586108523,58.880403439895424,0.9983853239982589,10.468226704791695,63.67036388887594,1.0020962964988,10.799957964305724,59.71801312482184,1.0036877327793927,10.687884205749404,58.80160063771934
1031,49.96143388527328,180.16150566447692,19.588218415732378,2.0,0.9876836277147157,6.08804284097866,61.23142079638819,1.016125997741132,9.763262534122989,61.11980443317248,1.0064939445962229,9.042626037736566,61.98454471742223,0.9922035964500824,9.342955232959845,57.62714289821975,1.0379637227293648,15.259094790130284,63.81906565730573,1.000533353137918,11.757749070413702,59.57486875573679
1032,49.9631301093857,176.58576178964464,20.121754622286197,2.0,1.0100351721139482,11.947257846278585,61.247459296104864,1.0328262221486588,10.666260066049837,59.73330296417489,1.0042258877251933,9.569058366919776,61.4586362315646,1.0002603581376666,11.15246858806632,61.09012860774168,0.9878396460243487,9.936888938088419,57.23294540665046,0.9770572896671318,10.395589602610729,58.11769264244103
1033,49.95581610925816,171.96505892798058,19.328249183015792,2.0,0.9717288800971732,12.28911434544461,57.80460964441436,0.9918347039384188,12.356784733381557,61.658646533292156,1.0057818531382379,12.337722602680202,59.332194838335504,0.9751917119001019,11.340670289410562,57.48579022979841,0.9993602080287987,10.547706472812395,62.164320697947616,1.0305547913396362,4.995383777479399,60.5417235534092
1034,49.951995564081905,175.15638306039932,18.73216452332599,2.0,0.9905468329480915,7.992224738807918,60.665577959357506,1.0201850386284355,10.42023240431164,58.01298747365503,1.0113756707771706,9.423073483070953,60.94578162763179,0.9773024974673705,11.695057686725246,65.09198032894521,1.0155042334170437,9.932916914199053,60.52073465352033,0.9988971761722176,9.510540346306168,60.310512915093234
1035,49.96254049112548,183.47235852396528,19.58183051158953,2.0,1.0020244379340097,5.652468618012836,62.94960085413054,1.008939585093385,9.919894469987861,62.348968088015795,1.0474116358116148,12.129312350518187,56.87453621895011,0.9815108827160796,9.950094402775864,61.260960990229606,0.9841281003580755,9.458837147929017,59.2487478620116,1.0143282598681227,6.539473937518679,61.20872867969339
1036,49.947469273250576,178.3241299747692,20.19270350659145,2.0,1.0147425619959782,8.544161848791102,59.781032745151755,0.9914595980110538,7.062439745457956,60.97613212222478,0.9835722695498105,14.270805488658654,62.153904792722585,1.0071119750547881,11.917616803494985,59.46458036647564,1.013676373649753,7.590764680976025,58.710487478165824,1.0085176751531246,12.574915522762717,56.693938533214855
1037,49.9538194731719,172.3870850686567,19.327580150359374,2.0,0.9846405055537978,10.079377578559193,61.07055415886771,1.0007238911977239,10.519659134309578,60.57761470153612,0.9871022518447168,9.652429996180024,60.608255024275884,0.9647595089649031,8.704858614488435,59.75440674563529,1.022733199685469,10.837839014995495,58.66781438905357,1.0005870472286333,5.280258795440699,62.72303490769948
1038,49.94853402509578,175.57674711782232,20.426763634026237,2.0,0.9874966926186748,12.4594257149751,58.19223041727385,1.015063770568899,10.381364986617305,62.572595147220134,1.0160307784001255,14.911499960040809,62.342790160517595,1.0356836979665789,11.283071440630657,55.17579956981116,1.0000910134196461,10.366183825151445,62.01034364495842,0.9991715159623997,8.128522855473085,61.123178460827475
1039,49.97641313777585,170.42872634900377,20.465724845688158,2.0,1.0041889470233358,11.078499293422043,57.72647012857968,0.9881122062745049,7.931568483626802,60.89890666805103,0.9896708089326893,6.274148453409149,61.506734324422176,1.0379681908539637,8.523136353305514,60.22564046306318,1.0147370312869943,8.255314190297844,64.75244361900242,0.9701680899954628,12.740418793043645,60.97035691950327
1040,49.95479397820287,171.20350178672217,19.640438368954232,2.0,0.9906271496509521,13.960796329259313,62.58297228336067,0.9811557795552248,11.792641016991997,61.94203477671252,1.002087992963692,9.727994944507588,62.1192125809004,1.005606548385793,11.100692422920202,61.44195884907388,0.9983553040297606,10.758234450641112,61.54256382187168,1.0351850997897682,9.613706344824795,58.99896077100797
1041,49.96810991671005,176.73449515798083,19.786530134267558,2.0,1.014805473816859,12.266608936493485,58.38368680985252,0.9844944396187194,12.752515642631302,62.17099635022187,1.0165728293035097,11.224049508813241,59.96313612675334,1.034625316926785,9.577694630842453,61.151053679960796,1.0077944473268317,10.116160139883764,62.31770241172443,0.9875787237536432,9.58460722223107,58.722091361614396
1042,49.9521683232777,178.70561008760913,19.110023706091283,2.0,1.00254832661187,13.33173214263915,59.329082072383436,1.0215755734563452,9.930519003673695,59.05030045461435,1.0038131650937312,10.074568421171367,59.94124195219638,1.0179035372047318,8.993991327756262,59.17005294832035,1.0141945348326011,12.141832509508438,60.56885834049509,0.9862288668471206,9.159344752639653,59.18108165874713
1043,49.955356388971666,177.72568155314502,19.953278384610186,2.0,0.9828573209049666,7.351447333837452,56.13993721983996,0.9949922891670658,12.63300228799792,60.24897094284792,1.020243209492014,10.7773958705281,63.04451219740409,0.9677583176077558,10.510037417031482,57.71731113046313,1.0070850119246584,8.268663371038313,57.61821219711135,1.023935599156996,8.806406714075763,58.686720259689416
1044,49.971363399761174,183.46272115718824,19.010537122326205,2.0,0.9311187697375658,11.679455601308895,61.11337751587548,0.9701120277924556,8.162766367174228,64.61462106145713,1.019720863435568,10.362488965835265,61.89334528323004,0.9915713015294497,11.139685805805309,57.59519244964401,0.9908144109910282,6.766905470819932,60.406879355955994,1.0005308154827366,11.535785459722604,57.30033077213572
1045,49.96109167736914,183.50949352287665,19.66945041442366,2.0,1.006706413261393,10.228829007180323,60.09982703043937,0.99587892273624,10.968625070865777,61.225019577523796,1.013758316735628,8.535692783918288,62.6852224843281,1.0158705220896478,7.78125060764118,60.58425354610499,1.0306241570920398,10.361697643362207,58.39457607232172,0.9948862728909964,11.631308918261366,55.087686864886514
1046,49.9494327904917,184.10216536942633,19.706725360426447,2.0,1.0121309191464574,9.50795182865941,60.69584919460379,1.0155622181525858,10.241233154393589,58.782389371203884,0.9817849614387879,8.784439400820466,63.63956539785121,0.9675650122724577,7.4979382615370245,61.585430396925645,0.9833320211595638,10.102428162585106,62.67287033474754,1.0059236316668598,8.20411208623445,58.696443370734315
1047,49.9639695509554,184.66270430598968,20.417534416665024,2.0,1.03168556915201,8.920228012628524,59.82775592334319,0.9899843599398332,9.142416222080671,62.61399377163944,1.002763555263538,12.897620827443331,62.51998581390809,0.981680625415603,10.999621965576965,59.109359584316024,1.0586629786081354,6.618241664079808,59.380571915595915,1.0100499314116376,8.995293269459061,58.913654352847786
1048,49.96374561100638,176.33745457382423,19.88214385450529,2.0,1.0162491715196043,9.954251641593007,59.45368760198544,1.009190475954447,10.176032376642738,62.71708709911481,0.9781980040021505,8.776470950969848,58.32500652946842,1.023074769372847,11.47564277731388,63.46731193736007,0.9936728392791411,8.113234995505339,63.3157531529697,1.040853093277728,11.517311471617266,60.27254484895206
1049,49.95320817174869,175.834759986625,19.111293071566827,2.0,1.0011188520569696,10.239877859514438,56.3425606166501,1.0067665558498717,12.11370537064543,63.34155666901823,1.0184741158270127,10.784228326488389,61.58897824880035,1.006358650613588,5.188473495267149,62.72241664155685,0.9932655057064661,10.230734818823155,61.819585728151985,0.9832590776894795,8.118907400063387,60.11608434120445
1050,49.95277982410833,170.1915791882475,18.882848444606655,2.0,0.9874710833234507,9.428271231811467,58.93170148088102,0.9831553939331494,12.10745000023678,62.06730619510074,1.0003109250562505,11.142413946292448,62.15351445118735,1.001774971109389,10.547027140855278,60.480859225460264,0.9909992956990056,9.39524081114808,64.03967705645213,0.9917458265234046,11.13738049527991,63.347576043496716
1051,49.9427512127767,175.93669749610058,19.86058637525597,2.0,0.99655562859483,10.792019701945298,57.865420695799415,1.0089721239750558,8.564786714707989,61.65000224122163,0.9662710263479106,11.108236044756325,59.028580963738264,0.99719814851661,10.873656110892638,61.996000141525684,1.012870495231755,12.301972437600545,62.04320306168572,1.020280350096821,8.246713853788346,62.35319265816592
1052,49.95809516791995,179.8877963181048,20.417872981727268,2.0,1.003266789033262,10.039371678365994,59.95134092545425,0.9892651962972001,6.569469485596754,60.05998351410731,1.0196274910999412,8.915690850161631,59.0275470881849,1.0130419121935341,10.332478675931052,59.044502629641244,0.9771637835609432,8.624617910474353,62.3529750790798,1.0088542149610957,13.84992685901434,58.7647194974869
1053,49.95672441264237,184.14421129969247,19.358276066252724,2.0,1.0095840006278647,11.122317000318159,57.92408548174524,0.9828730437422452,8.680332001504159,65.33929306440086,1.0002325614176586,11.531109014561434,62.425074902489776,1.0143841387553105,9.151836645814557,58.11160651939777,1.0166816849958782,6.357649212473627,59.18091581221118,1.0056146181971874,8.936482646013289,59.42996460186738
1054,49.95719652703524,169.95387971206205,20.370839431667648,2.0,1.016911117222983,11.549788724632295,57.658347915165656,1.0104093921212822,12.592196531482156,59.73295320051963,1.0222569307688267,11.541803026518245,61.56150068940043,1.001003262547507,9.293783889972053,58.944040051854685,1.041468674468125,9.797727889421639,58.95654780880218,1.044431968785733,12.620614546708167,60.416568250747865
1055,49.94025422668118,179.68614079982206,20.21377595582343,2.0,1.0181679830362336,7.30062374385394,57.21936709235509,0.9972671550309657,8.565004240028568,60.78497276828472,0.9915556481105879,10.562581652332554,64.45722200428092,1.01103053518948,12.28515793543739,60.28408101021504,1.0045108078770748,7.895047760462722,60.704403435978065,1.0240569731616942,7.224437262114314,61.49135316526693
1056,49.95873910206021,179.32352933618154,20.322676338743744,2.0,1.0172851723432608,8.411425185237198,62.51927270614394,0.9963274039076943,9.84219350846277,63.73226251711748,0.9992766266771747,14.400433069915351,59.49384970119628,1.0003117557987984,9.51485573052494,61.85498314213078,0.9908013890570216,11.215644753811379,61.02281727003432,1.0227848122163485,13.80636532966122,59.83835325443059
1057,49.951544866791565,183.2521369556253,20.21855825284813,2.0,0.9756483284001547,14.434348703422291,65.02449986765382,1.008845796455993,6.5031985113626405,62.871989740648196,0.9788572314482861,12.293123707082854,60.52979376993513,0.9818166846572742,7.415623174382325,59.90121551408215,0.9982660593676652,9.496447563687514,59.52285341128016,0.9991605222791973,10.955650827191032,59.390356112463856
1058,49.94811915410103,183.33142766846208,19.629404278380207,2.0,1.0241977894154897,7.212958770730927,62.981197747263835,0.9952480890512367,11.256975158308018,57.0465280386825,0.9787932448091483,10.683740743043373,64.24178074113819,0.9838638376034717,13.883533619740458,60.246398967925344,0.998073842331047,8.739500612965296,59.378417307833075,0.9917888715594022,9.361685045213434,59.80151192826682
1059,49.958618804950845,167.42634640048985,19.564792920296753,2.0,0.9875682034785216,7.965400855793655,60.253657515209504,0.9822004269945737,8.770651163816712,62.17680876632815,1.0158163177091442,10.480951881361444,57.77346212240428,0.9793194824272188,11.288261613924531,60.60085608948994,0.9779259635602696,7.826863158140822,61.53944881196401,0.9710612766838528,8.804659551860905,59.99928970319407
1060,49.95177448895622,168.20793196310544,20.546428244020593,2.0,0.9903437909403596,9.428420973817984,61.61701780031517,0.9750659242986511,8.806835888883347,61.014567488689,0.9823169998436235,9.777400188575998,57.978054326465575,0.9826356636976681,7.155324415552634,62.4072383243152,0.9926273780013325,8.11760204695769,62.11491338964701,1.0044670266736802,10.241659372580475,62.44394080704439
1061,49.94713677032132,175.40957503232232,20.38010107647267,2.0,1.0398547077025864,8.9153943632945,60.65240351214689,0.9815327111928548,10.858164985777362,58.99013475146502,0.9901518161612256,9.34932163882344,59.73113001581844,1.0062675065500315,12.171151600727292,59.25255879524625,1.007663343948898,10.347459788821151,57.18327830967944,0.979428353921316,10.491532307698575,60.48151329418441
1062,49.95842860846876,174.21263512794562,18.99597464063468,2.0,1.0067569627462933,6.951301615345271,63.44653257820835,1.028424398122605,10.781822666737861,59.37000106388751,1.03416736759018,8.962060449009776,60.616088430154925,0.9792882489158579,13.075864134434156,59.34608928317865,1.0352487833727835,11.583826946617293,61.02902147964158,0.9951297055898094,8.68524575445514,59.97848067030622
1063,49.946660902855974,183.908900687422,19.053585802156054,2.0,0.996707582319638,9.958353825267368,60.52064948350051,1.0000854630404825,8.891003848539466,59.15374372195927,0.9716770365532018,7.587719633934528,52.26276677192588,1.010863303888801,14.512142923912181,63.43408765220825,1.0323967748570437,9.033996059667729,59.8439607842313,0.988899614546647,7.10383361314753,62.61134894724457
1064,49.9545562200436,170.94322934815816,18.80580403645897,2.0,1.013118190114685,11.340696519202858,56.0041169730228,1.017282792107207,7.317010995800853,59.97224571512227,0.9878037126752355,8.751793474338076,58.159689950212936,0.9935501647951396,12.102525169039634,62.86659776081484,1.0006644399874243,9.333880496133023,61.77173331982997,0.9893690094563315,10.078752183652856,60.0210916030317
1065,49.93828787891015,169.5431050437858,18.87876407814501,2.0,0.9832850910529604,7.615655401911145,63.43081034978218,0.973332937978461,10.628724393253675,61.037025634174995,0.9946009272130067,11.527751812411882,63.39558506157661,0.9856146022046,10.965249554557218,58.68567542171689,1.013227039758848,10.36348840040652,59.33027936087573,0.9977879807765221,14.39738894732546,63.63593774646985
1066,49.94604810896623,182.88093634583817,20.248606606098676,2.0,1.030926063945234,10.870580599885765,58.57399181196706,0.979580323791329,7.821924783540811,57.94727678427618,1.0228743441381933,11.85841807798734,59.844379039007976,0.9906077576480764,9.483519024577644,61.22674265438973,0.9853571730580677,11.908437612971218,61.81034243199139,0.9932805495135302,6.615806792131556,58.98072226191327
1067,49.944842579737525,178.98938134926738,19.250414849016575,2.0,1.026094147787632,11.488927365116913,62.08649300190711,0.985118878534817,11.824899207124929,57.95046418432273,0.9838502677227622,11.366687458516832,60.01187587313073,0.9975832802802866,9.35255720725415,61.2315889009964,1.018108313343156,9.296802790426613,60.16372459597319,1.0061424442141509,11.400019657690047,62.556908773836255
1068,49.952569510779625,172.63098476371448,18.83061795256851,2.0,1.044051619267884,11.012890777123005,61.07362614661799,1.0471088284103083,11.2736685837052,57.62462821084224,0.9681372415735353,10.86303955691129,61.049679550770755,1.0003678714150062,7.16861528623442,60.972184450567184,0.9930907616012011,6.513217964593329,63.100565931600194,1.0059580388640565,10.2333680862128,58.42854533483016
1069,49.96158612530572,176.99828204132297,20.600716214614614,2.0,0.9876593477196681,14.356940618990041,63.47154917923984,0.9884761566901624,13.659895282097068,57.94912028969409,0.9955765102720038,10.25435045652795,59.77828271492802,1.0102978851667244,8.098096740353716,61.319701943081746,1.040704769036382,10.533954269915418,62.17644423451502,0.9939932993734567,12.14860108266177,58.48375205624761
1070,49.947474150351255,175.76631029904502,19.923211443760856,2.0,1.0012674406135487,9.681206139191552,60.494682408865835,0.9820042185485663,8.963806474945866,64.6257617552911,0.9851592952462074,10.487399017006956,59.62920353993321,1.0252228216138295,11.374390432382686,62.839060657955194,0.9903047753075589,11.42572068454417,59.59088155094309,0.9850411577187588,5.4375940643791045,61.84004535488415
1071,49.95346306673294,183.70477987191077,20.51020424051858,2.0,0.9938996941663205,9.934457888654492,56.428372272849295,0.9894188071812824,9.672373868250245,61.98110012860465,1.009317089329002,13.114032593232324,60.119481638923624,1.0313033516657002,11.901522485586227,61.24747522199455,0.9691662434906488,8.985387248839555,60.40728341531709,1.0261954913154885,8.874371719988558,59.69990651474595
1072,49.95558418696463,168.21282821840043,18.77770314716816,2.0,1.0383917305623453,7.093569710196998,60.40795285639828,0.9687849060951836,12.962199377380255,59.902021930773124,0.9895374612780191,11.297213193594265,62.95413153695205,1.0140106570099396,11.8974431083878,61.27145814646539,0.9950996163024702,9.315929595989012,63.746657474576736,1.0128165741983095,13.64157899445416,63.850381840798605
1073,49.93967159238967,176.75866773876166,18.918770479541102,2.0,0.9786121298758454,9.593073777163674,60.990099525159586,1.013168285640842,10.19441734530162,62.17785762249084,0.9723506502342565,9.432909814500713,60.94935222381632,0.9872562950824016,10.619027000329012,60.61666602329856,0.9921801993304025,10.738790228634544,62.6851204210709,1.0265880406951577,8.54888594210168,58.29936897068982
1074,49.95074470471828,168.52139630730213,19.12032045868142,2.0,1.0044978849076889,10.228552062976231,62.195091561138476,1.0116597022194342,8.419123498275793,61.644998679106116,1.0089161245130829,7.943339836225068,59.502561052796956,0.9790606005858008,11.434078074954757,58.74420846374673,0.9818106630626809,8.882098398205805,63.913461429474424,0.9748070514584259,8.883187819375436,60.562912736568286
1075,49.939246177129284,174.5264816810179,20.49921075281634,2.0,0.9690948499565518,9.854105284392016,60.49216997948305,0.993326401564416,9.652201596963835,60.798179504677755,1.0038513059509027,5.6222815073375605,59.00038894681376,1.0031981054734809,7.62492333279301,64.51519467208924,1.019446331512625,12.844771847273835,57.415580630306835,1.0144920614872155,6.135501865080391,62.97683492928862
1076,49.94909097010618,176.8846439183955,19.813440354705453,2.0,1.0318348394249746,11.415596118295033,61.02767944362218,1.038588779339873,7.07968067069409,59.9493926663193,1.0357754615194779,9.029782051076605,58.823752858573805,0.9991766985848186,11.993881412093401,62.24978667839872,0.9916054534536429,9.421060363243376,62.46689138389804,0.9866057577169474,10.642877668547412,59.93070359562168
1077,49.94322871375507,179.80149644120533,20.642617144960592,2.0,0.9945916623644694,14.181953279928127,59.15405622062544,1.0476655327888746,11.229087738722804,55.578815828332914,0.9923217840298092,9.661463005727647,61.33069116426306,1.018474638437072,7.0513626125224045,60.21962357667934,0.9992809122436547,7.285373338941529,59.00472027016413,1.0327917269086047,13.25653210410312,62.91379630955412
1078,49.93696662923177,183.4147156145102,18.790645141736533,2.0,0.9836029115031907,14.618804146417629,62.94412128173173,0.9968406248881235,10.406211318796037,61.84938963082461,1.0214322411052676,13.777729916246171,61.3936175687557,1.0057800662468643,10.645417150543478,61.737354908666,1.0287927788666555,8.098448799537614,58.332946560497305,0.9701383978486042,16.00050599846505,60.98363136073655
1079,49.94364205918783,182.95860851077208,19.678060247988064,2.0,0.9891096843188228,14.423431130055084,66.29474894522698,1.034644186759431,12.190617822528694,60.457876262199626,0.9967562302304619,10.727714908363005,60.986300736372264,1.0038836096884336,11.0437939758797,58.32143574154307,0.9927914384108028,7.94190211763512,58.107565002982994,0.9901884739769224,7.639119087917397,59.93741150264429
1080,49.95236228908755,170.36745389789252,19.625724137567794,2.0,0.9809121048830451,10.249123812618743,60.388478930719806,1.063912497008331,8.919946630858817,59.751419078963885,0.9806913766951703,7.845841852508862,59.31751998905876,1.004044931569572,9.112588860399864,62.39663842148731,0.9891341457364786,10.972114166103198,60.05052560027711,0.9901060741643739,11.565311124815675,57.9133673906188
1081,49.971693614896594,177.3179395742784,19.186325837548285,2.0,0.9895089590756487,8.332360919686327,56.28158107315882,0.9968605700610209,7.046882761631607,61.30954065415734,0.9665647206184744,13.947281347793648,59.958398405744745,1.025211340829794,7.49317331371067,54.92457621158091,0.9660831436463186,9.341624434083025,60.83017715230746,0.999196868053522,8.71106070494497,57.71982573231643
1082,49.97037700019318,177.29122834578996,19.26510452540035,2.0,1.0316721775767685,10.162409656881465,60.47247186438554,1.027814952771724,10.285117525427106,60.15627661449154,1.0320697526455844,7.270382328200842,61.70470151614538,1.000995158093568,6.214745173272471,63.95952317872671,0.991351661087261,11.026546867922104,60.01703959175855,0.9697563919461869,9.56154745948798,59.13771430142938
1083,49.945671166693984,184.56199830002356,20.16907297153823,2.0,0.9879280922479141,10.833596015666137,59.633413561091,0.9723041003998566,4.719118341174549,57.75335166585737,1.0186451376963923,10.168509235687258,60.244057428902,1.0331738593231026,7.464644421110959,58.905239452952294,1.0174476717154242,8.45550126013757,59.71280499296809,1.0163749853816728,12.758209929467014,63.838163905556556
1084,49.950939469728006,174.43677622620606,19.07876310926593,2.0,0.9807537353357798,14.968308002655704,61.41753684910316,0.968616265786491,4.562289179759776,59.06757807968744,1.0443282208866296,11.06629026869069,59.90303434476017,0.9803068514583232,9.69321342530445,60.72948836399177,0.996183940747057,7.172381422876181,61.1827200314164,0.9958394306368878,8.4539850624607,59.85694462655903
1085,49.96095216715004,166.85662187664892,19.504082938221632,2.0,1.0193127929983563,9.269171275175584,59.394543479583305,1.0084328037937518,10.5327659315022,61.726395646880476,1.0016176792975675,10.967511936102408,61.48230921147979,0.9871777419077447,11.846782266436767,58.12505591755653,1.016630416670512,7.1992260275939,57.79491584669964,1.0111605575309106,12.483748770377435,60.00027006176932
1086,49.95042367255505,185.52304994816802,19.213396363871013,2.0,1.0173571444519125,8.893449484729146,61.481951617457256,0.9835848987284763,11.352328512376344,58.75161958187963,1.0195954879836684,11.834741103178784,63.09586255178889,0.9946921817194371,9.483653000513536,61.464970535403765,1.0242523969048138,6.028441068811846,59.473818365569656,0.998851379692936,7.012719818154498,64.21964200122936
1087,49.97172468122541,179.26827472142662,19.507879211756922,2.0,0.9989424605686483,8.833470998612565,63.481728921230044,0.9972066130912294,10.773743735481421,61.25464673072119,1.0223924924255179,8.510968357278184,62.44647190438895,0.9888689496471088,10.952124640393503,59.31829155322996,1.0019136265132398,8.358296692312772,56.74448977954829,0.9978391742626161,12.60037909189999,61.36836972284531
1088,49.956584078543976,176.87841400576815,18.775643328682,2.0,0.9923335051293747,8.830697525058842,60.82090484460273,1.0033982903046998,9.463525375521181,59.36970135118956,1.0053716774793005,8.72902140175743,59.05650846942234,0.990597695652115,11.394608493656687,64.99794520928647,0.9898688932376686,10.281602862832315,61.1108114497523,0.9811835198351695,7.892563768365082,62.208572129020304
1089,49.9614470715498,177.4555717057913,19.42094044415006,2.0,1.0107659277672878,13.588364740995928,63.20280972542852,1.0247432541774137,12.121160619786917,57.753579226638216,1.0068555173723692,10.431226943847948,63.35069744620938,1.0011302713520176,12.13458950995505,60.20947189577642,0.9729089010312417,9.549240970769645,59.04222401895822,0.9927431106840139,7.994854698940635,61.75803691571986
1090,49.96450500019078,183.7114440994929,19.200199406073462,2.0,1.0094557508841582,13.309360062547594,59.59289387534886,1.0003569184377805,10.727742910316875,60.47824080433678,1.0054522202210572,6.311482304464853,59.21903918585258,0.9906217867511764,10.296994609843583,62.626291571420616,1.0106258963792751,9.641865199586942,60.88424091084544,1.0115403757432482,11.487446942810509,62.71971821575364
1091,49.96143137237972,176.16182385238284,18.8637357605796,2.0,1.0088631333891414,5.092405643222667,59.843993804804455,1.0052914544032454,11.67657561026557,61.916762192441006,1.0041564338994644,9.833511022917493,57.487260454995024,0.9960125974819478,12.052354108729494,59.10585050170652,1.01453359631086,12.420773670639171,59.60241572989472,1.0074630130171474,7.270888236323911,62.872646066490056
1092,49.92837690853296,181.82181047397216,19.176039281279103,2.0,0.9776558952315156,8.729158933023072,61.50600793592678,0.9975290101389035,9.592916127690108,62.59659191235146,0.9937739183185391,7.707166647149251,58.12640277955596,1.0023565132578065,11.963350849268767,58.47887548814436,0.9851729272351336,9.893157523720399,61.76131966392872,0.9968526059427703,9.428966492591027,60.726745296233965
1093,49.95105324508186,175.14960600736012,19.823968602056468,2.0,0.9888676619505491,12.583070994579874,60.68341766416413,1.0515929793680616,11.136301149585677,60.448556660680744,0.9734132417759398,10.235190899768,60.00005594490754,1.039665624325326,10.176387419984435,59.79175453827263,0.9866280037645264,8.718606355743391,61.0711597885284,0.9823707159214723,7.648272245826661,61.310285973657535
1094,49.94533066550481,178.9809222445881,19.94901207739028,2.0,0.9903788565283217,10.421911301223824,60.116589050926095,0.9865531409892287,10.14993013190235,63.15278113079911,0.9952388900484942,12.817862683003362,61.55813793341185,0.9944654120902295,8.944099433111225,60.76904777388913,0.9899391594501554,8.549885328485622,59.28820192089554,0.9721553573114733,8.680346565274393,56.847085326654
1095,49.959338782138474,177.7577731605495,20.186613250707342,2.0,1.0525633467723943,11.81333263670193,61.29549786421712,1.0558629133218023,10.258295463230843,56.67017844825647,0.9951701026315007,10.692914145721014,56.67480737544841,0.9905807829080285,8.474983493942084,60.453258018768,0.9939187819035893,8.14126728195191,60.168712805944615,1.0087518320145341,12.480020879765114,63.05113689287297
1096,49.9406998625207,169.17411695263573,18.855042224754047,2.0,1.0063185794810434,8.013365774145612,61.645539220302304,1.001062453324646,8.803907925617416,58.58211753364858,0.9816438609398965,7.149851105507572,61.0614130053097,0.9983559260028088,9.890157259989504,62.65560061516041,0.9946117316668424,9.112333801033243,62.81250862117565,0.9871716077418061,8.224503766660945,63.53833219871047
1097,49.946512695370295,171.6271601873825,19.81937030337868,2.0,1.0278467956564665,11.678623488043542,63.20577081127605,0.9884478165456791,9.096798232467856,62.53694645186512,0.9842349215102016,10.087692096924119,59.696217576624065,0.9928717157760238,13.481704366058354,58.36040451631523,1.0154240809381287,11.831157656780004,60.45483626025035,1.0078529330075132,10.017433180565604,62.7987081595286
1098,49.948550965401814,181.32104714891767,18.924996023411083,2.0,0.9754282720161079,5.765095210642435,60.37005548671594,1.0157121453749602,11.083589265491963,58.469482524240114,1.0078640214889258,11.952590581580516,63.025525364170186,0.9728610748997211,8.50774077747105,61.786885307944274,1.0155651027475954,6.833349815962405,63.22241846305452,1.0203975724781853,10.664200640517898,61.46657504793481
1099,49.942746647371074,183.03791127497675,19.883091454633536,2.0,1.0392653835953496,8.491590644462818,59.483496338344224,1.0031523602755814,8.35904578723489,57.53061358655602,0.9726681827963655,10.775905007297865,59.80091095150263,0.9974460062055824,11.813552322640305,62.24994161226703,0.9972298627620901,8.454887632900817,61.89083002459204,0.9781627517721012,9.227607392729716,62.18613521182064
1100,49.95906521199047,176.12304922603806,18.885548558215607,2.0,0.9880061536591208,11.60330278750364,62.12277393618679,0.9902417381252505,11.582552083376465,64.43967186249787,1.005274710028466,10.975804359922945,62.92466508135071,0.9986856160744672,11.533909075396133,60.54863255952771,1.0094689306081164,7.758939429819591,61.22364717885629,1.0009810148788845,10.57980095401872,60.66499993053689
1101,49.954640532928835,178.5020616619002,19.419618313501967,2.0,0.9857596634400929,10.102911519813857,60.84942260484334,0.9877610424972214,12.083995765057193,63.97158646555541,0.9979697775484674,12.023515707093157,60.773546628132856,1.0127152495404697,8.624700546626247,60.76856311369522,0.9884370805956773,8.892078432822148,64.76442889162847,1.018837593706455,8.694817542606796,61.33426114686404
1102,49.95380993084448,185.69706817147807,20.50759816843861,2.0,0.9759897291201551,10.93162714960535,59.138913608117036,1.0201854541488258,9.674142503630598,63.473472612032054,0.9800998642542663,9.962417487718392,63.5074847378595,1.008080694096535,9.530407399935674,62.00936538901194,0.9936393605972238,12.064712209725677,61.246130125740834,0.9979612205149961,8.533695705241728,58.940524759755604
1103,49.923879703406115,181.25588714416435,20.359261606691128,2.0,0.9937956734209542,11.595545345423188,60.72042560065186,1.0113858823086823,9.708149317300522,58.634109709076085,1.0042386889687356,11.899522600288037,62.5685895617399,0.9858192442874968,12.125757528883373,58.44390322858751,1.025211164070364,9.66867573922729,57.78277593050354,1.010939461783442,10.073075483378831,61.20105720821248
1104,49.934767930841616,179.32789713667916,19.45327582855861,2.0,1.0006863550680074,9.213788993801494,59.49456923538348,1.019143168845932,9.182142284348032,58.625632526798896,1.003462599112752,9.46488035223627,63.59799866536219,1.030957582083304,11.24613877730766,61.51299923096249,0.9980780339541122,9.316379429240273,57.13034098207359,0.9900479086015757,12.861300662137896,62.33949924649238
1105,49.970659700141866,176.83264101141012,18.721911082474,2.0,1.0165300311319723,13.744093938251549,63.8742687936078,0.987180435291486,8.679726083839721,61.32165958800226,1.008791080856464,9.28136727436097,59.52584736917741,0.9832211434152202,7.0320474173876155,59.155306137281706,0.9971282200605884,13.235782908366975,63.74785657525331,1.0050683666223796,10.754587480091914,60.210247644945134
1106,49.94880270457332,173.21447526937493,19.027784283042028,2.0,1.0110913183662773,12.268021284963762,58.62744957607759,0.9883208957317855,9.861937479569173,57.719840877442365,0.9471167405567613,9.193443739310013,61.30953719346873,1.0006468893008371,7.787087503871918,59.7479578135899,1.0780963049912313,11.214086322449974,61.01152104832365,0.9987485047322813,5.532218070310059,65.1431694316881
1107,49.95792101043171,167.8162761837721,18.983791985080398,2.0,1.0014246504959177,9.085467931315845,61.19186118722112,1.0055777414169345,10.960715974501898,60.29729910029682,0.9983533793057939,9.635557848125192,59.831033354955935,1.010301320484714,8.793070113767048,62.10415570210475,1.0042647228955484,7.9045671384085825,61.37539850748926,0.9969733225749932,7.525070798877658,61.08176604236081
1108,49.95166411613864,175.91548653335974,19.07216454780542,2.0,1.0095055507956625,7.4117659824490225,60.4008804025028,0.9436201444667873,6.385356165760667,62.42366915695021,1.0111761432122837,7.829856327749751,57.315443037332074,0.9763273372259615,9.13573402665629,63.87813178741242,0.9994397340119497,12.56913520465292,65.76926879349706,1.0244256859955032,9.890828773846549,61.667393027788684
1109,49.945896532030204,179.60033583532703,19.034477485513666,2.0,0.9768813627854247,10.459482949090523,61.50449895897751,0.9994902931258755,10.211387335573942,62.93904571991098,0.9771516336329917,10.36452047388285,56.845558515699565,1.0072204003578316,10.822678991125848,56.93909153358512,1.010573772410304,7.5904965154061355,59.520074690216425,0.9927849957029035,8.523616032973877,62.03426925775025
1110,49.932134042743456,183.43203736472344,19.877796801021603,2.0,1.0060154625105633,11.290887357168671,60.64390526575963,0.9924543111896783,10.123491630455726,60.25565712688412,0.9854438286028058,13.09292321381815,64.53237782185757,0.959308541137594,11.545733712439917,63.17483176820181,1.0030415830526123,11.225411762145086,56.95630192634492,1.0194995866624712,8.288310603093919,64.65146899419184
1111,49.95331156076651,173.78566128973227,19.254915323281317,2.0,0.9826140505041058,9.853575569532861,58.929557711735875,0.9913035041115124,5.190507972776651,63.39045739922996,0.9970158731386595,7.501399961572539,60.18434289664357,1.0302038961284274,7.67633023360406,60.264153664525644,0.9929415673033808,11.699172327501236,59.89231474286386,0.9872294994657033,8.709351579974685,57.41589732040678
1112,49.93819852795292,170.9122049371098,19.91379982564614,2.0,0.9801664995754429,9.758883498159552,62.984632709203346,1.0195299872845573,10.756287946266719,60.5446016950358,1.0079784928892885,11.26114850212796,63.47056668055888,1.0337569833318565,12.969941960495191,55.50093107897417,0.9987932273000297,9.478239698361147,61.93702136049383,0.9990565909236621,7.64166833381076,62.609809261414604
1113,49.9596872526335,182.02778619848067,20.6207695531257,2.0,0.973443984735373,10.894049367936525,61.384000279494146,0.9784910536241399,13.910732326590413,60.39613615625599,0.9885370363900914,14.44077940675814,63.66225670764605,0.9819567341644116,12.980997642966575,61.76168084372755,1.0056560610930203,8.050757108713062,62.8023819012132,1.0007270715808056,13.158790332212241,58.995216325533804
1114,49.949058306717426,179.6889018731019,18.811854602942866,2.0,1.0215345701077505,9.182770943955475,63.00210685853453,0.9704630200157587,5.346764149501903,61.2617373114573,0.9615904720981657,6.38901031161897,60.46705254012486,0.978318423717585,11.171899711616469,61.63723831953935,1.0018240607878668,10.365210928492566,60.861621836772855,1.0054676842025867,9.164428143785072,61.68245933134329
1115,49.940832439914,180.6850488292839,18.702589796399398,2.0,1.0013559609729508,6.116648822618338,59.591199574509346,0.9870403854320281,10.07577912474316,63.576717037048105,0.9785194447328148,12.478424117768359,60.09806292743991,1.0423253908475045,7.549104819564607,59.06198779588677,0.9650164169045138,12.364876208612152,58.73074829270418,0.9883990806178089,10.304908040131258,60.28366046705014
1116,49.96520974299254,172.44513278041558,20.405136902465753,2.0,1.0487705425572493,11.829232290870868,61.14705481651188,1.0236035080908246,11.282123282095792,59.98887832426854,1.0258022265415696,10.012524593037456,59.928934431705045,0.9968702668287345,11.697720527002117,62.2909365683667,0.9948976906445044,14.057200174364198,59.73678507972846,0.9791762090699089,10.683376147643074,58.906154041944006
1117,49.95008362726744,180.7593079731439,18.742426580773916,2.0,1.0161426605081616,11.168789490761089,61.64960032889019,0.982856936992141,11.49166697339339,65.89839187631337,1.007726010981235,9.95352308988415,62.71353426017508,1.0149429273935606,11.218797905169401,62.24719419361455,1.012083522593942,10.122800990070267,64.56739280156701,0.9630045812793697,7.389754138426396,63.56044552996036
1118,49.95942593414206,174.70531755198337,19.161758763557025,2.0,0.9680655247002,11.189329144402125,58.95789049437996,0.9782457256447181,13.925863260581432,61.40084149354692,0.9688623560966928,14.384064194288822,61.43685169033502,1.0056204190859563,4.9556806675499745,64.04273352231051,0.9530955921280819,8.095252295964023,61.59298578035457,1.0329574470540648,5.3186409357433195,60.14313747528876
1119,49.95376232381362,172.37886641924834,20.256466778712564,2.0,0.9606436844055877,10.221583588978953,63.71316319318704,0.9822311517493543,9.347457630436343,60.44115937071318,0.9788893444093499,7.741931383845312,57.50721707977483,1.0262119180404037,9.88172321837282,61.220817704667226,0.9768567779176915,11.384649973592172,64.44565167084757,0.9973513877377663,11.07223469699979,61.39975940716253
1120,49.961013699375314,170.43191453321035,19.471320980111965,2.0,0.9920095746255899,8.831665191675423,60.45951828631936,0.9913256337407867,9.964535373381702,59.01068185499888,0.9895844376856741,11.06379975299911,61.46028629776111,1.0203517604558645,11.56789224636507,60.68584247201079,0.9677726622123815,11.009925728808422,61.01690307548588,1.0099965957125825,11.282225265129481,63.120002310000274
1121,49.95607001872666,182.79626213335115,19.50647352818677,2.0,0.9927309529692196,11.726718410409122,59.428184521399686,1.0097382891679723,11.398030416851034,60.58387790453415,0.997539661271463,7.574275071108476,63.77440639705587,1.0138788980951272,11.70032245631514,62.57108080021958,1.0037836269688372,9.42618530630573,64.28326310669223,1.0112201350377596,8.393604422918365,62.51239193980257
1122,49.945932089925634,180.13666635925958,18.726125913032508,2.0,0.9631841688507096,11.04896585915396,61.00289362225802,0.9968943373761044,10.29600566803025,56.52419092085423,0.9734271301883987,11.221158333594802,60.48327244448419,0.9757972066179362,10.590419109202603,63.79529777818389,1.0054896143500383,6.456911474860486,63.18291462419254,0.9989305767302222,6.880540793411364,64.15005610170763
1123,49.94900262230308,178.99285433025767,20.195609227785006,2.0,0.9934172488181496,7.626874314833647,61.03481402011399,1.0132379816663972,7.525208479613289,64.15574443057845,0.9937556241766887,11.07058748862236,60.24534435312142,0.9982883726954728,12.288392854902678,63.97657793576415,0.9938187699720061,8.870527441507628,61.696263572858776,0.9905292582214631,8.99415272454064,58.410692578077054
1124,49.95081216254451,181.345524547408,20.322193696842433,2.0,0.9770077547549085,8.598327012517519,58.44652621776345,0.9874123693310976,4.708767162397815,59.72837981329739,1.0003725399406638,10.349518185885513,61.435966232946136,1.016713087956682,7.804051301744005,62.60535160235458,1.0281935568449903,12.64238069497829,62.209187990017696,0.9989100519339628,9.48297883481668,61.016821708838705
1125,49.94275631950283,186.08423983419902,19.940014719778983,2.0,0.9688586932188515,9.25229558906399,60.34319663933157,0.9889435999162792,8.270369003467875,63.759827552721845,0.9642843253481893,8.690694391431924,63.83355607132655,0.9999704581519573,9.590583090964754,61.11078637846033,0.9873319067204376,8.052909382758592,58.2699689067231,0.9744557004033668,7.569155701454067,60.82077666692183
1126,49.95506601262527,170.21099288390297,19.13148269402885,2.0,1.015374334345718,10.118436357911186,64.19765722941506,0.9747699358382755,10.59765575438638,64.1656901864848,1.016292952021321,11.068098671256568,63.89686675184879,0.9829185996851129,12.264752941150231,64.29043891701681,1.001335923544475,9.92483996353435,59.99058673073071,0.9815040083985805,9.819126924642957,63.66989679851713
1127,49.95143675878266,171.05719321133165,19.026917562604154,2.0,1.0070331182457375,9.134214733771588,61.05375704935557,1.003376545685553,8.881126621225103,60.478418839462755,0.9916594080359459,10.113637945408117,57.87752681202999,1.0016074389329617,9.859878943846832,58.85379615041018,1.0255452155419003,12.576445670094143,62.31110394616425,0.9973730929778295,9.502251654404729,63.64448031477465
1128,49.93318798055155,175.70769544850697,19.84614891965892,2.0,1.0021558783791287,11.319409966924304,62.16429563301891,0.9964530018618891,7.956468583676084,60.96554682372567,1.002812655932017,10.360057553333823,64.34752934280255,0.9923505417816018,11.577465287820583,62.295783233586945,0.9960261397784297,8.509117066680691,61.53766393322323,0.9947852344473483,9.968164201312385,61.98694543316986
1129,49.96288635494676,169.51765580140133,19.492900242656713,2.0,0.9675874640714575,11.473761977809136,59.410962282042796,0.9947840209966745,8.650257300541996,61.8168821872191,0.9986414564005276,9.732369496342262,57.879104703398404,1.0010074157101092,12.760016157652142,59.201869992981216,0.9941630271080304,10.641159998993507,59.732044464337555,1.0192007730188277,9.948165010953131,62.330396273352896
1130,49.95655465585035,183.085968343258,19.81003950624067,2.0,1.0302858531250079,7.350668638239514,62.237351308733196,1.0104144316390324,10.420130015243096,60.135152401494665,0.9770704174757495,10.948743812665299,61.096538611751875,1.0248759602261701,11.413589189291764,62.81009786688256,0.967868250679117,14.212203641385196,62.953107368229226,1.0100855804361188,10.325787332244541,60.54027976640398
1131,49.93831418156202,173.83279409159758,19.03253725033365,2.0,1.002047471670569,8.743611705502484,62.9253366634348,1.048234831713125,11.077907056760173,62.4638135854756,0.9890537566986087,7.168030410659731,62.34006293396728,1.0279191062610673,9.421665407569249,59.83524906160445,0.9962835610410358,9.875912554284259,61.04127409205162,0.9972026673160088,9.400057189660265,63.806608707159185
1132,49.935252908642504,182.65332231184664,20.299839428634776,2.0,1.0159323659839148,12.787538089471756,61.976058070752984,1.0117924388517159,10.593501520373607,61.38797212337016,0.991571346415395,11.029996927499909,59.823931861988726,0.9894412338110407,7.448029683319453,60.02009456377296,0.9890918433867486,10.44664643794068,60.883866523645025,1.0088541450370188,12.515097353896396,61.45961232237584
1133,49.97973191010903,174.27955455867755,18.726072459481216,2.0,0.9859472236270891,11.810387291247041,60.588254013225594,0.9934763849785658,7.590340387893411,56.4754647668883,1.0058682382932114,7.347753126895196,63.86184150192127,0.9664986692392727,6.697611662392498,58.65658802644823,1.0060869609098497,12.274438725926691,59.871427040354206,0.9923262566867411,13.62342826499362,61.69980246780485
1134,49.961073379301745,173.54447138032015,19.761853123891363,2.0,1.0234438862427975,7.860046221684204,64.97031745079524,0.9691752932314058,9.142367328729522,61.978698148572924,1.0025293783995533,12.7280773691677,61.79782729498453,0.976689480197,9.739667255132947,63.07319032161593,0.9966907253011849,10.976964113626224,62.22462980031739,0.9684629694449649,15.920618556360438,60.68535811765883
1135,49.954071050770786,177.29972922456798,20.454971297375923,2.0,1.0058032374399317,13.59435674882267,60.57612474020029,0.9760485221435168,10.91452196096885,61.52708615077041,1.024111736349103,11.364279143382388,62.522862174860876,0.9855080306886811,12.692136063861776,63.53506339518108,0.9861589346491918,10.032986288654737,63.52782052814915,1.0581538398364698,10.666010566836457,64.68956145539455
1136,49.94726437919968,168.0560452770527,18.83463367952756,2.0,1.01210039345123,13.65780337843764,62.77620282270195,0.994203252023946,12.257218637080479,62.8450513387211,0.9803653941539109,9.25964377507007,59.775158715516206,0.9846291696043239,9.495918970179407,61.393363831601086,0.9806134572022239,9.138644532831288,61.59161956217794,0.9865500729753925,7.2826615910376535,64.39691877084769
1137,49.933284367959665,184.3747071174592,20.232764871249568,2.0,0.9919059135744046,8.873753573561428,59.784606463398035,0.9870765251905432,8.771963709593162,61.58153377396874,0.9780176465718844,14.027654269183213,56.82955108997998,0.9838206317047963,8.358579279058866,62.71245028360094,0.9740494410179599,12.828165226596067,60.748286230469105,1.023931452276276,8.872382941726658,60.034092498493905
1138,49.97342209032069,178.36408319449492,20.417833453377867,2.0,0.9345047837298746,10.129196487537675,64.587713268694,0.9961157259970135,10.420442667505107,61.739762342862655,0.997869467171581,8.423936134242227,64.3294809856408,1.0087318795230367,7.148652506602355,57.07854480869836,1.0137502126248894,6.798636469689329,62.65030835410869,0.9917296199690498,12.632710914651856,64.22285536114775
1139,49.96348169272279,170.31089967774733,19.27403140473891,2.0,1.0094050597890474,8.482633369253044,62.537465987266465,0.9980161221643992,10.862931184837834,62.639167407697116,0.9863944342370681,10.359176649908846,62.40796692660905,0.9944384764694143,11.011842051971495,61.740531545366444,1.00761022113918,9.403791919712216,64.19446797039463,1.005286436091073,6.294617381821348,61.57268339877613
1140,49.94528076789534,181.9092733512039,19.495094110187708,2.0,1.0037481570202516,9.98758174809813,61.476556038969996,1.0000744965710286,10.166247086951804,61.04962640450391,0.972536141765501,7.586016171571684,62.77347641863872,1.0479175559601797,10.34563428372937,61.14270030156508,1.0008041162144876,7.417402426406191,58.52937133681574,0.9982097056376338,9.186436705704084,58.495849044799805
1141,49.93805719687726,166.89413548788366,20.085226695115402,2.0,0.9890889640892566,12.10416052026483,61.33471390796994,1.0099376756141283,11.859981698031639,61.93711716856448,0.9966841878195123,11.793772412886755,60.0392447275215,1.0078358057846284,8.535131286382917,59.742043991001445,1.0136873342380992,11.147213598508603,60.13248022288861,0.9819092887807052,7.07639545564491,63.5453092885437
1142,49.94887418176455,183.80753699026351,20.228729141545163,2.0,0.9907112188556149,9.69109021658934,62.96568663392957,0.9904775884684909,7.734553072669469,61.86360294490201,1.0280485192141222,9.440378750101553,62.46194604301653,1.0157138219401256,8.278126562686648,60.988647522026746,0.9730949334428486,12.989481577211404,61.18525240087604,0.9668330856267111,5.691084816886203,59.97121646026856
1143,49.959472570921754,167.18040119343178,19.964493490536434,2.0,1.009824994542256,10.77237426098496,58.301907534111926,1.0275233823245136,7.711922942054828,60.75223409177035,1.0197329393912153,13.302030441572033,62.50822958821588,1.0150492497263903,9.085586575475775,61.61840007266334,0.9946176293393714,10.024681594702097,59.63907253250992,1.000360627547483,10.229047812401575,63.31337628428648
1144,49.93983695470369,177.82199922026624,19.356850067005567,2.0,1.028146956293705,11.425264250297392,61.667922765154465,0.9876853202596623,10.195913631803984,59.76306789008193,0.9980854901487137,8.01914687379168,65.32411231753908,1.005181011098409,9.035746336727238,60.245781115257124,1.0154943114680384,13.153647999296778,60.26243012795664,0.9612515533028729,9.099024674494485,61.22688435665164
1145,49.94933110274191,178.44994921571254,20.062487161298776,2.0,0.9963968096591617,9.266780323184292,61.41137960990034,0.9960875696666383,10.301758441681933,63.95689684499981,1.0244970376476823,8.241707834620069,62.29330503525416,1.01353949179483,8.668852909842135,65.24038681980021,0.9988791101812909,5.811739969990086,61.481906733334746,1.0371553148115387,9.832269281267822,61.02531012773673
1146,49.95258510308285,170.03122835467647,20.553120194731456,2.0,1.0023877583994776,11.8746408912552,61.61304477958566,0.9763077592936883,8.648870199769892,63.74462951579654,1.0030463834810022,8.468416904540758,62.34595921484402,1.0497923018005593,6.806806313214309,61.58514896291608,0.9973059507970196,10.814091040650421,57.061851086627215,1.0066892186931948,14.438014682703617,62.30457955511239
1147,49.96828580794942,169.38220768804203,20.51371267629197,2.0,1.0097335203335804,12.81254669236598,60.09606555476278,1.0377835897569843,13.324849319883695,60.787023781275764,1.015801102074281,11.509043724673182,62.637305307584484,1.0231385731057325,12.15922123082344,59.62222749979034,0.9907096436594255,14.15010160678016,63.96129775814063,1.0008887571473928,10.480485030181526,64.42441550041009
1148,49.931339872418604,171.00978040828156,20.02441378468191,2.0,1.0166039636291497,9.119060239813162,61.427196350349256,1.0104795922554433,6.680964841070207,61.98081588649101,0.970439051779324,11.184059544348038,57.09579280197464,0.9927396762792817,8.81903531227612,60.45648703494461,1.0129180770148891,6.407324805638475,62.43249215410643,1.0000637581180303,9.66400917511196,62.52594253229729
1149,49.95376946876166,166.95677539903946,19.09540913292853,2.0,1.0090785332691663,11.93853714407031,59.17140435685018,1.0005993834326854,7.127532501680905,62.82072867620617,0.9647841863467836,10.712816450007557,59.377093729780896,1.0075215837451352,8.458097445058378,61.95842252028799,1.0636108968720295,13.532385349861798,58.21369107321684,1.0084337463037565,7.813487581542698,63.29476596104103
1150,49.963833200630845,173.43062092653793,20.012551746691926,2.0,1.0252432109314227,8.42519013166605,63.27212927598525,0.9576041409995923,8.272333471655983,60.43579347380799,0.984599645008473,9.391436448109378,63.16585298671318,1.007135957176295,13.298482226270398,62.04953815751688,1.0207129136621926,9.828361285752994,61.82475984452207,0.9802853039895754,6.279324431896473,60.2318048448327
1151,49.94933633170492,186.0248315739864,19.28624315134764,2.0,1.0348143823177642,10.165008833789969,65.73683116339413,1.0339960551034448,11.687818736789556,60.34106794293052,1.018886976608594,10.259050539021066,61.80036345377519,1.010749708772508,11.93306854131535,63.14748129881523,1.0429334827544665,7.77069461976331,63.25508300205656,0.9828409149765471,8.35474376261487,63.14270209428926
1152,49.97700943946862,179.95760899298574,20.53887667395988,2.0,0.9914938153505757,10.457478281156224,61.88840888061099,0.9749598311739638,10.445305323542403,60.3238432009234,1.031132777314752,9.888356116037732,59.719939534273,0.9759434168414081,10.848493352690905,57.17973344704032,1.0140512977261444,10.576065954584227,63.78076642453353,1.0236021923410903,8.28229419936548,62.40788030846668
1153,49.9572577312405,170.5979919767094,19.679578519906396,2.0,0.979604228678776,13.152722322404005,61.05023204830977,0.968920075467518,11.985237038300925,60.31350922305688,0.9864273052477849,9.038321719533668,61.55284328407936,0.9799136963612042,11.516304767102495,59.996153865599645,1.0041108018218512,10.216132987064196,59.881188701919456,1.0195727970682011,11.625328208563985,59.76159860686521
1154,49.9550343195794,171.3703306358498,20.128738856360915,2.0,0.9865071928019823,12.828582353648972,61.162005475905644,0.9839680417313765,9.734435195904506,60.29266349217097,1.0324350377199702,8.81873198974317,61.281492906459015,0.9709789187887037,8.740372498047224,60.577337492622696,1.0173437220180421,8.865864899294127,58.67706086584982,1.0090587348318456,10.202385787254329,63.71594020735755
1155,49.93968075295457,168.22418091346526,19.39962998350074,2.0,1.021538457725281,9.339575425220808,58.22942391761862,0.9840587360369096,9.45265264929881,63.03715273460356,0.9893162792797876,10.664044875667143,63.84206642603982,1.035125389670031,7.0786424606222855,61.1526902263956,0.9838055281530531,11.23246918716871,61.55002559494579,1.0496651096975107,8.736450321945902,60.414989602113394
1156,49.952599016904095,180.52054631961948,19.196146864069984,2.0,1.0228742629459118,9.581619132864125,59.68609566021601,0.9903056197129858,7.8601719791123745,60.17635051369729,0.9734968312282755,10.567011104130891,61.73873031369464,1.0057541130142207,10.665184410092712,62.23155875902958,0.985919519732883,10.700678674476553,61.316598819254274,0.9861174065819611,7.270629998058057,63.930984440492
1157,49.960673007474945,172.48635137780906,18.820617717919607,2.0,1.0074097239527167,7.096650456375752,63.68731363487899,0.9805570407988871,13.64143615067728,63.16366623982379,1.0183849863640295,10.498897711477753,65.14928186312957,0.9873778934265334,7.999479214993382,60.70232222988176,0.9860617900565964,8.705754540839447,60.94865569377946,1.0085014884183283,9.100558876837114,58.364421638380875
1158,49.95521448648475,184.51085988285604,20.473190042252465,2.0,1.0060125055413973,11.55869171114307,61.76824709089112,1.0117187946094899,5.385192415705038,58.86389353103483,1.0043766249766048,12.499380902610838,61.02584986643888,0.9979808879789177,10.19795651533183,60.82722388431856,0.9494975069445698,10.427114639450748,61.93438296012951,1.0301590567003804,7.5110216707629025,60.00495455044193
1159,49.94512859486767,181.37452437416107,20.27867138746675,2.0,0.9743453767919192,11.068207750989806,61.902068194865194,1.0221611313284131,9.64548760821633,59.01374771510992,1.0485252417866648,10.275050771416648,59.103229915543835,0.9855435169117943,12.49061674625189,63.225064548420164,1.0452203627858212,11.82081975357102,61.53266893985483,1.0216601070856686,11.84615723585291,61.46325384253167
1160,49.95629509544025,167.17824543153338,19.920362350048226,2.0,1.0097454522310985,9.786589389942629,60.50855077074169,1.0188632585255697,10.381445910292097,59.70833633157412,0.9924846331170248,8.004161533269308,60.358531827244924,0.9713448500528592,10.774132768566504,63.98020977012915,1.0116327923241923,12.057307197469722,60.922588189890725,1.0236642349408727,10.795107157002278,61.44164056028652
1161,49.95322750405414,171.78144763513984,20.573791742980877,2.0,0.9911564945887092,8.892610641751876,61.13359845779043,1.0299845511888015,10.70543182314382,61.95367739848729,0.989314523417352,9.387846311840457,58.73347305291246,1.0048407120018967,12.564212510949474,61.923099903160576,0.9833908914298407,9.885278277096791,62.083154198446685,1.041161863473633,10.857645039964616,60.80892941440336
1162,49.95653373044014,172.52003762250217,19.872738969115133,2.0,1.0063618794781717,12.052115994065687,63.19037536503607,1.007901526734713,8.588445326305761,59.84548150566226,0.9927620676040823,7.9320235912378685,62.50075657844966,1.0274775761943675,10.216877580197187,63.40888314617024,1.0168644466244314,11.00927148166379,61.85447066368012,1.023946183110973,9.72259054362161,61.18924610627639
1163,49.9665616660451,184.65114252067485,19.201198168196363,2.0,0.9903287578446911,6.478781519652288,61.28254658910743,0.9787347001160249,9.03728893705152,63.75634325530332,1.0140955205807687,10.693112130770208,62.00531084621686,0.956274583069517,6.145475951138247,63.01124747397403,0.9903707032727281,10.59875596866941,56.9700142851116,0.9899824819436588,12.968148904174821,65.22188550342801
1164,49.95913367920002,181.47665203609233,18.75574763741131,2.0,0.9753514397543478,5.869072348195069,63.151558774477614,0.9282801993713747,10.99167138543082,60.63497005437867,0.9982707836129955,12.407903794308465,60.74276664209923,0.9914170392067387,9.272652241901524,57.8919527008473,0.9916268889844748,10.514409092715336,60.75546265399773,0.9868005066634284,9.976807016647678,61.49198858329224
1165,49.955166094247176,175.19843228192937,20.36540809969461,2.0,1.0279588691751465,9.096641416180224,62.65958173745037,0.9448977731341303,10.031445675706417,60.717401780294736,1.0115365798605105,10.878048631109067,64.95557426374417,0.9972044779126872,10.709067844829093,60.00393462692041,0.9879145721273437,9.067072221445239,60.350229248971345,1.0053488492275053,9.74157448020611,63.23718222369879
1166,49.944546032207924,185.87833785772534,19.662718065780545,2.0,1.0152718326038763,12.110673195133355,60.46763465246475,1.0107133752953135,8.083304504748268,59.62814610939644,0.9964627150851224,10.971477891620642,60.88455092983377,1.008283676737612,11.304226087265956,63.390373708807005,0.9967632653281658,7.598256589856997,63.457916729100816,1.0014758359249418,8.223329755619966,58.84116528069674
1167,49.94209623501702,168.81562342978447,20.577434855903544,2.0,0.9470276652247956,9.184114053314962,60.57429021492922,1.0135680535371183,10.679191461720055,58.5750623496861,1.025652153945511,9.559284672108134,62.84836565760046,1.0336423165068451,10.575863843040299,58.90125577773559,0.9659055150313249,8.229335632923885,60.36204576080704,1.0333856124844867,9.470063489228785,59.82749167068207
1168,49.954726341470646,174.85713742796804,19.607996783762843,2.0,0.9912807234860557,11.758984636958955,63.74563145963802,0.9897989210013681,7.816119137983792,65.80163883342541,0.9911129816414151,9.676050306535311,63.36910194130277,1.0012260491608802,11.642337688340955,58.294184575945124,0.9801332686070847,8.198884668777291,61.71702028033902,1.028533108486557,9.170436687211712,62.77491624845613
1169,49.94677064266795,170.20862734790572,20.54389170986435,2.0,0.9852747405865164,12.513615066906556,61.12104433691791,0.9679285694792601,10.549555525062084,61.59834194807109,0.9904488152686501,10.510830883731524,63.36231258223699,0.9996575324435909,10.256911346906419,63.20373939362567,1.0099434585383775,13.19057329588385,62.769490533875555,1.009642510710881,9.92526347493019,57.446561680940775
1170,49.98078845555941,169.4335251030253,19.176679868886414,2.0,1.0083336928257403,11.523970977413807,62.50416129097456,0.9474617635758613,10.117236270944248,61.16903383532912,0.9968140257357894,10.923152835768269,63.21612724230144,1.0036356690839165,10.706795345039543,58.02697517999254,0.9889582436444743,6.057210315002617,62.8462266295487,1.0095943826855958,10.557924199325083,61.95319489841505
1171,49.94785960156692,186.00775660677994,19.029771122445567,2.0,1.0096384427380394,11.74393342107163,62.64608710654793,1.0062884250419992,11.589751070380107,65.50105797051924,0.9992239595137288,10.312739543720292,60.68193590315689,1.0088715541925701,11.812460822477904,60.67229957107723,0.9954615494347696,11.217431459048571,63.28632584815396,0.9682930245055725,10.15034451371764,60.764017831078334
1172,49.97089953917491,182.2182041979976,20.26648164474196,2.0,0.9763789438691904,10.198004747934412,64.99712314094388,1.0114621345356931,11.038979107250457,61.52338142062015,1.0493474080369198,12.252828590861531,62.37282453644202,0.992302806459496,9.407771611718013,64.27030477344648,1.0153935674343593,9.571997138451968,63.06793239294156,0.9832047347545813,9.30352188380448,59.528632620169596
1173,49.93941428356446,183.1681623645764,20.632504383608733,2.0,0.9614513489562361,9.094262882563076,60.655060061743455,1.014109132662961,9.260872968942596,65.05225505636254,1.0169375266287286,10.280052703112931,62.10857166907509,0.9868091530242553,8.865585903112418,63.81963037236804,1.0082055851529177,9.2207398238538,60.22205388917722,0.9949330132722852,11.088784501225376,61.00669735434747
1174,49.97027598640509,170.42998359692461,19.9747342762737,2.0,1.0036699760942307,10.653845036331901,60.858980828990006,0.9900822013416486,10.368138071878704,60.00863003264163,1.025290628075716,13.240511147587256,58.75717521127485,0.979348968808027,9.016027096795078,64.03553753586107,0.9804168964500104,10.796686680868143,61.89390496296275,0.978677109649414,13.975176148754166,62.56399800798434
1175,49.96170788398388,182.73004462597143,19.229921230521985,2.0,0.9914157279639717,10.417389977432586,60.565654541348316,1.0100603236212282,12.00411833344464,61.225462072999136,0.9788057549832433,9.189656964090354,59.97989654024313,1.005874629038386,9.220491061471158,60.0067610208192,0.9889764746560693,7.581948892498451,65.0351319215167,1.014966264052342,8.129509976855456,60.80934690734899
1176,49.9620622679612,172.74644187330526,20.622771665857318,2.0,0.9943811998943504,11.606300392360057,61.877963376554426,1.0044137463582103,7.967713018744302,63.469915929175805,0.9944828590689129,9.567334202184004,60.78947196929928,1.0210403397086174,7.343719929999308,58.213590883506036,1.0072532656587982,8.815410611203047,62.945763282639824,1.0072281699891301,10.449845556821781,60.5004772054119
1177,49.96518598169243,179.97952342509825,20.305383893738107,2.0,0.968639340699888,11.409046726938442,63.02352736247239,0.9960469080524964,10.006816737190839,63.65791435575213,1.0197503819010865,11.898860608384133,63.493292695682456,0.9670493243679639,11.53829648019739,61.94997074337618,0.9612096784375626,7.660689213625101,60.178936302533764,0.9857253091702418,12.364073042706227,62.25552114769167
1178,49.957168020611974,173.19948289474615,20.01088301686045,2.0,1.0245922200844517,10.5113379064313,63.13723319890709,1.0053892383227916,9.392482351239227,65.23650517731758,0.9955516249164788,9.86454015254513,61.33413604390855,0.9933704151949156,12.020414315534412,62.7468197854812,0.9778152107725783,7.16966175948933,62.00477609844175,1.026032029894246,12.800253420161107,62.85760633634836
1179,49.963866335629284,177.51160346070878,19.029280797987823,2.0,1.0142191995498226,8.534805705288237,63.324921050449774,1.0293651538918642,6.4716176881873215,61.93657463674261,0.9879562171376819,9.271004243751754,64.65465930024938,1.0075629743089265,9.883509511228052,62.8290232770292,0.9989583691398058,8.198346268719915,58.666182556862225,1.0169561731689345,8.163942403848054,61.43272877963119
1180,49.97326326533921,183.04135303766185,20.054938089895685,2.0,1.0092227207293554,9.489732077504486,58.35912152563812,0.9935056082221945,14.394431975328498,63.38147607562755,0.9982198232895456,9.810888135105195,60.0730791011711,1.0071402768182731,7.986166036736282,65.01447002025634,0.9783568564211966,9.948559978146992,60.65872571578727,1.0472053263651961,11.75593520354472,57.38913569217614
1181,49.95044150483008,177.15198528690968,19.590447117861036,2.0,1.0177458969816677,10.046821987272514,64.24074444919982,1.0001329937965422,11.120033984519226,60.11224717554253,1.0069750265312283,10.144866832362267,59.5707294082965,0.9919515219945838,11.657539663057904,64.8349006476456,0.9894263169649071,11.934758203252356,64.37106416134638,1.0029007763516222,14.103936031331497,64.26975807471838
1182,49.96558484227392,173.50113898449845,19.87370994637013,2.0,1.0021461402196572,10.047047974257309,58.66816225123568,1.0022416618483283,11.41774165609201,60.78751078600459,1.007090653370059,9.889523605337434,63.481569218633645,0.980232765284008,9.676469459675223,59.69086821850901,1.0535722938852885,10.370100550559432,61.75994624502487,0.9883638861051857,7.245915081785718,60.094002770142254
1183,49.981226934778675,185.6765149439543,18.676048851808215,2.0,1.0042592414778073,6.3577342079569386,60.14351850013607,0.9818180442465935,6.864361341277921,60.25464680490876,1.0152657149352264,8.150048930448545,62.85050235680448,0.9826608485402334,8.181793824000989,66.14900734567544,0.9913415309537131,8.89151717923734,59.94711297775239,1.0171314241664031,9.084446928789161,60.78682530906499
1184,49.95547415406984,170.68900110798083,20.52958183720513,2.0,0.9821672091384248,6.1994034969428125,63.5831155190113,1.0136557566758986,10.876471380681956,65.23524529416038,0.9860446104975333,11.182938724748762,58.92668690141655,0.9941594536790109,11.920344697385849,61.75069238192952,0.9848366181424715,14.230145338956039,60.0510959832227,1.0218421858061282,11.426585388332988,65.78076603841633
1185,49.96050777113295,177.5552117203684,19.23430573450783,2.0,0.9881944941891959,9.60617113481431,57.77192044602659,1.008811421721942,13.126334115198679,61.97111422972519,1.044210230808184,6.778588743949937,63.52790938222839,1.0223358437334642,9.68194321737701,60.529002107592476,1.004649433698111,10.476217524234032,60.27582379502482,1.0202589901961527,11.357218741668246,64.88724940167944
1186,49.97482477603146,172.8974020638741,19.297569249973535,2.0,0.9877307627607256,7.220896015091047,60.534274453833085,0.9702684754530487,10.51142309388537,60.178122656555246,0.9917054608690319,10.779876345903014,60.295336767062835,1.0049884499386292,8.046923256482122,62.669172048176975,1.0036039566179635,9.711216261544905,63.90080217591129,1.0217917582121339,10.939313339186482,61.92141564120085
1187,49.97463323656272,185.0647447497912,19.238680665503193,2.0,0.9941100437757652,8.359766069582598,65.4286624940838,1.0216682527897056,5.6675235716536125,60.02200949141543,0.996941378438633,9.571443281446484,59.21303793234663,1.0178946370235058,8.540820389720265,64.98576886463175,0.9923128895335663,8.280936106224445,60.25316023458535,1.005871554891153,9.60695368759185,63.92993153971794
1188,49.972972587451466,180.9701701512921,19.88187576698352,2.0,1.0087765974847767,9.753641439203152,63.08212093266396,0.9903028230929231,11.526863878905083,62.79983170599563,0.9867890164827796,8.946750112978133,63.35350202634113,1.0215099864220867,10.697336733650154,62.187978713034006,0.9902805189237108,9.79197763660953,62.50901048797674,0.9876756503606988,13.850357409976095,62.58138621885978
1189,49.98336594900342,173.19968829173786,19.30994229392591,2.0,0.9869477361972596,11.443100629643396,62.29657772616959,0.9370255548591611,10.813987373283515,64.04162594516097,0.9739957137188151,10.559748065928865,62.07927662646914,0.9696528045080652,12.311613952813516,58.21464541075279,1.017360354498152,8.711712150533309,63.13815988574876,0.9840664222362383,10.777715101722816,63.540125133420105
1190,49.97399233494768,180.26986199896666,19.76523242186446,2.0,0.9861515727184824,7.958308125345527,63.83244476844917,0.9888724796202959,9.707466587376697,65.23507786170848,0.9929262408050865,10.901585922748945,59.68369800389366,0.9640248989197888,11.522743455467161,65.36656794520319,0.9708183667722029,11.532201885325899,58.72369663341046,0.9833474343105484,9.784330636517645,62.84012008744837
1191,49.97745013781753,175.62622681428132,19.46406973775469,2.0,0.9708775068454706,11.567813260836875,60.40131959892026,1.0273066743997645,12.04812166167761,65.1263119587003,1.0167834340542548,10.00066121415092,61.56648982316704,1.0102328261025915,5.570669032846494,63.97813412508761,0.9929030147079644,10.12115144925327,61.70260077342794,1.0118734297532246,10.228226264074689,61.39263769313187
1192,49.97755687423395,166.44226202407978,19.403478245621287,2.0,1.012193422346002,7.251842542400011,65.80701648397869,1.0029962276855038,8.27757558110167,64.00673135698324,0.9584542894819065,11.46309992428737,63.75294508126598,1.0263332677068107,10.547141795051777,59.68414331260651,1.0137575781193378,15.146167852394152,63.960035284021465,1.0308202508188313,11.374473045546402,63.47482131903845
1193,49.976913206799,170.46266463297934,19.35424538765298,2.0,0.9991997274858687,14.017951940354589,60.858850559300976,0.9814993822883248,10.43373433482811,61.987314850877624,1.029190407502025,9.298868476937239,60.89066486460059,0.9795126531034086,9.239619493542271,61.91701445475765,0.9862500777838855,8.356482272941713,62.954337789711396,1.0118723798975877,5.181335075024146,62.974526526065
1194,49.996548700677224,171.87950892356554,20.20822466231372,2.0,1.0196337799738293,10.744948035084947,61.864423426051616,0.9625305216741058,12.167357005179458,57.53230139687396,0.9831061359626265,13.969377668942915,59.564472051299695,1.005362656504348,9.145795423239571,60.61469003639174,0.971843469848536,5.831897573500066,58.48346556624616,1.011954671610487,10.965408085122318,60.171738228044404
1195,49.98659732685711,172.8851863250649,20.400967598113873,2.0,0.9806271563104424,6.393783383671421,62.22842640879864,1.0376926327207234,9.25008509033009,61.47580636217402,0.9917900992374572,13.178855764737449,61.68328409078174,1.0057888992595279,8.0466891354638,61.83547544509119,1.0119129297886593,5.685851557102117,59.67738250622312,1.0118187266393819,10.925650623718973,64.23230648265863
1196,49.97611017800815,174.61886425405646,19.01822605803177,2.0,1.0070966812700273,8.25447997221444,60.55449007089713,0.99376065191941,6.626958539254742,61.672583098206346,0.9839640483215161,9.92683884025929,61.85447157949753,0.9987507843611299,9.539818605397645,61.82032377006569,0.9996534237966747,7.51409403252661,58.20033789930959,0.9818799160534304,6.511159803091182,62.29702713785371
1197,49.96708527545451,182.39148466697105,18.955170811253428,2.0,0.9855499036977668,11.427838627362505,59.73359396161791,1.0087692530813226,8.637123302277287,63.276245131966434,1.0124844771743424,8.6903330050705,59.249010995891,0.9936791655604683,12.9184006704994,62.80453597863416,0.9636962956905404,11.296905217466072,61.80045048968422,1.0001904668716275,11.493928365094462,65.45046177390643
1198,49.9785226371441,167.8196376118754,20.550666618647394,2.0,0.9897891905512375,9.106290037263259,61.48705010836434,0.9876525070793531,12.212111979758292,63.52279458058036,0.978799828388036,6.6675359132766525,61.8289617031739,0.9914687848419889,11.827206367175723,65.72785658830826,1.0108088421425716,12.124349152833588,59.55962088203918,1.000744043165604,9.106234313907306,60.00109028193861
1199,49.969070401037506,168.43642872355724,19.727343175201526,2.0,1.0291211198420511,11.802853258472226,62.105323838720714,1.01200654106613,10.74326825326808,61.878767650079496,0.9879749412311734,12.15718509196018,59.97093491444745,1.0035422068408264,10.755208114902954,60.72289314108402,0.9966308950065634,11.589305253286174,61.83211812069557,1.008808730980436,8.773963727217161,62.71248072833184
1200,49.9771159500231,23.07003167899568,1.7229226018919723,0.0,0.9816054867998527,8.658125732702878,59.49997282636331,0.974493048992998,10.684552227236063,59.27844562847229,0.9973775615717733,9.143365827994925,62.239079480598186,1.0146322394692513,11.13502712783681,61.726044186392606,1.0428916621078868,4.455902908144095,65.54170721867189,1.009023375523001,13.869765185718899,62.22540312897585
1201,49.960062240222136,25.3118990965838,0.4790588910521354,0.0,0.9782586980552515,10.992778239468993,62.54599585931199,1.0273037224971562,10.950460989885883,64.78629558114939,1.0038969419745718,10.289414802759104,62.58860810082317,0.9975757191235649,7.714406601886136,60.78416661270205,0.9609103074896895,10.548974855326975,62.652069798425615,1.00421349392738,7.34912545943243,61.702420293507565
1202,49.97534225209795,31.514161286020006,1.3461001055938997,0.0,0.9851765271881407,8.92457900101797,59.915208732428226,0.9736980582635414,10.408076425295702,58.65900804170207,0.9886465669618634,10.650729089150206,63.922076531901794,0.9908868381034543,13.69093470747886,64.83974418823117,1.0288805390069746,9.40651624235171,61.804444016375164,0.9937082751179349,8.544682759656737,60.21713763426754
1203,49.9736365792884,27.494308084697305,0.8442911853408661,0.0,0.9725773512512556,9.255602421081225,57.283842577289846,0.9653156708489533,11.00660566074839,62.201554279432145,1.0024001644020009,7.6006347262932445,61.87480653137075,0.9993241220387559,9.64401727725642,61.32967867831994,0.996396809618309,7.50233350452552,63.594228495851006,1.0187517078221637,10.766643319999726,58.638191589182355
1204,49.98690638961574,24.208692324558534,0.6692398691540935,0.0,1.0069747675100063,12.52310141652006,64.87984773423373,0.9780098162998404,13.36142368191111,62.835873706488755,1.030134686005081,8.64280681111864,61.85559348634739,0.9868967925023223,10.155946936667094,63.9890267958399,0.992559811175895,10.326982409703755,60.28819625386615,0.9693502962140171,11.281276143708311,62.64459473893043
1205,49.952816512656796,26.084895359881024,1.8763687992968439,0.0,1.0183633972309671,12.160930449180825,57.197263985527854,0.9392130535891574,10.24178697483543,61.51949778079961,1.0269341875291549,5.460793865753144,59.00187447644669,1.0465265465637459,10.491835837881855,64.5680982802446,0.9978238707375111,15.569685597811379,59.93640979931157,1.0152105068885058,5.241539230957585,64.0353908070248
1206,49.971500461279994,37.48804529414589,1.6431378009679767,0.0,1.0038069501817855,9.704747223221425,60.61265896939427,1.012280218119224,9.48615519794474,61.784180189163315,1.0150922263021773,8.164262757282227,62.748281474322084,1.0244074538083203,11.853134891610159,61.356345242794546,1.0179827462296998,4.2777978544116495,67.35361420859851,0.9661783307508609,9.83506745476785,62.41448603824121
1207,49.96338859187231,27.420064904437538,0.3371330141455058,0.0,1.0149354747135642,8.993225768707074,61.12870616546883,1.0032910902968228,10.283758727212815,63.706365389300075,1.0102019197091325,7.705614064377938,63.2714084983211,0.995420642447345,10.66691165910045,62.30322137996378,1.0041504490742048,7.241008954588532,59.05059889671945,0.9909848810813068,6.754128601619752,60.65210092403019
1208,49.982053779860706,37.22314637944806,0.19604365728805195,0.0,1.017620484541628,10.026146081057284,60.27899616474558,1.0078903834721777,9.855809927396827,58.71175972329967,1.0113898128294068,5.465905552583269,63.65279540597319,1.0105998906831382,6.377082766965119,64.24688714662702,0.9835509935178062,8.616293929617378,61.67162615870182,0.9966251662117007,11.876971078365395,60.08932154880353
1209,49.99450473624658,28.494692001516718,0.005761673507588938,0.0,1.000460021742469,9.00715308522954,64.05579052564964,0.9820436070580449,9.514942402893189,61.14551469210554,0.9933883343806046,7.1488044604803545,61.68342084050691,1.012062271661186,10.053838491313995,61.512360695074605,0.9980129210613716,11.02627612661022,64.09765910734222,0.994700944433617,8.590051738818419,63.14004792768543
1210,49.98310093694888,29.495689884957894,1.073340848482977,0.0,0.9878430097279319,9.890479114970901,59.89755068993461,1.0128379625576591,10.311201087414902,63.048963932103234,1.0206707297727757,10.36970134988512,62.40608239512744,1.0007503702276144,8.722885381283792,58.90283179905404,1.0195486624425514,8.050011714891548,63.73112251483035,0.9909696524310563,8.295927486983693,64.6381610347511
1211,49.98779285795922,34.03093348944003,0.7166910102258073,0.0,1.03718220751729,10.596360982130609,61.54515852324762,1.030003619303139,9.478683734499464,61.76254046699797,0.9955473187495094,9.259534399536326,61.65103921626828,0.9790024818160266,11.556419615559118,60.24095060331042,0.998828362305759,8.341396624008295,60.132273452820314,1.0360750810050683,11.04144975915375,64.05448465415895
1212,49.99154236683258,29.965417010066147,1.7791991769462685,0.0,0.9806835150733964,9.022983082827732,64.90030004103845,1.0116558795272905,10.666236407351574,63.605446463550535,1.0216315102512092,14.022982999499497,63.95825022519095,1.036776682455866,9.587631746339179,61.16292931023937,0.9961371800388886,6.4773629846576215,65.95442064675659,1.0097288050323316,11.39993707575446,63.35778464593391
1213,49.966641941540736,21.91820964870095,1.0267276957318952,0.0,0.9910287435607427,14.1492780158792,60.83469507278427,0.9852563608559682,6.2063192771164,63.39997293926777,0.9651533768978375,10.4766040277138,60.92547551645382,0.9870535849852159,6.090264749762001,61.63519131616839,0.9987149616816867,7.17895158958115,61.537252991108225,0.9784414729141283,7.49481193360762,62.64811475616298
1214,49.99673860122207,23.803947143806447,0.4420707443969405,0.0,1.010337047032835,8.983056002565426,67.06554861006349,1.0334168029036754,9.292195397606744,62.55565451305623,0.9944668481966339,9.466641763903516,64.05211115235946,1.008154907411953,14.141715855634201,59.936189172795096,0.9733847319831493,11.203014596702227,60.64536242248984,0.9995570100977316,8.867932391949518,63.33967060669362
1215,49.966207670427146,28.18553606253198,1.5577134558052763,0.0,1.0137038512945782,8.532158192206941,66.64843108252431,0.987526533154673,11.011625473249675,62.24286324064001,0.9778897576049621,8.206790038383971,62.77686067531733,0.9884195321047514,8.101949153576271,62.90097202186153,1.0148227555308473,7.889119546220396,62.38859910645799,0.9765132092993923,8.029831329199004,62.95137507963996
1216,49.977981560490434,20.766483724157357,1.3179044272218108,0.0,0.9631879636208523,10.965143162597387,62.87293144597284,1.035520023985399,10.567651470991784,61.42536861617207,1.010159186951855,9.305850660281719,59.895202311693026,1.0054162634094572,10.515837223532943,59.515190708295464,1.0012443501569135,6.345439230575076,63.921415747468984,0.9765971250325063,12.111558024267511,60.792621143144316
1217,49.97997863816465,31.431659524266394,0.4428693232520826,0.0,0.9883174241588429,9.8812938756203,61.10951348191613,1.0024674704748444,10.042709272742329,64.27016128798748,0.9910538325311099,5.680199434692183,61.614104421033076,0.994248293507489,11.413342944742453,62.05731558771844,1.0247097024001541,8.308652595317168,60.18458854274288,1.0050579525702108,7.263409570836144,65.08825399718035
1218,49.980396571645066,35.686968019459066,1.0041606954024032,0.0,0.9972732622037782,7.664651369883597,60.516024590385506,1.016955625421283,10.01522570710033,57.795905234070204,0.9892740250450883,8.037343221656778,60.109589192799824,0.977127784970779,5.7192888655665985,63.946270894613974,0.9923543815189823,6.549736927109838,65.2133878151936,1.0209509802347914,8.468309827771952,59.648186278499026
1219,49.984831647349836,34.0345240439492,1.2621090819302871,0.0,0.9828578193836407,8.711620878281204,61.20526384892378,0.9912191908478863,9.625380113883203,63.404850316403255,1.0195666182320549,12.95462436902479,63.912688362034984,0.992539647782135,8.002904695176962,61.98011009640078,0.9827756114500517,7.50334807803927,60.04780901354789,1.0002200030584059,9.737707195396238,61.686907168551784
1220,49.9858515252559,34.67565354465713,1.730254175539006,0.0,0.9993766035614761,9.231313963328155,63.15913102794147,1.0124279316853724,10.601507305662501,60.69104184043775,0.9709279828451107,9.56476070558897,64.11965437897211,0.9899248136439038,13.026198849595843,63.61304770220338,1.018060770550903,11.435639106938714,60.44988692745614,0.9894803582947429,10.091987431537495,60.49466521866366
1221,49.993603044381686,33.36210099692828,1.8786300854649025,0.0,1.0113180185858277,9.49562505766618,57.72779906763474,1.0348449906614734,7.907465733632927,61.72779678618076,1.0058216022429445,9.813162984598938,64.5497816568116,1.0016950014400345,9.424104410016431,59.340447384344074,1.0283940796304072,11.059922001940407,62.19325217829522,0.971362109528773,10.326114731319484,62.41392426409568
1222,49.985536517254836,39.33921361189253,1.3053220788097892,0.0,1.014662972456893,10.768349041541242,63.4486558120766,1.0173319497109605,10.964588907419042,60.750791923603444,0.9976002720695167,7.481147232087904,58.53375548231849,1.0409991437531614,4.961371890850632,59.53377335652744,1.0102913310184738,9.659118106652308,63.6750431283879,1.0390363752699936,7.160015605031104,63.00705511266307
1223,49.97243549610731,32.27113584491373,0.1899409527318654,0.0,0.9696253775283928,7.8791122889718075,59.88769211449799,0.9792005723646242,11.758171287798081,59.47771920697662,1.006817368908113,10.0539381664055,63.85677582675998,1.0033308466868875,9.806269655641778,62.86752039845033,1.0314981015465465,7.263046932800458,59.9756720434435,1.0205022525281344,10.105113109595013,59.36125329620016
1224,49.97728605762322,21.065315671663523,1.2575098540091267,0.0,0.9920295425170413,6.126458304552921,68.4363096538709,0.9889864553603191,9.679286735536904,64.85991482510025,0.9722294467107472,7.6774004050149465,64.97303951835417,1.0256764710407686,10.95866165602062,58.705343929069514,1.0109217380057673,12.382876989271573,61.58009609031806,1.0172946712787214,8.703768896906018,61.26311388535969
1225,49.97650196948692,30.2955831040237,1.7858919011696708,0.0,0.9884673065929519,10.041847660051328,61.04920103919912,1.012750218216615,10.367984754921276,58.302102057647026,1.0110184635193198,11.02222738259774,61.198408170598384,0.9817264617920527,10.160037468377006,65.21937144234438,0.9853753258693764,8.817139866128542,63.769667436712865,1.005864333296427,13.595630351462018,65.54259369001913
1226,49.991011422035214,37.515501989171554,1.535479105427498,0.0,0.9950945455600787,12.310377664986218,61.731035918495955,0.993929845611507,10.81811385576505,63.45953481935988,0.9914699276345853,7.771357837647502,62.47646447207786,1.0470159559989907,13.215725272509111,68.0912112623724,1.000823764906415,8.528717231585574,62.864743880410124,0.9872034292645321,9.11355674423654,63.1712781292406
1227,49.99779288592674,25.178200216645514,0.6762837741732339,0.0,1.0233634050456457,8.637441632150136,60.66269054368004,1.0091747342340114,10.129119743581066,62.77030289127219,1.0420674328945845,10.073263477480452,66.50294994535683,0.9750693993903222,6.816179769791001,60.706388097977936,1.0523046558478617,13.752119206114646,60.26590980459916,1.0040734687821915,8.51401920060837,61.40254461028125
1228,49.97873508981212,24.370354733205556,1.2210997044939575,0.0,0.993018247950412,14.159509187252919,61.96187922641033,0.9788667971656917,3.49854118160338,63.38317715521017,1.0166564343643232,9.916833617902851,57.913903249739334,0.9939993109956914,12.598204831402056,62.849818511064235,0.9958105804709747,8.51943449785306,61.88296085874449,1.0056305840341233,12.483723468774114,61.9955071461014
1229,49.98556246167537,36.647534581134664,0.057288804300175133,0.0,0.9999862020534799,8.878683784403645,60.44884279421896,1.015398337360918,7.458398910001067,59.949248920788776,1.009647321985689,6.40723947547704,65.52552675990334,1.0207138667133977,9.392100259024772,60.51496441034733,0.997245183301138,12.468742426712968,58.77619593926899,0.9728087981664548,10.431262911436376,61.7809739719378
1230,49.995724639190584,23.094957027000504,0.45205297420718193,0.0,1.0034709805415452,12.62456706340435,54.36832311056786,1.0095980720550155,8.95529406352659,61.226808162941104,0.9861606409635351,8.827993231554732,60.80749581755084,0.9916628367057636,8.45530152935846,62.245834090301535,0.9947567914571662,11.881652820658037,59.45373079460395,1.0161841202936963,9.916689703898657,60.383727660880275
1231,49.97866729948624,27.50214247269153,0.09933761372738115,0.0,1.0061708832991496,12.54481261414421,62.768764990115,0.9914245183144287,11.829851888198116,61.866518236679894,0.9728577673326217,12.742897354454295,61.59440909333527,0.9583335141821848,12.5244350475737,63.33103898892509,1.000024145916743,10.056003569157529,61.743382297332325,0.9833059403361071,7.622077274575199,64.93834061980638
1232,49.98114392709267,31.028962497765917,1.1906620608448735,0.0,1.0300438056138146,8.73287042783044,61.74107612968964,0.9656733554145143,8.919371560151609,61.54950290761702,0.9584784508549136,10.388779540842233,59.09363207079171,1.018835302898699,6.82614225747445,63.01862473573393,1.0145599786919917,10.164316438124327,61.059075306863456,1.0095066775659753,9.147848928171575,60.029082547674214
1233,50.015786480077615,30.693678723601394,0.9914645798147008,0.0,1.0189729854424954,11.221175411913965,62.21268293977602,1.0060186440171133,10.638117247717501,64.27285999044778,1.0046462213913794,10.777403334557604,60.53452469286494,0.9827026874781298,12.367512082227872,62.6884057862882,1.0079777452104473,11.613421674043632,64.34744230753971,1.0078518429390162,8.64844796191037,62.612941686339106
1234,49.988816206971045,31.450328632360655,0.43712014668207666,0.0,0.9897887971896884,11.000227168681164,62.066810874143165,1.0077607598366871,10.272245564412524,63.24596969813726,0.9989417210205259,9.576367579828903,65.46823991154903,1.0065632093373484,9.271259101972953,60.70613959038653,0.9934419545248028,10.111767489280298,64.21815024972219,0.9947781821425273,7.704635070526493,61.49509684786914
1235,49.98588804272153,38.63066525715277,0.9634643903225519,0.0,1.0008963513059441,11.765681411939772,63.51290174574364,0.9814621676727593,10.152085966682158,63.92633862470072,1.0209238374568506,6.943378464459938,61.1852957774011,1.019026637737257,13.150590184202345,61.10481323395976,1.0142031830417824,8.604831913296556,62.356928750318325,0.9715851893970454,12.745981042258776,60.69592425663447
1236,49.981511863471425,20.23369570693151,0.5476787784635175,0.0,0.9876180010479158,8.465120408729357,59.853203503044355,1.0114048607506816,10.31033273860122,66.13917177110727,0.9798037908434452,10.157275917738211,61.78115828106986,1.0387181718298677,7.9727105952224475,63.17964490060882,1.0052412176362495,9.026488347877073,59.86587152073553,1.0114463250745374,12.76211705718747,62.53417547969027
1237,49.98340348193748,32.618081914238296,0.7272053930928308,0.0,0.9986763379470913,11.48177187833417,62.99995949302198,0.9545662905708613,6.533395693012064,61.79913012284533,0.9713677737972,9.929385299511608,63.479127035488744,0.9943141758676667,10.138246662893119,61.949621872268835,1.008606788786075,11.134279895718988,63.49534866386281,1.0439538112509243,10.962099439914683,63.41746553222862
1238,49.99569016540577,20.2725863535424,0.07834171447764482,0.0,0.9942905119540765,10.043444658180963,62.75560701299811,0.9773298248637738,12.47516032092783,62.651933851570966,1.033570851596756,6.28637364573157,61.99755336131765,0.9619884238338441,11.838120792306297,64.2789575158214,0.9945105195406622,8.16693577589216,60.2222781233039,1.013345563123514,10.452144950408764,59.66811444208976
1239,49.99566109504159,23.70721858114485,1.1093242609322282,0.0,0.9964523970458593,9.5225440461025,61.023010296514585,1.0119637586878276,9.90382671631296,63.60294240581791,0.9760372877668732,11.675615586723474,59.650591022316405,1.0058041343634536,8.402788838299891,61.997161167607146,0.9944172346120602,6.96511912780527,61.55309241978104,0.9936590093561029,9.598349556063603,62.45399267817946
1240,49.95931783486059,32.37918125545654,0.002544254160359083,0.0,0.9998020224128844,14.155665206601643,63.3190327650043,1.0325377449750368,11.17995375465778,61.6018511386071,0.9530798585558977,5.923453397109415,63.016347417834915,1.0154108956725383,9.68756266808836,63.24638913255405,1.019537358066678,8.90321588133818,58.74489799650429,1.0009406018960747,3.61900213860003,60.08472476650304
1241,49.99133925738415,23.878493298916034,1.485482857573044,0.0,0.9849565425999925,10.411711376430679,61.08018944425728,1.0270941650375964,8.464242126684011,63.52669649061055,0.9742167839414929,8.349913939627273,60.65338278875946,1.021674823668173,12.631793128268406,65.15445202684874,0.9953894993874913,8.743726443647944,62.310131086047086,0.9821713906778514,8.740362982067037,63.24381027328122
1242,50.001599079419215,23.03587974419145,1.148923849456874,0.0,0.994891540911523,10.360068929496576,60.34656441793388,1.0063778575812548,9.461462016799022,62.51134362174111,0.9820105748671786,12.418563458632484,63.87389464844717,1.0232207451859936,6.967316342238214,63.44416682555955,0.9937863201940046,7.4864430055442295,60.30631050351861,0.981827706666296,9.705658104385906,59.78188350716897
1243,49.990772543491545,37.91473105641519,0.6117120552025093,0.0,0.978466896907748,10.822974151597146,63.14226720918387,0.9897598237050131,8.862931126342989,65.11061113272675,1.0126118702449174,13.34145854568401,62.02328342256806,0.9935203091874145,8.746161937023494,63.902655889568074,1.0231408873921035,6.836258998126043,61.699882679773275,0.9950600653592241,10.993418731368639,58.41600594567776
1244,49.99632021599219,26.563872710982796,0.0665931861742981,0.0,1.015488529068662,10.869328625347471,66.51994512744295,1.0026125785632938,8.91798833192966,63.263885621812356,1.030112169027787,14.236092661173885,64.26544670441895,1.0040825854435722,12.050098942428795,60.65143464593554,1.0062129251639214,11.269236024816273,62.870497884944214,0.9914169920696793,11.015452704292064,59.94959812896748
1245,49.99265069108748,21.95594096532915,1.8321341062913954,0.0,0.9986570613345382,11.442864861036695,63.02890631571034,1.017852062785895,6.088682667159254,63.94132572427338,1.01629529520596,14.624142881530755,67.52994889022347,0.9859528424931017,3.446488039333178,62.238173452905805,1.0184271396044122,6.031816270980457,59.50873639529309,1.0305711837395861,12.676924603024611,63.64298169027419
1246,49.99240051169274,22.32725760662027,0.5993801488558663,0.0,0.9849265915791474,6.682966548950917,59.280765995376726,1.0342753249783485,7.829251370478835,64.2577069061702,1.0148107480799524,7.706985385952567,63.50676943061738,1.0053775443475288,11.46075832107309,62.31352219084804,1.0099192174550675,14.11202783004526,61.71528598491667,0.9921201167019799,8.754874094277636,58.99287538644289
1247,49.99382599356016,21.71044782267017,1.4841628318069597,0.0,0.995714051928667,10.085367096766017,62.92913097320951,1.005175778163226,10.2889272036705,57.3808806451044,1.0324043649437733,12.696150250060494,60.013095691865395,1.0251426767604572,10.826238071253908,63.879858536502425,1.0428313231953428,9.902336866191801,65.04982874226977,1.0002195445128015,8.208587840916643,63.42486011845281
1248,49.98023586337592,31.87277532596835,1.5345170672398745,0.0,0.9985978877300568,8.420714159779415,65.5843185579789,0.9896352135539034,8.69691712834231,60.63436228505928,1.0205740458248618,7.940295864103783,58.62168818079825,1.0248528630403095,12.350864319448938,66.15492776750654,1.0232316841364073,12.66760349003145,61.72296173693888,1.0196234697211555,12.109538496699038,62.53204237515399
1249,49.994237759429296,38.673034288184105,1.4177252026526368,0.0,0.9940099255633397,11.624859733798106,65.74115349643631,1.0218946735070733,9.964882395631856,63.244435165103745,1.0142553490653525,8.37929370274503,66.7988196280131,0.9974310284008476,9.874081619412307,56.15527584707516,0.9812412177433175,8.251985879456377,60.87872067225854,1.0275464300661328,10.128675854168927,63.626078094097394
1250,49.9945584780666,31.949831007230326,1.7200946598833773,0.0,1.006827560720089,14.245325565970134,60.648385256863584,1.0149485333171488,13.104499800159916,63.941974818086976,1.0180474374773085,8.802118569121431,63.07069376124173,0.9827674311652805,7.663535215668383,63.52401260118195,0.9993713516999028,7.53479974946123,64.21138253212865,1.0076674692942147,7.331866954602058,62.893833768935714
1251,49.998996281659345,33.84436139974305,1.0564034436979286,0.0,0.9824373689241934,8.882724853687938,64.10137619196588,1.0163584638651972,10.474559175425378,58.72212023579264,0.9601834349921015,10.31805595115082,63.200207099717055,0.9936137620290482,10.353636693548593,62.678459308608865,0.9850213418034162,8.99717665841088,64.36205866093214,1.0031706672946246,8.730974247377473,63.11325459171781
1252,49.983148625481796,30.674597355596646,0.8426540715746205,0.0,0.9528513280994584,12.629370026920668,58.931526670569454,0.9902059361358455,13.230362786849117,64.5533188000301,0.9910796092789259,7.944667380535964,60.99267531623618,1.009185749326154,8.963809122211357,63.0822757734561,0.9876051357150222,11.392391821140555,61.530524805658516,1.020355054928884,8.723573422128089,60.676027709369116
1253,50.0113232577429,29.74026455072873,1.2654902103744974,0.0,0.9933756195626579,8.795264301928954,61.307001708148604,0.9777990805551705,7.408871238567345,62.412376286939796,0.9947927567289457,10.585331291160369,61.084938434545975,1.0019944328212362,8.283375508227174,60.94126600119703,0.9602071624545844,12.171275391436613,63.90887666590533,1.0006693495941115,7.949428730213263,64.2957443523745
1254,50.01489823106889,24.577853065947064,1.8905969060400298,0.0,0.9789448320352399,10.20972697631432,59.94123864715693,0.9951262793776919,11.165971776284353,60.74995294215968,0.9874130988256183,13.608613123573704,63.04053648481985,1.013609221113487,5.848928431474666,62.08065604604976,0.9927187173047558,8.614592084720234,64.57108966223151,1.006188220572219,8.999794026478401,65.40531940265004
1255,49.978953241140296,34.40184054068594,1.2921454014656673,0.0,0.9790355481619356,7.669597382777514,61.4061406849339,0.9717263391329836,7.43778976003864,61.650974617229316,1.0011158931766497,13.164624944995388,66.94324857216617,1.0376370643877513,11.020143784928209,62.16679759493263,0.9849886165222189,12.91746796107992,61.48024891347202,1.005693927843105,10.933165101192687,61.93411207560686
1256,49.99047067776467,30.321030453388694,1.9190273819666375,0.0,0.9764430351504244,7.654560319599911,64.07639005478484,1.015347994828012,10.282114243767479,63.30421321813217,1.000995230394148,5.869699126481613,62.907188502398135,0.9763756844622754,10.740903101795471,62.893618163288316,0.998007288564878,9.12258442203059,61.50203559779655,1.0568682135162473,7.84272194971828,60.246475288842326
1257,50.00629795540329,23.924404008759296,1.5135920958236453,0.0,1.0209789124039275,8.365519330337452,62.84985971295785,1.0370176004422398,10.142795112316938,64.29337866334795,0.9770712048746045,11.19326967333869,64.23716704805078,0.9797542115300123,8.635505697387691,62.143906112753385,0.9862023520554465,7.484436672977173,59.70433289815545,0.9652527701167924,14.520459740184567,62.33249890120014
1258,49.99689561796167,34.47531042434302,1.084924473605681,0.0,0.9781541878678037,12.387308006481218,64.0041773780955,1.0116910095840228,7.681205782876516,66.8570771359196,1.0506480486918781,14.02955345176084,62.733727747285656,1.037306157511677,8.577879034183951,63.0780027046609,0.9844391501216865,10.714197120055278,59.77588523688084,1.0001432562166086,8.705413785539116,61.85425245978224
1259,50.01363823098767,26.934517138754966,1.3741598982741245,0.0,0.9655875660219283,12.30563344822424,60.02315718326073,1.0024595695476435,8.457489649609073,59.38366756690238,0.9513207707194427,9.921894737127626,64.61733321092044,1.0344407659061292,5.851590251778737,64.76121650661264,0.9943592672399676,7.1375148656967875,63.067552008146066,0.9863361100547176,12.357156931724738,59.93186713893309
1260,50.02184210932398,34.859024356184,0.30996767787399615,0.0,1.0020039027053356,5.213764540771514,59.91518873634916,0.9913739350491225,13.28327296945985,62.04703539128233,1.0272547728795913,13.375848000020774,67.39356270958224,0.9959591655109926,10.141296909576832,61.35532715671135,1.0188270490188096,13.204297794216297,61.33116251652419,0.9929713984084668,9.175047667852057,59.3206732301017
1261,50.00175032937247,23.53715094630866,0.3490385972617964,0.0,0.9639522518306829,7.063018517287187,65.4133678442596,0.9902337481795824,6.9303094655173965,60.59275276252451,1.0352268679058467,10.861796583278867,63.45123947407743,0.987742648458952,14.7102294779347,58.795058007170724,0.9771286794477518,9.236144329607097,62.495475035658785,0.9673002717503395,6.604476501916497,63.675912921291165
1262,49.99263172486354,39.90649501988033,0.930793656011978,0.0,1.0052585065841482,10.097131839711304,61.3543104852177,1.0126913880422355,12.462317437329945,64.17080139247915,1.0025072452095278,8.077275177699391,59.609549179908186,1.0425416046708045,12.373461607947984,63.938123614584775,1.00743378252638,7.061767453743096,62.554721186439004,1.0250537507630921,12.21602580302837,59.65670511064002
1263,50.00057817209784,35.452115827788845,0.5119437615441145,0.0,0.9899625667755851,11.39136544246367,65.5179806113789,0.971970706352372,14.11423640445232,62.285986615581216,1.028153454693561,9.942475444270244,63.20085596719722,0.9890027059003579,9.505812768909657,59.14277971543929,1.0065812706417065,9.794163440109475,61.03737642206775,0.9881240356950206,10.505387613295179,64.6079599109666
1264,50.0129048793188,39.45801005000123,0.9777787911105218,0.0,1.0282632390277866,9.949846193119392,60.89905517357944,0.9750738578372298,10.694401101286916,63.0748180140428,1.030824648710652,12.278877409724215,63.95730621872336,1.014125560384325,10.992225581579126,61.99712684726957,1.0149467457203436,11.02396926219319,63.01291001362367,0.9794332302706663,7.807397369743376,62.02352330454569
1265,49.996789305026894,37.12304700879346,0.37262898263543165,0.0,1.0304301728986174,10.269168373598456,65.17560819681204,0.9997010807733361,7.244125039879057,64.8609079444795,0.9906965748805884,7.525236187737603,65.48569624263783,0.9960675649266035,10.322715164912841,64.392846352824,0.9920935795671953,10.820057982211674,62.27828408671944,1.0312034073344876,9.43213979554919,59.21853751405054
1266,49.990079142111995,35.473236548545685,0.25583495867349915,0.0,1.0171673808664963,5.8928939525202715,61.148848251251906,1.0163324329385546,6.867821283052382,65.25415546686502,0.9823669360433716,8.053338327233432,62.194685855185014,0.9636727812288645,12.132130456977233,64.93506897609664,0.9933908667765723,7.983749820787697,64.24433402335224,0.9967034066132667,11.926591675234114,64.199092143361
1267,50.02039348579441,28.138359501207077,1.3120601821955098,0.0,0.9929338480505083,12.570681294003062,63.44970082207625,1.0058196190885347,7.093869532931421,60.665131018453245,1.0501383662967978,8.624012462453782,62.79139592735524,0.9922926467884583,10.263907642733681,63.252715463670015,1.010608323265628,11.179546606248993,68.62340800269938,0.9929077103639471,10.970104183206065,60.86294847714979
1268,50.00333430953452,34.25664192262266,0.2290072591892287,0.0,1.0039440953301422,9.944459571919383,64.89326064293877,1.027730082378717,8.459217967605245,62.83873284439828,0.9969674322870139,9.340844902652483,62.14830074993587,1.0169794743517429,9.574207027221968,62.311524749686534,1.0095085547938007,12.77325456677071,65.72020013990391,1.0196647421733462,11.602891867358753,62.78024897608854
1269,50.014851143132354,30.752719091026556,0.987347442767132,0.0,0.985670447248564,9.732968407602003,58.11448468436097,0.9848091515167664,11.11186433381545,61.394749856618674,0.9993641964490253,12.11946290819573,66.22083964962385,0.953255909340417,10.835579725078711,61.219992309268314,0.9707753453632019,10.6501247280526,61.50911342072246,1.0134636059814224,13.019575207378825,66.03530295858526
1270,49.99965737146059,26.62763752142275,0.38853115298790275,0.0,1.0112383544814254,9.312866849496924,62.49608035042272,1.0117300045223414,11.905496361608238,64.31618904661812,0.9948786947315736,12.511064160688568,66.03551647907284,0.9943520169757563,9.999756658963026,65.05646927762936,0.9840532193633326,9.26164392645358,62.285639937158564,1.0348472806172828,10.13959531348121,61.20062793185368
1271,50.007683531562606,29.636608911210715,0.01079298897808334,0.0,0.9978330827601124,9.965148133575822,61.863676169358165,0.9979322359371973,11.144048079933416,60.91142432500119,0.9896981451731021,6.368769033339532,62.92270196829414,1.0076241535901036,9.510183837642828,63.37125588902406,1.0352708992619784,9.199983972623825,62.20138872222879,0.9752655286922047,14.113709420689247,64.38938272956007
1272,49.991076693566285,27.892683509504806,1.9743614858962464,0.0,1.0085909398976083,10.390781203725414,63.100869106483145,1.0420755589034185,6.457545937491092,62.72925363324619,1.0087618157237765,5.250673776989126,61.5759486472075,0.9997866823294377,7.657871123676295,63.4763299470409,0.9629699172560519,12.197368473202536,62.87026625841989,0.9826012988387114,9.636427869567841,59.91806230781591
1273,50.01600578204076,33.28210853718325,1.1436621285122892,0.0,0.991712835804748,7.915747607108818,60.77193194868551,0.9539432989294424,8.629661570751662,63.04816761313037,0.9820614980359139,14.382230788923644,63.87938961357879,1.0111176556553343,8.595866243597307,64.6312357898946,0.9872691921719343,13.2253312955148,61.48447058367453,0.9930140685194667,5.594424529876088,61.061501703638804
1274,50.00070640411165,32.962673562085556,0.7607472259090025,0.0,1.010216018744221,11.889834985501697,65.18706540775169,0.9760700408779988,8.881734931385513,64.05237891785161,0.9993762559487577,10.244476091202658,60.08111866314748,0.967162287559921,10.606855479783292,61.593611052911875,0.9891262789163127,11.779922251709877,62.42180253508439,0.989763924834459,9.847554449269595,61.18861967556578
1275,50.016605320117556,20.693851767618423,0.17343959029468103,0.0,1.0332773530946653,11.275624225510553,61.189447658564426,0.9889972418984099,10.998068052096611,62.43402208291135,0.9933078907561156,11.064266425122518,64.1217235911011,1.003706487621384,10.76221857277304,62.12129981301148,0.9881474513934062,11.5521227440137,62.12546454211596,1.0055080825847909,11.734673914023546,65.92379506918381
1276,50.01797608306979,33.39573649698519,1.635695501220307,0.0,1.0060260859078727,7.3608939446981045,61.963765818036094,0.9989857984125041,8.584184622308825,65.70006332397615,0.9951002555487288,8.59549029203066,59.42109325071527,0.9804690687346123,9.449560061124435,64.1769541694049,1.0119914665093417,10.899619140175298,63.40950842883511,0.9925244483648136,8.149708492762178,60.66713097544653
1277,50.01453815896416,39.00033181929472,1.3073973655023974,0.0,1.023314539322329,6.393791184110254,61.693954708984606,0.985080825697369,11.375633626082609,63.83854203362367,1.0053493594929241,9.570584907108687,64.48379369806443,1.0300066080227228,7.198278264420509,65.54824874280801,1.015060357152444,8.36614397239513,62.9827498544727,1.011183054444676,12.520176002564211,63.630692649953716
1278,50.01588373464476,24.81266199302854,0.3350863898119931,0.0,1.0500834981577083,10.521803870858397,61.584407566698985,1.0030836215152676,6.761728339095242,64.77332527399123,1.0298479481991523,7.422294558590315,61.09969165185192,1.0220034369731965,13.101400031228081,63.758645816467556,1.0212538874155748,9.420250610530754,63.68981511172114,0.9660508982585619,10.536355069503625,63.59919412828293
1279,50.01171613443655,36.283816036024234,1.7239531036633522,0.0,0.9770818497749509,13.408959397160066,62.974145388633154,0.9979453173399366,9.725777644113531,62.63684419746316,1.015235000502924,13.849086371478993,59.24262370850188,1.005566126117691,10.447276764022297,58.32786029604474,1.009959374223616,8.691615559074336,63.608172838911614,1.0068362293389959,8.406801518131049,60.0451576507462
1280,49.9931617271221,31.866221400205593,0.036963494043697365,0.0,1.0127906713315724,8.480273727559249,62.48241073974865,0.9758676195379641,10.102274287825491,64.18433380906987,0.9918594053648687,8.342756416654153,61.69272805921574,0.9573936683635293,12.807671890698135,63.49455736321593,1.021843160083604,8.20595937490164,59.79398902111003,0.9761981964807646,10.850812032511705,64.17335476902657
1281,50.0201317624416,29.432256507317234,1.0962544156541407,0.0,1.003860409150556,5.9934238560255935,64.94065423279386,0.9859149936812476,11.773083050175531,63.014908596814635,0.9863961276015072,8.360484298756202,60.91321055380218,0.9950539420285748,7.56045925144821,59.64679701905887,1.0014591088454474,8.666591994595326,64.69858700035665,0.995993968501909,9.29236307432759,62.41835373503699
1282,50.01063049193686,22.65323632611767,0.05812047483127292,0.0,1.033990184612361,11.927042654602234,64.9590241092874,0.990532040158592,10.947165296752623,64.24940820760322,1.00932022792064,11.583499754114682,63.29114229348871,0.969430521894987,11.472348601491401,65.05368437125905,0.9848058074492634,10.119305165973266,63.338646309345194,1.0007312858211843,7.788009691933901,64.93089708192356
1283,50.0246258851972,22.13094609705707,0.9820490803531106,0.0,0.958107185430825,7.7000147391432225,63.611683604106155,0.9827616149978722,7.62423114621965,61.1052351437527,1.0439037626653496,9.715683321203382,63.43022324418699,0.9851436222444706,10.353258271949834,61.828525052049656,1.0417722569550452,12.275957918910958,64.3422589529796,0.9801904138684833,8.574057352190053,65.62145710127876
1284,50.02876116530221,32.415018480920914,0.6503606165329603,0.0,0.9824956051855342,10.680658170261689,61.51142028253474,0.9733473036702881,9.200913194073275,60.0655883281231,0.9884407478191071,11.557586079375978,64.34257651795349,1.0111266170832391,8.13068714298918,63.55228088370013,1.000870397112569,14.019645556346465,59.85245582406216,0.9883240595811531,11.532761405245529,62.128401651866206
1285,50.01433997578508,35.88018032960506,1.9862246155120198,0.0,0.9637890794531185,11.149076705583356,61.10093636253821,0.9761692972725727,13.750266601731358,61.702286437273926,1.0109413804217329,8.368274729726995,60.066479391839955,1.0067969112696242,11.344084404163794,64.16504254948303,0.998999626426452,7.642253853381147,63.20329255712745,1.0056529237915803,11.774412679848174,60.349622350886
1286,50.01489325431793,26.691228219544026,0.6846229860479962,0.0,1.016820428238041,13.05306495147795,61.551671841521845,0.9965933377548581,11.62508058654232,63.00201279368908,1.0085391576564595,9.111589939194205,64.41697879976836,0.9761697777324685,10.208763320605883,66.37514442934368,0.9702884079492439,10.291733686438404,62.368501355813194,1.0206537298353768,9.074980405098238,63.11286330657256
1287,49.997042202724984,21.536878628162945,1.5465994999707675,0.0,0.9962813616414601,8.444222573447949,59.979202501752894,0.9936322546846906,8.687614348732412,61.67868358849457,1.038543108438027,10.494899410426738,62.88410025378605,0.9852114106510365,5.092815534285795,62.25188482113204,1.0172927204456994,6.946611420212244,62.285462419688855,1.017720155459046,7.858543351816786,61.71788837676384
1288,50.01069943425016,22.275414900071674,1.1308796765737839,0.0,1.0073417445408017,9.882128664817376,62.50805251749025,1.0208249687349475,9.283941064787776,64.71255038917951,0.9863438802009165,9.396148944732559,60.17255782855228,1.0078961093057808,11.898328753926666,62.43843478373744,0.9730165848922582,12.752189476562185,62.36279507712004,1.0269087790011306,9.899654989936128,62.8004344036976
1289,50.016302887130735,27.275188992242914,1.3865971783577777,0.0,1.0172526837740357,8.899646646599203,63.26529677122192,1.0033095774784462,7.454317724949112,64.92969386026353,1.0022557241032288,8.328113279089482,63.60852634512178,1.0055554732796028,10.926957447448297,63.21759050549956,0.9541347705675787,8.429093693051787,66.29047091347276,0.9667703277717697,10.748976750032353,62.97889541351283
1290,50.030637117501136,27.268100169397606,1.148154675371123,0.0,0.9654773637631567,8.640625477445374,63.223414525417816,0.9699025545499358,9.844296462736722,63.67416721996195,1.006641249112433,10.930875735212263,61.690008549694056,0.9704349444392516,12.747192114856801,61.50299439710205,0.9927511298374946,7.585758856220479,63.87223955635063,1.0194127421828647,9.50542551263459,62.606395754288016
1291,50.02575367548484,20.08907790351669,1.5103152570937002,0.0,0.9649453579177535,14.152995394635045,64.32631254250045,1.0080895544816706,13.105771793888367,65.3279552275273,0.9714587444028023,11.466156539309646,63.32194209870994,0.9878544419873717,9.616171001674651,63.15371709621246,1.0169666317793689,6.837472796664489,63.70101500088603,1.0186913478547843,10.021560407320123,66.90971888942794
1292,50.01001229192534,28.985024848632772,1.2000514734824905,0.0,1.0192162812298156,9.675927022156051,59.20368020159794,0.9862660711697935,11.926048969965755,64.14566368781445,1.012490373641462,11.057133916276115,65.09227773434395,1.0100470124998666,8.16393910632809,64.40941439851233,1.0047747526207702,9.825949799983361,62.323889485593696,0.9787852228406071,7.790675401252306,66.64445164902612
1293,50.002319987328384,34.893174652801676,1.797338327290233,0.0,1.0312959149315,9.198657990950949,63.350706447087425,1.029754142240469,7.695428122999989,64.01782215046505,1.0159641281677396,8.972906221510902,62.26103500308804,0.9832185140512143,10.224544300034236,63.065979008421465,1.0032142801136559,7.22733960371724,59.42938342031965,0.9910250431407315,8.214222913942589,66.00974100470177
1294,50.026389752728754,33.25521228591943,0.24841933353148482,0.0,0.9377814164411218,7.605118566338797,65.87629753864037,1.0052986251283604,8.78999666927188,62.39567849708586,0.977601651161865,7.548241481425438,66.1637530546741,0.9925711570250579,11.678889895485518,59.43989212732352,0.9851095133556482,4.624727238125532,64.69359739868355,1.0038888600969358,12.206636768877628,60.58605172108965
1295,50.013029011324484,27.121902353412693,0.7421385843855441,0.0,1.0208190730222249,11.108172577987625,62.46891776121088,1.0456139016178225,8.211297618137113,63.3690127029796,0.9956625507408257,9.93738768112784,67.90899579490133,1.000569691041808,16.073837042777456,63.77105424436091,0.9480432203325949,12.335616037351354,61.12067106334024,1.0044843598016846,8.062654988034263,64.79137140798726
1296,50.006860513918575,30.488118335458893,0.9800720354305452,0.0,1.021994092698179,13.501755774702163,60.288471295496656,0.9787543390970789,9.030199805823665,62.254985213743325,1.0286008466474625,8.281233453321354,63.392032166610186,0.9880934254333983,9.603703472493132,62.78788402322505,0.9920978262687542,10.530767705131591,61.958010441671696,1.0106398774388956,6.856382628922587,62.57697688934459
1297,50.016878848838914,34.416356139662845,1.6193408951052117,0.0,1.0361688604703527,8.859432685172493,64.8533945207963,0.9973931106691247,9.943757966748404,63.39920139072033,1.006359327554718,11.16497462594987,63.07297463053677,1.0163429287210113,13.176359364713086,61.99900105119601,0.982495338912205,9.178275269020418,63.62389424622188,0.9979914867712876,13.884341377580661,61.071047719083616
1298,50.04098394469122,35.82568231550873,0.9907902387111283,0.0,0.9986439743757185,13.070506531169277,59.840362943709394,0.9784870081530559,8.869052086352841,63.8102470515037,0.9931350140764353,12.001243517934011,59.35492348754274,1.001554198504896,6.397182927641839,63.813602191353226,1.0182376536470317,9.74113684703959,64.63893771102512,0.9620982000825732,9.171059768552267,63.696108203756225
1299,50.01188439779658,33.422466798182015,0.35908638711197294,0.0,0.997246077086045,12.250461481110165,65.20624208320658,0.9880269994450405,9.048670986653564,67.95501085408794,1.0200762476460346,10.385257027809587,64.40977922926521,0.9955113732859384,9.06704733026307,62.08599066268955,0.9945368002292394,8.652248273420291,62.94445579939061,0.9820163882493492,8.941469919168831,59.08445738143871
1300,50.0061206256913,34.74748683051225,0.8150889333877473,0.0,0.997744350059315,9.887086778499878,62.67222862650182,1.0195855639699263,11.364670951209206,64.46957475720787,1.0112303058204963,8.71361534187642,62.37870760446979,0.9665946167718901,9.19705258606045,61.30272890801448,1.0324990223552872,9.641667478302058,61.203804034139864,0.9913858844620702,8.404493328270659,64.37010026318798
1301,50.019825390209256,27.764806452101674,0.11280151044030773,0.0,0.9853041663827151,8.525762336327329,61.14636083091447,0.9654623427681508,9.34002719537011,68.7402267253856,1.0343652821564207,8.983485666004633,64.93389246125207,0.9963138548355045,9.207740539130757,67.39206498623189,0.9690667727793845,8.892943237142298,63.45757973767457,0.9842256414670962,11.45136735904758,62.392767569323865
1302,50.025114807270946,24.295864336971498,0.4989613788601359,0.0,1.0016318192127471,7.368251681934174,63.8168227900405,0.9969279737382282,10.293154721936398,61.6529074099959,0.9983107105361742,10.009640929028308,62.480325782741495,1.0204672846406013,10.554659947935464,60.12271609936775,1.029207771939711,10.46204808854957,65.33190140382364,1.0007420142620485,12.23468311196455,64.7272152773902
1303,50.037818514783396,33.67363705606468,0.19592137861443026,0.0,0.9748514737733661,13.896920865917966,61.55964160237179,1.043537793928527,9.581356556869697,64.8562356702949,0.9702148773492325,9.72724432611474,62.04146230489643,0.9662784724797829,8.936179137033365,63.57304006040417,1.0114624771273746,11.667006424839338,62.91475472553082,0.980601764647995,11.322536000577031,60.989983407432014
1304,50.01934889513491,34.55631955877554,1.5036186464402834,0.0,0.9657400333996689,11.446344730980954,63.32536664585955,1.0009559397429957,16.359052380603377,66.9647628783269,1.0272054940420976,10.945543955386205,61.70123009889509,0.9852525604103485,8.70583532997368,62.85833882290514,1.0310561056567158,6.353934690295681,61.87515138774294,0.9757805413931757,13.404675803440696,60.89769008756475
1305,50.029363163226705,20.28323786438406,1.73949106456181,0.0,1.0388384936000101,11.793804676920905,60.16134799550261,0.9794935899389435,9.822515814001427,66.09974284515502,1.0215203209772594,7.9985008434444005,63.71569289704399,1.0086953547209188,13.259481181648841,62.88413349492562,1.012285476490052,12.307510623510936,65.76335511274661,1.0181332089277364,7.53135398316278,63.21600737552279
1306,50.02278425748454,30.85643664960709,0.2354822548259612,0.0,1.0273962037724687,10.1420827924351,63.847758915404725,1.027760015096637,8.47936779816679,61.809627392146446,1.0105093491725825,8.946142041621828,59.34335808433242,1.0096367450979657,8.670498191262718,64.10158234805094,1.0061400543350651,11.730468491286201,65.05186547246836,1.0228870232326024,7.879508124500569,60.78339794690564
1307,50.0356493422328,29.154336828434655,0.8497379136911529,0.0,0.9983463817953012,7.328920871639542,60.51811404505374,0.9878108661491031,10.867231330760816,62.746435555895786,1.0373885995212724,8.894824302327146,63.49027719291121,1.006104111705775,8.974038045890616,60.07703349743974,1.021079839276653,10.762553827324455,60.86478171351445,0.9892182616443363,9.701515394825316,62.270208149991866
1308,50.030189528364374,27.389939058133237,0.5815905020706702,0.0,0.9899816760426795,6.987377623970569,62.96561610097082,1.0003048631767497,8.662949832949394,60.91615993530107,0.9916873015075204,8.6018128332107,63.75612600634626,0.9846892130483601,9.699732927317651,60.73087161019932,0.9626478307349936,8.002387311515237,59.610304320722165,0.9837495632470343,8.174904791270455,60.85060341234886
1309,50.020256605136936,34.875640794118496,1.4339771718232277,0.0,1.0058882374733444,10.69701841114382,63.02938881108384,0.9979685701083266,11.258767842642321,62.80092708386714,0.9662710203197274,9.87750029463006,63.880484837521585,1.0460422791898925,10.463980145765106,62.42499010426689,1.0097751068639549,10.953705925222419,63.442569353177305,0.993345712640163,12.98742300738851,65.65999096272463
1310,50.026588870506984,27.739492946391678,1.1653616013688366,0.0,1.0052188255192902,8.620478841176709,64.0301426414376,0.992805024689364,10.90961731228155,64.4551556016114,1.0022335380334522,6.844654443560819,64.9880096030637,0.9666122764563996,11.362922641274476,65.10396765504676,0.9957974229810438,11.15861353061429,58.851971961937146,0.9984408721809155,10.364339491822598,61.85918672955021
1311,50.01400427149696,31.85671996790539,1.599361330129846,0.0,0.9805458964593737,11.4761380201219,63.59300650900896,0.9831006165039461,8.919991371252934,60.89688065621686,1.047545307871691,8.757599368286758,61.307935073492985,1.0062226587333005,9.95757436738943,65.16056458459798,0.9840512423336438,7.193776955938397,68.44364465466532,1.0324995555005305,7.436374704970715,63.60279999827581
1312,50.023733837697414,25.567267804587587,0.8301924886447565,0.0,0.9712639486121258,8.00084163484366,62.001233259083364,0.969496166729177,7.992095129157905,65.48465274207275,0.9966792958700135,10.171444945219314,60.03277683116562,1.0192180946991922,9.65234004195859,63.006253265420106,1.012009204860674,9.966217859012495,64.3855515586857,1.0245050302617997,10.545171339917529,60.0154178159432
1313,50.03927515474784,38.82888974142692,0.06807373572907749,0.0,1.014899050758637,6.23504860483469,65.038202574352,0.992335849175706,8.501405433219595,60.582784879764105,1.0156322916837603,11.820909387772293,62.97608648163556,0.9844921451265833,10.405662651869212,63.876800851824775,1.0204906709143429,6.37763910355946,61.32804326961925,0.9777567246474717,14.722997883685302,62.08662653976769
1314,50.01651380974183,39.93774000445493,1.3429221383386958,0.0,0.9915331118115903,10.52894367217638,64.41701473593113,0.9753313433069001,8.911706560638242,60.416462010812275,1.0082076843165904,9.868890081528914,61.168027366064344,1.020274917689675,9.150561689328718,60.860323567565246,0.9840031509972671,9.273399947442822,64.77106411705364,1.0163892333661428,5.986187406982965,64.53962074889336
1315,50.03088528583235,29.653126746908633,1.4446555768323475,0.0,0.9907155933769158,14.14096976241727,63.13034616960674,1.0531547860536947,7.856288474613915,62.87410517768013,0.9974368841450341,12.335705237159187,64.8644239483914,1.017952031315005,6.614763416354426,61.66737562738496,0.9802922804690046,8.597374716357194,62.35319907861128,1.013598332524017,8.915296167152004,61.96722202495449
1316,50.024564730069045,28.184009689467693,1.2654261830250866,0.0,0.9726703994079621,10.472962467365072,61.01426900095364,1.0074610940147082,8.12879086904475,65.34790758728369,1.0036137309515822,11.718291232590946,64.34165472504806,0.9957308653683135,10.213197363707408,63.584873651895805,0.9968770333480633,9.617915540173898,63.40361347416245,0.9844198578358627,11.282168789165961,66.65507747061031
1317,50.019233370620995,27.5880581644365,1.714197313453089,0.0,0.9958402909309942,12.633622685005856,66.4590959697588,1.002226861657906,10.825431646220748,64.97274759099835,1.0252398220821588,7.443174446196469,60.23699444337361,0.9927329850981232,9.63527705142587,61.18987593893122,1.0206758766116875,13.156437871571427,62.08898053298248,0.9852981011139601,11.259885572883295,64.20397968201061
1318,50.02047900182527,29.093090748898323,0.694328645965451,0.0,1.0070193733616206,9.508093196347424,65.86942970999651,1.0044448173516407,7.1863720758536385,63.14823266655851,0.9933185795284629,12.232628080656392,66.9690803675027,0.9554007912147088,13.902796154631218,63.32012736979518,1.007644158207377,9.511120331883092,57.81042653875785,0.9910531592606805,10.6698744812127,66.03657150974388
1319,50.04490703437893,38.656041040477135,0.7731781149369541,0.0,1.0464859083499416,11.867924361318554,61.99390707484508,1.014135852847234,10.76317484085726,66.3049554881161,1.0066542154929279,8.928851189027444,63.75345046614218,1.0170613796663186,8.822196645810465,63.77927960372025,0.9901899789693593,11.02862327143575,61.95134011378201,0.9711207798897631,10.76969952962371,63.28958991700519
1320,50.03396891193194,20.601508614516195,1.4404775172921955,0.0,1.0355794563343572,8.298684939315832,61.5241572451248,0.97417651009838,9.367026575951389,64.86369750981612,0.9939496826326127,8.912035730876436,66.4685926603099,0.9710222132149775,8.689798105580328,63.68148093014256,1.0192122962852197,11.595089887020086,62.82604216606648,0.956697519838634,8.703393719377422,67.58173006610915
1321,50.02813558409828,34.20098721377261,0.8152627178398828,0.0,1.0286355949792103,11.329381360583657,59.850108549788445,0.9953324075019646,8.027405079607018,62.77548021128965,1.0077792571384023,10.87635088475897,64.50273465932983,1.0038423084463095,9.387983188754548,63.494987153812225,1.0334078506350677,8.548595397998893,58.39000056360633,1.0061827862648947,9.783357114203337,62.41215236780329
1322,50.02226567047196,37.43122393255428,1.9030664000496884,0.0,0.9990490258105366,6.024290387961882,61.374499252047514,0.9516629217460515,8.727897082082517,62.17373202362975,0.9868794341607522,8.76829944429041,64.94290281881426,0.9930709612041547,7.3015584287385344,64.54999766121641,0.9927244461969111,11.155126019324692,62.71026234729631,1.02274743855734,11.15273245622482,62.940260329019715
1323,50.02798161934506,31.054314772212862,0.9201081950192962,0.0,0.9738104829426478,7.092947833229823,61.32428699931484,1.001835861737937,10.156458095738481,63.77062390329688,0.9833985368301328,10.218457268520657,64.8426908719792,0.9501442958131369,10.766749044921154,60.839934149056546,0.9943011201285317,8.585062013921238,59.21211626942325,0.9818952164798175,8.017455393025777,63.382563257763415
1324,50.04551420550877,27.735418251371925,0.5584566047217157,0.0,0.9865094874957476,9.061673943223168,64.35657834201074,1.0083027317423154,11.419668184485264,60.46581352443125,0.9654237284074098,11.655727783676653,61.74182041433569,1.0370247154176295,9.318086260943344,61.47206497002936,1.0002858607266385,9.067375259489165,60.844150774482046,0.9854541355480908,14.111348134375945,60.46461203913327
1325,50.02214383805991,26.159455524633863,1.5883098416069177,0.0,0.9432108344276597,10.133260741651398,59.549221464043,1.042945561120264,10.908492820663028,62.25831341715897,1.010601231058043,8.332430057117469,62.57973777745054,0.9969107447353036,7.526864228455793,63.92551934623711,0.9969897243170084,9.439714845810457,63.438340455397224,1.0270365808275328,10.285583759995092,60.551135513730955
1326,50.05075931963549,37.78378490016428,1.393700126547207,0.0,1.0294188678168108,7.726966629602043,61.27947399982979,1.0206075669878365,11.346251600284397,63.7778380754604,1.002816427433754,10.009663561304901,63.24406029059123,0.9909758517701939,9.043663827943712,61.94846196568223,0.9932975411519055,12.37561757293463,59.50231382524094,0.9827233905687035,9.481194083824018,64.4983921633605
1327,50.02220447391086,20.9795314421247,0.3329605056301388,0.0,1.0091524871189226,10.401590099208635,61.72749014650052,0.9844096692903643,8.338893156871144,63.23953676511052,0.9817633099345925,10.479146241345688,62.70127197334021,1.0044144857456851,10.432796016099818,64.55260654648285,1.0091801787516694,8.297969645960015,62.46536802777884,0.9867984032628777,9.059441373425152,60.014625973092876
1328,50.0201584818892,39.565500993592416,0.4063074752356013,0.0,1.0020953223454385,8.387138286197434,62.85295201892357,1.0069969960726486,11.504901950002589,64.9194682356108,1.0147055035368322,9.04497061070014,64.92666667175259,0.9906164577312194,9.94097122091878,60.58414509515282,1.0014545871686926,7.577163494238558,63.844838255406415,1.0139522080095726,10.143017702578366,61.25972540287596
1329,50.04038194048414,30.927695268202044,1.3894454306429684,0.0,0.9941461223343593,9.785918773593632,61.73535723970374,1.005515944360171,8.340474386803841,61.74845774998424,0.9878092440239644,10.597103397108087,60.38318620324289,0.9751818675063094,8.616626674110552,67.98305218008917,1.0050845049460264,8.775735107701994,62.73856804482586,0.9771117461423819,12.893248496381945,63.356990899860115
1330,50.02432265042959,23.375091546288864,0.785768543743929,0.0,0.9604475824216576,12.352953215504353,66.98384980626527,0.9934711671023088,11.180158446063025,64.86056645090373,1.022584075842468,12.095119438527496,65.35112281403104,1.0328137489616216,7.4974592000475875,68.48516999472932,0.9792852588732104,10.484628196454528,63.31762860337361,0.9859201860298531,8.876376932768213,64.80360342023464
1331,50.04821063464733,38.27545120399196,0.693915834541051,0.0,0.981895162339051,10.263698239158716,63.24807034284706,0.9590108444721084,9.385891912534069,64.49236894568872,1.0328396466091712,11.56047421000109,60.70288490605807,0.9885582920483715,10.980614545334566,61.08365742020082,0.9812377035317524,5.543097070733986,62.694315674942644,0.9803314116603556,10.3082334629031,61.65498554163917
1332,50.042425302297616,25.58190809172142,1.1344043438075355,0.0,0.9903874384311646,10.604292744497279,61.50363825639927,1.0072651330510838,10.091717496280898,65.99482292088581,1.0022099137685656,9.233778116492724,61.16206845460381,1.0127294666259832,8.801389025293675,66.18732200016356,1.0040642164388598,7.506138833039485,60.73044226926045,0.9969188866098729,15.596926400611203,59.36960426157807
1333,50.03431179131247,38.93815595842757,0.9007605336202633,0.0,0.9946306206288276,11.755764040806804,64.03517595663173,1.0234430594651822,10.732940746642152,63.034358246924306,0.9734678042407547,8.253462309639207,62.62396269331916,0.9977633678748544,11.112840979590475,62.533108040242226,1.0216947954482376,9.376834592902691,65.14747970731825,0.9890830672676817,11.681060253445366,62.136659864934835
1334,50.04537327099092,24.658024072044416,0.529702903117875,0.0,1.0032322072942208,7.965360078191402,61.22865684528616,0.9916403765926942,12.868279250724825,65.54833197901328,0.9628046717730768,8.77411445752912,62.57204383860124,1.0277289213925493,9.40566085183375,56.97831349968248,0.9871905259139514,10.723723214168263,65.58410916226894,0.9937494786865284,8.981516506548438,62.35273715466499
1335,50.035113702668546,24.17234092293117,0.6757424576501416,0.0,1.0102412868599424,8.142773036876555,59.6027971788525,1.0099773749853078,10.117227671988257,64.30032176812034,0.998434892480562,7.524661784141255,63.82265908806127,1.005995240475201,9.831101510836092,59.491440573819546,0.9976992389334783,9.08527984974416,64.298808877517,1.0253420461021292,14.106331401998492,61.55797867299185
1336,50.037479738483164,36.842197348036365,1.7504155746469832,0.0,1.0327892868128257,9.508089252195868,63.93636806099343,1.019642642741284,10.68804916548035,64.68647128063957,1.018783926541954,8.242114253080693,63.23012294484823,0.976267779484764,12.460290811438217,59.886648247186535,1.0523505138750697,9.47049879301056,64.34519104993517,0.9993690674982451,10.642136169305525,66.55970715552506
1337,50.02113864061316,31.370197002719365,0.2666579255744128,0.0,0.9738422535617227,13.907676410620498,63.27442005976076,1.0079984026851245,7.6693954727656175,64.94112017470849,1.003384967219213,7.238768961314023,63.14825284758765,1.001225801821962,7.221089021753356,60.78693346740439,0.997146721123714,11.706567495306999,64.61167467340051,1.0315771504964721,6.445451818369097,62.38160772255081
1338,50.03157766122087,39.2396100546443,1.014719350353242,0.0,0.9788725480265907,9.923424714730094,63.752302151182974,0.974299712397903,13.051708344164483,66.42700754805752,1.020012926921007,9.963048495776672,59.30769328575622,1.030429763677487,5.481528442518494,59.02765447277227,0.9692581683746206,10.95155975433774,62.24718036553893,0.9881240919091071,12.994481917788832,64.62704259848923
1339,50.044592194929415,35.178921344213066,0.9112618211284136,0.0,0.9908435248462761,8.565694245658,60.548517850607695,1.0169307506578908,13.195036656304449,63.17948613002754,0.9992584719889975,9.86173480686892,62.803196640578484,1.0346459826682726,9.52396030324049,66.07137058418506,0.9979569339256681,11.653842537241989,66.74122330929347,0.9944224892934163,11.984566320363434,63.94666288046832
1340,50.03691082615858,37.31639563862686,0.9484772230973721,0.0,0.9794748302706752,8.803203041787604,60.722785068307005,1.0079996231864268,10.357701976917596,67.37663685745903,0.9868915235831136,4.201619260627024,62.46773827279672,1.0047761154393404,13.446475264294486,65.67851313585216,1.033037352518086,9.43794510422391,62.94152937938691,0.976465383429507,8.752744376122829,60.91284050882324
1341,50.045880413393796,35.99121743114202,1.326652586115946,0.0,1.005077218292935,11.353322117937248,64.18314697810594,1.0161377982201858,11.237567580208841,60.70943375168406,1.0247439189509897,10.504552172078661,64.98393210707391,0.9959648775739507,11.199159698310766,61.14382174519571,0.9744970550566255,6.327335892075206,61.335222176394346,0.9945240787176487,8.502359787779119,63.137297046999585
1342,50.03576956963125,28.44108844380629,0.2410472475185541,0.0,1.023018230627322,9.789310343175014,62.77058008991422,1.0127532803488513,9.434555984436507,65.06663247130105,1.0153898413311928,9.075427974872248,64.95683356673564,0.9746391383050084,7.625843583895641,62.27499925513088,1.0255459495688315,8.009246716608136,63.2949065721142,1.006758846218315,11.336667382130104,61.085837327219146
1343,50.02482077178636,27.42597542106541,0.028752692276895475,0.0,0.9861801872731757,11.179089833712982,60.80500467311973,1.0096768817190396,11.792902059337846,60.27961852239961,0.9716065308898304,4.28349233872664,66.9438479389882,0.999411172803604,9.222673273147187,66.30114673399063,1.0285456759103215,9.825714530365925,61.58178746051709,0.9790215484543894,13.429977394478838,59.789319455185655
1344,50.045553510031404,36.40781379854583,1.0855282168681344,0.0,1.0317636844671838,9.92738851451599,65.40033340753605,0.9627865874273993,7.405229473443988,62.49157062468147,1.0083959502676665,9.625366469672876,59.90613142178354,1.003709729374838,12.5935794998888,64.72925053845017,1.0116603497888497,10.081330735626372,61.623270832128796,0.9966960780372836,11.109848262866748,66.38381871535105
1345,50.03550764808187,21.364420018780454,0.9874274167207049,0.0,1.000392591785454,11.388315435221324,63.90166964616473,1.0122660299205837,9.309295720630699,63.346715959142365,1.0358553869491642,8.602823444461562,61.60803611039249,0.9934740886883175,5.987393104777996,65.25554568913012,0.9920637955239554,12.943194367373323,62.55747348424776,1.0013007258467113,8.665381029027294,62.92917539260114
1346,50.029257367555395,32.757554926541374,0.0846116036372937,0.0,1.0099434500548428,9.578591887544523,62.67719940085871,1.0033341451399,8.923460629103703,64.41017169852597,1.0221898996306078,11.604158034373691,64.909790285686,1.0238800134779082,8.272235022044425,64.42989826376592,1.0208098071455909,10.620658448520143,64.9610723254013,1.0389928815737683,7.916182213442829,66.131421740489
1347,50.031925962756965,29.704704861898566,0.7647978269076285,0.0,0.9880937924198097,7.873323618021127,62.82683924006035,0.9855289989093934,10.168485847326556,64.38600120826848,1.0282320503827902,10.952993200161115,62.282870357133014,1.0032725658047668,9.165464306364848,62.28203486830701,1.0119837232747662,6.018299303037522,63.69454031101935,1.0289741290422423,6.124264286671455,63.203170475154
1348,50.05148554641486,37.59330241262576,1.8609527805721495,0.0,0.9952382107916606,15.08048504925746,64.39941942137243,0.9889899277916294,11.804379790440713,62.67490516436597,0.9719089795979974,7.356351395669387,62.67935882642371,0.9629265727303327,9.486887724337356,63.48470873180318,1.0027111842654757,8.615602313848798,66.02231097850192,0.9757399809964898,10.824338172762157,63.435115452454255
1349,50.04199671668721,24.287127390495954,1.6222422021724865,0.0,0.9750049045320164,12.910465551904611,65.25497881960241,1.0139154857229695,12.179656773004114,63.62959848737649,1.0049980243552357,11.798591831444448,65.69319352120978,1.0031281685936986,9.27811413688243,66.02209652616612,0.9908649781413823,11.079617773524205,60.59270672197988,0.9769164461279713,8.421273317622434,63.47305321021653
1350,50.040206601048006,36.80736961682901,0.38668328439863764,0.0,1.0086842219965884,9.039609318259057,63.79387946078502,1.0146978112712886,8.496303011846619,61.34974885397138,0.9889816158543284,9.417883208721504,60.69888515997616,0.9787539111663522,8.33650638644452,64.37392476059024,0.9999658768793168,10.320844356806727,62.126018885765575,1.0030321630980004,10.922591157981628,64.68432981314963
1351,50.043610257158306,20.343930064306917,0.9296519320736127,0.0,1.0083067252038145,12.178427785490443,63.2127770976534,0.9979848154355899,10.13500834790283,63.15956615274436,0.984943328952707,8.518203971328353,64.21790230148125,0.9932425779154069,9.885731137768133,63.41326011557413,0.9836744486278327,12.824248954624128,63.580256304954894,1.0237241034893796,5.639106486094495,66.23208563899661
1352,50.03603905352196,21.064469757130798,1.1198417503829816,0.0,0.9907439704423029,9.47966609908928,60.35139278408008,1.0105981684327694,10.287504572891134,63.19461236744613,1.0443160263377524,6.778772799935394,63.93472559238469,1.0133480078713493,6.4536898037671335,61.02416746332261,1.0078187532612746,9.915249528470246,64.37413727187442,1.02570864362569,10.114890036624862,60.482515534073535
1353,50.03564050886945,39.51190026121694,0.07714092263503569,0.0,1.0037722766229478,8.616744130169574,59.92419078395912,0.9939911063709185,11.842551500607836,65.23796063390132,1.0175880448348276,7.554842925003083,62.96220389187458,0.9797423428822646,10.120932605770442,60.56573934698697,0.9979971842762009,12.345269294315658,64.06222829965206,1.0082484809860945,9.666890037166768,61.56601900582819
1354,50.036740698628165,33.32259980193197,1.8184924701213987,0.0,1.024240131666544,7.258316603537,64.73718218435333,0.9908841363952213,8.22346841952782,64.31019086088139,1.0039035689284455,9.634910577715383,67.18537804708895,1.0010940895450846,6.859567381884936,61.118173014915406,1.0083424463614585,9.207868655072113,66.20927346267563,0.9915827730252795,9.599335695287003,65.09426015887406
1355,50.042159252992946,28.07311373663758,0.6293400455268767,0.0,1.0087665857101382,6.94572784483063,63.697136424518455,1.0060911654668376,8.847820019805878,61.71666731184573,1.009570259386838,10.905872230451434,63.611030968420316,1.0274087995800671,8.257842154976649,65.0301379156904,0.9926099895988518,8.999474825665159,60.06596210485368,1.010094440245949,10.580189331889791,64.64262365803697
1356,50.04798527234202,21.36492755361541,1.4807134723186,0.0,1.043003479770858,11.94363041208012,65.23144615839384,0.9955169928989747,9.028259472942455,65.64008187265965,1.020146175241799,10.87418617340938,63.715215668699585,0.9842832761617855,7.8970780513212,61.078184257399144,0.9702215446704368,9.255843721455403,64.59065548869269,1.0093568560403166,10.100725206451072,66.70779363222351
1357,50.03522167334653,32.92406791254974,0.4652711468338053,0.0,0.9842893112864556,12.759120664051643,64.19697094654053,1.0182221046555566,7.7765498983764,64.20872122386649,1.0239587424926184,14.452502485445697,61.299212417339255,1.027357452078716,12.28469784025327,63.729138355376755,1.0140523458803514,9.262840682439366,61.96298575829535,0.9938838609189217,11.227827991550276,64.30599429486955
1358,50.05135691525909,28.955192705549102,0.7773128992081575,0.0,0.986349302789139,10.22730012628285,65.6684178718236,1.0162344931000846,12.69244178222862,64.69951326559817,1.0234606751669668,10.743020007508653,64.99061160383835,0.9830835986152995,8.593090538465514,63.285236149420534,0.9710431462706056,12.528887994147716,69.0983422825419,0.9989380661628989,10.98341241491506,64.27184841541877
1359,50.0401682257317,24.55325915703492,0.1365887963368062,0.0,1.0067612292901538,10.495060916209688,66.77476620637697,0.9860680371416949,8.420374756838399,65.79827775587353,0.9936803428326028,12.326285663982203,61.77988783140262,0.9819828752442146,10.196354277841781,64.01740743067433,1.0005735515193517,9.08132188043148,64.00174926290312,0.983439315258697,12.568147298594555,62.888782901213425
1360,50.05092676519095,22.128081961195008,0.3066393111260717,0.0,0.9891581365205594,10.624014977583125,61.43055376356487,0.9761905519285098,9.881511045977962,64.11150368415805,0.9842183244927698,7.400658022931367,62.194145659775984,0.9794534472607939,7.57625872151744,59.43131992235123,0.9957596118557172,7.420399240804786,60.316326191704206,0.9958097381073482,12.334368838736642,65.0909223249947
1361,50.03926651247896,31.771700095050143,0.8651150870384932,0.0,1.0034369843530329,9.435256120745525,63.30714922276477,0.9714185174042597,8.89145323640595,61.24970190857775,0.9742473217414825,10.799312266902707,64.62426677632573,1.0268857055876954,10.05633775112285,63.86639004025584,1.0058514393483278,10.87173278015324,61.3411354502771,1.041577879231995,11.713670585757473,65.57970988004405
1362,50.047667698103766,23.28078068183745,1.278797593246232,0.0,1.0297400582394958,14.672101674899539,64.68165137328472,1.0351698847086124,11.105295023592818,62.053562362212766,0.9838470954152645,9.488842022247775,62.93064948115035,1.0197696301074464,7.380001919735841,61.33898567772655,0.9978200702991147,7.9587135068628125,66.46999265221885,1.0058663134028847,11.754710842252253,63.79403117592917
1363,50.04626058210497,26.701623326521492,1.7897944172474696,0.0,0.9737885449130373,7.741531001324291,62.940724450733796,0.9936591061842172,11.974657121521048,64.67076910924612,1.006787346436672,8.763662993163896,63.033211551113624,0.9892771510731747,13.2071934750247,63.01600329015368,0.98012718600806,9.124423254933651,65.76493230927417,0.982822160696319,11.585083095595516,63.85066431638336
1364,50.04232751444769,37.82546448357866,1.8756659385812668,0.0,0.9652623955933983,7.6795230791453495,63.29373404349519,0.9675248530695624,4.655352543491884,62.655232546348316,0.9643124915129414,8.296309887411535,60.222059761922,1.006139267392251,6.219409863161564,62.37554649274995,1.0032085521343144,10.976231472360519,63.5745408534312,1.0295067607035147,9.967850506994251,63.69778078777862
1365,50.04962994285742,39.972781072675886,0.4392517643761791,0.0,0.9801245845719077,11.476215803783202,65.53610269222183,0.9715447128080524,13.864926469287322,63.91821685448114,1.0173724181771757,10.056787561171834,67.86219797365821,1.0072930133688063,12.438097409837429,63.31141680248035,1.002099866335663,9.948740082359077,64.98978669026783,0.9669920643107695,9.393648840416121,63.43959793294941
1366,50.03910623490157,31.43290652539277,1.1981652695336074,0.0,0.9931251856626462,9.410197726167967,62.94276411232712,0.9899207637758016,9.04634308475934,61.419533407221536,0.9834365768048894,5.108011525628448,66.08891852538781,1.0199885066155847,12.45170365796929,62.682390910158944,1.009285098797185,10.12705087551897,64.11735252326723,0.9841552444633677,8.25106087304288,59.27814293650802
1367,50.03725898589684,38.86850291862942,1.0391417521052986,0.0,0.987521962850894,6.26420641383155,65.83113958527294,0.9843602931777368,9.051187659196037,64.00935864090391,1.0302958644818718,9.763003884346654,61.19743737532659,1.0297815388337779,8.335682681518843,62.80627043629794,0.9878323695277168,9.492411825168494,62.840896712139624,0.974579986377068,11.96596111223209,62.6247059702108
1368,50.036974050786434,31.767371372511942,1.1527494808064773,0.0,0.9468447384512136,8.516957185543287,65.40150560353908,0.9984709267026465,9.989289935999256,62.20399037812871,1.030896791875905,9.460403430678333,61.781406049407295,0.9936927533523198,6.927909601519114,62.827310208634266,1.0266252076603695,11.214899708317569,63.43020257733928,0.9955400956276335,9.731057800203756,65.19256012656254
1369,50.048830432266904,22.280430576187122,0.9839494618681635,0.0,1.0026027440895313,10.996478048374977,63.62494777351803,1.0237171855807359,10.885349328224756,65.48116638397903,1.0129711886409036,11.187089944931477,62.794615086372204,1.004986044228334,10.760519399189162,60.09097402749253,1.0052277815322133,9.5462332187721,63.28440497094729,1.0175928961198875,11.214974799996883,62.522209530963195
1370,50.06178258397743,20.41660143262564,0.4267157664110921,0.0,0.9726802202953481,9.392257413289741,67.49301583928315,1.0091375122510697,9.603068081518673,63.54065940032515,0.9879827197270811,11.307981879138662,62.51411889477511,1.0080940775818716,13.578996926508463,62.08674725408639,0.9838579218356549,10.582979257233486,64.1498748228357,1.03357175783833,12.592582293222904,61.216021294863566
1371,50.055318484109996,25.30908309672217,1.6252120435273707,0.0,0.9682399064052186,11.959793472527226,58.244069173784744,1.038355493028852,12.130451067398315,62.31445074732539,1.0135957982699584,9.499719249388878,65.21679586928566,1.0046286364194001,6.827775279506889,65.4480115538979,1.0127754260367252,7.968056937042204,62.25007594687352,0.9757511198279305,11.47385638468037,64.42022785779437
1372,50.04488150220868,37.19342340453713,1.5493625174444494,0.0,1.0266253225759046,9.737063613497792,61.044777580334106,1.0188878948831595,8.59825630527075,63.26385756184247,1.0107511632223996,7.903041850549911,63.22638151214004,0.9823999270680265,10.675831557476343,62.5861782566718,0.9501853132448549,7.0661285099190785,62.97244634919815,0.9948036761696867,10.799388767984519,62.07332294323911
1373,50.05702851575963,31.04838058281973,0.664815756532058,0.0,1.009758341042417,11.399115219562143,63.358258817314415,1.019636412342579,7.415792947942751,66.86757851563502,1.0202519242644903,11.713509840301224,62.81988352578494,0.9512473683726226,8.797208130102321,64.59646627762784,0.9982138075193493,7.507756687852787,60.979521456911534,0.9963651013312417,9.597915688436517,64.58590808014456
1374,50.04373259963653,33.40155228244846,1.568891402850312,0.0,0.9686896235460565,9.699674012921063,63.046033736176426,1.0079841222134365,12.919296370735085,62.37540513345964,0.9888810399191487,14.986194240489525,61.517144076816365,0.9926417346942051,9.294075069091337,61.79830093620445,0.9981429234161191,7.927013021751247,63.63792046067335,0.972821997002923,8.085237286815325,64.96327017366485
1375,50.05364295998487,24.738933324518698,0.25163195057132204,0.0,0.9606935367440017,11.63988956491705,66.78899403929998,1.019797489302447,11.5902295147421,65.75852705143852,1.0013564601288707,15.386820306243651,62.939731585584845,0.9936916095432298,8.432205985780463,66.80803423037374,0.9978868737413433,9.274609232203346,58.83557072103743,1.004044873474791,12.08183938907291,63.014116130404446
1376,50.038372087641775,25.909131401703213,1.8051257205756845,0.0,0.974124142340178,8.56769243928793,61.83121709484647,1.0189583232955282,10.015039530318093,62.7527100292202,0.9850147546797245,12.918671318791603,63.658845348745885,1.028979546365168,8.247685827343792,65.26878017993114,1.029928290094117,14.098022662751779,64.73885173030548,0.9917212996378505,12.001982775069347,63.001660789209865
1377,50.046513687031414,24.580706509703052,1.9947891364643584,0.0,1.0187203990149434,7.988737535768106,67.06048064789927,1.025154592489568,7.084327664719259,64.67079399483859,0.9861251286182444,8.963897414554111,65.24919744178372,1.0022516337385063,10.72474189663918,66.32084218792208,1.0083795402150564,8.351569672464427,64.78530107965157,1.0479724267475752,12.272323306924491,68.68784966129424
1378,50.04401378009185,30.286495507977016,0.0011877602622822891,0.0,0.9995515567251875,10.714533295946843,61.943317327023735,0.9925624578785717,9.019348287663018,62.80376459723158,1.0103872640713507,8.406465003199852,57.11611274386994,1.013624536395268,10.355918296127243,64.34740205588362,1.0462840589119409,9.19329933187297,64.50206683936408,0.9790281136379257,11.09469429154775,65.344289617498
1379,50.0659534284976,35.963668333090666,1.013892453473852,0.0,1.0571578285435275,5.795472964394666,63.43490659790939,1.0395754078393598,12.87455290566989,64.28701385834309,0.9916867338845817,6.369017429221516,63.87506478412994,1.0158609185857166,10.829409809236823,65.16756104972353,1.0180429131039432,10.339398196375447,62.53793770175329,1.0048873781449965,13.38838324767235,63.54844283781295
1380,50.05301274755786,35.01469516040193,1.9820923003010917,0.0,1.0022216254599499,9.751437660705824,66.2364055637739,1.0078136292488498,9.76697202925917,65.39951070185195,1.0221356225116867,10.186902993810577,63.46523734092927,0.9683885283272177,10.310601521009698,64.08901062115686,0.9984283261082906,12.990499237280657,64.46302351441882,1.0103488121936284,9.17998814877631,59.97188360195716
1381,50.05540057168601,35.52030000653396,0.8895623668869008,0.0,0.9890201918373782,9.261970356671839,64.4662943112065,1.005052381308035,6.31820945329952,65.22183456628709,1.000177774300544,14.565816795195445,64.08036784706736,0.9972008361701835,10.165251387214866,62.176731225378894,1.0057278117194033,7.581396909213215,64.89571372592277,0.9842822858238672,8.309423298850989,63.81097129299786
1382,50.02987117918738,36.67410635745607,0.7864798052589905,0.0,0.9951044204926337,9.982604002656636,66.3760335531303,0.9603315799377921,9.387564869318364,61.92483536485966,0.9933306142485693,12.156674205786443,63.97843707033856,0.9999647145055274,10.350421044670524,65.32468126243576,0.9637891904174247,8.6720529467669,64.27169515427403,0.9789686678060614,7.82429591382724,64.54723823036579
1383,50.05063939889876,29.650787743758578,0.5377893406015215,0.0,0.9989341896047991,9.574180186272633,61.51230271411593,0.9967781066209336,11.378962166137006,65.56142813582639,0.978620609300614,9.999246398557638,64.66063664835924,1.0118053899316513,11.791164263568259,68.74253611248885,1.0178055325995004,6.706894543910625,64.95437102450221,0.9869931301682381,13.763905006630191,65.12742461297506
1384,50.05485993590748,20.542140252013812,1.6164008468934865,0.0,0.9945338978364185,10.660897421269688,62.88520511275172,1.0086959743773765,9.38246891233815,67.67919334897678,1.0083903081850092,9.73009633209581,63.44986990404377,1.006172746376921,13.217105093433233,66.17610256286389,0.988033744349215,9.149402805707338,64.76408904653428,1.0298401969533952,9.505793972181081,63.76259153538709
1385,50.05071833496915,20.110672670697415,1.1223769604023877,0.0,1.023439290660841,7.518219779171524,65.50291479867481,1.018731109225889,11.595001331499665,64.33449505232801,1.010378314222026,10.7962388402878,62.963090213307076,1.0136371370977655,10.877710547138905,68.08089085645845,1.0180518924066706,13.418994767922173,63.47469389104714,1.0174046266901937,10.368458633874567,65.94529795687056
1386,50.036568047427586,31.050374954896398,1.5613934243041212,0.0,1.0250448242122832,10.069398408576658,62.52775588267183,1.0190560009629788,10.266209936691666,66.00159362671494,1.0168933661571498,6.852273233274922,66.665086328899,1.0015071208692905,7.1587497476588755,63.749884810462966,0.9522511813978746,13.269146310950626,62.370847386954736,0.9752378220904575,10.223110819107697,63.89754781665315
1387,50.04805189762285,24.288729261004885,1.9126854073755872,0.0,0.994765383162252,8.724716150628069,62.057926582796455,1.0385776706642327,10.213013622817927,64.24558043011942,0.9815046441773115,10.885025383877062,62.17986763724157,1.0169286758582419,6.117996101925341,62.10756303719267,0.9933583564258702,13.406523353068877,63.09240301256684,0.9632616856623439,12.054119169225102,62.68416462769379
1388,50.06389179759389,26.68762035387581,0.5416663617417568,0.0,0.9894339880476143,10.20301890755347,65.30694866014672,1.0109055167669765,7.738684367805288,66.40820114524661,0.9781400712997546,12.980194605875411,61.827449909372625,1.0175054546586009,10.687438875049425,61.04378729089013,0.989072366973499,8.399325861698582,62.80252875635872,0.9834905121398051,9.147458630458999,65.43094520426772
1389,50.0623511778564,22.847949055272146,1.8751892916724702,0.0,1.0021226881504999,7.3903692801799306,60.99272304771758,0.9804994541487155,5.38038786562438,61.730594573951116,1.003109427029975,7.21069946357739,63.662782835237905,0.9567977281085526,9.641761935386409,62.28096979027528,1.0147191412857626,7.213359824201923,63.85641024654846,1.0103317348869933,9.673428966195948,64.930899037678
1390,50.057032660863776,34.102074683280335,0.7152865435660107,0.0,1.0247430587887083,11.473701939763998,64.1453439978312,1.0184255711897303,8.30645016270581,63.677986376699224,1.0166688428412947,6.410215083486901,63.092266444472365,1.0330731467493048,12.697776670037088,66.13274026502542,0.9751906499033116,10.114835469966529,63.06837712416223,1.0378412066168137,10.310973256228385,67.07764778643894
1391,50.04421234711776,20.39467284717405,0.09388973437805004,0.0,1.0270401931438793,8.191025240315533,63.21807385188619,0.9904103456159679,9.401925237522025,66.22563186481106,1.0117466973302716,11.90751394086936,62.58243022260019,1.000958768631925,7.338764140480718,63.13440978780378,1.0394137722191994,11.279620922826393,63.323098862212326,1.0295358633010419,11.289112694160158,66.17376513247083
1392,50.056585048458146,39.07936164653205,1.387628395207384,0.0,0.9879747140227465,8.7133041666534,61.497795520174186,1.0033009696157016,10.4218104016073,61.67076136862167,1.0118674589914818,13.310807923476002,62.75927364547818,0.9663022095038083,12.146407995053508,61.73334689352801,1.0007434049100778,10.123892720900793,65.14038642543944,1.0137226015121772,10.47233626856721,61.94857993070927
1393,50.04269710928073,20.405275407702607,0.15680765362633586,0.0,1.0123206989489908,7.903614003253196,63.39832784172952,0.9584419986672409,11.387829739589279,63.030707705495516,1.019834109099582,14.415485078471903,61.53670555319266,1.0282354414393267,8.145720587261422,63.95883316504049,1.0081792542101984,8.173510454933908,65.80533502725308,0.9783261132965244,12.255042173511804,62.241493723352576
1394,50.04431384473447,28.423722752784606,0.4529967154532568,0.0,1.0043398870224094,8.603558089220094,62.949838197251225,0.9762819075424564,6.730498405722457,66.60730492135316,1.0256836936606326,9.38586696149983,64.2184537053763,1.010182829031109,13.98354162520156,63.64211940381659,1.0064056178101681,11.783791415659904,62.5464529561903,1.0317241751591784,10.986333474607505,65.03422366102362
1395,50.06383171588526,21.092699003905928,0.5124275984848397,0.0,1.0054660276661433,12.077403994371235,64.4986262435434,0.9960769063390981,13.646770130998686,63.252678173903824,1.0105162073490508,8.372308900871218,60.883695689997204,0.9604327943807152,12.831817139199352,63.734653304770475,1.0016998096862848,11.408582334004468,66.34976230556907,0.9625521721346475,7.367475789263624,64.82110266730749
1396,50.03865481655159,27.91748771014632,0.47687082384114987,0.0,1.0251069967646464,12.709599112266282,63.42617951254365,0.9764040074312285,9.957908900917877,65.39862448870113,0.994814097838111,13.239892410678689,66.0422213160076,1.0052533126605712,11.708622447329065,64.236838724304,1.0083700116517522,11.54484405174987,64.19210964020613,0.9879180335671531,11.123829045776572,60.0506716811142
1397,50.048412550345134,30.253631233486132,0.3295873764079942,0.0,1.0284263851678956,10.58614401992899,64.32384261885392,1.0142255632374528,7.659425315901817,62.19432350678681,1.049377162306629,7.701968469322958,61.77915459395969,0.992649063291546,8.381258137819698,62.642224354217504,0.9949536162456422,5.8842651870638925,63.584240461080455,1.0081790511074085,12.296003248918481,62.01301838616735
1398,50.04545975967242,31.43576297484731,0.2035977731847589,0.0,1.030557019821987,12.401404982139006,61.25911788288205,0.9723217565238066,9.171041802929876,61.58324734331363,0.9628579912092352,11.599049096605714,65.36328612719628,0.9890135823689766,8.041644235185304,62.224467419776175,0.9947458540267095,9.957996862574348,64.04193743154815,1.006592668895526,8.498848181850404,65.18944586718868
1399,50.03416212787858,21.875982302062383,0.4460005303448136,0.0,0.9831514292887709,8.868137356616815,68.15413483510447,0.9886275030862407,9.384809133858948,66.69861778387408,1.0213363776998121,13.025401780040168,62.28990925343121,0.974615090455736,11.513159546869216,61.10082914603576,1.0103444258781729,11.236786074800065,67.39250526162346,1.0409499425654685,9.98478505390783,64.69154057023196
1400,50.06146824721164,33.448244386511945,0.7347350129361592,0.0,1.014297498296689,8.21637791787967,64.63628184322921,1.0093072744976503,12.261446649744183,66.72694595576466,0.9572500743808853,11.032708362644234,61.94414315749287,0.9868127491491469,10.060564019437349,65.83520980377911,1.0293816072432302,12.280134348508586,67.73604478274868,1.0023587863378987,7.161224994889322,63.33582548129644
1401,50.04890011970009,20.724442618900806,0.9768293258340368,0.0,0.9800503027629934,6.755461436463008,65.19886163741812,0.9810600146435516,7.118795948591394,62.11842225742745,0.9864606550170614,12.508062152263314,64.3027174767265,1.0159183066906197,6.61772659837213,64.31904390800824,1.0017127510643409,8.752405193071773,67.34863717100043,0.9898473857343273,9.296446392092712,66.95009199773241
1402,50.05207140191284,22.543151603515895,0.4146095459173189,0.0,1.0298543128506363,10.514904231419072,65.28036628334308,0.9968376219271547,11.977083781283984,65.69242828624586,1.0277029993674662,5.883796113230024,61.24973566220021,1.0143115586177602,7.643689710241448,59.21135508694548,1.0095047626625915,10.90175161633663,64.86133859844891,0.9891630432726511,11.992966097218073,63.86083297496716
1403,50.06566748797884,39.41523547524062,0.49448609198430105,0.0,1.0045813706819997,7.5465972543391135,65.16790450998025,1.002731939007549,13.621378854744847,62.4911606956829,0.9915765978750797,10.835535074397036,63.7994234476736,0.9769805323492983,9.117155742917955,59.941793754728764,1.0005335378943376,9.134191008331907,60.78745424892745,0.9784048167413962,10.050867257149356,66.54913069265609
1404,50.04125190021058,32.725092252857294,0.16840404267367948,0.0,1.0066010027335446,9.802753792193107,63.80612399034959,0.988216194049492,9.862659275946799,61.65196966500956,1.004161976835338,6.701835849838398,63.61960591853931,1.0295677412433564,9.576943839150498,64.21766893939527,1.0215840276319972,8.897645087329781,63.80759793990668,1.0105856366861803,12.492625488147475,64.0908346717214
1405,50.056464603728635,32.22814538762513,0.39082764661132097,0.0,0.9437896994705542,10.069495394847294,61.03093176221387,0.9932273617482428,10.680648378786653,62.434421823328066,1.0033077193196398,7.780480376059076,63.068304276649066,0.9808932671933899,9.872264601963746,63.67697480305454,0.9994420523323503,11.83445905021952,60.40240115246854,1.0026042404316935,11.545707751498664,63.06687470618955
1406,50.04791794201832,38.200100067921284,1.6250642335914154,0.0,1.0069879056711897,7.149924340205603,64.36652431826057,0.987943831084151,11.742419940597143,64.74313626267048,1.0363416154232516,8.455036548471385,67.21057983819986,1.016989973965047,9.051641124052859,66.58035471891691,1.002007567172837,10.758801865437642,64.78473089948329,1.0077259121145556,9.494157390194498,61.980373720556855
1407,50.05262033758754,27.296538205625254,1.553176926984978,0.0,0.995370099977805,7.727097073872423,66.5152489536911,0.991281028681463,6.680795788683808,62.44659805561253,0.9911427451911575,13.394346754228664,61.86114963585813,0.9869197184402979,11.356173276944844,64.27759037394382,1.0161237441815227,8.81508657267977,61.53365844138432,0.9752710308531485,11.379495698817019,67.36655109828604
1408,50.06128190459776,38.27163990212532,0.8269434516798706,0.0,0.9922920366437706,11.163593233669232,64.5183399108891,0.9881147670392261,8.425518587126346,63.55993154029018,1.0146383968294872,8.528977138084397,65.95487683819785,1.0366727973975585,7.494001950534125,61.92276798250968,0.9910852561273031,9.963697818078328,63.173615946750694,0.9966705636982128,11.851124494898606,65.73654485420641
1409,50.046487716609974,22.480095892570652,0.7217751203144949,0.0,0.977721135564006,7.974863227414316,65.16399228151859,1.0171765521468292,8.291638358986852,67.58235353883158,1.003825038247838,12.247909200510462,61.25050312740726,1.0136990055376494,10.169410019208827,65.8794563879589,0.9696136393187184,9.497533808089017,59.867737164538255,1.0241969815852612,12.082294954551125,65.6467039402364
1410,50.056871451534576,32.10492167884211,1.2971812013071837,0.0,1.0138323222059542,11.009714821110244,66.16384879409094,1.0269694354815901,13.050741532448004,59.23707656810248,0.9937776711097498,8.916885959644173,63.618770120964385,1.0016047900698373,8.707081595434914,62.124903480676146,1.0025311741346934,9.889440516000139,64.14986158362673,1.0174892785940846,9.930366227109443,62.64265102400515
1411,50.04764067144591,34.45558858814568,0.32408590574199314,0.0,1.0278921641492142,10.561609852641169,66.78562536842344,1.0118825094236887,6.974067067505553,63.244988229369746,1.018000278601747,9.933781336614853,63.645125130065594,1.003957722353557,9.577353522140227,63.91728446051495,1.0192777958661898,8.962025969404134,62.252993466237605,0.981619631533587,11.668728380713496,65.53404566764888
1412,50.054211850860185,36.07525590719746,1.2484583442441217,0.0,1.0173805210865936,11.116541017418744,61.134713446218754,1.0110378718330941,8.371601438981738,64.50618259916536,0.984946241357749,12.996409204672663,63.60842731111566,1.0357287118324792,11.3476045717547,66.07256669372113,1.0209249897844899,11.773393555017947,63.363851799934075,0.9894135064543748,9.130290513545852,67.73846392093446
1413,50.03386057107734,24.622097063205608,0.2023910508407214,0.0,1.0139262043439006,8.713820252564101,67.97982713051191,0.9758177530810268,10.439922781142046,65.40130960499312,1.0125896239496825,10.217159340649522,63.687107217213374,0.9971248331589445,11.97386237565507,59.95776325616886,0.9853039615800676,10.665252923766833,63.81412536417323,1.0003413967320178,11.277646163933344,65.54196447260108
1414,50.0566165950943,25.928112859501205,0.8177315831468035,0.0,0.9805975839745418,10.56218262134076,65.56761670321448,1.0121481361839997,11.84738427032885,64.91311858555771,1.0148598137658986,9.678113506387744,64.03149822427973,0.9838859644555303,10.757894487897339,64.770082718039,1.0060238501821936,9.661256529381767,65.26431776401806,0.981018414502745,7.148652849054955,63.08775191435716
1415,50.05407013183524,20.61061897045225,0.4383371371548499,0.0,1.0058262071595172,8.274700399937382,63.87871027887016,0.9825285551248512,9.787124695172004,65.47096488141273,1.010278549095119,11.761988761406524,61.31002189121285,1.0181188251976736,6.334114984418413,59.503922661350444,0.9920529449795893,9.40963747608141,64.1984833846034,1.0200143597042284,9.347937055288297,60.819940375951134
1416,50.03838219123015,39.05026637628143,0.8249410092762528,0.0,1.016349610343958,9.833312840730374,65.68476118331854,1.0131715444582075,6.333864560388012,60.237178136620834,0.988038362607975,10.179212954231179,61.84914963390195,0.9925922283039588,10.82403657665366,62.67372812323036,1.0413950609629308,7.637855317269144,62.95025685827107,1.0130083217770693,13.350924320237645,66.81996974584506
1417,50.05513118946347,38.92948447319277,0.8218795463057549,0.0,1.003560563825249,8.273098250577318,65.88533819548415,1.0337453677381945,10.079786934013127,63.235260957368276,1.0057168349477694,10.608815108653536,63.27176968536193,1.0097395720561484,11.525850045731964,68.00289033151759,0.9934019756007618,10.32692940334408,65.23864579318405,0.9815059381984926,11.233000767842837,63.50474440502881
1418,50.035939076469255,29.77205496783515,0.648821494243164,0.0,1.0616526869514,12.134435924283288,63.77705932731594,1.006886416705449,6.79673106558981,64.17540631358526,1.0056149144784472,10.738327256936627,60.14442870835994,1.0277950926776918,13.529734417309964,64.52832135248883,0.9604395402694413,12.552734088816328,66.85568980269198,0.9848305944687523,10.129639609390777,59.9549813506378
1419,50.036701245218886,28.84450425926289,1.6253843520452305,0.0,0.9963788175796341,11.327379638982876,64.31346258194517,1.0072420104628024,9.984228143133508,64.25961217968218,1.0242722521040142,7.880827486851002,65.00086584800908,1.0022461237244904,13.423181122622374,65.17239817467103,1.0023483353944251,9.842374307901096,67.01097568633665,0.9949642696968694,7.871802028096495,64.09509201891534
1420,50.04815630110009,24.439173715544175,1.253162658175977,0.0,1.0258192456721207,8.747013405558166,66.30071388675972,0.9749149417947323,9.544947996181977,65.41716659578147,0.9885408847877228,11.988378749919384,62.52584269584965,1.0145387934085828,9.665668110677402,62.560421154024176,1.0035419745165397,8.998391742563873,67.23830669495545,1.0088363584014814,13.504176234040779,64.58808962253384
1421,50.05874081793093,24.10068335889369,1.9027712916666069,0.0,1.0157307545690153,13.246054648396347,66.084358339353,1.0216142263782593,8.243905588814858,62.04530396511111,1.0063677729294562,10.866968833628883,65.08554343612587,0.9930079092453546,11.375364267392893,67.24549255052357,1.021463723763124,11.884960894345985,61.72076251182721,0.9760601541532288,8.519581959585528,65.26171028471353
1422,50.057502113952296,27.448237792356274,0.5393311800084983,0.0,1.0023242535732126,7.814521900207941,66.08474082901209,1.0232026758272015,9.884645379991616,64.37350135255711,0.9995646747673705,12.60874040942905,64.29231233458664,1.0188648948168364,12.483573944446388,66.6671634749211,1.0224091639154855,8.521749346080831,61.540731722349925,1.0052147748646107,7.28930682138078,65.99731898446794
1423,50.052129708690785,39.95706009231267,0.810010093433611,0.0,1.0037025516393703,7.381299396866855,61.62457183755479,0.9911753953766572,13.681092493723991,62.638424216860635,0.9604872265208607,15.468621478025337,64.94028044643991,1.0032962398461034,12.686056185988775,67.04997613321605,1.0166140896954485,10.527439097203432,64.47276412554864,0.9954496430993038,12.820806441918826,61.94037870210265
1424,50.05531873909801,25.9762562878908,0.8360108350943969,0.0,0.9751817715198698,9.486332524960458,61.20789177771515,0.9539028647765181,12.173530353632724,62.69556222677831,0.9830086755881983,11.63748276691456,65.0090736131583,1.0140368536383446,11.171244276387437,64.82241705564327,1.0317322182939128,10.087122812141365,66.84487091784021,1.029237225166467,10.50403634281944,67.37177521958507
1425,50.0491387330087,31.314239338101615,1.8632662620493823,0.0,0.9864042672663743,8.193531633589743,64.18152955063896,1.000909517066424,8.328712226782336,65.54517810912547,0.9989438517478652,9.994895753260348,60.58829175489566,1.0124336730576682,9.215797783700914,66.11100338088131,1.039156263991506,8.550524502416927,64.62559897609059,1.0051702352246803,10.885120109873311,64.78717693337114
1426,50.02734192367576,24.41307137861577,0.8160244048071297,0.0,1.0233282120962077,8.22355190069474,64.99365026944945,1.0474686233391455,10.144626098348596,65.9430526850322,0.9982763113989273,7.404881404066732,63.09924361136026,0.9785418192999165,9.538830276352666,63.60396642852951,0.985508343194598,13.83561174530016,65.03870873847926,0.9708718830691102,9.964564104900152,62.482012035582
1427,50.0460491758342,34.81626264236559,0.9897941701013517,0.0,0.9606175118675344,6.6728393657334255,63.140435286138334,1.0208490711522273,11.228148302353564,62.287772835176575,1.0107497687095819,13.666996503165002,63.489291302097136,1.0277108792083567,9.80737029679939,64.68878604951878,0.9599417242737954,9.48700534470875,63.43335919941072,1.016680461975242,8.013852555739469,65.15023710448742
1428,50.0460792594981,32.20122439942399,1.2527777673349612,0.0,1.0205266261540693,9.420870398663004,64.52667864780177,1.0031688099081761,11.47638736736552,65.44391850941743,1.013072714536651,12.319355652620034,63.74732946704937,1.0267827829480969,9.273859609006355,62.783160965419796,1.029441130464276,8.425823817223122,65.64492605717108,0.9764560982374093,11.876323205402322,63.4922836885507
1429,50.048482250736406,35.19622369911508,1.4607239916637744,0.0,1.016819370372869,9.827240596674315,63.813512910846605,1.0134929527964815,12.335336060158365,65.54484808835684,1.028524507615858,10.799653615284722,60.845870146419394,1.0111522055396411,6.6304180585311085,64.57361135846524,0.9934164092128026,12.013220888122651,68.2124683166295,0.9996179430912933,10.409692957177858,63.72876072017378
1430,50.04577975838771,22.783839047387012,1.9212950562315603,0.0,0.994304896312349,6.768654154312545,66.94670224264611,0.9888910151790399,14.016193736869699,62.232262823625206,0.9872780057867404,10.748582106613373,66.30228165420746,0.9850883840153409,10.458476323168613,65.90757795552011,0.9760775971382661,6.626076180520672,61.64963568984313,1.027842376230977,11.632745014845904,65.86115942505157
1431,50.054033419420804,20.409291507409048,0.7765636640857247,0.0,0.9678120323164018,6.067553072516622,69.18083081430616,0.9920850517849295,14.08886832607177,66.40482471234304,1.0131609539956539,11.418320287662697,63.80480063637935,0.9687664011898959,10.43954688080135,65.09028624163008,1.0131003773893101,11.670649941632373,62.46708588899436,0.9940064839016398,11.23447204327211,65.40878764604705
1432,50.044991741087244,27.011675259816755,1.7254280895330019,0.0,0.9500374689562273,11.668950456528222,66.03129472417227,0.9769453708333797,11.739525746616993,64.51725929484753,1.0137501486307272,11.645229355278348,63.264923869176215,1.006580728654876,8.854274527900596,64.9661708360121,0.9954121222248168,10.527203060649105,66.23090342339437,1.0004635776845658,9.668163076346278,62.57420779978393
1433,50.047559249740004,21.57067850565197,1.2977018701542296,0.0,1.0172246243465761,7.7696975715672565,63.680379716836754,1.0136549177596827,9.242518802321268,62.70875936652218,0.9652255131042382,8.456493228087883,65.06590028605865,0.993464028412949,6.199458124791503,66.26627251676678,0.9784928378858235,11.385408884917025,64.12007379217664,0.9884243591598252,10.47792565311278,65.23133608660045
1434,50.063814374452434,39.06600243156989,0.09966536419884431,0.0,1.0055368519407666,8.626227771722583,63.02152607397505,0.9793625490584579,9.975192172774328,63.039340399805425,1.0077986047361374,4.93121128051907,61.770161412697995,1.0024005623438332,7.538385986064277,62.86246843188024,1.0289385802595006,11.210665151804134,64.65742568696321,0.9677390005024693,9.346122845571086,65.11854692382
1435,50.03755688571119,39.14869766372756,1.7280445402753315,0.0,1.0305043079780556,8.668742770848572,62.03097157500448,1.019277301699596,6.704687161499525,67.64294346210627,1.0063604408021765,14.476243474947756,62.470926963922786,1.0127976091701165,9.85077704897258,65.58221905746768,0.9943223596812476,12.135386482944744,68.60022948418856,1.0063662479234292,12.07240309767914,67.84314178070045
1436,50.04620568279899,35.18352595665938,1.2841688864857614,0.0,1.014562090656312,6.916827044904132,64.48029147672831,1.0089847496437647,8.878936869375572,64.50630263569755,0.9862929907433189,10.418705598141269,62.24393912020233,1.0178637077605721,11.082856834928826,61.547321613175875,1.037443615245496,7.110247330277237,65.07880775014183,1.0146581590425336,10.763783760625662,65.16250568688268
1437,50.035637591439986,28.20867302359292,0.7961007155929363,0.0,0.9932700264850194,5.699640238112828,67.92827632368028,1.0224311491937619,10.716695626920696,62.6287446305912,1.0167505135739776,8.412987001182767,61.25310005105213,1.0120569361961804,12.932304254201847,65.33594691491446,1.0012292616647551,10.396496871070559,64.68446761734523,1.0148480172851495,6.366425368145105,63.886446073995
1438,50.03016824784098,27.947032972452334,1.6498600991494625,0.0,0.9945540161045417,8.604821416748923,62.83733875763066,1.002478206482362,11.767245660796037,65.77448298700855,1.0312522727727949,11.475169344062813,65.8295271817979,1.0050473378913032,12.828790523207006,65.60597497893525,0.9912613605514531,5.556506028473781,63.61095869810205,1.0124553598074018,8.633721613511277,61.71176029052528
1439,50.04969222205312,34.94386819026527,0.4023773781330662,0.0,0.9935778801591305,8.592802559761715,62.10800231037091,0.9920666534893677,12.541672604262528,61.96975935771935,1.000197916060357,10.780464560503933,63.37703285729581,0.995569568625044,10.948556849697294,64.51788167486032,1.0164100201619377,11.77280838317418,63.80077415447534,0.9843061454405738,8.589762237179457,65.77510942783155
1440,50.06515226613323,25.882094304952822,1.4672682411144296,0.0,1.0060522768999778,7.770978755482217,63.886815891379605,1.008742970824132,11.414381101122723,64.96650088116151,1.024592689516769,13.740378488993105,61.941519644974406,0.9924073908152271,9.557241592274908,63.23568904915642,0.9940985578133946,9.838529038013418,63.96116611237558,1.0014071944680434,10.223423057650393,67.21425982032795
1441,50.04728778485286,21.54591743342867,0.8954605547289283,0.0,0.9896281645375988,10.17778131030218,63.61008450456725,1.0434850976963765,13.949900927627503,63.25901125479423,1.0022601576425951,9.954383011786087,66.71174197141217,1.0101377187384586,9.15654427022907,64.79667463541413,0.9855611487079776,8.767516554023722,64.53830656778106,1.0088818952075076,11.699808743173381,62.47553852825086
1442,50.042746615328,31.367863064265116,0.2468227437831645,0.0,1.0041538838509059,10.458696195288555,63.68236777287062,1.0068347084976728,9.819880815566925,63.91416247308606,1.0103401759478092,10.269082004493738,63.52723768659986,0.9964608668032856,10.339137335980569,62.84294181328786,1.013336466150672,13.651582463738537,63.90614177712862,0.9908332865683911,9.36432213150329,64.6720024283092
1443,50.04835392670518,37.202235672802885,0.4978990365961058,0.0,1.0037581857408138,10.227924800589566,65.09211555243867,0.9983159688009673,10.051823468734124,65.51150434898655,1.0303029616115411,13.93712447756166,65.0375393964364,1.0125299544615258,8.915486655227665,60.651152854650014,1.0275772358004833,8.675540022268274,61.901525182007596,1.037703572107667,5.405876551878995,65.92597910749654
1444,50.04905225469862,23.588698920394314,1.4690179066586098,0.0,1.0149919708005117,13.410009299868552,63.815848817892906,0.9721355120228734,11.351096628194446,63.97824237908504,1.0090426679695088,9.283844995897333,66.10339764195614,1.022750339760744,7.1969415797895175,65.27661374314063,1.0110529745567496,5.006462903349094,65.94982302724196,1.001415376943035,10.20969305159842,65.92827101761347
1445,50.052822304064094,36.71430592014483,0.7595451963442259,0.0,0.9787149172892886,10.931522026708018,66.96049788873735,1.0074406314017639,9.886117448355401,64.31083680197406,1.0298304109891847,8.697038687890004,68.14234590792904,1.0038157070954075,8.850029051156923,64.16429574058753,0.9878125463449074,11.616799007180784,63.209359900974825,0.9783327758197915,11.574565138737153,63.48370227026549
1446,50.04449623337454,28.806879962247457,1.9301401294176115,0.0,0.9967216533986402,7.948154378081529,62.63732299088152,1.0379366320566028,9.444138613536156,59.323286495016916,1.004438094561479,8.887440030817576,65.03994696468632,0.9895734103854226,11.754859322927713,63.56620118480503,0.993916604142781,8.380364233612585,61.779484169286164,0.985076945645004,11.024264074982021,64.5603357047994
1447,50.04413540022946,37.75692517861518,0.9680283817796576,0.0,0.9857966562048812,9.056442864875002,63.2645237154343,1.0030367993865243,9.841353378482939,65.72070561132887,1.0293623033643307,8.86924542351478,67.45498686294718,0.9979208023718358,10.405358719075133,64.26682460047856,0.9911581370371317,13.188353576005053,64.7425482479766,1.0209370799492088,7.179526426008776,67.04376210156282
1448,50.04911244305078,21.690239970895806,1.397002834274596,0.0,0.9576532768157975,7.680627847516482,63.30071158680503,0.993548865138796,7.796583622332008,65.77643267782798,0.9945613515492919,9.33916078971247,65.1857029410123,0.9785466402682931,8.181226594455632,62.01144874551395,0.9735903518064951,8.09599387701157,64.17096269572468,0.9912090604830163,10.058450075409647,65.75793069397584
1449,50.05705392910308,37.51003369833464,1.4422707521792315,0.0,0.9990409290604076,8.995653150134164,66.18710599414699,0.9882005176280425,11.032518832037242,60.86804061925686,1.018199748142521,10.382794931045952,63.40819467561524,1.0068796246100005,8.237161081582258,66.41062006549465,0.9917417819538904,8.412778170836013,61.92490876038975,0.9947377418551426,9.931507909433439,60.96014431776145
1450,50.052964813846756,28.893411763851297,1.6056649807845533,0.0,1.0153184036288594,7.281278319656691,63.479438999204284,1.0006301800942559,8.259873775646387,64.2946193563946,0.9984273930708527,9.92341393081544,65.34035612316241,0.9786249975826308,7.2993161802866755,63.00774803670169,1.0001267393951374,6.210543618726584,68.81446466393953,0.9920887284285531,6.60862869217584,64.82813399830394
1451,50.04487599549599,30.222301796968605,1.947194418382095,0.0,1.0215635736974762,8.848188825901078,64.08919301338385,0.9809928293685034,9.08805577325085,63.82708625069519,0.9883034074388066,10.826904476023824,62.82438977483322,0.9968038924424558,11.963957168916814,65.42763615930477,0.9905810395362724,9.324863681376392,63.981593721523694,1.0291185750779899,11.17713333163361,66.11190564993431
1452,50.062521803987394,36.71814518795121,0.5919745161071397,0.0,0.9837395575965827,12.478895185882259,67.17282378161534,0.988960560552751,6.596759951611192,64.26176035873796,0.9818406615476041,10.582910192671562,63.8856512718324,0.9967869954265102,11.358489805562792,60.640785176063396,1.0075104126586376,8.408101810963027,63.37531906750115,0.9875072515275342,11.648548386278057,69.09978781437819
1453,50.05955137314492,23.49018108319289,1.2667748209335445,0.0,1.0022553232293108,8.215745272332917,64.55829704972516,0.974950585048799,12.804919964817365,67.45391859736478,1.022737924344322,7.810870166548085,64.41701631268634,1.0105640478265157,9.560625465106453,64.9382382578534,1.0044359859188425,9.055609574877906,65.4719893123473,0.967600698360585,11.0103582383325,63.093570142035006
1454,50.04602006752007,39.64475237267328,1.3171422787206741,0.0,0.9947866743986646,7.114787043919893,63.470501082271475,0.9776982714510296,10.808556677396192,63.71088316509174,1.0249692476441765,7.4709807951781375,61.54853737654661,1.0156102717710145,6.986389150211462,65.862772981196,1.0192926098643933,12.184508351230022,63.59909053219701,0.9619897890512852,10.369581671980594,66.36462374481883
1455,50.04891358930341,29.280044685911925,0.25472694666996176,0.0,1.0179345029706122,8.968502520539978,67.03240114406022,1.0539952859519846,11.381913102626699,65.83269716215386,1.0004333067873394,11.020376849910217,61.3966428754476,1.0018352966273338,12.563734181743204,64.92506617798297,1.0124478819039175,12.276092690086909,63.556001728498046,1.015201971713754,12.636347719891244,64.44707799455335
1456,50.045100627095486,31.591901891064566,1.8731139362921183,0.0,0.985626309249089,10.437464556550536,65.98803997013837,1.0081357466438121,10.143366671921036,64.98369878437477,0.9638784140080161,12.608251119043956,66.2796959266439,0.9941820040279586,12.042289654958783,65.61324911644553,1.0189269028048007,15.657816683704464,64.96955827598303,1.0407164407651208,14.45074471348755,62.63529981018755
1457,50.0574508414435,31.79608311220458,0.36534400951973267,0.0,0.9824897502784079,11.651951485833676,65.19363617116565,1.0225241539457,12.230853076775157,63.37898127590293,0.9865877461613815,5.524535900025935,60.86833339769418,0.9949509517041215,12.335618008357674,63.161092586633465,0.9625523787480875,9.13895779035682,62.45655460845507,0.9706390370595223,10.55019729388132,65.93498704457345
1458,50.0465366131253,38.66814218103345,0.3141650967189882,0.0,1.0183365133820224,7.63045947886115,64.04880767622569,0.9593610336715206,13.796654811058975,63.47481154999932,0.9604669947640707,9.56855965625644,62.73753206541835,1.0156235123400075,9.841211100472828,63.4152130408702,1.0397874177978024,8.996515587431983,63.16251953687015,1.0026928610828325,9.903074640285675,64.04282510049916
1459,50.05329821866021,28.851592160072116,0.5553413657826707,0.0,1.0062112742831297,8.08240151095902,64.86515265899706,1.0061128573936486,9.439320866103925,64.28852507506791,1.0144640796558049,7.630588793089662,61.052541136399824,1.0057497112362728,12.979738709662689,65.30565408352366,1.0020146966687287,8.495740181969968,68.02184887307541,1.027718483246634,10.344173853654494,65.11806673800399
1460,50.03552748643712,30.306639050109478,0.3034309438578926,0.0,1.0088706757820687,9.074462325919608,64.29056773669524,0.9888927168707825,11.826104913848836,63.125274998022526,0.9878207988529915,7.061940336431613,64.6992878607823,0.9922413009437646,12.262481982222313,65.5282771686735,0.9993447815015871,9.302374765443714,65.64328847979309,1.0072398075309084,8.45183554159171,63.24938843431676
1461,50.05229120252634,35.78491834201781,1.3053651173772476,0.0,0.9956298700105012,10.029084181850367,64.41315841938119,0.9978342259475642,10.140529738230985,66.06821265787738,0.992930602113465,10.801237959499886,65.75506654538412,0.9996898086452254,5.793799909419132,66.47086598901953,1.0195817181600184,7.798818380388785,62.12007937634305,1.0117668399056758,9.393621886787747,59.63190726850003
1462,50.03730627974848,28.001019953619238,0.48193921473890944,0.0,0.9867601443811533,11.188256759219586,65.14273448013,0.982889747804647,13.280346864439968,69.91591946962703,1.018066309126142,8.690839551948734,63.35939294229553,0.9537126654373569,10.54544283870764,63.64552854786513,1.0343172245076515,9.997380515374509,65.7171961105343,1.0178853207731717,9.68330874728935,64.44925197917993
1463,50.05018388727937,24.401169105882847,1.8165715979387214,0.0,1.0047756279300695,11.450673292966595,64.7164412553433,0.9950253790760959,12.383697381044756,64.32689272687475,1.043713883737495,11.343353649538363,66.22312958400589,0.9882906576730489,9.228299377309689,65.6299978059646,1.0028823704358236,11.638863974556774,63.626548858145405,1.0008940705191067,13.380437258541836,65.19477240584978
1464,50.033633985987514,33.08107757159782,0.2715591837671998,0.0,0.9835212204473397,11.13600682623412,66.29825216674641,0.9548607557003652,9.617669018242072,66.44544511316315,0.9839982580271794,9.929346407515832,62.049984520625244,0.9856744720550754,7.6332319974648435,65.82417450011278,1.0410182208808698,10.879330959848785,63.45643214851133,1.0033152097434694,9.76655501842654,68.29672035793511
1465,50.02465206064287,32.692337595206695,0.7241438103598528,0.0,1.0465043970744576,10.439135448813442,67.56487435500607,0.9760558233506555,12.199945477035325,64.1855912775583,1.004000947087199,9.324521013909278,65.958455941826,1.0151421564285505,11.688817760767298,64.94071305996313,0.9755975788761062,9.037974815335582,65.06843201537558,1.0204286538549725,11.220212595438225,62.05499182762865
1466,50.04176001781969,39.23865935398607,0.8629451692902232,0.0,0.9882525721299029,9.10774992251345,61.62830010824158,0.9934222963189501,10.679582299961696,64.83017912585373,1.0192313446338332,9.13181868924593,62.96348500376762,0.9994534903211288,9.815987352246179,63.09189987076791,1.004101907351422,7.620531511742132,65.38906630515304,0.9652123030907149,13.091208048745454,61.45568243527214
1467,50.03272109499145,21.583778465114488,0.3685631534041327,0.0,0.9955714173135173,7.877158507290751,64.8596202509121,0.9796016447199108,8.670414881236262,67.55142321018072,0.9938782608337382,7.242909869670347,66.99959966149211,0.9998545623719564,9.574934235050911,67.71687127231475,1.009610049747576,9.70437639102666,64.2649725030346,0.9707877898157992,6.454010027511716,63.426940942582775
1468,50.03430395697544,33.51845339642601,0.18817663434562193,0.0,0.9966733036100801,14.423267888976188,68.5845784968905,1.012474926799383,10.83158281493667,63.5414230585692,1.0046422698872512,12.5133248417569,63.45877444157023,1.0146281315897283,7.869984878677858,67.40913645715473,0.9762898605480493,11.080905278646394,66.53439658660403,1.001735700415629,8.000163061987623,60.352029595139214
1469,50.05004238214048,27.790864239352658,0.01399315264224521,0.0,1.014117895413099,11.804214386002313,63.85026432144651,0.9586247746941848,6.769851354484851,66.12665921750657,0.996354363719774,7.619818195359983,66.29860981538127,1.0095837457233965,9.826599624680108,63.37026530884936,1.0068866903029376,8.414380832610568,64.97934335276095,1.0142578197620402,7.412463382553414,63.19473147527257
1470,50.03888652217166,30.217766773876214,0.08531663767754916,0.0,0.9961191527853007,12.510381293836794,64.95310111669671,0.9904691123761595,14.679074152758101,64.41084211667939,0.9865404400630968,8.11828823048546,67.7495418250405,0.9593342703224169,14.527123435247118,66.24586881926672,0.9961539653654701,9.598866807697814,64.89630584299508,0.9923207470001432,11.493380789127697,64.69182113893136
1471,50.042759949508806,34.61548969160468,0.9625260847229158,0.0,0.9849474858572704,8.74525220065704,66.29163064007938,0.9713122541614709,9.419826928084563,63.33197517242656,1.0043987883579077,12.165403480440501,62.950570420285146,1.024974680554451,9.789439641101032,71.0316749116151,0.9908865653276732,9.065732238785575,65.45443360630138,1.0377749967760082,12.78778503949711,65.36868378103547
1472,50.03118606134567,28.043163808940673,0.4503579988237163,0.0,0.9816286697834107,6.9135521970973866,64.157026219309,1.0072550020927646,9.258773929474401,67.62299040421934,1.0054771389128754,9.749919913223614,59.918062519950254,0.9715651941020799,9.400157647473499,63.84230948872397,1.0121323566886358,11.083465877754568,63.46362501119207,0.9982919886258408,12.5330592616464,64.2506122060472
1473,50.044166477688385,24.63246497538196,0.3978558211149765,0.0,1.0073059846559607,9.805659768465592,63.041705617503155,0.9950742773539091,10.049728108896456,62.18035887137962,1.0047764044308896,9.330138388733435,60.615436661087735,1.0029249402291542,13.188680776335213,60.52117858904215,0.9899760916394679,11.141069701642277,65.16519060713586,0.9963605952997702,10.10064640948579,69.03419845863827
1474,50.04420746178089,26.65472731108804,1.6598824408795176,0.0,0.9936438966855456,12.675949644123321,67.76220827180639,1.0040707296761489,8.854161388983165,65.31480686792543,0.9913231479034651,8.33091870503253,64.10593765840034,1.0302274403550964,9.339532069026925,65.67026509138866,1.0126841354078988,10.26341581354833,63.563532282793545,0.9940675541456312,10.294069331594994,66.2261312570021
1475,50.03688672996307,26.604352448816925,1.2970111994040614,0.0,0.9698967016302154,10.128290049292763,64.30714743337724,1.0206385982576192,11.22639818433349,64.64323557990402,1.0019981761827215,10.888909611950515,64.85975530536626,0.987075617000951,13.720368875570978,65.54528418662632,1.001320128100748,9.848619853833625,65.04959516893426,1.0175143233508366,9.690921535070068,63.26938141932677
1476,50.03360678323929,23.02049023621672,1.4594827961158667,0.0,1.0014013049696513,10.205342714705086,64.9855738524796,0.9712121612902274,8.62293255039037,64.75379619931164,1.0077237241221113,7.449692154701598,65.3320003756705,1.0040988982568229,7.268716452258802,63.23057651900127,0.987674836033651,11.808792035859007,62.81576810183835,0.9778963026478733,11.116564690562035,62.34582769110284
1477,50.03026383011347,37.38518100324292,1.7960845315333989,0.0,1.0321136762980883,10.949164169137777,64.51671078272673,0.9721522523432216,8.713459883385747,66.83578363667549,1.0029080898736376,10.701372088340205,65.14366220921416,0.963070147009951,9.457731773885985,68.59808209504203,1.0167402998379569,13.443401608957998,62.5658511499596,0.9823200787921325,12.816000780642415,64.4332642680907
1478,50.04728780281605,31.679282781305503,0.9341153556549979,0.0,0.986343719970902,9.806190547792644,64.99714667132714,1.0157337774689141,8.506876927389499,60.96370049822139,1.0175189467690084,8.46109592567933,66.16176623736482,0.9953766593848314,7.398318963625555,62.8811449085108,0.9799404367099374,6.729876285343095,61.74208518945705,1.014367905790025,11.97403530992538,64.21881885680823
1479,50.04182101716455,35.530248088137576,1.99514548600328,0.0,1.030602155789777,11.296174512550929,65.0945980888998,1.0010152360094118,6.447265576704545,63.98811655016214,1.0122439553637417,9.028076959471777,65.62490889672041,1.0264983911507484,9.944117543330746,62.351493595091945,1.018655117237116,8.46102165371715,65.90043099582,0.975519949588223,8.452232818367346,65.66243004455977
1480,50.04808013624801,31.96456682548449,1.0593471993440486,0.0,0.9913712947437968,8.02140595905176,60.01870622354052,1.000019490191566,6.755357562942144,66.78834758970615,1.0039193261855655,10.556729034184938,61.64167825363071,1.0352759315943316,10.596885404032394,61.99798170953117,0.9957155416921264,9.671195120724246,65.2534012643657,0.9787687918061536,9.563292599550543,63.85411939115091
1481,50.04935886611584,30.9082596871081,1.4994692560957161,0.0,1.0325087532997903,7.647570422888381,67.74681503204003,0.9560929130578494,10.157565329322408,62.981491068322505,1.0154785443430077,10.011164794668034,68.44761437240702,1.003977081620389,12.095544082759746,65.59227670715447,0.994102184733183,13.904218809770555,64.98880979198412,0.9840467937197104,11.319990251806628,68.0795486697007
1482,50.02387487841496,38.51742485207484,0.1632835796866241,0.0,0.9759392863934889,8.244133199570784,64.2169646901324,0.9957304511729538,10.411882553490063,65.48821086180075,0.9920067615612996,8.70873971300626,69.41185584745297,0.9844055195052666,10.324466466963122,62.955581031014034,1.0224581176784842,8.172918951366722,63.90642861332732,0.9878284211520681,6.808641194435799,63.84273217580847
1483,50.02816167362369,34.186335505272886,1.7315020468576081,0.0,0.9823122073100233,10.947469633374142,67.85740847564011,0.9988727000713806,12.371111705876615,63.61416518476925,0.9654681453955359,13.234009746141574,62.9869098096947,1.0152405812598397,10.311315258265479,67.13226250457254,0.9917353827589013,10.812212520603612,64.40332481167599,1.0302897458309284,10.029171662919406,66.16739891203797
1484,50.03331085469672,31.428169299581796,1.312834285944379,0.0,0.9792891175317557,13.452002489206555,67.35676214241806,1.0192388526422638,6.778521523161466,67.12037032731575,0.9633149551259481,12.976517175241787,63.25165245929827,0.9436434884960802,7.744770643465319,67.35192954746668,0.9733425376831653,10.389397075841753,67.53774311213665,0.9863246173750544,6.609790797257675,69.25503858152017
1485,50.03221293763048,30.339190615620982,0.17601649791542084,0.0,1.0484066029481058,7.645866320750395,63.73568667497672,0.9924269288819089,10.605498320962019,64.38090322350332,0.9941758906395016,11.165002899361257,67.84025697604261,1.0157114722081773,5.525171524666559,67.3620528945977,0.9870585925661669,10.174393993714597,65.87389323228214,1.0069078877844788,11.530818602760249,63.072313208355204
1486,50.02494388921814,25.34663127853853,1.6499975224857082,0.0,1.0113660835655642,10.312603558873931,62.631502958732305,1.0363127681559652,9.03751623403933,64.66964179584446,0.9970791030144366,10.83489445954409,66.36019488378655,1.0109349371986767,7.1099842687476045,65.9630114308747,1.000385820487799,9.140924869004513,64.62501594810823,1.0028704746915513,8.940244553705883,64.77815194381066
1487,50.0574996705072,31.744409447293407,0.06363199328256841,0.0,1.035493914378287,6.008256284457227,68.4695056988257,1.0321826920123784,9.996866374282448,65.35027053625448,0.9728878539798962,7.378903036509955,65.75005241671619,1.0138864747575582,9.19287952146191,65.99162770785662,0.9841975482767608,6.684279848698054,66.2313028945913,0.9920650531081346,10.550343880102425,64.17741427370238
1488,50.044071327407785,21.681749488870746,1.377752834708185,0.0,1.0024759144398718,9.669690832138048,64.86883814438323,0.9965774735594568,8.43538608069471,63.826643252653774,1.002088983186111,8.415765899792223,64.17103985739013,0.9730555893095607,9.48195447258434,67.1019342901162,1.0098474563927236,7.60270821328837,68.4470897169788,0.9985505217087225,7.955252920944189,64.38708433143894
1489,50.025806187321884,31.15207853434557,0.41119281750912906,0.0,0.9881234563998882,9.564798200390854,65.95956481185156,0.9898101287246335,12.233599645949084,65.80560743267591,0.9768230816122782,9.266749712224618,62.555453555919854,0.9955367716214352,11.146758327375732,66.21251998452358,1.0101699037098661,10.479571964205872,66.55550856664092,0.982330908162261,12.588296475402895,64.17465019350361
1490,50.041023384711224,23.887071868858207,0.9795812575501892,0.0,0.9749739246900327,8.997175512354536,66.23389171693822,0.9894312039033514,5.649127927390516,63.91295835200741,1.0151181786332408,8.574895995282679,65.4651575835527,1.0226889763722016,9.08374653331105,61.47061753081768,0.9861011487911776,9.343066362038867,60.25945252400735,0.9800916593676524,10.133572947474029,60.6645090922362
1491,50.04037742834402,32.957904273502294,0.2997616884645746,0.0,0.9757134909678198,11.832923905008759,65.06052925031598,0.9980910164294535,11.591139667840391,63.79728230689988,0.9916858326995653,10.655342016900843,64.17065969973686,0.978811869266637,9.652468496843628,65.00612311448496,0.9912576736148256,9.883664446452666,67.43899654395149,1.028435315554852,11.53177682364539,64.73191557975049
1492,50.04277559114793,38.93023582059958,0.10146758732362415,0.0,1.017846030277492,9.747965401440993,62.76635463254559,1.0018950996921292,8.702039691569293,67.23306882854794,1.0147309966040967,13.014152760239892,67.9655980302359,0.998863834935245,9.73988237948308,65.46340898377886,0.9855985371594951,11.917043922863671,63.361028381600356,1.0036998851956709,10.232855147498851,64.20868262577946
1493,50.05090873903494,23.312249854267392,0.8672727585596842,0.0,0.9883320734302431,6.91059456370823,67.60552018113879,0.9935946074507104,11.866432246681367,61.6565943587223,0.972329974832165,9.989818826909547,66.52110754866592,1.0095209925054476,8.26338122419686,60.38181743464208,1.0250715478683432,13.495339931843802,64.61057738927136,0.9944868219493999,8.084185223373904,68.48963809070973
1494,50.01443722438385,24.340339807751405,0.7029801243224443,0.0,1.0251444253575142,6.425491890922103,64.92265102660812,0.9809564059164815,6.87233960567835,64.03712899695324,1.024474628135295,10.700093697289171,66.52592212089901,0.9770819228561974,10.730701864137695,62.46496453154585,0.9859689413336715,10.60398280721797,61.577224323096594,0.9925670481076411,8.800994892735213,68.22382839246856
1495,50.037051858689395,30.784294887947738,0.736009057662897,0.0,1.01347102826861,10.712865226619373,63.66109040025424,1.0004550725231804,10.457614998735469,66.19706169522135,1.0123252317363658,9.655419418751542,65.04297157879603,0.959447558351238,7.82707118119374,60.509782167712565,0.9972016316226057,10.34822265114541,66.9603938845064,1.0265148682954401,11.59178308659632,67.03766704183005
1496,50.02564997366253,27.020821105928853,1.694795808381484,0.0,0.9886969939419287,8.948823363455727,66.37480898463848,0.9720930925121052,11.047370122529731,65.88739006201865,0.9978336725754162,11.11759645070296,67.00668244683996,1.0147942819526345,11.65111219375513,63.315824836486584,0.9703390405050863,10.66511231796606,65.35044755032858,0.974605157103469,11.806795247587692,66.72352257201607
1497,50.044765875900936,30.27460078574748,1.8785400117696331,0.0,0.9807812556562405,10.025271187037006,66.5217710156955,1.0057134408844148,7.271476231265805,66.47709932957606,1.0424980729554272,9.1369334609282,64.6457826603284,1.0071820546174708,8.607971293965402,66.7596037183647,1.0123069831448008,7.289043684807254,68.08695319526369,0.9868199216208542,8.23517885134286,63.71599904199565
1498,50.033555061386856,31.85401489203353,1.3250072866472213,0.0,0.9937079465984681,8.534094718797451,64.10284859843213,1.0175419052613193,9.192660232812521,67.27675106449708,0.9897980175266746,10.17840810968232,65.98795182411885,0.9777736119913918,6.393300132283321,64.2531159272702,0.9551733719914778,13.232359084183003,67.68221933028485,0.980312438841982,12.394903590457343,66.0972905779331
1499,50.03185401826099,24.675887512708456,0.9418403550489391,0.0,0.9701742337262931,9.559949404629458,66.25126576294342,1.0171286209116044,9.53669248995946,67.77737052746605,0.9742488285576224,10.451773076211525,62.553577800358426,1.0277049440431163,12.3717727735951,66.6641547555343,1.0000019143874872,10.835029426932048,66.94347350033155,0.9936189611297352,6.988355560279874,63.356286395369125
1500,50.01756933542606,26.11225065763334,0.203575277587007,0.0,0.9935528905993409,11.934268017510705,68.26334348846181,0.9991936008239293,9.155463561974727,59.920127294668326,1.0272991444114656,11.953954371045901,62.97738699390932,1.0290236974972742,5.75229073520981,66.67569815496906,1.0119866634938297,9.804598648275043,62.185670336168066,0.9944386099413688,8.046395805149785,67.37933996970325
1501,50.020475377869175,32.11769991043041,1.4368200495775076,0.0,1.022558556804301,9.75522659465315,65.14916375422263,1.019193703245903,10.139331785415074,65.28366093336344,1.0005743575977493,10.229750852387117,62.06669292669334,0.9829292374999639,11.524405122688485,66.08561980621978,0.993683995762094,10.089802428788419,64.21234485899012,0.9780264487047783,15.78524396889904,64.08528486722153
1502,50.06046878936741,34.36765277769467,0.6931615908916362,0.0,1.0021705083452346,12.852179483104411,65.12346018365062,1.0372874291273178,4.440501983142982,63.66637821819151,0.9977317876435978,13.184464576338252,68.47093793670892,0.9925097061963297,13.143686362146916,63.273791338136625,0.9919838992207943,7.685287099821327,63.37339273708637,0.9888423427481644,13.159794674694467,64.19058828756789
1503,50.02247273087752,24.600707792398683,0.2931758739811372,0.0,0.9796518373489524,9.92860221297699,64.63765253389819,0.9891270222927945,11.942696182825738,67.80595544594682,0.9925319969770615,10.690502037953877,64.19215658928711,0.9961649682368391,7.3252914290876845,66.02905191561824,0.9870565322390406,10.965092782791391,66.97914029294984,1.0431570151582072,8.5142165636355,61.938989802877366
1504,50.02474071852762,34.97514945450561,1.9025028777927968,0.0,0.9927467381846043,8.703829252342356,63.820646530239124,0.9629120749609077,10.302303983852424,66.58482125874525,1.0027382045533781,12.152463670910489,63.109035408901136,0.9970391215977772,11.471719748956948,68.18664245451119,1.0345589201240646,11.717634955753589,65.36861348003549,1.004863527059527,11.780801475035785,63.08035458300287
1505,50.03770178537463,35.74255769830463,1.202212799589931,0.0,0.9891062101168959,8.418075303604555,63.541453420288335,0.9767960157960571,13.046960659735333,62.227670959531466,0.9930039062162492,12.320504465670494,65.8178479036197,1.0084064346510875,10.492191728557817,66.28485390976302,0.9906059979217833,9.18099829963915,65.68030850897146,0.997648166310714,9.004322996030048,62.347046353526444
1506,50.0220336996999,28.247585330217373,0.8556594057515909,0.0,0.9627121331907571,9.578106737868648,67.41278249678906,0.9881256423644078,10.01033898989784,64.46967216886907,0.9863599306596857,10.673768636017794,66.21082840746196,0.9864507333903066,13.147223784985094,61.37458578197851,0.9762330565400271,11.382056367147486,65.3975697413046,0.9717129717198674,10.317921271359404,65.34054720321627
1507,50.038474183165334,23.391362398542594,0.7488218189823221,0.0,1.0382759058945594,9.52754644363633,62.60458405417878,1.0209303668142165,10.657524041456988,65.43897982602235,0.9924843275814624,10.804832168678475,65.12806135442695,1.000220389380783,7.089833733569927,65.89091192133957,0.9838388878660136,8.514717100856958,64.02289066481706,0.9850557271496777,8.494021842159807,66.65492558367548
1508,50.03317524293605,22.16173623921162,0.999196553989385,0.0,1.0177369519739092,9.367245080710182,64.13035215693716,0.9596673262610824,13.153029250416617,63.996724063872406,1.0158500763512899,9.822255809336854,64.89755977806497,0.9746589871252977,7.821565942962883,64.34315648324026,0.9579336744189153,10.038878891069565,65.51067914499696,0.9884776484810557,10.245701402873808,65.25825665421934
1509,50.02106609680917,22.230982637061235,1.5108323174645937,0.0,0.9732853817603672,10.20458763586832,64.28266746114673,0.9939238616223545,11.290225969454905,66.02293325277365,1.0447977201055374,11.624580751571179,62.33356728240831,0.9925477474022079,9.479568155846737,64.10184157084852,0.9821965429675844,12.505221177148293,65.8093247968576,1.0313568213477144,11.477588608192217,68.87362691540808
1510,50.023476150506035,27.714412834340166,1.050637210225768,0.0,1.0064682184875282,8.611894075885434,65.72961157456564,1.0053070906946455,7.762172234274267,62.84116888860849,0.9709229408089313,9.861312771354577,64.50815940274616,0.999109335350341,12.792323149968325,66.90573679443503,0.9851664939582214,11.52556023976757,68.14661623466193,1.0058771542762293,13.527872651350664,60.92599695353039
1511,50.036244198851094,38.190802754887244,1.5305915340705407,0.0,1.0088285240616437,7.631862076967791,65.21980155831959,1.0200427296713013,11.365277846895975,66.2645712881396,0.977833344683917,14.058505374617466,64.23204667077918,0.9984789960957243,10.895091490709783,65.0262318480793,0.998171731397067,8.135690745368482,67.35901363490565,1.0092377650258662,9.087369790204455,66.25458008722134
1512,50.02496827652748,38.046502552543785,1.5431461917249647,0.0,1.0016393648248256,9.80590759286146,66.32023409257417,1.0560991654200222,9.881834653581192,69.45038148053997,0.9980429728335213,9.038217761810795,64.55101613752622,1.0138395804427658,13.527834327587309,62.66052745344851,1.0318314356266158,11.46574807378444,64.48244529228147,0.9776780883315549,7.305699874501435,64.47162437000819
1513,50.02301449729422,20.843923436155364,0.6736652894719386,0.0,0.9907934494912285,8.341338030976427,67.10826637597816,1.0077274656205186,13.648116748930283,66.74114400507308,0.9714177993132016,7.071462377780231,62.568201390639835,1.0059689381071608,14.728222907271377,64.5541431168786,0.9902565315818448,8.266561483722924,62.4534763077685,0.9905399774748848,10.487502794233896,67.15811431845785
1514,50.03053547295883,33.711423307253156,1.5245353449442094,0.0,0.9987923076383858,10.929846238748302,66.72665510011241,0.9818958062829749,8.779691574734422,67.10631793896981,0.9940710669678484,11.837165753701829,67.3741429650989,0.9719122539689489,7.736948048473835,65.88047108415022,1.0127176747797575,14.616451605950655,68.4632306990455,1.0004237625897097,7.871960353496517,66.54068142517565
1515,50.0185668792714,24.47230988833555,0.688704097586806,0.0,0.9787124175814187,10.730118750925591,64.20046012683676,0.979756661388283,10.761323307117,66.45653149409333,0.9915717881733871,5.869422847394428,62.27218130287147,0.9990470916615798,9.187968308029552,64.27960506358195,1.0190741948681235,8.643764088798362,65.66116828883352,0.9927947049854102,10.824416350043505,64.56206572115606
1516,50.037981723438676,20.15754312569522,1.3258549035906158,0.0,0.9559281816052311,9.553265424394592,67.97970014034864,1.0012138285709458,9.007783336574402,63.19260826001891,1.00353059056979,10.522576169471563,65.9981471680049,0.9897879491920571,9.606659091590194,63.06313411239946,0.990017297818606,9.72977170149921,60.485954552838976,1.0059067873119691,10.939865438815989,64.28635515569562
1517,50.03580735661688,34.28179067293468,0.3865321428679027,0.0,1.0370593247365132,12.317596107139154,67.76444898181124,0.9906803295213072,10.098087273709474,66.24982606375787,0.988781099829958,8.69624813552149,64.5715766649741,1.0248798844262583,13.605764110019516,66.18320234177752,1.011978689432693,9.614942017357466,64.40843091853948,0.9788749548078046,12.197386213790338,61.73013053524545
1518,50.016420972355355,38.44007382148438,1.0304936600207604,0.0,1.0076953352959332,7.206012409358369,66.51990875094253,1.0136751970846531,9.997750436668005,65.28155762433867,0.9706723002313481,7.0310776182563615,65.67377601186469,0.9798572746678494,7.100027444423928,65.53883936192489,0.9753521005557272,9.61137779361786,62.987627832960726,1.021803729899527,11.996892529671541,67.84123220941522
1519,50.04118149816013,32.72451995042098,0.7609734964909503,0.0,0.9885826908182269,10.616918144736848,63.076217888214146,1.0233606171580423,9.599051217756854,63.96965629348898,0.9721084259405668,8.753476985370401,65.91929662400011,1.0038297775484697,11.639997278653297,63.343332277250234,0.9598024297513915,13.363597387507404,68.34898603068424,0.9971704888764588,10.778252681441863,65.97518636966966
1520,50.01712512588263,37.55158060575131,1.142004410006218,0.0,1.0071212649226189,9.275409055005042,68.14025417404162,0.9620279500775919,9.167497449376496,66.150564287158,1.0000689175845254,12.618518340133758,66.87438280868994,1.0205623899119811,9.027578725946595,65.77793221041894,0.9884982390522145,11.953377536189809,63.30683672225268,1.0043034529756558,11.662875070807916,66.29316976123022
1521,50.02779951828521,29.939868299697686,0.273373172022622,0.0,1.0098086375807593,5.382299929537579,66.41948268473703,0.985174901343269,7.3462425672568905,64.06816909247591,1.0136889666617124,9.809372276641923,63.01831131739493,1.0352324456620299,8.84517818741975,66.542215471303,1.0178294056409092,9.12291896866884,64.11732804551403,0.9919607601610421,7.198395442461688,64.31129068972054
1522,50.02326639167184,36.047003539373634,1.9795110162724818,0.0,0.9750256306101629,10.88817451386772,64.70124803524808,1.0486403533144064,5.056213794808373,66.34573533446972,1.0161808905174887,11.392949527578295,68.89986148405752,1.0240487688044169,10.156181755194464,61.8394166825572,0.9664356241479479,10.760827387705858,64.29898422835802,0.9881608710741607,8.296301149095186,68.2676743692927
1523,50.0145283122336,37.552371675887784,1.962108629189888,0.0,1.0029864933833883,11.478788369076774,66.47851791756437,1.0093963852417533,8.449486415401674,64.87957718722592,1.042141665573228,9.354924264237384,65.73048513077043,1.0135749730854924,10.358221964631229,63.043914008460476,0.9653744131992763,11.618935569286183,64.0990921906963,0.977800864889446,5.741689427151348,64.6686121671608
1524,50.00535776700931,25.482607829355864,0.48124691081521953,0.0,0.9997616588158649,9.098541727060121,63.68401384055495,0.9733401551609002,8.771423457873821,64.21448339876254,1.01235867500941,10.770111856601524,65.31396335609551,1.0259451548973662,9.151845887562912,66.1056240605862,1.0086803567551335,6.902610272805346,63.69669823523434,1.0156460697939997,14.34070326897195,61.74112413281244
1525,50.00525756299586,23.712752867422314,0.4351504791785723,0.0,1.0110300782784896,7.061294537227582,65.37108125263532,0.9937497825077359,10.881492110424707,63.35455141790125,1.0091442117972966,9.969427654913732,64.65985892760054,0.9748333510097332,10.265328668544264,66.17598402353055,0.9970504742058799,10.661318474747429,63.74208781509173,1.0190715683068727,10.996754854082834,64.67990951532698
1526,50.022636439422314,20.60065531769672,0.4452196265487314,0.0,0.9967220023615515,13.488612706504101,64.35946972608005,0.9897939784105025,7.748125100259573,63.32829725037085,0.9980481253772973,8.202542452064955,70.25854711511248,1.0018566482467834,12.938788020209754,68.923594652482,0.96274818160163,8.637476069540313,66.04232981203434,0.9555476993075277,10.02923204298529,66.83935045202075
1527,50.011619412310345,34.605485653378935,0.3724124469319039,0.0,1.0097749249990096,8.163937039502148,64.50701803921905,1.0097394573578835,5.533732038709638,66.83610725700349,1.0117079998623348,7.897052919348953,68.90376012059468,0.9851972240703535,12.273031978181399,65.60322763256922,0.9652610273287572,8.240184466312943,67.32658885754017,1.0194252659676937,10.947426324631252,64.21442933481562
1528,50.0168645577772,20.70102418895003,0.6907078423194293,0.0,1.0309004833702304,10.327727302303103,65.16406599362347,0.986202607544518,11.974182202812552,66.91561406414684,1.014759945283838,10.183391834995888,66.37547710944084,0.9927695955164798,10.022503679337472,62.51156291711487,1.0032225840241686,11.739933689044202,68.54187410263708,0.9570995710909269,11.986815604105463,67.66131887417346
1529,50.02771938731886,33.668634945100465,0.6561226026545477,0.0,0.9799753809545521,13.286652267293817,68.36336459954478,1.0101421265322188,8.22097289403192,63.92758985373701,1.0102978560207294,11.548168747090658,65.58788986862913,0.968007037256016,12.326002238884572,68.42091932526107,1.0145277731664026,12.008928741786843,62.12037112844783,1.0069652075841924,9.963320339666804,64.66776872263677
1530,50.01957387147813,20.148285615571535,0.4637821407684264,0.0,1.009456627321995,7.97991155093803,66.39748757478492,1.0076363505604555,8.737208158481206,62.23956508970687,0.9785133039677558,10.832448787155904,65.33227934551189,1.0188613916993259,10.451759296678876,64.21559849891071,1.006966389697016,10.597193767223057,65.69484420688512,1.0116585423383377,8.936691159273014,65.04245325901093
1531,50.00062463931725,23.05450802392962,0.9329190115421886,0.0,1.000256273748158,9.074473585950571,65.22294628283731,1.005603695233146,11.008467088076486,67.28889827961957,0.9940022395525615,8.869969151899559,64.80604328943772,1.0014813613254092,8.269181292893332,63.48705495579032,0.9812219787457696,9.856431403399462,63.93487619046443,1.0326461035010572,15.352444447426286,66.60857164059338
1532,50.01799448003736,25.443025378938167,1.4477192644286276,0.0,1.010893634882068,7.451382084172564,68.52198117378336,0.9999457326018018,8.6816099450361,63.04129276576305,1.008277624501923,15.190555719882703,67.2828200252485,0.9865218716393203,12.341921276525293,68.57198680567282,1.0305272042178275,10.303613459456479,64.20958041613702,0.9982226707244801,10.297552817651756,67.30812937040162
1533,50.039911354000886,30.755189996602216,0.5423073241804512,0.0,0.997979919965744,11.79282175696561,67.22008398119804,0.9926777450824292,10.8162816343453,64.51627378513025,1.0062866558002639,9.710277796972516,63.850302974101766,1.009103653722032,9.09905417176218,64.54657186499689,0.9660638639585044,9.1538163095011,65.37071946193102,1.0188116499587097,13.983388277465325,63.01127603603076
1534,50.02417526947274,39.34625647525888,0.3505809708928802,0.0,1.0160766857636316,6.8425495519739865,63.86744219011572,0.9884471749310186,11.085152671531045,67.46900881219797,1.019428687489142,11.060439816637379,64.45581411016035,0.9524921040449904,8.444561823887009,65.86923817762906,1.0320856206623663,9.713466465874042,64.75542570373834,1.0113945051393693,8.111300068152888,67.37382610587817
1535,50.0240476492322,29.978335006075785,0.3948637111578741,0.0,0.973134881142017,11.53380509487484,64.4935911914311,1.0227676350825181,6.435569559984456,62.31106079562272,1.0144490342997698,10.884854297026639,65.35221025998267,0.9939574991996019,8.545662863760292,61.41046178835384,1.0100886836732912,5.850708166565723,66.46701050751015,0.9973322498383658,10.262485858852221,67.58353951817513
1536,50.00307700015309,25.49794578549711,0.7743242103402772,0.0,1.014526609510997,8.367751801984829,65.92052465831085,0.9974780683690547,9.979834400850073,64.87131383446538,1.0301923066230194,10.001495318971422,64.91110359160885,0.9926022152216114,8.995549142876046,65.56426724026602,0.9925027481494151,8.829553824679943,66.72909707987385,0.9854764426356487,11.826987598215174,64.02210455195772
1537,50.02445866780649,30.144996771887982,0.6596823471850897,0.0,0.9493313091295941,6.564702083261123,63.45880174568936,1.0468858766875593,9.220326389737291,67.5789051742494,1.0205772597031777,7.269074011524241,66.95012490372595,0.9866573689451943,14.250862706117424,65.89561045736379,0.9969951670447394,8.506817966977895,64.92853841976742,0.9783770781882046,5.082694037178673,65.22958451274978
1538,50.027230199415605,32.40298408528606,0.03519376007978958,0.0,0.9995279110598707,10.238978936604278,66.54190649949818,0.9859856305579231,10.806065386471921,65.77836333138076,0.986480144289555,9.405823909645918,68.04909650747402,0.9935027407000288,9.10226226582659,64.4877507850281,1.0025568160499072,9.016711033225395,62.960083584214196,1.0003876292252574,12.792280750922224,63.001608178556445
1539,50.02447835471434,36.286849259985644,1.3996801475033407,0.0,1.0015666848227864,7.586408014045775,66.4518530357512,0.987596933482817,12.559293532694209,66.67452226488614,1.0084074230588291,9.137511447074637,65.44770648012896,0.9873720516768982,6.951248150746478,66.01500597969327,1.0051893984284495,9.341907631934157,65.12904419045013,1.0177839842015053,6.200875448480091,67.39926450048088
1540,50.029200038347724,38.74829057896981,0.6297375554823206,0.0,0.9968827550217984,9.7413360802037,66.11196143362532,0.9912421908228296,10.131770909907543,65.63783595273458,1.0235096044244956,9.604779876933366,64.87520833313728,0.9978223045909649,8.746784396470057,64.40478614633525,1.000541264663421,8.172459730044938,64.40556807698718,1.0024988768245293,8.40551727556537,63.66206490013886
1541,50.01707703853139,27.999854974728926,0.25794738060265354,0.0,1.0075942500354065,13.17402461061454,64.9093512858456,1.021195455047812,9.409149303980127,65.35328863332983,0.9825734908074287,7.926212097693624,64.89637809615941,1.0232222639706003,11.155171827336344,64.71279880791354,1.0250574143394366,10.031070819896806,66.16481357350737,0.9610530916281541,8.783839265644088,62.291961881571176
1542,50.009921987904846,30.38338973163691,1.1795826841669326,0.0,1.0045565254992401,10.702133854393292,63.81085998642107,1.006006647015122,10.674073274087915,65.28440906264916,1.0204956922369322,9.628595486802132,67.97028462771185,0.9672188742103963,11.21026623551679,63.408987669129864,0.9873847052176105,5.864036424337559,69.84098253039227,1.0085803458989786,12.17542705920541,63.840994314789576
1543,50.01186194417374,24.287969465559286,1.5925529146894661,0.0,0.9619244571492225,12.460196112251479,65.93597288116159,0.9885698054210669,11.847805958437696,63.82825539989057,1.0445376998068543,10.68666522953594,67.29172980876596,1.015075201545789,10.837357313376344,64.69967458901,0.9960312476574027,12.344586405367153,64.26059199770032,0.9864564959902924,8.93467795119949,65.35809834773102
1544,50.01726854066822,28.62120250364287,0.0768095753218101,0.0,1.0314049150536153,12.473942993044254,67.29467175912471,0.9874240191650189,9.322297749826392,69.42071025644742,1.0109376238071988,11.227549249743149,69.60161602598988,1.0262731008845019,9.062327102829805,66.2483804049222,0.9962164775209378,3.5255965276216505,64.19393348808354,1.013262565504335,11.078504251537419,63.28830227510706
1545,50.03388751810295,33.41951781388905,0.7476769670660852,0.0,1.002985396652013,8.511680247172011,61.47579345393186,1.0195424858616318,10.236845514938059,65.62313422147567,1.0258620096260094,9.764040320072377,66.44533383186973,0.9825821653169751,13.673111904878873,64.34749258468034,0.9625166285438607,9.47464294090037,67.33684480432991,0.9894030676602346,7.529397188852427,65.98275505381687
1546,50.008906679041644,23.723080946985903,0.2581910133433196,0.0,0.986904134586133,9.253304891519575,68.31532603588916,1.0141323004111744,7.155837637414491,64.8844132189577,1.0156076712678954,8.153144329678385,65.80520922547701,1.053283427588175,10.80155786585789,63.24372417903034,0.9849485550209717,10.175723176969516,65.63099458292774,1.0401203287445604,10.219878751111885,66.15574085125341
1547,50.00850163137223,30.344249884945533,1.432680202317108,0.0,1.00432222965766,9.066521694913924,66.08404313243797,1.0089307960903122,4.92807377940594,62.04802489348235,0.9874146349196863,9.933326846660973,62.500856307002046,1.0221107709506518,7.254784129782713,64.61769991753425,1.0045706020044038,12.736393352908596,64.30107713331614,1.0058534743949523,9.363836160862906,62.74176390909863
1548,50.00811830507196,30.936141951180527,0.9145496379120439,0.0,0.9541399591516979,10.66531556984012,67.39752636730132,1.0140305953919535,10.1564598167015,62.41961652236243,1.009743674372327,8.341570558097843,64.87910168284027,0.9875176528944332,8.411702499272117,67.8174720882812,0.9887899007288218,11.88233490038905,65.33723554892227,0.9663150580319493,7.0182570585934005,67.17761368691123
1549,49.997633229266306,29.16255280323913,0.3223504716299179,0.0,0.9664378274818171,12.532529576725484,64.94435362846014,1.0129273722537253,6.986498255086735,64.90048351302009,1.0269653038167417,12.303853527097218,68.51053592217967,1.0137469679960813,10.841011764115798,66.60793979956729,0.9571051095395632,8.7259039904363,66.07959198095652,1.0047062251004186,8.505800143481757,66.10687503295445
1550,50.01258661214306,25.14784156519071,0.14673162709115473,0.0,0.9635317959281717,8.652715395038788,66.02544016580833,1.0080914107789187,12.571728146728447,64.58329040704083,0.9951662862744114,8.983012673815413,66.71374253195724,0.9698671729694462,15.36462336265636,66.8269074085149,0.9723735109626096,5.961952561675336,68.05808183258038,0.9898434307344932,9.47716289168137,63.382096016005356
1551,50.025766234739635,32.58298453236204,0.4448401377148947,0.0,1.017834853205563,7.701401693674185,64.29422715465137,1.007145442766956,8.71966231913724,65.64311022909723,0.9823824741766255,9.435567570253856,69.41035636297242,1.0250645124517792,8.755806692942603,68.89785822269339,1.0143728318849354,9.21069835099688,64.12729404896952,1.0063686308727324,7.422926621279039,63.13125780585878
1552,49.99948322072538,33.97601394462344,1.3536838879597362,0.0,1.0008018531153593,10.584568686165953,68.48510894304454,1.0001239295073647,12.599320449466733,67.7166796883665,1.0049620195349223,12.612933093732979,64.2814467410606,0.9864036441929412,11.403778252979455,66.48504530021044,1.0281491804889078,10.679038208393393,63.841711108172625,1.0250211251053685,8.548388435572164,63.23062775379088
1553,50.016547815296434,37.2384018528104,0.5200496648406292,0.0,0.9910647682870362,10.06476867193329,64.64016014934859,0.9703034177290665,11.835843726504464,63.304872894906445,0.9834852322454929,11.981049513050046,66.66370351816957,0.9845531444126645,9.356186447215158,64.37118458910645,0.9919558630465184,8.13026201005427,65.80683155158043,1.0154647131390373,11.234057857851733,66.07372869713403
1554,50.01254111236973,34.755254354316094,1.9818370508907532,0.0,1.0108076651964037,13.871211610080865,63.344933156747764,0.9899905581221659,9.845264410520713,66.54616659471729,0.9995137647832455,10.913248561374367,63.27172874392664,1.0127273013943745,10.401635744147388,63.98881877759332,0.9844047354709794,7.56651065355663,62.08459636628025,1.0100260364171227,8.594766334765486,63.51106720766015
1555,50.00203174711853,25.30981802098002,1.5895699696598582,0.0,1.0402161971077701,11.449171375789431,67.79991639952785,0.9942831959606534,10.425033706008678,65.27108930061164,1.0071376942393178,11.449615116383058,66.83947674799231,1.0164538541244792,6.430568449590546,64.14074365142886,0.9870602652745297,10.503775509516446,66.4412023793524,1.0048553662179363,8.75528811450851,63.30342378948109
1556,50.00110424114771,20.923999462611885,1.371297983011278,0.0,0.9955451471859527,11.008067173626939,67.87138660481357,1.002315752296448,10.619786137468482,64.85106888468218,1.0021368381453764,11.416376313768794,62.81395456206953,1.0022446789242465,9.84237141056785,65.2934800114831,1.0051742165173112,10.392154381035573,64.81962718023385,0.9828231825663987,5.5087644060985586,68.28867943366446
1557,50.023142096016606,25.750471859609377,1.5076199771772203,0.0,1.0039952898045768,11.480449930985916,62.14792497584701,1.0065468674690592,15.111425596920478,64.43530688913476,0.9913310190482494,7.046911997197229,65.59237521876656,0.9877252818289329,9.939957075490272,66.76851977686262,0.9988380990408415,9.478983545823127,61.139335652401755,1.0203111416496644,6.236643988608476,66.54879186813005
1558,50.0083055907704,22.70663942724903,1.722960469188604,0.0,1.0198686336638658,5.9067234725713105,63.92325649744983,0.9706437551540757,10.839189387592539,65.36399312845137,1.0081775189320565,9.880062499797287,63.98400242843194,0.9971734467345127,13.069680564054888,66.72809766117696,0.9631557876519802,11.635380534731727,65.27076254590143,0.990980690388781,9.037562705763142,65.29912211442216
1559,50.014219037994195,32.407865982936386,1.3913777890984367,0.0,1.0501960841062754,8.089107403149992,64.67131442487297,1.0260711882943654,7.072824902178486,62.76749707952065,1.0089110877208325,13.735317601396112,64.42007492817484,1.0304964756844788,9.93472386831601,67.55141248894864,0.9945704631687271,7.756069029384555,66.85289237769608,1.0422362677837325,10.43135642874419,68.82797175383425
1560,50.00694775984314,21.545871685708693,0.6660911112092402,0.0,1.0161812022038945,9.938337195151512,67.8249003111365,1.0080172889226267,11.873537919961532,64.7326986313851,0.9717546390193194,6.1722125341906295,64.6660277123059,0.989749569212708,9.96815600102553,66.64445194904111,1.0018006200164664,11.876895789716553,68.40411412283501,0.9704215288123845,9.8836622945046,67.7333410043768
1561,50.00012213254193,32.506441873501885,1.0554844098046814,0.0,1.0271096659071597,9.104278567840861,67.93413780532886,1.005545616651768,6.961379554247269,63.41888416329922,1.0249306775870346,8.467721954110994,64.05079369920537,1.018064162975356,11.80675363677913,67.73468173508095,1.0216601033362207,7.587176752335024,65.519094209177,1.0300027246347019,6.827407429051662,65.58578527673316
1562,49.996872646469185,22.519157388259345,0.7748719797505279,0.0,1.0350127874356891,4.911391199705863,69.03056264292219,0.9889909459235783,9.829531963410433,63.11940916945842,0.9878329606418903,13.199674364232898,66.2341135595749,1.010146269504043,10.152409409290449,65.34187384876988,0.9617911613965787,12.125346793833133,66.4553967853632,1.0187415312010097,12.04472762381047,63.753739398531785
1563,50.00665279282136,24.218298335134058,1.1291633382285104,0.0,1.0119837001458576,9.300680754306672,62.49442211893861,0.9901018676875434,8.580520244391689,65.77938188045111,0.9870088366393422,13.439728271583125,68.66443070620501,0.9746974564976726,11.099598419327483,62.28981961061707,1.0070153092243337,9.841628132708626,66.46758783152156,0.9995397980948775,8.755876114237395,66.12663599559762
1564,49.99317593377368,34.14748862715271,0.398202172127168,0.0,1.0015758710638278,7.993356447635348,67.43222557555242,1.029798860915719,9.832747073438037,64.97920418602747,0.9946118810461293,11.669283700723103,64.20663968175856,1.006035018354193,9.591882474411651,67.2953916738024,1.0435961431160292,10.297629910726457,68.04314291154417,0.9956680167254408,9.155982322496424,62.54472798803471
1565,50.016529028629144,31.651319600866795,0.2612064415713007,0.0,1.0256603489948397,11.526784870051554,69.21992371177102,1.0067516924293356,10.884854104891582,65.17153647156826,0.9875235155052839,10.637304832288505,63.990181102847345,0.9972924703034828,12.243353767721905,68.24873135222292,1.0331547658387414,5.411228172317919,68.09079595920598,0.9740679674096029,8.763422256714904,64.98206042501488
1566,50.0054619247622,22.687063270261795,0.7923170376497977,0.0,1.0311646652514097,8.418669230928064,67.61022685951103,0.9884170857308022,10.875347908365125,64.72808891300141,1.001922743145501,7.898151705120711,66.45749070159378,1.0274660900390997,10.410749336772005,65.44987348127833,0.9910874099772866,10.607524397129055,70.48821583262078,1.0151859695912613,9.06900354104575,65.85800104536213
1567,50.00365910884814,39.0604221536567,0.36386502852548075,0.0,0.9968352292494562,11.030216479774538,68.11967380984738,0.9932210095024494,10.16957932221445,66.12243668533101,0.9932073211388502,11.394324603664721,71.54706569717588,1.034823768127495,8.967210538418236,62.248251875974894,0.987319867850023,9.582029225661014,60.791142523646364,1.0119178972136866,11.547534210638476,65.90957201142918
1568,49.997646138608005,34.03192181709434,0.7752519845961416,0.0,1.0405698739671339,8.513173118299822,65.23146226196106,0.9989777001054225,12.27053659773136,68.68563657509817,0.9970479764203719,8.739540873661845,66.67211988966326,1.0080877195650937,11.036066603242356,67.09947673138764,0.9999887110861297,12.723153930111419,65.42054470694337,1.0002143479904324,9.450438848476054,69.64085135935072
1569,50.0056579428486,33.11703110356099,0.07270223705214152,0.0,1.005116463943604,11.73118423390255,66.3843093656645,1.0112458044887487,12.38136923254318,63.716625175255096,1.0163869874560072,10.355708351830733,66.89323455215258,0.9931854905943602,7.957154211972423,64.42556043262354,1.0082353798913963,10.869845819194627,64.63385585407406,0.9735047204612636,10.679716086605845,63.59179782208506
1570,49.993979797011804,32.39447999360188,0.9055473892499037,0.0,0.9741464184465197,11.802268040126512,68.15236950165816,1.001505873469197,6.252060399406288,65.7486809882408,1.0398706514661833,9.4994337314119,65.69743607181299,1.0456850654835501,12.377765413399016,63.47999297413611,1.0045340776542069,9.61289538040183,66.52292676889907,0.9953255186694329,10.356425356826316,65.42476447439621
1571,50.00774489958746,38.80722803167411,1.222903304811093,0.0,1.0329816975302326,10.405223824682453,64.32562496528696,0.984805764052096,12.549468012862796,66.61888256990132,0.9999870382226274,9.783155147120917,62.74226611219328,1.0139625334206122,8.760792811287825,63.66491791876557,1.0067249209146167,10.06531128188737,66.910281377442,0.9743087729746557,12.806405000697856,64.27633440452563
1572,49.994127496422166,29.675779560417407,0.1571257173029903,0.0,0.9500332241461812,11.66400255489708,63.33922221329252,1.0096360051531357,6.315116095280674,63.83580301111869,1.016161740328852,11.174800897832016,68.72763246990327,0.9944078697033008,9.589961092746508,63.8440160908307,1.0163517283531491,15.023985917267584,65.71570535339234,0.9953668680690518,10.076560687668323,68.9520986971179
1573,50.00096339041532,23.140792527025155,1.6545373057683366,0.0,0.9878747477191936,10.268844006798961,62.718106814104175,1.024247173971898,12.894422550687155,65.92194099761686,1.004135843357797,12.226880385768093,67.50578750304005,0.989503785052552,9.451871913238207,64.11657481695782,0.9890135039334464,9.173600623996021,65.26227962334885,0.9830275374526949,12.752084412387449,66.2856920781551
1574,49.991802676031604,30.271176765791473,1.3717737692632346,0.0,1.0015741243306882,9.145761940730132,65.5676675987134,1.007665278768096,13.462878450551475,65.62806976063551,1.0291342329352375,9.076260128794857,65.22019985174448,1.0554252826331696,11.61751179836267,62.63719011233226,0.9612680737663253,6.894640953922805,64.15734543360517,1.0293664453230325,8.34689468056342,62.887142534036286
1575,49.99576836580391,23.18709114295648,1.1558141723629591,0.0,0.9878318071928428,11.362918851262362,65.41658256457816,0.9977172094442712,7.562601493476674,61.871735551729806,1.0020888623472606,12.59238566942554,64.45465194650245,0.9742120510714151,10.522431792076151,67.62272635749355,0.9679739452410353,13.977173725160608,68.60215605643472,0.9925116397322354,9.308013621123596,66.01987476388246
1576,50.00505857098718,22.69117933460089,1.3018163911408027,0.0,1.0200744475210088,7.5395326047378095,63.5382232727793,0.9866184849041891,9.95272287804436,68.86398154774557,1.0059318983345673,14.254658436344716,65.72597959539496,0.9987992567388867,13.66406606711589,68.11867194109364,1.0226014655529743,6.636601214104541,64.14034856471412,0.9934731172122367,13.635550924928452,65.70390711241882
1577,50.009992350408325,34.020028409044485,0.7548381178793628,0.0,1.0198246857950983,9.792903418532847,68.02127300856614,1.0101006866317799,12.12684702477917,64.7622904901585,1.0204992395522268,10.2149418824237,66.2694302281646,0.9954125719281596,11.355264134951964,65.1240338109315,0.9807350664745611,11.118295668306008,64.48822420257514,0.983949136052646,8.352919584884278,68.13102248809197
1578,49.97953620494173,20.75436605075425,1.109336975693197,0.0,1.006146924541249,10.086461496615348,62.142411267525155,1.0328241238535611,11.510635245415717,68.80525584199475,0.9744806676521299,12.5368716306969,68.1986835892093,1.0154290467933607,7.506888006553415,66.4465988986272,1.0067186229881446,10.544243554240419,65.95364030691866,1.0336283714947196,12.116630868561286,65.99287866963745
1579,50.001822101562276,36.728053757989436,1.9349324608116707,0.0,1.026433095425064,10.28010417650339,70.61897066013336,1.010505454971486,9.374215138360293,64.77160032773325,1.0049736645083054,7.3969474227720635,66.09806516365688,1.0024550622374488,9.342991411933749,68.69703258293431,0.984820650237609,9.977330649090948,66.70899116157233,1.003776623664576,12.383086029774024,64.72854054462526
1580,49.98213331365472,22.790275178754587,0.5058657380750695,0.0,1.0354385999463218,13.876253064883908,64.93570662980278,1.0015442334434457,10.31236575551938,67.200627440493,0.9644863968739421,7.27035352260692,67.38113215222535,1.0123963650773364,10.97962274337801,62.465950571689355,1.0217753902575546,7.786161663599697,64.51485679036118,0.9865954458691449,7.425827194565365,64.83404633979526
1581,49.98789976159464,20.65126329465822,0.8961033165474408,0.0,1.0133480624034585,13.779718517587757,68.04647987938661,1.0492555281941016,10.063413658910296,62.582030293739884,0.9751570334104432,8.356848907011491,68.58182857926889,0.9849915454573476,11.110127705621661,68.38621695966435,0.9777292443944249,11.889214554424754,68.39916126263374,1.0035687841755885,9.766931225148634,67.08139809446553
1582,49.98420561901071,37.4209710278391,0.32849154361437494,0.0,0.987244879928277,8.503739193493491,66.48407276505176,1.0142587183386964,11.174584408161804,62.34335036592161,1.003465193177799,9.339719915480202,65.98511569812317,0.981142790540878,9.008899853784204,59.17706589365007,0.9887416206990017,9.860160363341036,67.30958164702471,1.020689571042221,5.9126259331405,62.49053247489757
1583,50.011748334639066,28.763289866916658,0.605668875155257,0.0,0.9957932297298494,9.888545666313338,67.28317344562228,1.0167186429716366,12.880394464672055,66.92217857587842,0.9477055522023606,9.502051164673057,65.43560382401812,1.004558778257118,10.340846121599677,63.71242570065747,1.0115658807858374,10.785869700705653,62.538669069567256,1.0226825927541003,10.661471737341035,63.79083488403608
1584,50.001178034280706,31.307254301119656,0.5426327485978713,0.0,0.9983131209738859,6.781199892477984,62.29660022277312,0.9848277803062836,9.317649123365921,67.16734031906162,0.9776992589312474,8.07906118056105,68.1647455653994,1.060412771432931,12.16254370192112,65.81309354733527,0.9867358247768158,7.553783384918957,67.63082328777685,1.0221995917563425,7.832083138188089,68.37484430353754
1585,49.96679253112395,39.8744551742159,1.1090853860381369,0.0,1.0236282329793849,9.636203108428445,72.95384436954275,1.0320775375871425,8.537410030390134,65.22188381277702,1.026125315729826,10.447237526465775,65.69194112197106,0.9729187558967864,11.399078595989273,66.4989403932443,1.0366731413861274,10.1293136537339,65.33368214676139,0.9732513225544055,8.267792645078737,65.10394689955876
1586,49.982311523071964,24.987680569656696,0.6884023614638795,0.0,0.983610059066683,10.7238084175082,70.67585119740619,0.9952625042991614,8.580397772064511,65.33407954817085,0.9905387210684762,10.789434209938605,66.83212408607201,1.0252773361377587,9.30277734527294,65.11014966103538,1.010413495830646,12.221873944417869,68.79120772568153,0.9826033198318097,9.254990712250397,63.83952875580068
1587,50.00618250241692,28.008793377793186,1.3648599388847917,0.0,1.017406313494223,11.949375205098216,66.98962494523988,0.998587817150442,8.894382567164355,66.05653981351158,1.0012481701176255,8.287585846056382,69.57333939274315,0.9933414455946802,10.379551143868092,67.70145713162064,1.0063738220397043,9.173607546685304,66.03970977911126,1.0131055417163155,10.655136339566063,68.46960675171901
1588,49.99038968838354,21.38387149085997,1.3303729146603551,0.0,1.017339231322346,6.932479441953131,66.57654772873622,0.9956163191068901,12.091504124105784,68.55207214125105,1.0028558842972102,7.727456205348103,67.39145818853254,1.0272495583252759,12.017435159159646,66.46742312091725,0.9709833706042237,9.13614752324091,63.8973370870291,1.012120399788417,5.4695475650426975,70.21329874347622
1589,49.997715959698084,25.755174490456564,1.063500193985977,0.0,0.983574433084303,11.005225874715327,66.75439100259436,0.9996086730567556,10.687141660549146,66.0456591597801,0.9957544106930893,13.874498948837264,70.6889689341026,1.0268879330536327,8.049032691944467,66.88089305387801,1.0161398617737065,11.50626987592765,65.50349418308345,1.0071426218553712,7.082323468695407,65.25886771251457
1590,49.99528271572623,28.15400896662063,0.7683551408882365,0.0,1.0006678439483252,11.553086839771835,65.93734762608976,1.011464544891793,8.454612567881087,68.604808174407,0.9997264824969277,11.89794969096306,67.7304048836178,1.037370694889289,12.30991708439056,67.37639979234795,0.9777881106110426,9.927528637274945,68.98415844949224,1.0393832029677312,8.88891078458693,64.1851583035323
1591,50.00520856490044,25.43799352616635,1.4320543174883404,0.0,0.9755505177380045,9.259243843253964,63.91836763777256,1.0058126730204366,8.557623463815684,61.175268973720684,0.9948102435635197,10.023886047252407,66.21545552916922,1.0055453836288752,12.7750411190937,63.01694199824074,1.0019400597971142,10.83960441838062,64.35921404853872,1.0188454222447711,11.955420786510246,63.170572278797174
1592,49.98851979883276,33.06921735810307,0.7512907359597694,0.0,1.0227251981480914,8.569833200539454,64.31184855398169,1.013590061662107,11.518427738806329,62.00694009473189,1.0132373687686254,10.53103202933018,67.38602836044261,0.9914616128466667,11.12146481534508,66.67175077100289,0.9551384792145452,7.1989808760678216,65.75264768267549,1.0065526904080304,8.985864365454189,63.078422180289955
1593,49.986300853822705,25.61597497663974,0.8058799388666948,0.0,0.9829207383959613,9.759266190283928,66.22005026289932,1.0134989622285975,9.861143739828979,64.35752709749022,1.0051277898812019,10.437126910861481,67.45256414199665,1.0109481283822959,9.686242164358914,64.49870433462141,0.9820504698809636,8.28336653357076,64.5488146759233,1.0107854109461831,13.103488835519226,65.51126999234091
1594,49.98507290688191,30.58840153274054,0.012544045132419246,0.0,1.004914290244948,7.294551293909939,68.10465431090756,1.0289638186840449,9.495923514323627,66.681758115654,1.0151808566403413,5.836807937035959,65.47687485407236,1.0095749005774963,12.372758975308358,65.77651593593075,1.0009619918102988,9.903611884312122,67.9776381992541,0.9773019818825335,10.979779729781033,67.15541146575252
1595,49.99241378678908,39.499919566001914,0.9352338214564648,0.0,0.9829619313929641,9.669719587091004,66.70870379186327,1.0008375676564498,8.524821907593456,68.26130537428693,1.0200090738470593,8.701091133065942,65.32562222200742,1.0088620373527102,13.987596099389618,68.19572343474147,1.0164142233745923,12.176312798203071,64.11159322635297,1.002596817997639,9.078409841116356,66.8869862677283
1596,49.973851610200626,37.79555283063475,0.693539289254989,0.0,0.9756043870614257,7.326112223167097,62.75639400162636,0.9792779904929783,6.316962417657034,63.644743001712726,1.0292762588719726,10.864122956195661,64.82855051506021,1.0123667197312305,12.302997381654073,64.61903929319175,1.05284270364755,11.356941272562198,64.87934742901408,1.0266315251636164,10.909070129255255,64.88503550639805
1597,49.9878090542293,23.73362013787949,0.7587275534260354,0.0,1.021483849118979,10.120462189850706,66.24151377815222,0.9874740156714626,11.17226148938083,66.01223051338025,0.9542960867238279,8.584108406265255,67.96230861842608,1.0023157218434293,7.372640650585733,65.95576563913608,1.0001360978351794,9.92412129048256,62.00050966146932,1.013865619532221,9.743515887370368,68.26144222730653
1598,49.985446653312835,24.03585533944133,0.36115197809166766,0.0,0.98478024164684,7.3724404182124434,63.248398933242136,0.9983081668379936,10.80114337924529,67.90758286819897,0.981335162943948,10.336168692637125,64.62585413197797,0.9991131158560194,10.076887137463986,64.82142261007048,1.0023701522662478,6.874688046488753,63.80250710899039,1.0076816279671974,9.406022412890874,64.52802854426947
1599,49.963313166728966,30.36474386854622,0.08824265405960241,0.0,0.9854741986710984,11.94075045080972,67.43228193315983,1.0543546467459992,8.75183877261417,66.57926556499622,1.0261095543196956,10.484460112862763,65.5371071816877,1.0046267142383802,8.050784913301415,67.32400887164913,0.9780128304865385,6.52738870983922,64.3673389173191,1.007527804381808,11.663703410228315,67.89460790283303
1600,50.00133610457468,36.994512434548085,0.4087361578913007,3.0,1.0159775789720187,13.004329226863481,64.19358930190725,1.0210815719414685,9.314642309985603,65.00739408350222,0.9960990556477938,10.647872682566351,68.788549650365,0.9648342809153343,10.149180255852768,66.188626095654,1.0060645360849223,11.181381879604876,64.4093981166548,1.0037248027952095,10.959733409228132,67.23259382089464
1601,49.95943462365429,26.50145599785784,1.214377923485877,3.0,0.9972450592877402,8.483997519808048,64.30765017740298,1.009562043575383,6.827565500856643,63.74613660667143,0.9884216943130579,5.996054381302058,66.47385241099445,0.9536743849282622,8.60299517898788,65.1881133296243,0.9776441787801698,6.908548432750715,66.67144333552561,1.0044449883684496,11.106953788704148,67.49068222332001
1602,49.97933918861861,37.271972128204354,1.0629706296866046,3.0,0.9907133486235732,10.192026209292377,66.25700191403072,0.9834331370599271,11.925479058396114,67.7056702557478,1.0054291115166225,8.540411084623495,68.69603792064227,1.0170568561629192,14.08662110070302,65.19238600902848,1.0436334461319172,9.183403606729925,65.22916445099828,0.995327263195272,13.201903182890682,65.08894145523955
1603,49.97831563186034,25.296393069991844,0.04884500505615619,3.0,0.9955131772642931,13.145368767739166,66.86916437520162,0.9941148409803093,11.067670949700164,66.71399526311325,0.989205639429353,13.672800347503397,65.86277862371423,0.988253697319775,8.418953149267868,64.90658707185783,1.016361611227216,7.701552150481534,65.0857744251336,1.0076117598498466,9.139011745018347,64.71094177083282
1604,49.989752814139955,21.99890113086482,0.5248817869333544,3.0,0.9873061281820952,8.562390571114292,62.15441696764476,1.0370932702923294,11.280396033712869,66.33310391873518,0.9977207341813032,12.381370152976434,68.52999800110685,1.002081283397585,9.561780383671078,66.3101842771974,0.9874427852785149,15.143981598102222,69.73696050607518,0.9807766712441839,13.860640493563725,66.87478001338124
1605,49.98891759845488,32.119098093297744,0.10398319982857807,3.0,1.0177310117484193,10.286040574645272,66.92067929997086,1.038878989713673,8.696892867736427,69.36867921878485,1.0443602092443225,11.97105834497573,65.48643599054024,1.0210737682389643,10.228595715537352,68.01306569619001,0.99056326115399,10.110489356900382,66.57193544340538,1.0264967694024079,7.347102788958791,65.67351765949259
1606,49.98221429655779,26.88401878734607,0.9735268176866603,3.0,0.9647173497755085,9.82782441690297,65.52961327879844,1.0203467020285433,8.943576080073175,66.0585096533229,0.9832308631391813,10.656943912575175,64.27761934270828,1.0084276323733126,11.269070911684022,67.37765264900989,1.0262985222837757,12.993992411545696,65.40040943764535,1.0000485220841027,9.798143577748533,65.30444607509162
1607,49.96620409920647,36.86282899399684,1.8892102111718585,3.0,0.9954822791324653,10.992344586776833,64.26253116156909,1.0094279944703477,8.651462309880479,66.82875962230653,1.001801806695082,11.761380644591993,68.49955535053347,1.001975185890393,9.387783923424504,64.37981464549819,1.0009961279724908,11.207974143626283,67.0186887029257,1.012626265594466,8.185462127679322,68.12009459032829
1608,49.976015795259045,32.27445529845423,1.335176294305524,3.0,1.0401772625998245,11.53704047129357,64.21674585482266,0.9703331930057744,8.063583447676772,64.76694284366505,1.0255866976148271,12.351160829799781,67.16745286995598,1.0006194422647925,11.270589851953225,66.90427998922128,1.048236007512133,9.954494051666227,65.8251751378608,1.0182730906607522,11.344742756799107,68.99508814450202
1609,49.9839248206796,26.96359448622827,0.23745927102633546,3.0,1.0159601105735145,8.559229506309082,63.6160324559532,0.99074714517139,11.394216542202464,63.60322319132622,1.0175286025288373,10.565872507277472,62.54797143397674,1.01263519054075,10.192329048454383,68.24115529307399,0.9741861100802596,9.708639553633795,65.47556031231173,1.0140278583574382,10.76279680804393,64.34909830498019
1610,49.974180573209544,29.455489295930878,0.9067245047549559,3.0,1.021605212132159,10.273528828715763,64.69318079334776,1.0118205049053732,10.765943800972561,66.29181590008702,1.0339912285303376,8.156610635652385,68.19050019899782,0.9998070836702172,9.969305449959698,66.56756121546482,0.9948008172922367,8.032889704377627,67.15225188704017,1.0244291927966689,12.07991071617074,67.81004061724877
1611,49.96943786290205,34.2499217538397,1.2537056668332216,3.0,0.9880847069528822,9.92328495276792,66.3927040321127,0.9806016437614881,12.28460252568427,65.6576463230408,1.024088997289937,11.37914519818009,68.66145129730849,1.009680730878342,9.946255867210791,68.4337030314765,0.9593639731424981,13.229071179630939,64.58650817030576,1.0053657980287372,8.096671643629996,68.84072892712008
1612,49.981571778547895,37.63326133881097,1.25352778678505,3.0,0.9940084316523988,8.264630457941582,66.67606864420544,1.0132100571031073,10.015935145022075,66.8622368195631,0.9914959279041453,9.382289849564469,68.30127837601776,1.0043954154640926,11.552716687932456,63.54617692306102,0.9834671652836777,10.88942632464711,65.7962482535232,1.0551833992890383,9.273651579846643,69.78685303165751
1613,49.97659864720326,33.27805771973016,0.40326331744876365,3.0,0.9730556015762319,7.852772787207101,68.84558873189648,0.9929198442997904,9.16709979401349,67.62726678519708,1.0301478449201902,10.769997820385038,68.17089254017736,0.9687533868997937,12.346276862124066,66.7737637568108,0.9964528744026642,13.12850895912937,69.1180941405114,1.0159111556357476,13.641377458949282,63.948166793767555
1614,49.98051920201392,27.05966287296451,1.2444692567772087,3.0,1.0257929647207138,9.552596874325054,64.13175882413114,1.0117934651095213,11.024980134695692,63.93092818270062,0.9945687315602301,10.42766224103342,68.42521555959526,0.9874872803886812,10.03438819545382,64.86748205690449,1.0206594423846638,10.207456995489807,66.26181250500962,0.9837667216465352,7.946505118729901,66.83056369494238
1615,49.9588259742533,29.55495728982523,1.1405760056485905,3.0,0.9868910503917708,12.179856132834297,66.53898146682667,1.000719870302824,11.605496776771037,64.53211396839878,0.9784968624776466,9.238770313001128,62.73243772377475,1.014352715952055,7.851468825524869,67.02161542222468,0.9874357447014613,7.03186711768859,66.05959374299039,1.0085633284765203,10.878589959727947,66.25837932967248
1616,49.96603759110628,22.565134576148505,0.3444213690814988,3.0,1.0195529291586944,8.832555545541144,65.7526321631498,0.9820788784304318,10.108391490284875,64.76561716809195,1.005426200636683,6.9521397879176,67.59959286492456,0.9997263986110458,10.548471856778136,63.58647100164099,0.9757701826512732,11.353564553653287,66.80400811739189,1.0343004940315401,12.043516057985988,65.31232680824465
1617,49.965832457133516,37.11064267768335,0.5401466329484654,3.0,0.9948894436883389,11.798082085394816,65.66920104687996,0.9925941589859745,15.269209170088526,69.05613977765671,1.0011837155977437,10.494803166190808,66.39791666193797,1.0223702881951497,13.164539033278654,68.99343195581835,1.0050573392206845,8.29749167798696,65.12675020974999,1.0067298422263735,10.218272685464836,65.8070521892973
1618,49.95679906649311,34.72473059555834,0.29544932226522724,3.0,1.0031125652916577,8.551192474276677,68.16268850963249,1.0222576653579012,10.36855760146642,69.18658101423058,1.0186891666361502,6.484756366735775,62.89025912662912,1.0067712895633913,8.193161903641723,64.39927564988386,0.9970193341079334,11.488398025738986,65.36838237480822,0.9728925331076057,11.96997243276207,67.97625911605572
1619,49.9771007367094,24.380503314295357,1.2761686161868226,3.0,0.9726115657988181,8.815495820945094,65.86825889512535,1.005389591116831,12.70942877639374,67.01905029362393,1.0081243402034472,8.35603391267581,68.6702831030028,0.98651083440418,13.41100935137998,69.46929703793795,1.0078859911491853,10.716988579268046,64.60035148499112,0.9666776050603264,10.221651450053773,64.07076558375518
1620,49.98706295355311,26.106978651434822,0.828078911162202,3.0,1.004459317395518,8.1368151398222,70.10529029669581,1.0032358065242846,9.465809226482094,66.22141267084008,0.9574668030931419,9.550327175220675,63.837161213123565,0.969561683686658,10.29155076455922,66.65004652451087,1.0059167905296498,9.50544503545218,66.26392392135813,0.959403893094537,12.000395566988683,66.60054770459298
1621,49.95716691078162,36.04595944425799,1.6954526402373287,3.0,1.0426835999438349,11.082838827108942,67.67608491098576,0.9776190080545154,14.728120088382067,63.76306467152596,1.022292303596297,11.109712916604309,64.55549139103074,0.9992695877973671,11.384446289951374,66.02719886809552,0.975959082098027,11.685007531843027,66.26369312213336,1.0365448271263866,8.779385382285492,67.66241869911738
1622,49.963483611164314,32.39364322355712,1.7850008868458278,3.0,1.012712124389596,8.594594741037415,65.78464677284026,1.0380396556618503,10.721441005728876,67.95906810425059,1.0027587082997362,7.876320154031751,65.46158483738175,1.0056232326403713,11.638137733870597,65.34366192271034,1.0262250858136746,11.248597762511432,68.59645804985115,1.011615872588389,8.47544577504917,64.47297561285241
1623,49.97498111690123,27.179994013266864,1.891662129231894,3.0,0.9933083199967233,7.59673126625169,65.04664756857161,1.0118604126093425,11.24183336933142,67.4432075423125,1.0069432739831028,12.034202180434932,64.54781334190176,0.984525229996257,10.934321122583453,66.55572646632926,0.979364533334439,9.83728549125371,66.26107157839418,0.9665100069945651,9.248170009100184,66.36377476656175
1624,49.98403203530506,37.41453075929857,1.9140154414481891,3.0,1.0207974456350006,5.919076484603026,64.98992527324661,0.9922996446433031,9.03176268130155,65.52760223456443,1.008890879059546,11.011891387894828,66.99263490422781,1.0323464220075835,10.422125865287407,65.03243672813915,1.0276311038222483,12.679486471536057,62.62625040380232,0.9574643021869653,13.260551838032342,67.5027319690103
1625,49.977185088044756,24.432748721639484,1.0460903410837272,3.0,1.0165186312163788,8.086944603498683,64.74535833758844,1.0016475487145318,9.822581645359369,67.2609419539016,1.0260097791049236,10.135630538479388,65.03328727049023,1.0151721026004528,10.38588778765174,66.21819056560736,1.022767928058065,10.740246315532938,64.55478010316435,1.01503677856461,11.947472756118827,67.55462123585694
1626,49.96900029462079,25.07001206792367,1.5261826976232225,3.0,0.9631239766837602,6.334409765057639,69.41808040134157,0.9840908645000642,6.495318246579685,68.2989976992171,1.0099301143827468,12.939124425039088,68.83354123386256,1.0074485487581049,10.191659976941349,62.17972273317893,1.0067209039848508,11.19489927893167,67.88184321770532,0.9682774745622359,12.10504544418775,64.5576441771075
1627,49.96418671294517,30.234068741717593,1.974812584060074,3.0,0.9800387915138065,11.865786352768696,63.76228982315445,0.9755870103022026,9.355948034924356,66.15030862152862,0.9957414654798751,8.477383954927406,65.76807081712359,1.0035280976430667,7.999583124136995,64.20001550936213,0.9828658065032354,11.747508740051938,62.28196762856845,1.003146179852892,9.165883721089754,69.84187179883313
1628,49.98008099785404,20.82136572494971,0.49257183152791795,3.0,0.9858885472209437,8.259994954898513,65.53543452517542,0.9891298100648802,9.246052623380491,65.6790922345092,1.00248345447234,8.084582992834976,67.15461516746312,1.0099642273814735,11.956946772053572,67.38234936899181,1.0047716561505944,10.011977272474674,69.80491918864092,1.0060164974828458,10.373129087091728,62.636385478460454
1629,49.96176020678585,35.60480522831795,0.5785214133280403,3.0,0.993848996710776,8.557262168993343,67.40579581832533,1.002169888996839,15.980602228031275,69.94455809016794,0.9784768838346037,11.59286357304358,65.54218723108067,0.9578821418440677,12.970879264457423,63.21533451759529,1.0268209414320306,11.116332304970651,67.21724152484192,0.9956729722960868,8.661750438592687,66.46379649807079
1630,49.95735527891532,39.64260047430664,1.0966615379893856,3.0,1.022973583236378,10.639657570459311,67.7858409774879,0.9659568056958937,12.71934049088246,64.68050588077557,1.0185783821216456,12.63376984372113,65.47855704009439,0.994271970668701,9.817053886073005,67.74542075931858,0.9888270161704362,8.011841060991038,65.09245013964568,0.9685901397708425,10.160800772610449,63.505233011835216
1631,49.98968155167668,21.53177778081265,0.15472048324551757,3.0,0.9877831825571398,11.912578539624445,62.57221147479552,0.9956316544599987,6.5671630432757695,66.60438184134053,1.0189324447082166,11.59049913314768,67.78212490069615,0.9908674602565919,8.402303111884702,66.98679447762657,0.9848074689347844,7.824717708897585,63.190542967141134,0.9896530337028215,11.357635112051664,65.424611440577
1632,49.972646094050404,20.49762402636511,1.9764308193794928,3.0,0.9901921596677764,11.28185944248801,64.59870409891066,1.0077449840274246,11.884982547992646,66.82107555073758,1.001703002532586,10.424891733747948,64.40137450972256,1.0215326939976979,9.05804065252532,66.82186342858574,0.9828280596079357,9.035137552252454,66.13443288684464,1.0177776894519095,13.8693187399391,62.25290818805077
1633,49.96436626369645,36.08123678897949,0.7409901739984024,3.0,1.015641984942176,12.478066687645839,69.14052524015281,0.9805538803396947,8.368371813317507,62.41970934014847,1.016105295865609,12.239039473327438,64.39422859386208,0.9518197305537419,9.117171630872155,68.5565335933243,0.9862666091505239,9.150686626494311,64.97223826150963,0.9927831370930069,13.015554841756119,66.18619206164843
1634,49.96639835359407,22.614086838253748,1.8982220779963463,3.0,1.0106352201834037,13.15294224661522,69.3088792022531,0.9850416972331794,12.2953421295106,62.7697244841052,1.0093434611304697,9.938335550732814,66.36858287541533,0.9876572300499985,7.870022905553747,67.54652234826632,1.0274927327174466,9.03478480524751,64.93318981279971,0.995665938937067,7.79893326145714,68.72616842571666
1635,49.9697877858549,30.54382043065965,0.7989551760475277,3.0,1.0100210105796765,12.478136109589958,67.87709093876092,1.0149434122532486,8.469002034179717,65.29330595917523,0.9971691589097393,7.911152366506478,67.01060985605726,0.9749378404128339,7.378449985122721,68.14032204148765,1.0126093196052166,8.664569482805922,68.60308962200396,0.9944847270095568,10.197128601149748,69.48223316140937
1636,49.96634586885712,22.659006425005973,0.7832820001889278,3.0,1.0037917537436012,8.33845201494032,65.49314938721474,0.9702735238382035,13.220928555284683,65.12363779791889,1.0207775030358124,8.190007875723278,67.26822809039166,0.9827660913483272,12.045374008152182,60.48522739574542,1.0030949993161753,10.995380489115746,68.388894883421,1.014460144909811,13.053189259891662,65.67716221018979
1637,49.980050734759956,39.60633687697592,1.0013979224570975,3.0,1.0066965360766356,11.462643387447926,67.47326268622842,1.0371981426554338,10.615804359043635,67.03292931480796,1.0244121512229762,10.138340370646402,64.69782434620265,0.9791669648397411,7.601820620681131,65.07126661145182,1.0022362260503217,8.050657482172499,68.58487971146646,1.024313721380809,10.386199492928604,66.75971812328359
1638,49.9627448961684,39.676340025081515,1.552024136680657,3.0,0.9890956824193556,10.424313257798474,66.93963969196496,1.0200672204394088,8.884802731812492,68.12230849672216,0.9907917638725648,11.254559303139702,66.89067295863055,1.0173575132529604,11.969753162161606,65.29757306374279,0.9779294587614134,9.860683291047717,68.00012801675148,1.0218754728496229,10.734396077661847,65.61460277487116
1639,49.955979157387986,33.38174999156827,1.662518365109991,3.0,1.048924644306512,11.131388658537903,65.5052171284838,1.0075610098627905,7.348754343841039,66.56636937713222,1.0240371817924665,11.38731633059472,64.69817042378571,1.019577164861351,11.261531121444113,69.71879434046453,0.9948337560505002,6.9357339582301964,63.57330347903707,1.034801456658171,11.706306431510672,67.57286552540498
1640,49.96531128887025,28.465393476819912,1.6312143628765148,3.0,0.9643973092984955,8.793356442857409,65.29911798227137,0.9922326469376175,9.90475732773756,64.04946253955376,1.0177564601933682,11.768657438149855,65.53374145708045,0.9815738180446327,8.722431637511708,65.57314601897338,1.0045971987090228,6.63481714797049,65.8800985447289,0.9809153288353234,11.09474893998621,65.3517936551591
1641,49.96632965138386,25.401286576508866,0.7980169652570852,3.0,1.0113018253885953,10.23953892643121,65.9463059421561,0.9789052810115689,9.519034685832287,64.22429412840467,0.9886998093448771,12.497457798612512,67.04391097470547,0.9931315128501848,10.804225250487674,65.9536916421734,0.9965813778008497,9.26921451960528,68.44549836840027,1.0185684128586734,11.776830040389873,67.91362983170386
1642,49.95659046316163,25.542066819481455,0.5542189794488253,3.0,0.958014008476344,13.115978932123866,68.06740639446345,0.989049641073877,7.067837118857293,66.42566784314945,0.9775850431751154,9.544895816287738,66.79248813363468,0.9958937269626751,10.18049284551586,67.1593068305562,0.9798483389625942,8.834666322181342,63.332444469085196,0.9996981840231565,9.503200196876351,66.90368272982822
1643,49.95696250835581,25.94190099751657,1.509160419100297,3.0,0.9780724050574958,11.16931207563687,64.94413079648254,0.9691931846494929,9.2855235829514,64.00794803037692,1.0105024869795833,5.335541244428691,65.77653382330972,0.9813616451846969,7.895653427332369,63.53651737991652,0.9733805665058624,10.818660701802079,67.08085137227506,0.9990025293841248,7.405950232444438,66.39126493402313
1644,49.96837319242479,22.698170650909656,0.22294191461506974,3.0,1.0101551829863442,10.408992865417467,68.03985886415845,0.9879394386012651,10.230744220731712,64.89687278172914,0.9986244726135639,8.056546087253448,65.71795138392042,1.0056491566534778,9.967159592619048,69.11845969535754,0.9764379949539147,5.522500846986831,69.23862528146668,1.0041452318637991,9.012780215325941,68.88671328541216
1645,49.96123152415253,28.942294657596328,1.6921832788426359,3.0,1.0498299274065346,6.927700659491813,66.01028724296883,1.007787292423172,10.426069460292194,63.16636068734958,1.0172917399417885,11.547016842594779,67.72113302557212,1.0308514627904997,12.456042060561385,66.34323548651234,0.988600786899935,13.261595137236393,69.11456024370116,1.0068885020382965,7.750800478207896,63.925565788356224
1646,49.9562846737679,30.124505025418003,1.2771235022930223,3.0,0.9632687638205769,11.773970713114045,63.19201409869372,0.9797425786376444,9.572980476641042,66.85102457156437,1.0022246466149027,9.773810567592063,66.1817612989789,0.9929786765101679,9.671991842067282,65.67152121131902,1.0171448777462853,8.925610106480697,64.9543190166951,0.9889090935833136,8.869216623468784,63.67156541215043
1647,49.96494499982295,38.265111976878686,1.3258142708767013,3.0,0.9918134347680373,7.642879230644986,67.64246221253732,1.008612848943085,6.714251923317885,62.10062340922924,1.0023853191637833,7.8044604638760555,67.97890569053567,1.0154277858284688,11.201995764386886,68.10939792439925,0.9737570328100726,6.371411014847679,66.30256379683414,0.9819559833372515,8.748220603260965,69.06686673217592
1648,49.9591614775793,24.821110321333784,1.3680196475422828,3.0,1.0342479751878657,6.638894194529889,66.28936073713531,1.0130195848243795,13.821303544143989,67.2537731715035,0.997656731858391,11.496984044142462,67.85111301257609,1.0139842822700478,6.946913315211342,70.08099529082352,1.004773611275038,9.158472860524032,66.22136554055555,1.0211254408675836,12.683025982099082,65.63312904880964
1649,49.970665430374524,24.537304554076076,1.8129163236453558,3.0,1.050003857047508,11.330125163176922,66.70020820604877,0.9972877803925205,11.67357067641407,66.16586553652057,0.9993405979825493,8.730646091029419,64.561124697268,1.01177227313579,10.523092831767757,68.2788651139828,1.0384922468620945,10.611921424197872,66.15355914222339,1.0054215775051376,8.872404706782918,67.56002816126066
1650,49.96398624137634,22.408114190200163,0.19989861539964826,3.0,0.9918773487072193,10.683438280841663,63.31010820987873,0.9891914089456777,9.628164919950677,66.12873844842,1.0432205346674541,8.868234471545913,64.78725162457933,1.0100438517251162,7.486021938602761,65.6808563598843,0.9897971708103047,12.219672722091303,65.43281602282698,0.9977213433315574,15.411460999827513,68.27706986354745
1651,49.9605884169644,26.444496488177087,0.2777667883759982,3.0,1.0268216649376116,11.536757414828802,66.15164541849578,1.0023882380387612,11.006021241419969,66.43141540064589,0.972143269039829,9.873537132006428,65.91557734482623,1.0104977947408953,10.123455211096859,65.52551203859257,1.049287457980416,10.14735004669649,70.25320514326148,1.0193609298325828,12.587372137383216,67.1343328949306
1652,49.97106734425989,31.321834631167917,1.7083679166074526,3.0,1.0110077888763058,7.361813166575695,63.402117158634155,1.0201049718084065,11.832090717328725,68.74362148196667,1.016851079963297,10.218113242590572,69.19919074801702,0.9910032306126862,7.073223811650265,66.38717117305244,0.9973749373493506,7.970972358022424,69.456009884481,1.0280827349824566,9.671909100279109,67.99582171629865
1653,49.968400305676916,32.82511045666805,1.2481428743947414,3.0,1.0279865404485735,11.547101102968693,65.7595509701227,1.053372554307734,8.756812335507837,65.28436301150143,0.9919281775450097,12.352735455180314,71.1965559133632,0.9829771387999995,10.3429266415613,66.35204473206451,0.9674979020545004,11.527695737843642,64.84569832171753,1.0592307609694562,8.411266512443643,68.91935587201034
1654,49.97870299275344,35.26572009413118,1.0879119424599097,3.0,0.9695125802819358,7.47393054825949,64.13929262732944,0.9935506668869363,8.538287411990094,67.4046686048554,1.0072237618990705,12.064791211572608,68.05700410937989,0.9756102742268691,11.385192710270067,65.81396184990977,1.0176337744443285,10.66473826973379,66.46478830770315,0.9976960637070489,10.91056450853021,66.27242834989575
1655,49.97160597403111,34.78765384218727,0.7501642734858247,3.0,1.0297511219481685,6.840641008227979,64.63012849507503,0.990423967364235,13.994612841192904,66.58840825097938,0.9901829054840878,13.258035668889612,70.5073589591365,0.9864696043477229,8.663164744880618,67.87821099678986,1.0576323040673368,7.792432633831272,69.46022528445587,1.01219443604867,8.597234822078656,68.48697507277492
1656,49.946923626812506,25.189519403872218,0.3257774725457341,3.0,1.0164437925424794,9.343483637722096,65.63130745829659,0.986620642620233,9.051258276871707,71.82292444345997,1.0337979428186097,7.683390668165489,65.60969371278757,1.0102240824519078,9.331214279299292,65.85579285306669,1.0247738972951432,10.135260864783932,64.59258552216036,1.0020708448252464,9.309459000024246,64.82683059419928
1657,49.96554888051175,32.21766274991036,1.3956115879020456,3.0,1.0145037670669017,11.100272666565468,68.01646305035305,0.9901589551460102,10.624351500087116,66.85633992384335,1.006261912997326,9.290709438772334,63.98533837146699,0.9625157585431885,8.038304960117895,67.26774504555652,0.9873309412188479,9.056180762520194,65.79616155516068,0.9912975421256558,7.334213054660285,69.62031985349778
1658,49.94760901229854,32.201021965051034,1.2876371935405577,3.0,1.0177894330754333,7.966160376052012,67.56938955490988,1.0202322274703988,11.928610460148795,65.31379139807522,1.031386273875228,10.025454400438669,66.13879533643463,0.9904546636499223,10.668479916595912,66.3283635675688,1.0082425995474975,14.526816752581691,65.22038074704504,1.0131790481289358,11.783545679304957,66.23736985103244
1659,49.968299080759444,23.867253458143878,1.961870561414868,3.0,1.006574213936724,7.176697670466629,66.55476020506234,0.9927412385157344,8.019424637205853,63.72097238612215,1.0277087423557048,12.43631500290585,66.59565250606286,1.001356997883659,11.840735616131418,68.06270870560994,0.9599395073903834,12.407606450510773,66.55816144582049,0.9752987027603962,11.138327463447169,67.73331340283463
1660,49.94366910268777,39.10681569565247,1.3652786958166172,3.0,0.997806987371999,10.917479280813684,66.90688720409037,0.9998563684154775,9.675695457445077,68.47843283588291,1.0519316746628267,11.616126951504912,66.5759462328997,0.9694734244631409,7.327504778250125,69.70166474471937,0.9804920199015713,11.12601018461292,71.08641862671226,0.9681833062148669,11.291567686390533,66.69110315115525
1661,49.96131117530077,21.926841177311054,1.6220049349650156,3.0,1.0174617013895018,13.280030657309066,64.74735159870939,0.9455067615825008,9.9086255546849,66.91868825741825,1.0136979515934936,8.454622704650596,64.39887254110471,0.9902889541836712,9.983394407487728,66.28746489944118,1.03160287359052,11.965694589043043,69.02333693153552,0.972232956701459,13.078028199578384,68.42888036083576
1662,49.95454890827015,33.61315921781243,0.3808511543065243,3.0,0.9933675809503276,10.164497918548918,67.43151077159303,0.9958737184235656,10.60192749969192,68.29851917417396,1.0091218429467943,10.12317110525428,68.03324994798413,0.989060258664366,6.978278234610437,67.08870910858036,0.979109539953672,9.554092447245997,66.45949710634586,1.009487590542026,8.333707616420865,68.96868149107597
1663,49.96181651961692,31.08386443244688,1.048003107205362,3.0,0.9879181213898431,4.260902618631615,64.07532140451765,0.9856000559513216,9.395397813227799,70.76793851984769,1.022426622814398,11.079491616563452,67.54357319989224,1.0155153421751488,6.853089054624931,67.01646872513778,0.9833322335283816,12.719625580504143,66.32300559213446,0.9959775043979813,11.020461323923463,67.22807918264964
1664,49.96566118833164,32.5334071774581,1.4928043981973775,3.0,1.0011723276001678,9.951055059132953,68.04723059118672,1.0056320509884868,10.461240253281476,65.26054220921556,1.023355527272146,6.934783049618682,61.0465609753835,0.9985887673536902,9.03771890006935,68.02928778183795,0.9976917167322152,8.645718720619247,65.68658816095315,0.98611335719074,12.650976284778483,66.91228792913468
1665,49.96072298688152,36.173404409487816,1.2433995627601093,3.0,0.9791042934030934,9.389990300156686,65.75085457636405,0.9982788923278456,10.43067896720487,66.81200986820379,1.0018264288128984,8.542960480195696,67.93583848165893,1.000643124061815,7.472301814040053,66.25682553531429,1.03423068041835,11.494447782782096,65.5383047327744,1.005751273328248,11.355673261067974,67.74887616235891
1666,49.95335221967335,26.3345678582127,1.3147056219006927,3.0,1.020157424287184,10.267315121001968,68.59396137443814,1.0439309439942863,9.345608691421969,67.08110629210074,0.9881055923657979,11.7743491859236,67.67459920031976,1.0054143613237334,12.235523008921263,67.90624781902314,1.0103056656392642,7.247151047832581,64.87790989966844,1.0199006197997347,8.42637894808029,66.68698188175068
1667,49.97296778749651,38.51667751951617,1.5099196563893853,3.0,1.0073511621329956,9.596152900568638,66.9784388803121,0.9927253755930935,8.515106900815763,69.40233490340943,0.9817970372285165,7.571928799166624,66.37094866268603,1.0108195350642668,10.20907193471995,63.02433296105924,1.021811919748943,9.45261376192478,65.3313966404683,0.9924415177180581,9.404665536762321,63.854504623184646
1668,49.967120906224594,30.73077635798418,0.9984334686609133,3.0,1.0203994382118113,9.208544216686189,66.7484274263209,1.00035693532681,10.33435054314262,68.76442995941878,1.0155753183854377,9.722202423844534,64.70874363142784,1.0203237962710372,11.839840889500472,65.39402733910441,0.9848814353600527,11.748320540240051,63.83402307910268,1.0096441129152305,8.490208185838226,66.02123434741176
1669,49.95505810186419,38.12598429192303,0.36478756623946595,3.0,0.9939171152405023,9.427040179862482,66.62018496595186,1.012534271167639,11.763082226900938,67.7850778387562,1.0084278268486087,12.427456001186329,67.41027786504317,0.9730648085544851,7.179937691814597,68.30527097546596,0.9822700051831285,10.150263152798617,65.20124794179758,1.0022176589055731,12.561426193483573,68.13788242599057
1670,49.95130397007635,21.85259807472193,0.2887028550347144,3.0,1.0097541262122278,11.341911937989204,66.50303306029691,0.987058911516581,6.36481346873663,66.17917596738813,1.0033080566752244,12.74112071590883,65.65925585590269,0.9917356712075535,12.878771068013256,65.07943503089332,0.9644503279298862,8.298256839196297,67.93929632838949,0.9921258210855909,6.6276420804635805,62.682318413995695
1671,49.96634082892745,24.494357416384585,0.06783546956983355,3.0,0.9822912097393781,5.949176501538206,66.59034349038339,1.0219228389493489,11.09914015279389,65.51179640608302,0.9895567617662888,12.47821467950359,64.96709741629148,0.9536186327495884,5.277058053190353,71.12822000565075,1.005716002399757,10.87643592296286,66.29224839160327,0.9870851253848044,7.002714610744469,68.63346517939122
1672,49.96038952587358,32.47930410095947,1.292471015386722,3.0,0.9866099657684803,5.194499060488146,69.71272095340788,1.0104726244795141,10.66821306688597,65.30699017640757,0.997542449055903,8.944380801029732,66.53532489383419,0.9860630378956955,7.343594453465236,65.02280082592095,1.0004998096145183,13.11371893629979,69.32704186296604,1.0035641861734206,9.843650290605272,66.16783380696891
1673,49.95390028269865,33.43717359916261,0.1641335462136566,3.0,1.00804383802078,12.326933492635526,67.2315243569268,1.0030025343763405,11.549091083439897,69.66179995713594,1.0129443217862655,9.077184123743804,66.10949722828384,0.9656637648370364,10.259257556462469,66.64794852885709,0.9970949616945411,9.482732241100333,63.49324365634663,1.0519387851601598,8.879394005147388,70.04568959789557
1674,49.94416091720595,23.952538155787856,1.8166479326189722,3.0,1.0134215755551852,11.916723101166703,65.88642074149173,0.9832707327135273,9.824818829650143,70.39512427046861,1.0007850185782206,11.941374033974839,69.37541150032615,1.0168363642942633,10.055528681720201,66.94888610646382,0.9825864695468908,7.6528933057140485,67.70797466238926,0.9927488964405929,10.958729267104982,69.86667676387324
1675,49.960202039149934,30.142669310861983,1.67793935591427,3.0,0.9461565095244658,10.575397460118534,69.1716790462,1.0157500494626626,11.894630536374187,66.57789844817445,0.9766581483533592,9.399099068271331,62.98116624101346,1.0006492574705592,7.642993834096918,66.11699513187982,0.98776300239167,12.479168128754644,65.30525348874765,0.9839940061089644,7.664507218601758,63.7901563404479
1676,49.96277256419284,34.97355166327698,1.0196424691800974,3.0,1.0257791628259365,8.337230263678835,69.45771100251194,0.9747090420642517,11.213833551912765,65.50393107051829,0.9994825092505859,8.354009264247221,68.15845552136165,1.0165570615978192,10.875719018778799,63.05060709529021,0.9871636266257868,11.42106705495093,66.1881565527216,0.9877964698156996,13.122549017742987,67.6847857082866
1677,49.952909737404184,32.35255114823882,0.08993861721818219,3.0,1.0023533166271172,10.157417929791038,66.87182976870119,0.9888463793123156,6.152592181678913,61.73060968187485,0.9892908172736357,11.229904018302557,68.04408752258868,0.9793270588693431,6.919808683896468,65.85141664774763,0.9607047906957445,14.599677082707428,64.93380147873022,1.002684327795465,6.687759570199297,63.37754424027338
1678,49.956357679424634,33.95790369641037,1.7108036519776186,3.0,0.9901106475186201,8.508596786293737,63.040864582392054,0.9905411816212201,6.95530665017088,69.27993938465985,1.001102756205277,9.88381074626136,68.61728575595036,0.9935388466972468,12.132612639942234,66.17151415081484,1.0192492116007497,11.79860328305229,69.75661403203237,0.9950301618756493,10.467653755807742,67.72253476840643
1679,49.985649625232874,28.96778182574515,1.4717240504334177,3.0,1.019824031701232,9.854540630803509,67.22955645392972,1.0037954714075292,9.16834130258599,66.22269247851723,1.03811748058108,9.973315024512447,66.1105377952518,1.0114346250416775,12.036021097947065,65.1064766683457,1.00112557637261,7.540406766544246,64.10502101751858,1.0161016447865119,9.98116477874993,62.93190939428257
1680,49.96263331279731,34.54268592316397,0.4280027878527215,3.0,1.0012926000334443,13.818196076265597,66.49005538120791,0.9761473024656844,11.408622310959123,67.01800113448864,0.9689411089526395,9.651040678207977,66.60358482306407,0.9983113341711836,10.087632505493056,67.62913096322424,1.0199383513385714,6.087317515842978,70.90896426289942,0.977905673483657,10.166906438576328,66.8258590056989
1681,49.94801817617538,37.67916252610843,1.9002368501503208,3.0,0.9841054746894745,8.382754192369415,68.75932546157394,1.0084142327103887,12.059006144988883,65.68693033935446,0.9965402114870546,11.36087546775833,69.45313736137442,0.9961794506210448,10.328200486157538,68.07558533953676,0.9910285995906429,9.85543703360365,66.90595655047072,1.027927658988743,13.004316532732798,65.30746753560521
1682,49.953909933420675,38.17232986309605,0.2715708007926887,3.0,0.9907366147792702,9.17665838374371,67.64692440831618,0.9999918570775997,10.541239514036235,69.09204092636088,1.0079969047389765,9.586391388169659,66.04834237949635,1.0225480901530395,10.261085739002407,64.71385124021829,1.0086638011705817,4.1092966072037065,68.37057652404162,0.9923544825206158,10.70563232589177,66.70794441633858
1683,49.963737064229804,22.303497361883238,1.916322001792336,3.0,0.990978934643967,12.754343728052143,68.27487358033987,1.0023031893392356,11.7467986241106,64.62768571542665,1.0080928501287703,11.612814748550214,68.62634811481625,1.0108448820330052,6.123322251265788,67.36760125145547,0.9929845601615209,11.136681085015184,71.55498966678614,1.0007773386398728,8.799840612083736,67.11914235262785
1684,49.95616032327013,22.244892006572556,0.38252932139266216,3.0,1.0176562089720693,10.229013378648736,64.61825545082922,0.9971707346678814,8.145219181122524,67.1388630362542,1.0158001839911242,7.2131919087783345,65.81332091329263,1.015404327053302,11.317301573529427,66.21418349665505,1.0102226699920047,12.742547494346296,66.28069354823555,1.0199704567504138,7.092339803725402,70.19652068108061
1685,49.939280964865695,30.380412424138868,1.014481099803339,3.0,1.0258246229538825,7.92128698381266,66.16972454229638,1.0343184461535142,10.886880163530845,61.9891111389528,0.9623838832923923,8.73065636856115,66.61047038069286,1.0119652274512259,10.327130443762517,63.500376059781075,0.9735233839298948,11.87659922168477,65.73089155038795,0.9789051394246874,12.712881725316851,65.78738073424668
1686,49.96213967847498,21.386270332186044,0.9921144974007388,3.0,1.0080523615339338,7.319843558396252,66.88514401913847,0.9833965168915064,11.413174540309841,69.53904361229301,0.9757550944195585,9.615776271847713,66.85470496492573,0.9902742408095109,12.591529683575153,69.75818941729983,1.0103399296030071,8.18033364823525,66.23373046285221,1.00191288147882,9.37336643426724,67.41449535075095
1687,49.94105147569328,38.646749989246,0.4246625564792763,3.0,1.0057334416200194,8.164963471054792,69.78052304813771,1.0026632562552915,11.980580424786437,67.19092410889017,1.0218845567618942,10.47940089456114,71.45445044056115,0.9989176915478342,12.77540714393796,64.96046728986124,1.015361598568549,14.789856535082553,62.225647145053244,0.9950616547740708,12.203958176856576,68.54763508206739
1688,49.95319751416991,31.301019895895195,1.63629401694554,3.0,1.0201047599424282,8.859604660085239,61.9091082836042,1.041100030430019,11.122799622704115,67.92079354441302,1.0073243279715252,10.84515650296453,64.43145619922645,0.9619821766020039,12.240787432841332,63.928751178844145,0.9917171181041794,10.10232673801811,67.89840640641306,0.9890265782895273,11.728249259371934,64.93419258143236
1689,49.968443867206545,32.628427125756254,1.4212934344245485,3.0,0.9641961392088159,9.065388775876064,68.23183434964253,1.0310381096290884,7.441608086692336,67.79524748008909,1.0001017627238902,7.524855494255975,67.11577385165975,0.9712975077169524,9.195626137093166,68.95792720925441,0.9976197483270923,9.189067989419854,72.06121594023298,1.0119000204207678,11.892791017204843,65.34581026685645
1690,49.96515976486066,28.380402745872395,1.7122788533422946,3.0,0.9883268052290487,8.880268390412796,64.47851270172684,0.9860553184307609,11.285162536250095,68.57555482837815,1.0753435430310343,9.488203716383536,68.3015879904583,0.9648086890760581,9.034352253885393,65.5248481171102,0.9925151743118511,11.640046313486511,65.33376863704578,1.002311447131578,10.45579161309705,60.7166542552
1691,49.94558412459864,24.86777943308794,1.360015902054842,3.0,1.0046521291390444,11.949208250795028,68.55601610663066,0.9805635223907038,8.53852288834792,69.11600961921582,1.0245426208076944,8.102853330677968,66.82937076520201,0.9766176073514836,10.221306548739511,68.51545175541499,0.9704090713491389,11.344296877106713,65.52965348157512,1.0023955676149048,11.988694460592372,68.36162968232222
1692,49.9596472863501,28.886019099184562,1.735730527170091,3.0,0.9961726597246843,10.2591485297947,64.22485133102147,1.0126717386906798,11.34528900384421,65.8028555875351,1.0271700582450685,9.643877595697834,66.25890205125013,1.01640991963782,7.20233464959044,66.80509778334861,0.990727106244979,8.982107699998583,68.27142723406763,0.9900722212038666,11.91584888777016,64.93407097214481
1693,49.96951985850482,35.51742068735962,1.024055780576838,3.0,0.9962624166391831,13.60936615791239,67.5403402066414,0.9802162250876243,10.1382477402744,67.91748754431121,0.9781179422197056,12.466027005712665,69.54047755583512,0.9910445071572268,13.071424083565546,66.77437010050367,1.0173683645129246,7.40179675672972,69.59156405141113,0.9949016324230376,11.460455006414918,67.76911733574455
1694,49.951417417446876,28.099926216340165,0.30861547517708643,3.0,0.9985344679038595,8.542006575140565,64.7338189534365,0.9610762165534069,8.694055254186997,64.17099432189099,0.9616428459175641,9.221661602651974,68.10012968659872,1.047204143555648,9.029980954068783,67.75419417974493,1.0062236232198334,9.67592057714014,62.29527494245966,1.0049085011426606,11.59907516563927,68.70016532699985
1695,49.95659542953033,39.73700797153617,0.04028926698510937,3.0,1.0154250467143582,12.210508914771703,67.3755756573699,0.9753650446218527,8.23738265832819,64.55988233108472,0.9591671972440977,7.832420505840757,67.97580982001371,0.9845956910471255,9.354907420110472,67.94167948098794,1.0237331491293782,13.477603622399458,66.9851456184583,0.9884718947389579,9.91931943285121,64.82044566304626
1696,49.94791200828052,38.245425223876325,0.9718236171715617,3.0,0.9958054279595193,11.430949251484133,66.43221224067756,0.9963696059307218,8.468718466825917,66.94599452281913,0.9989942573574843,10.726228952732452,65.7041825535972,0.9954885915475221,9.395556534189163,65.1378718438876,1.0062170550238203,13.05332055034551,67.86765507714662,0.9683869887444871,13.008894625402307,65.12677250416822
1697,49.945284715119094,37.8642580282691,1.112208074095686,3.0,0.9776496964723012,3.8791707808649702,65.50521216996579,0.9757870404572967,12.631248780684999,67.85429309192965,0.9629379272956133,14.300856639968982,68.23211307075175,1.0126581116849955,11.710247454036615,64.84999310165668,1.001816236087914,6.210188248415519,67.3871306411607,1.0220158579029253,8.761631701361663,65.49324677548208
1698,49.94264184917923,33.48823080922932,1.2296098256578383,3.0,1.00712423138116,11.056718456839075,68.22428179722631,0.9716638697083703,9.116097403444103,62.365057916654095,0.9989988471375287,8.99191836085869,69.63362285442818,0.9607902376750802,10.14861789943102,69.18892735091204,0.9954586337774025,13.690957690116251,64.53182457040285,0.9821481171078305,9.459644715408679,64.8986812925484
1699,49.95630883075151,38.16774628436461,1.4031263284333693,3.0,0.9958224239924165,13.173346305089378,65.62958788917916,0.9911715303134027,10.528005757927701,65.82614568367272,1.0025512513733215,11.099823769017128,68.122407993057,1.008162037726408,9.829108240585262,65.56459821873165,1.0044287785547878,11.114134760247827,66.6282463914111,1.0223583896640054,8.643872277110844,70.51129256702505
1700,49.94267535019368,23.876957843327915,0.7442738278635082,3.0,1.0286553969187129,12.133370186827369,66.85681993606711,1.0375207439467455,11.488541642390725,64.72011192084916,0.9718308724981279,11.070614263950695,66.06238202055926,1.005679899156512,10.618205565982462,63.86240125039313,1.0275974481559904,9.732155674892189,67.20371539711586,1.0348508063430488,11.463657787197866,70.9537942076078
1701,49.94233430479553,36.141996254138064,1.699264778379308,3.0,0.9945846422897486,11.871407163318679,65.16411303367337,1.0014612490093475,11.83643812327749,69.0512269074409,1.0109115938633952,12.143130331302572,72.62741730158264,0.9924393297482478,6.588455075638534,66.26537350133597,1.0012362671299662,11.189297301543395,65.60890078079656,1.0043857300616092,9.396681717311525,68.59910173253145
1702,49.9429624141652,35.073128785497566,0.7960315469847805,3.0,1.0134289889156003,10.504668544447856,72.09694712081362,0.9762388266041432,11.871477426855584,66.5180659321254,0.9806197155954945,12.360066520353886,67.23476217559019,1.0311644040864045,11.798872121044058,66.79248113558373,0.9882928342487924,8.892666328006843,69.87418316975601,0.9952422605676224,11.038964053826485,67.2282955563764
1703,49.95088594165179,22.39266160680647,0.15207319298122113,3.0,0.9984285247927078,9.270162496489629,66.72838140121486,0.9559354602159673,8.019726284215322,64.57242706190438,1.0265182803344415,7.579018437503305,66.0406507688631,1.0090595914400635,12.968924484984168,66.93168255004365,0.9998210138066438,9.452820453022575,70.48227784737078,1.0172627333383222,8.38248077306559,64.87129803970902
1704,49.95211023598498,37.14336810975729,0.5829067558935481,3.0,0.9908461208564914,8.13536665578011,67.1644934821005,0.9923381489968167,9.904230464783028,66.28706354773547,0.9897858688613722,9.356129903665442,66.6912852938635,1.0411602379578926,8.130106895287488,67.00174149124351,0.9733521468611758,11.31677307627111,66.33275072775008,1.0044243434768025,9.460073613789653,68.76781422554443
1705,49.94846451831909,25.233649191094802,0.9903839222734097,3.0,1.0064765669922087,8.944152040647564,70.25592855025025,0.9955891372772624,7.609700598907109,66.46959336301325,1.0181651531009657,14.1071732665572,64.76344568523653,0.9827125698422806,8.348802314659938,65.59753430253288,0.983559563123646,10.183129768403393,64.41973981346976,1.009138758541615,7.9668778321338625,64.31018251964251
1706,49.957237380033185,38.034112794979556,1.5805075062934593,3.0,0.952366794771816,9.057861871026992,67.22664873556273,1.0289955632739403,6.636819161204554,68.74340142171609,0.9724225815044758,11.568903401971955,65.07899591040754,0.9976775448978586,9.3669421991903,68.54721724790643,1.0261972382845603,8.145931153002744,67.70753160570536,1.0101335471364494,7.298521667176647,63.51472650512564
1707,49.9482097562259,39.558876348415865,1.8996903744908757,3.0,1.004581769551249,10.349582266066555,64.4807154033547,1.0178293784121626,9.435044912264788,65.00812139971232,0.9797771751003338,10.085796991992705,67.01490825933634,1.0058167592074971,11.098195111179558,72.23232766501869,1.0098718171172654,7.731910110218923,68.08252444442083,0.9917379950729195,8.283383328602433,66.06469764477661
1708,49.9404840035556,21.91746447278438,1.735286478211962,3.0,0.9928088540944665,10.585307534139433,67.57031203697241,1.049625685963222,10.644436759947498,64.82497863488162,1.009865373555211,9.234375530943364,68.43511425031812,1.0044149614957327,10.80474227528005,66.12742550559695,0.9806610934639499,10.69347532233795,68.77425255894654,0.9976971596725683,8.4587889378185,69.23673349988587
1709,49.95526147657941,22.254188398729635,1.2069047299465143,3.0,1.0085154138432024,11.18047000139978,66.00682307090146,0.9885638292901093,10.950627293091474,67.06672115707238,0.997702507985125,10.320246005711525,69.2189070000674,0.9917889017575816,8.626796431246529,65.52692482561721,0.9991644571160466,10.844226384676423,69.66220324294692,1.0055026375893175,9.884247048965102,69.32009170494614
1710,49.95277711202385,23.783407705402652,0.7690303067990731,3.0,0.979018359787591,11.484940113476283,70.02961914890433,1.025313226909139,11.234951287486014,64.30045501400105,0.9711686887776801,9.505933729881033,66.15482929199229,1.0043106683997172,9.268474650295543,69.50755660517102,0.9897008887886821,8.720426319582367,67.49831586027655,0.988959544244277,11.771298062643938,66.12318714078656
1711,49.937785985875934,33.61198669557565,0.8960700797895944,3.0,1.0340570954623838,10.265598973245863,70.88872510036857,0.9851387285075928,12.340491628882543,68.1747463876562,1.031613091276331,11.621017882798485,69.67716279805555,0.986403788416459,13.807040417332363,68.47319026021674,0.9998985277798828,13.475404727606405,66.44387308786374,0.9921943317287046,7.912322279084826,67.5191864444787
1712,49.97047509859494,24.21584217146376,1.3635156656909089,3.0,0.9698025545146498,9.482079400661842,66.43467557706171,0.995640100933578,8.648500501020555,70.65830862192375,0.9971706421578648,9.110124844949839,68.66434906930853,1.0062949194576152,11.57895028591881,66.7869644641222,1.0173309606312082,12.298501109628624,66.73676711079206,0.9749541068776163,8.56175976971093,68.15768728907439
1713,49.954642209301014,27.558811060014627,0.1336706277393287,3.0,1.005394458895306,10.939666205334099,64.17160741283645,1.0049161718679276,11.016568885930942,68.26727999311032,0.9766891924196648,6.16018224928496,65.95488777629718,0.9793003351582639,11.545961365776627,66.63709779093678,0.9962423597773237,9.264458789243935,68.71833423551097,1.0312158344598983,9.943151183940243,63.56060054738543
1714,49.94779841097157,36.46723928947624,0.5505375673821851,3.0,0.9951717839699028,13.151628442812182,69.0666789834048,0.9596071204089215,9.845831497081075,67.50698312300412,0.9869399960714484,11.376675337873152,68.9846562992698,0.9904391004567659,9.892656376571056,65.10554906001192,1.0339676460740006,10.837385021664172,70.80384847512241,1.0127378804257032,9.783114287455914,70.34943674715883
1715,49.96193845060761,24.6768040011683,1.0377935967020395,3.0,0.999835002394722,12.209386674965033,68.32012591247405,0.9967971133204478,9.092142514533977,67.21804663255371,1.0126313296392522,8.551164167867714,66.74170423205409,0.9648926989775797,12.629530914295282,71.24337279639535,1.0081394541418043,11.569569551852998,64.37182585991565,1.030970854260711,10.495919917081824,68.76131615657525
1716,49.95708402021547,21.587396535320856,1.314227357532746,3.0,0.9902972146766281,12.480537362316902,67.04568336864558,1.0193447256932566,7.292672478237243,69.48169964320637,0.9811846185652812,8.784454666751737,67.14742075841022,0.9584060396872702,8.849814861485235,69.47383943798775,0.9906383024821986,10.229218692838284,69.49159857061005,1.0375987308817307,7.618504049589371,64.35432782995133
1717,49.938729076053825,23.37389202657978,0.6464856859423376,3.0,0.9822386464039283,12.641730730481422,67.3590412665653,0.978987195002915,7.327112315639751,69.44649910048467,0.9949464883880232,12.357408163099139,66.83863785045457,1.0224035147154333,9.673774926356497,68.62013620120575,0.990776969905893,6.659514055203411,66.09159701362846,1.014580814502208,10.941234243166202,68.70421434633732
1718,49.94209625537777,35.337470562873335,1.37336892951763,3.0,1.0125652489575012,11.024897847448244,66.62374322182094,1.0039680785990235,6.673678773935547,64.98333853691601,0.9866281795314865,12.58403836158942,63.42889604984017,0.9924313236321097,9.128839118494575,69.5283947613822,0.9898256658376993,10.468400820221419,65.5959306364363,0.9652372491198523,10.573331304554479,66.00455689577407
1719,49.944170724488295,37.9065538852842,1.907500378261596,3.0,0.9970733181550409,9.62532885572039,68.52667373144749,0.973456924430505,9.396536302243751,65.65202490821471,0.9888543382812633,12.342124406348692,68.82150547509345,0.9827648043231024,10.20387202435903,66.18363434839975,0.9846951217848626,11.664367072280804,66.52501130717839,1.0214046273439286,10.27357973517541,66.28656098528532
1720,49.95638750225453,23.86621272735443,1.5044105345360472,3.0,1.0109144970581005,8.340130760268798,68.16959777170312,0.9903059887275862,8.379107323410848,67.19113480839886,1.021148704650285,7.570523719335023,63.50660081747897,0.9736359866586485,11.994481746739192,68.0891051186414,1.057044270903256,8.573280166300458,64.6193469519778,1.0018385849662688,8.06326392043708,68.78952509122352
1721,49.94010251968186,37.300238491647086,0.0262674105559777,3.0,1.011629934978472,12.51962531178378,64.77801063154259,0.941666589625353,10.52501467255635,69.39545692198102,0.993752515691941,12.041513531087764,68.13161219236206,0.9820422373077626,11.982331260845827,69.10977413536985,0.9922234033870084,10.19377675075634,67.7627168663497,1.0183540188711095,9.577012474479915,67.06174717011143
1722,49.965937772478604,28.015105920979725,1.0314965335313147,3.0,1.0110259547769278,11.477809795940887,63.92529078472811,0.9659891400465608,11.822268021755967,68.36249911749363,1.0024547676448237,6.9628177667029965,70.05530529245888,1.0109640445974954,9.255037788240356,67.19390825428967,0.9652554404873032,11.092990404559027,68.63607370002607,0.988058709885379,11.660516710198841,68.14472628081069
1723,49.960649194039036,33.40247608046961,0.21299467318590115,3.0,0.9807251949691479,9.755741133311023,69.20495272648755,1.0147185937397547,11.310435389532943,65.7623482860873,0.9810665920273155,8.237432631447795,67.42435126106224,0.9914848343613982,12.149084599712582,67.01611097895493,0.9877876390623078,8.81294729747925,65.64965064274304,1.0232204537149645,10.34041747360523,66.78066772092271
1724,49.93091045585297,28.51283710646874,0.5170489258116044,3.0,1.0194029211577817,5.2293177434038105,66.58393289346658,0.9941612038202006,12.786358261119258,69.58869732883088,0.9929668952635804,13.139382184386811,68.77012238191868,0.9592945177146298,8.314776263495306,66.19851611841294,0.9949448752014489,5.848205858894918,66.66141681160457,0.9688047902787529,8.754732284862824,67.62205428855019
1725,49.94604693860799,27.458303246477314,0.35669181099075487,3.0,0.986066765358974,10.162376808959358,66.85606308456276,1.014408290506929,9.608299804801714,66.21894693992421,1.0108593763076401,11.172132153775413,67.29208820582191,1.0032205178086062,12.705823494208328,65.08512999761668,0.9958390832660491,9.44577146508573,67.65364780421712,0.9852049853634256,9.793986520313503,66.44262079389698
1726,49.9559774734882,24.021983791803166,1.9138712432640501,3.0,0.9805189532593636,8.582204636626729,66.71373054302117,0.9913869548658014,7.0905913173865205,71.2263788585238,1.0312036114532408,12.116026635787584,65.1002298869809,0.9990569646101429,10.801588839021163,65.43334702587056,0.9583256610247346,7.660537867728078,67.88423606385562,1.0092009406295623,7.6462939049027145,68.07877058795903
1727,49.95280398453258,36.84184311924662,0.5615968182258231,3.0,1.0525429652352443,10.085595049537512,67.7466710466991,0.9994837741193361,14.362229494407366,68.38951232368409,0.9790173494546661,11.870189531070272,65.56396155210908,1.0280488414377156,13.22714764549097,68.45354335488827,0.9582252072202441,10.0380370831441,67.93806899261207,1.037469987175502,7.47907418917729,64.76143046832054
1728,49.939132626062765,39.85903407478527,0.8279150513677718,3.0,1.0079370657622089,8.967709586717785,66.91755488723888,1.0017040832266628,6.696178631248534,68.47385114140884,1.0362474002797009,8.109853294294297,69.04160593482403,1.0115194105201293,11.415692429419138,67.91137278257315,0.9929626932431804,9.960856285504132,68.74906262763565,0.9638510057629771,11.946740364279698,66.6314747721364
1729,49.926764733966465,26.178998454659222,1.6630527900481913,3.0,1.0169118982109575,10.895243045124332,67.86511426418183,1.0104368474557057,9.455125234699153,70.4653574532543,0.9885719293907173,10.5963165578395,64.53959504338067,1.021930407293191,9.423255570321997,68.28084126103383,1.0039693980543203,10.664880617205242,66.27004667981483,1.0239717180377164,11.115222933056604,66.50412352437839
1730,49.954033742491205,24.815509633550654,1.6591467096786379,3.0,1.0322030872039922,7.986387390649384,66.07412207266927,0.9737198684614995,8.710830092559112,67.8334763247845,0.9914362074223706,9.234315470923452,64.37948466213862,1.0082840550004084,8.562874367433134,66.72090363909572,1.015369388868263,6.218531665429827,65.60347884038737,1.0036467188900553,9.381860417129555,65.93894154934813
1731,49.94915407781944,32.195978238564365,0.6897993746127997,3.0,0.9965630501603243,9.795233557572375,69.62326503308347,1.0057363384249272,10.529843413605647,62.86218863573012,1.0207064442934102,14.043639537235629,66.02667614559469,1.0090155689748328,12.359366969951115,64.83616733019059,1.034454241222382,8.9708141979714,67.90876604827677,1.029638759602673,10.74209588939116,65.64894380839085
1732,49.955651620759916,31.09164417216773,1.97744904456514,3.0,0.9843861691467991,12.597182924441235,65.1945379132772,0.9780017551405636,9.9418825983674,69.60871387054033,1.0053160211595145,10.366576066694742,70.25250129194207,0.991524720112937,5.774496241546072,66.09746148051005,0.9983772133224825,9.180439247836443,68.14900030685784,0.9840760415991058,8.797980461192077,67.9239845550952
1733,49.948697981121036,37.07764185952303,1.5928049653421386,3.0,1.000768505163493,11.013058397179305,69.57210979522041,0.9902325851365958,8.258316936828525,66.17857841667235,1.006540208621911,10.0348424095691,64.43106114334482,1.0137433630169637,10.609064907747182,67.74245913210036,0.9941442132109636,8.61261332033077,67.08655511363251,1.0330932830646073,11.314662835695504,65.0865687405566
1734,49.9504406635663,33.30695291383597,0.009950735702056512,3.0,1.0186431161571514,10.772240038931738,63.91825390802318,1.0093369472829374,11.046622495354512,65.40002092618127,1.0086085115238843,13.191590095360864,65.5505015921333,1.0183081690059193,6.536195715509054,66.11155839502838,1.0336262335286868,14.814579666849376,69.33301239707572,0.9790393250985407,8.392792196039109,66.82604690437923
1735,49.96981105905459,35.0213480667554,1.378178220990397,3.0,0.9913838195224106,9.649662358635728,68.77689648544238,0.9864744851903574,8.540532591374527,67.99302611906172,1.0422658656995527,8.043224666133575,69.83625507039567,1.0222399319649171,10.097878368539735,67.8635176273983,0.9984646156623196,11.477628922465739,65.89736515860113,0.9841740657766432,9.822240752635752,68.49716599797333
1736,49.96183225407995,22.17919604312542,0.24353641815097649,3.0,0.9520777708829858,8.71777797149194,68.4248019217245,1.0286113711561102,8.83524281857584,65.98735590530005,1.0057999221280631,10.782633152718038,70.43673068210653,0.9635945838383753,9.716513318775212,65.69616768876942,0.9828047152121692,7.320324501862752,63.6702080705645,0.9916017457319766,13.321104116273695,63.68792128059529
1737,49.93454658383301,23.789795625508432,1.4012148033146063,3.0,1.00394297384505,9.102897281604013,67.91632094848553,1.0231895194743483,13.015909873197526,67.35847028888251,0.9917892017127701,7.811342059597905,66.19943256186588,1.0054575129266572,6.539753642746992,62.29349246709904,1.00089141201054,9.837503609099814,68.87639490269784,1.0167583972077896,11.249989034997235,67.15731296669755
1738,49.95085102606034,36.95799527555229,0.21730112059945927,3.0,0.9895253539057595,9.316491226288486,70.63355409287968,1.0017203155247711,5.298137511659884,68.02099672279131,1.0154115116679951,6.570996530571849,66.15239363661698,0.9867260672760935,9.684316829530065,71.41904378266906,1.0139812083283501,7.385111018370427,66.62090697532648,1.0093572883995443,11.265088013565908,67.89956860177725
1739,49.94619250479294,33.76857264299666,1.5590000115230909,3.0,1.0243078516125745,8.500660402308844,66.34841048970907,1.009339740942822,10.081223326413124,66.43857972469188,0.980519244367557,13.937858857899057,68.53325265362275,1.0036453201575388,5.5002468388157855,61.86331345185622,1.0248279704788368,9.58930023221284,70.85533417708919,0.9800802936329586,9.666433099997878,65.63155861003536
1740,49.960043511025795,33.42335893611728,1.0554435509239377,3.0,1.0109536175526763,13.118832653557174,70.47037468577656,0.9972614966374803,9.984651417780926,70.53932931041503,1.000227600713582,11.183866298252905,67.5151086686405,0.9917425094871853,9.888909344358776,61.456107249302065,0.9761666727810535,9.07354430900648,68.80749886107942,1.0126085795455309,5.810696594489245,68.4009785093489
1741,49.939043889804836,38.542772206962745,1.4780084333663193,3.0,0.9760791203706864,5.942039970216199,69.74339031950394,0.978133622456726,8.657131627047502,69.08902029937339,0.9814661953999757,8.067529699839758,67.85566129272593,0.9999914645330085,13.562538359544314,63.132954913792766,1.037791033200843,7.227611355200799,69.84468093958768,1.0237431200032094,14.660797930931299,66.60514615970186
1742,49.95996457853232,22.60805283547343,1.0634987826364979,3.0,1.0138910123692109,8.673326887354044,67.3657042600448,1.0221468821965134,8.974317758947311,67.35545264728292,0.9791592037288572,12.092738317317322,65.62564588177985,1.0225078369820422,8.571391363139492,66.44001414986208,0.9821538822283673,5.529231249706784,67.42268651709412,0.9829693892481913,7.594777765966329,68.38902103267868
1743,49.949838554763744,20.77353086727213,0.0563518039691262,3.0,0.9928507035450722,9.941286123841888,68.65104297546762,0.9862603097398066,7.801025855835215,66.90716492151252,1.0040319395084296,8.704896524863686,65.71772436928211,1.0101716560215868,10.453525847368908,65.74012040112655,0.9994903263929098,9.443915980425585,65.22385227952806,1.000394622715525,12.361632521004566,65.14703481665819
1744,49.96354147054554,35.26371710285856,1.3710010839792652,3.0,0.9948372413017782,7.586817372975229,72.56128715189293,0.9475812124922398,10.22084511787399,63.16908259342459,1.0162515619444628,10.469210451976059,64.37592099966272,1.0130919690048732,14.43372638978438,69.39981783783682,1.001950899179362,8.940749005943264,65.42581210979145,1.0398078444624084,10.24800903820374,65.83593922258741
1745,49.94158440818967,27.97857917032519,1.769688992388723,3.0,0.9810175956698913,10.199279080816227,68.70539226995358,1.0082695452739747,13.46644879328711,64.85344139068468,1.009078995213815,11.275773235447744,64.45607389423883,0.9710635021045,10.192738474424972,68.06872259803109,0.9780910423182662,7.879806171196261,66.32930459137728,0.9944102766362054,11.946185128868613,68.06717033661022
1746,49.92776597433176,25.089187207042333,0.14364052027832286,3.0,0.9999933734360086,6.756461277585473,67.56118605710832,0.9960861530846833,7.490474088610242,67.46209821210277,0.9782402330453692,12.744406120554775,65.7873695550934,0.9945516206496556,8.616442166541445,69.64605820196884,0.990453546596296,9.971951490568385,67.77535456104218,0.9945172145941569,10.824030990250634,70.17463434702415
1747,49.93608394919428,38.39755371524996,1.0893624204326813,3.0,0.9672128895024202,6.404532495462173,68.24105557763534,0.9876942073453854,5.470832334192755,66.04482676623408,0.9981176918199353,8.930766342522954,64.36433430902805,0.9854317647213013,6.771101114366909,69.26880733730341,0.9740511908933307,13.708061408932647,67.30210065429355,1.0163812971394843,11.957857215148957,68.10413282041296
1748,49.940461457844954,29.51470322016984,1.1950926891406788,3.0,1.011466781127429,9.657692162199353,68.75448129917937,0.9832796917612873,12.610635284511064,68.62067897721707,0.9629570226301603,8.625207693360853,69.22827815898086,1.0060754343566067,13.054277055016893,64.99602615163747,0.9840670037788894,12.099310187522791,66.9972478150072,1.0197704024657017,9.367287782872431,64.97844640176781
1749,49.9473335664246,33.94598597556481,0.6849116856709958,3.0,0.9930448568192889,10.47616173160966,70.52708899909476,0.9958284692243535,12.260769711301466,66.3619187963566,1.0063071220288726,4.259895923615202,64.84368401791019,1.0239612856656273,8.998201448420266,67.99122766355678,0.9719150623072402,9.555254630569085,68.70960486765323,0.9962230125039253,7.4336612746537,67.61912911859427
1750,49.9566013366752,35.79356403713012,0.7274590243641008,0.0,0.9987854115559918,9.499050306313332,70.68160201719402,0.9759255024971206,12.751178293457711,66.50690888417091,1.0183780620842358,7.169035499035473,67.82432757582178,0.987242473954962,8.682872301840195,63.0221247783774,0.9984613555664842,11.460478119936557,67.84848956160667,0.9785453078722498,14.849275467229944,69.09922887230954
1751,49.96170319253543,32.817952259269234,0.8906626739747432,0.0,1.0490732496795991,11.537798820648364,64.82045912142846,0.9970860998526136,13.528633610473793,67.53309195030147,1.0178240635316136,8.926642107289561,70.1181803031471,0.9956654009713123,13.555683359352617,62.38226256381233,1.002609429141045,11.75901189423524,68.07742257049317,0.9938644836324318,10.702475982889691,68.02362069243601
1752,49.952064432297334,25.510357939638293,0.8928956861798152,0.0,1.0113596650610015,13.967036838900771,68.31077470865091,0.9832354310393291,11.256252918166822,66.74298999752574,0.9938394718596422,8.449102903586622,68.97602299007744,0.9788027894921374,9.361461822460841,68.83317379935062,1.0009509583545801,7.786602569212109,69.88674073721178,1.0128287418094455,6.279500026356551,67.98248143526803
1753,49.95642191503098,35.41805069994695,1.4460898466398402,0.0,0.9869747455416094,9.641111550565626,67.07252334010522,1.0451715116895421,10.51871993135731,70.81878119672758,0.9994884716404288,9.954684842813823,68.23875297399336,1.0023676073172376,8.94698384284574,66.03460558580862,0.9744513092860857,6.66966893410719,67.08449406099416,1.005752085577021,10.70886352010109,66.44522525549068
1754,49.934258371376174,21.707213139447816,0.615166482438561,0.0,0.9833176297394693,10.03822910848058,68.57744516263234,0.9840378549829457,9.61722353274029,67.7331581101287,0.977096211795495,15.462760067025261,64.3756078976278,0.9898409535155509,5.549967908451306,66.11611071819779,0.9849984370048946,9.318692985372168,68.98244211100726,1.0136546742256713,15.16336806115369,67.65729295777467
1755,49.95467709686729,20.829834255684435,1.4246450261468655,0.0,0.9755243500624937,9.058043909245276,67.891470394727,0.9976879635061102,9.81996629064221,68.71966998794404,1.0098790065634966,7.284740075530224,66.84215580830138,1.0214041957729754,10.234880572123481,66.84272912947026,0.9759697763653149,7.685565424645786,62.27626348138405,0.9823577875811067,12.607370292617635,65.74150316681741
1756,49.93267105311036,25.419552370876065,1.805222664506056,0.0,0.9794074501773953,12.423228616891627,65.31922882081061,0.9872976080369692,12.17771793947557,70.67633142186038,1.0098971637958223,8.732053365987198,68.68705777747564,0.9919723547523668,7.580049623959843,69.19578178724983,1.00180200491212,10.893754250734371,67.28855423055582,1.000036525604251,11.226638616542328,65.89601572405847
1757,49.94949088634295,29.015688756104133,0.19205900832763323,0.0,0.9706863262240637,8.084004727801041,69.30243120758415,0.9907779691736766,7.99073612584319,65.72981266373333,1.0079725730729765,11.431484333747651,69.93847427094154,0.96164669482347,13.400256272263338,67.88646375358557,1.0157742093191484,13.507355368044509,67.26115186090418,1.0183624267399352,10.263154134016343,63.064155363076594
1758,49.95055640289602,29.806034888629515,1.5754799830259365,0.0,0.996280005849655,8.037474989018083,65.48333612781056,0.9826633222948347,10.536344795892495,70.52700868477271,1.002297044011166,8.198892125006102,63.378231725733585,1.0254880528901331,11.946482909404343,68.2348766105339,0.975323124446014,9.947058416077647,70.1182380367751,0.9846378811325072,10.999256673686617,67.55284981420508
1759,49.954442494915476,37.80556941516785,1.2578089279743327,0.0,1.0121514771419433,10.516874046783352,70.0138918635803,0.9590785841895151,11.345176363681725,69.03364241905764,1.0111489481690237,10.50355043526443,67.4504124982178,1.0041503340767741,11.092072399025591,67.44431824577265,0.9791410993382268,9.402328986363576,67.19094473318535,1.0072180015454317,11.794808348482073,69.28086828699715
1760,49.945479738855596,23.610120574486377,1.0088961300422907,0.0,0.9994495488641675,8.067202282052806,67.35701062398167,0.9713480176027525,9.632322276234623,70.09855216871856,0.9779359484289031,7.775163044408375,64.50337845628862,0.9589311303603789,12.417229977086354,67.28965516444026,1.013386776768008,9.464707742333418,70.75957453148244,1.0128761749571047,10.722523521420237,67.40128793422677
1761,49.961312242166976,37.71618220013325,1.112776604240252,0.0,0.9664358613455575,5.685920651355351,63.4886567349508,1.030477493692551,9.60943387141865,66.05427231608353,0.9877917203721004,8.848430285728057,64.41693751467334,1.0043860829080995,9.265229391139627,64.66618021403394,0.994160852072925,12.344627610870468,68.5253151549483,0.99566626091252,9.118500789871385,71.70284068915466
1762,49.95298389434439,37.92786566910754,0.12529652119557966,0.0,0.9906728722384851,11.22635925015756,69.33684082814412,1.014360650172122,11.543579810952204,66.09672012751555,1.0105356542178248,6.806876199605847,67.01579414066063,0.9876066415012774,12.742866801104855,67.19587036713905,1.0056137012515962,14.625183505874796,72.06603672726887,0.9876425596828794,8.544949152023293,67.51356840312255
1763,49.95738405380199,27.493514989522957,0.03558176178154904,0.0,1.0034693194694437,10.2047005384565,66.81567399118724,1.0513508849426327,14.604584879474455,68.14451401704399,0.9732658364952865,7.545550165670466,69.79233519644173,1.0211566262334544,5.862367289653964,63.85485932842478,0.9960783184446833,12.222269987699292,65.34227961251973,0.9629002976154928,10.208996635477893,69.67632924619042
1764,49.93805627800576,28.990019694938958,0.5090153063102942,0.0,1.0013067853903268,9.4802484638347,64.9111002859498,0.9916409109378872,9.214452346898096,67.36240307040468,0.9935668755099686,10.860650062360536,69.95299223982487,0.9787706146735031,2.379279952902027,68.87850285347335,1.0072037763242718,9.472618612860275,67.96533972654203,0.9741255889523266,10.627976833050814,66.26612382889267
1765,49.96061188210809,23.41523161388874,0.2697388797339064,0.0,0.9763513577555928,7.46472508545999,67.51614304409394,1.004478787465981,9.550757390668592,70.67502388852965,1.0022133749428959,11.244791356184098,71.3415211662569,0.9972492591997815,8.12548144853132,69.73844036149805,1.0051570495432607,11.129389309891607,69.28564663998613,1.0073434225383955,8.131267126558336,66.42760259298801
1766,49.95990731303872,37.53841171081122,0.6806488592734488,0.0,1.0065904712198515,8.169114713764754,66.90797131288224,1.025550737842297,9.846209895858085,64.55038872121094,0.9677181672271326,7.34767102984329,65.723802796584,1.01022111854904,12.429275145981844,70.49996383116776,0.9619349314045736,12.676743076713908,64.55961168545642,0.9969073682668323,10.34385464636707,69.99205682549433
1767,49.956169499792786,32.86327549927406,0.3334814757342395,0.0,0.9858704247886522,11.750578799812379,67.87662601649029,1.0207469437510763,11.001055749173291,73.16310907908536,1.0018985780846723,8.030269859218704,68.67745028756556,1.0156715050467715,10.872624734004136,69.14250749389932,0.9954027384800099,8.067352980655668,67.72965546354861,0.9953715846405643,9.200954920967582,64.37968353906679
1768,49.96589957038729,33.697279959417926,0.13062000450947275,0.0,1.0150958846643305,9.101237453877362,67.17031819632024,1.0171358678800506,9.164530673979092,68.55232560290536,1.0088795370159194,10.95298309551991,70.02010791382567,0.994455236944023,6.365216863289588,68.69303829830957,1.000970524428577,11.842586613477577,66.79285167340404,0.9955448760537469,11.273739962067344,67.61779815180365
1769,49.94997542993015,25.407940837864196,1.2224144600407334,0.0,0.9950120721740389,8.787585047759007,66.96625651446853,1.0023197003112911,6.495459286602312,67.92841553176004,0.9915132397919566,12.836775775897095,65.88060181749911,1.004930366692541,11.575856089978105,68.23590908558849,0.9786702064626213,9.143674910213656,67.3899568283455,1.0310452844256097,11.588854213011432,65.73641218163638
1770,49.960048326475196,39.04114513606173,1.0210998705176308,0.0,1.0337690806157376,7.442681206603993,64.9621310856031,1.0167522001393454,8.230539243399193,70.24978387477611,0.9950652754659892,12.927013767485526,71.0326776206263,0.9875208826387295,10.150370491220455,71.54208799669247,1.0024746785087495,8.614572725794906,70.62398874147094,0.9981927820835067,10.424799927936126,68.5228140321743
1771,49.96140970422913,26.53246262650909,0.9447268150788453,0.0,1.0208468789816667,10.516329478638106,68.31030210989962,1.0201629107504284,5.191817031844568,68.51908879409542,0.9847023466433505,7.713281667647746,67.50605918560166,1.0192397632943706,14.87038895318275,69.91128365478103,1.0060037134615916,11.488526351761191,70.75158496255104,1.004611903167882,11.577297402812338,69.67884915662373
1772,49.961596219062535,26.59803600482659,0.4236257317931853,0.0,0.9784421474634107,9.40301662770046,71.11910044624119,1.0167144661752245,11.128119483218251,68.19198765114629,1.0271921383380636,13.511778820957373,69.18968732087906,0.9935156454008243,11.365732249949577,65.36483587384029,0.9753311667381964,8.90047043941371,64.33318868962964,0.9911928267115351,10.460565812268454,68.22036948233628
1773,49.95848424884369,29.243831695244026,0.14136522726576528,0.0,0.990406721372461,8.002790403704878,70.63310948655418,1.0139794991122066,10.509476790705415,68.26140489127086,0.9623527895047921,10.075291359388377,65.00029551608455,0.9911515483623958,8.861400828372739,66.69761189004291,0.9813329200096701,11.376817026288577,68.8180149840378,0.9598582676855549,9.39051935391195,68.00615808211091
1774,49.94950851786092,29.477058906477183,0.29108935543758196,0.0,0.9874002439989408,9.545658922417793,68.73851329696733,0.960457109582407,8.246663453345743,65.68821856984562,1.043101302361889,6.345632686626491,67.60154128265255,1.0233046088326057,9.38066010162645,66.73156816700177,0.9740875427871245,8.796114729176614,70.06954464804029,0.9764311301170505,6.545278878119904,69.35421607041678
1775,49.962433351724776,33.754894769457955,1.4868131697307805,0.0,0.9982038416112744,7.621032364297365,69.38785191723947,1.0282017100073675,8.733479159527956,68.00284810623482,0.9989361033328579,11.43940737765389,68.01521588329625,0.9857219931108641,11.76096267655753,67.65695385724696,1.031316909617317,10.949380900774878,66.73539201297358,1.0054298325922484,8.823436226091877,68.29568631799552
1776,49.941859849178364,35.564283885959384,1.7859007278702663,0.0,0.9785853834698882,7.872766528293015,68.81935122400284,1.017264978269766,7.951214599427315,66.26645288822034,1.0486902632699127,6.7949776595935045,67.45789358813938,0.9961852704615264,10.575605981642438,66.44715763695227,0.9842331522430818,9.365397687944387,69.84780343260502,1.035040073449058,12.983841348645974,68.8860093033922
1777,49.940645602991744,31.633458529682187,1.2082815830533533,0.0,0.9996646231372952,11.404931740849236,69.56815131877322,1.0052435286802854,12.065952465085584,65.22436266517175,0.9963916845284739,11.540133513939518,69.08872073049737,0.9847733452199795,8.99488971498227,67.81508730845925,0.9851419939358479,11.020520271344799,73.48745484440786,0.9982197074283669,10.716671622280224,66.29803059092661
1778,49.96188152968497,28.830800809741678,0.41144405224917113,0.0,0.9964707949120108,9.15019788881991,68.44357577254362,0.9849105010103892,12.003304185532379,66.84837400441148,0.9689369382760797,13.712236923528854,66.80738618010064,1.0029012891216766,9.5872615644648,66.00815991654407,0.9881493542637831,9.481264661329961,64.9609132100518,1.0002538490743096,11.019681511775566,65.24303458754162
1779,49.946596006010004,27.887913825964148,1.5428127359554447,0.0,1.0243542693348053,10.297355951378561,65.95185906457625,1.0165201972295146,12.060637253213324,66.82653178391303,0.9803774002731338,12.760672049039703,67.77761190458699,0.9831022422140426,8.778659239391505,66.1013929085892,1.0003965676924955,9.963085675986283,66.24336330735076,1.0086546639127492,11.970503648567764,65.09140464670294
1780,49.96180840755696,34.3237341085415,1.6560262701432689,0.0,1.0140075385026257,11.283929403341176,70.98224986895434,1.0028147083397052,8.842941693358851,63.06848615886045,1.0136087966360983,5.55079718449771,62.298743068830056,0.9976057539090292,10.076138605526193,62.19203466053568,1.0199357798353963,8.296539323167659,67.41212359400777,0.9968801549352556,9.165132175187727,68.45361279650166
1781,49.96204338986271,20.0089092926177,1.5429776315604833,0.0,1.0021339249948058,11.661889523741173,70.17946968427111,1.0000279301000286,8.990428534586727,70.20074290813479,0.9617936251700211,10.590020227041189,65.55694071030057,1.0458101283397288,9.624875306536936,70.86812965391287,0.9970360455496953,12.149220080277049,69.2107227923234,1.0106247146730394,8.804197109180144,68.37763708588106
1782,49.94484044143773,20.29951366664734,0.8707350040089079,0.0,0.9743474120472839,11.30456700277541,66.6393615556984,1.008783103773254,11.521790007812537,66.1798426608942,1.0044209904207442,7.674243913116067,66.1269956101387,1.013029613625136,8.16825817378264,71.60244441317673,1.0312856640622867,9.451301370401787,67.1558962389781,1.0059348694080212,5.529371631169915,69.71449709416022
1783,49.94884480510598,32.40932115091041,1.1466355553455834,0.0,0.9938519945140062,7.074067433791656,63.181413207042695,1.0317278940506418,10.728355260494721,66.72937601424715,0.9921931248639134,7.839246584837097,68.10598376447687,0.9964788165410305,10.408836596474139,66.28008400219139,0.9981151739996451,10.122149377997273,67.10083127457625,1.0065070331545936,8.602949053828569,69.48373913514666
1784,49.95097308489496,32.82505720124488,1.1488572561017274,0.0,0.9947316215167992,9.459552123003746,69.84293817204292,0.9863544321647401,9.543919345470204,66.77060753793008,0.9811362764160451,8.673334902943584,66.55237973423998,0.9855246273830932,11.795093249880772,67.611632333737,0.9836827218973208,7.443022113165147,71.42862618347313,0.9957599739566894,6.172802087059163,68.48352693971484
1785,49.97723888431419,38.297453138973296,0.37662984544297795,0.0,1.0293072000328851,4.956070338156704,72.40542148966921,1.0095582305569801,10.305974627132372,64.9298642484805,0.990348365977589,9.1847251166108,72.36111473362865,1.0092341410539893,9.166853949405445,71.57906948857777,0.9876797410752362,9.037515776921342,67.98594507053163,0.9993621606345093,9.507181135056468,67.54339468636822
1786,49.96655514462754,36.18517404594756,0.7041053072191468,0.0,0.9861258709861656,8.144844224278279,68.08893907861692,0.973237159972826,9.200180295249213,68.26037555146175,1.0419765581904619,6.987947371873307,69.79448185452615,1.0200031775571115,12.28557879746512,66.82458562510413,1.00367804848227,13.302811286051782,65.34664083471726,1.0182037897914884,10.651693919940252,65.37236929645034
1787,49.9709480961971,38.151945741790456,1.2477864316530058,0.0,1.016913612570618,10.020443076594082,69.1810467070335,1.0289695556128466,13.57491750445887,65.70492569338333,1.0096507614215755,8.229701082839727,65.25121709793456,1.0171878305609108,11.560690096398213,66.68764800097472,0.9596552287594269,7.1552280075035775,70.7798077848897,1.0073280894658507,9.34360139206688,66.87955635967266
1788,49.95141792187468,28.7512679941686,0.18610078906351069,0.0,1.0051410392678646,10.017036436817651,68.62650348465255,0.9935698947480511,4.653899439926004,71.08563020378651,1.0207268249095691,8.724395496199454,70.07962879351729,0.9667928937371649,9.11401409089348,67.10993703610802,1.022347576561419,11.819402625214982,66.58175689358352,1.0082724318513194,11.615589760621328,67.7491517366357
1789,49.96712747226883,22.056915316344355,0.650451618558961,0.0,1.0341586938382117,8.362470978667485,65.2948183320061,0.9592531296255483,10.242417953224914,68.62467099953042,1.0126835744534757,12.536837035035346,68.69029745475197,0.9945584052673121,7.564999558194378,64.08462848446818,0.9663125847366134,11.909063678537278,70.18948768123076,1.0210824746698703,10.898758498981145,63.0817542405502
1790,49.94873289525498,22.31104234287741,1.5192588174242543,0.0,0.961456740428554,10.096985062406052,66.5503797662298,0.9741316297381258,9.716478151800093,67.42193073754432,1.0141142154895733,9.866535413202737,67.49949199933683,1.0379125719897013,6.776518198761713,67.1377919512867,0.9861178482194527,9.321468515989329,69.85603329995179,0.9640077317029131,6.763038114508744,67.00895221693872
1791,49.95296864400512,28.220143148762887,0.7203760978710454,0.0,0.9879602411188135,9.133017341584784,69.7326493069845,1.0138297422647937,9.129797736722198,68.29285331023932,1.0069942381749764,13.323574184716163,68.29422352424868,1.0152276902837,9.296980568940832,69.26939007820812,1.0115542582511063,9.897334480496564,67.98620371931885,0.9832852586089005,7.578047958412316,65.33767144178918
1792,49.94919547383264,24.953086931445803,0.46322749516709516,0.0,0.9838618145596645,13.247242389371305,70.90587102646764,0.9528834733961326,7.433714944569925,68.90527844823063,1.022650102186201,11.11425452255233,68.29516745668653,0.9774005387058949,11.417209402875205,70.04942476214622,1.003503021559841,10.456597810179113,67.51848827900453,0.9749848008708373,11.656023387325643,66.40457988700255
1793,49.95264604026983,33.126949215325865,1.914163864101727,0.0,1.0035650842540236,7.378046754170718,69.51891675216503,1.010616366872086,10.408978294197118,66.72678555155979,1.0068543988499576,8.054165557650805,66.49433208735547,1.0302997605893833,9.079516737920226,65.51259914507558,1.0076165212358443,6.791888160944822,67.47831946484862,1.0080042213011933,11.4113335192669,69.90291181181198
1794,49.9600272207799,26.56306444497737,1.1181667883901856,0.0,1.0172156426218215,11.967771376644807,68.89442855409838,1.0367909846965444,7.079226687589354,67.54700588121293,1.0064483181227026,13.498611495903708,67.39441599688045,1.015537044524652,6.435460975127555,71.27371481148558,1.0070564649547382,14.285582636938772,68.49697501313238,1.0197328122098144,9.445428444169908,73.00491036725596
1795,49.959498456138945,38.16609328174458,1.4456681814857604,0.0,1.0023944531623235,9.246952493371156,69.06572787987267,0.963052213262112,11.428972217914685,68.083782644768,0.9919007549981476,10.165819935461826,67.01978446343419,0.9898704946277181,11.851776088987837,69.96725596760707,1.020284958710382,11.259973400599224,70.05186237350789,0.9598422195443017,7.543487864422727,69.06005163636576
1796,49.96583503335873,37.32369971109317,0.8297615337391462,0.0,0.9967794630139919,11.9407385796346,69.07698246276243,1.0391769102227515,6.655882333815083,68.76954900710155,1.025351489737151,10.236225479307784,67.86638559343308,1.025054230427264,7.3476911961480145,65.10391423172484,0.9861171274192352,7.709961788897985,66.15149505716279,1.026152389954469,8.732989476434604,70.44959998799999
1797,49.96353620967671,21.350032283019594,0.8925181593259,0.0,1.0094228048268585,8.564947294820097,65.67849737352653,0.9838873611623131,9.514880742940653,66.10711931138349,1.000875693770351,9.065001054176804,70.58987195630448,0.9956305895417809,8.906563146825302,71.23166949513983,0.9874511471053152,10.845641027972102,68.62991635468454,0.9866135199971311,10.263468751646899,70.75085164347492
1798,49.96171858521928,36.766557030594086,0.9886262495646589,0.0,0.9982195715633222,11.3258967867043,70.2085031948037,1.0113389668985597,10.824080520221665,66.67698049825785,0.9978625676052081,13.82938444861366,65.46501080929673,1.010886661126163,8.845366712397038,67.61262369278515,0.9962914067202929,11.279152250025682,67.22162970297278,0.9888285240204213,11.442810971295993,64.23308121899906
1799,49.960645702481884,24.267874520696655,1.6866886881080825,0.0,1.0203704516991723,8.64425407278998,68.23125906792991,1.0208085800882787,14.885649563350308,65.86379490053163,0.9981510382250023,9.768860393555906,67.30965948562631,1.0063866268193418,8.040104500439101,67.96570005696621,0.9684908805066502,11.667216259087162,68.53523828331599,1.0108695649574924,9.018712125694755,65.58157607126243
1800,49.94933203614058,27.90691873841527,0.4527999347877951,0.0,0.9868733760617862,7.934893579254648,67.49588131437775,0.9966897372983248,14.050108644991898,71.02962727721457,1.0018933631338192,12.991032712281745,71.48406456003562,0.9931941459410423,8.801675205052181,68.91528652882565,0.9920490917713435,11.50187125480637,71.73384197837652,1.001875005500151,8.364920150605665,66.82295363314262
1801,49.96215349559449,32.022109418391125,0.9912379729586316,0.0,1.0121144921253844,12.594393521059876,65.62058997705655,1.007418976276059,12.737703914794295,68.7282614770507,1.0059620807626346,9.832722876038448,70.5174950042581,0.9760330479638004,12.530562647224725,65.02192952037919,0.9868950762824827,10.741661513975988,69.23977325434932,0.9926051168642184,13.343726434244587,65.20996031336831
1802,49.9583310362298,34.21670278168265,0.6623872061610936,0.0,0.9855823354250817,11.190078165120289,68.2930834574682,0.9953054297667511,9.932839936950106,68.14830411636953,0.9957636980720977,9.505400091437961,66.0887166570318,0.9656290277342596,8.9983391961401,71.28503936688746,1.0239975978821951,5.7480773415104816,62.73181988912987,1.0129204071405715,11.17315063022055,68.02522803177315
1803,49.95673565848616,31.568329113405852,0.5783733085016418,0.0,0.9955168963633362,13.318785828626927,70.36264076421831,1.0122787342489759,12.343898162601363,67.44796007418495,1.0119551585643587,10.396300486222808,68.16497040195064,0.9717286033020546,6.977731892732757,65.32606228362978,1.0026042098642989,12.31311641748881,67.0778642124308,1.0149129104945218,13.050437264661761,70.45377529080142
1804,49.95935300018174,37.21990212643337,0.5021069358502597,0.0,0.9825071200698927,8.263648018183588,64.1047425263448,1.0231510514966584,6.894108340262006,63.58951583825287,0.9731705230277726,8.814914234351454,63.74183206520458,1.0054289329240185,13.347711790643473,69.799681030203,0.976250556634032,10.342465314292278,68.11765797641176,1.0066320224900722,6.771026978886496,66.56979771392925
1805,49.96483442122619,33.12795530038108,1.1272837421097694,0.0,1.0038263772720217,12.279958682704997,67.20455965410966,1.0065016328585499,9.877994973870786,65.9709679726482,0.9423150308354716,12.556389815938198,68.20420517195821,1.0299368320607272,11.112837723159165,67.31204971348284,1.0079836191138305,8.279365611394871,69.33653844899655,1.0136689163355468,10.161029877934869,64.79412776263064
1806,49.97180875749007,31.680381075022265,1.1311208910673003,0.0,1.0264139212874395,10.01356636221219,67.03577435915558,0.9848564608274158,8.93376672996864,72.16924127218302,1.0236156813406536,10.537064755841676,68.11281935924042,0.9809085480532294,8.649070817129285,69.89883851011842,0.9886035919863876,9.305920996881893,66.00379215083998,0.9764527561976358,9.655655938243992,70.3151941360491
1807,49.95865999071314,20.95238220792814,0.03766017238633901,0.0,1.0031565984883628,10.024661952667692,66.35669308364365,0.9976220305323512,11.007750403534923,67.52410597728003,0.9682788667080283,10.764749956738969,69.60229069612922,1.0311231390668056,11.860662743641232,71.23385400021232,1.0333368645266703,7.525678295776016,65.2864213466734,1.0200630360109506,14.030750383326618,69.15627444346951
1808,49.967697244733074,20.77959671267839,1.063617766227397,0.0,1.0192363176276111,12.030668534169243,68.55289240214435,0.9950188907207663,10.636458344761445,71.4324924257128,1.0203939471284993,8.657869379229012,70.41302052743784,0.9834148710254265,7.455166212460287,71.12466470404175,0.9791780399605043,11.324296705322789,69.65048776923626,1.0476452402509109,11.151614632223383,71.12643557247134
1809,49.95638502976778,24.327064204190627,0.10860633206373183,0.0,1.00494771935384,8.706783491461458,63.978271446892336,1.0398551758926335,12.157705515998908,64.81635628705438,1.0246397301363355,9.116338973621444,66.26462179076552,0.9841387412805532,11.286884621967584,69.70127179769425,0.9770637624954696,10.861124128779652,67.88177538343652,0.9982462583594899,8.594961111070756,73.25705458497387
1810,49.965340829341585,29.379279947293643,1.1165572436421636,0.0,0.9732727178495879,10.459421230329282,65.44561402652263,1.0154816912777045,8.301768381012083,70.30723143625414,0.9925950556946933,12.32655843785486,69.5744650415919,0.9780905709526345,10.765502294452983,67.67230296117737,0.9878211565784366,10.635737969963005,71.63823656536452,1.0192390223132863,8.270390835488238,68.43847880825449
1811,49.98519666303999,22.600397528980295,1.9592339888618444,0.0,1.0339714537976086,8.213955264229213,67.6096708061839,1.0237833462938084,11.920503601858325,64.06017074064026,1.0015951292500396,8.73360663926164,66.62756681742118,1.0028305865363476,12.04755896845925,66.41188169008998,1.0106833599883251,9.626520902159523,68.9150007434469,1.0215557936322341,7.289115524343458,71.17392537168615
1812,49.96422088352521,29.218165584427023,1.9280291532456404,0.0,0.9991154982284568,9.461528796324853,64.15428552227701,1.0017367511618427,9.203086328555726,65.63532770369564,1.0427164402756839,11.324709969695427,69.37849883013227,0.9835401044420923,7.850444175972854,68.12233406709667,0.996558623363136,13.424702481430806,65.19617521694425,0.9782776017905285,13.30155352630021,67.24384774317222
1813,49.97277387877725,39.699864243147246,0.3763955147770741,0.0,0.9766731569972644,9.857599544014914,67.73337779183453,0.9810882205569562,10.188618465299578,70.27768429590989,1.0212327824601841,6.764668877337173,68.42746197340941,1.0022829117261793,7.986271314709141,67.61738774394252,1.0270622169242554,10.952786691196186,69.05130130947524,1.001038824685319,11.456318244214227,69.67308688147943
1814,49.97600306800832,33.64672146401863,1.8441078013977479,0.0,0.9796701542837407,9.180316282734708,68.54041360601225,1.0214744958470576,10.661700413221702,65.84350593623878,0.9960322018530531,11.330230667549953,68.92347865008549,0.9927567275506558,8.56384779117876,73.44471071899832,1.0097826399818752,11.452858381330936,66.64795723352876,1.0062517830029998,9.646197012686212,69.58175320592395
1815,49.953367457290824,32.18150195988489,1.7615054417826932,0.0,0.9929085862850862,10.085413694604696,70.85961328918849,1.004070381323072,9.45549851183162,68.85436137540556,1.0035652089596516,11.587433236650178,68.45674493754092,0.9602837220837305,11.262215436519615,68.79295638297856,0.9897974413448429,10.469289906061883,69.7224108968959,1.0068144544695108,11.665790393454223,68.91700314449288
1816,49.95825570468896,22.744691053835847,0.7363919177956995,0.0,1.0029371781224112,14.234849180754628,66.3348938837323,0.9539218224596995,8.739368513764447,68.58646683169422,0.9797714756158435,7.289005013535754,69.01363567819715,1.0119019558929008,9.188255495751937,68.08846855282601,1.008049975380616,12.04112121349593,68.98814344403482,1.014282025580605,11.11922678291622,68.6355308917227
1817,49.982024044803794,33.54083140400317,0.30559756690227347,0.0,1.013257595255051,8.01152966498719,68.64400488311571,1.0423408049069458,11.48362291527948,70.44841154040493,0.999094259487264,5.459412396372385,70.80220872047381,0.9790776244549035,8.348991111850335,67.8031881599976,0.9945114633029658,7.443850039822266,67.46149769266998,0.9809762604842891,10.350292842903542,67.50000892655181
1818,49.97187734902782,27.48366235637407,1.2776081143604732,0.0,0.9784934175596424,12.038020403360425,66.10104950997595,1.0108801426931162,12.869961187902188,69.32594023035399,0.9732154127544718,10.528458606463545,69.53049456501925,1.0515276781889207,7.847653904952011,69.30821370193206,0.9874618893449385,10.973521552459157,66.24322581207633,1.0071765328926765,10.048891564770319,69.92726201755312
1819,49.9747117558544,23.615734731382855,0.7684449564504932,0.0,0.9723116785163264,11.279846417461858,68.97570637000233,1.0256791730038277,11.430604443182931,64.59293125557029,1.049524419119747,8.924202476014331,67.0005912849936,0.9877842106701787,14.494294660031278,68.87577454736193,1.0068729043248863,7.246289487992473,64.4226011621327,0.9698240046813169,10.532340970961757,67.70477599187359
1820,49.9701085025387,25.44321346255572,1.8025003203920995,0.0,1.0058647181119897,10.049504413773246,72.77366326339859,0.9787819914939844,8.854162877219814,68.31685730230284,1.0227462820571374,8.85913811601296,67.41530558624477,0.996592271494407,8.489582667174881,69.46128539307891,0.9872028246554538,10.037763269444437,69.86507138534766,0.9919501823972199,9.032357653319782,69.28033026426438
1821,49.95167911984015,20.92736241809814,1.3781544516913704,0.0,1.0014441737372761,8.671433440823742,71.18748076528317,1.0091276043575192,9.16864216121392,69.38815470358774,0.9888462779652131,9.626715905562916,67.6599461837297,0.9818314527316324,11.736603278843864,67.42293042517954,1.0179239012634673,8.089863953749516,68.2874994311447,0.9901568249227447,8.792546290469208,68.58770599209167
1822,49.97703881270707,39.31035125163369,0.3176863949015878,0.0,1.0234779514984849,7.071407426386607,68.47847152121,1.0343834210245069,10.909860152795211,67.61954838444751,1.0025038220234497,8.449668587529432,67.79065050623367,1.003365250273009,7.773558951538262,63.71548581984336,1.0196267586364482,9.15269874705758,67.60459839214646,1.0099574466275625,13.924760003633196,68.26088358117984
1823,49.97676553802411,22.37722727655632,0.04003196234928663,0.0,1.0175021764614594,8.698920367254724,67.27980908236151,0.9759528504470364,9.468039132499818,66.52205539503525,1.0202198137172742,10.793699071419102,67.1979968296232,0.9782263783548895,11.74080824343995,67.53354785358368,1.0091151855047376,12.255563438825082,70.60650078182407,1.0287739142062549,13.302077703658993,67.92704399492764
1824,49.97269378924108,36.666155896035406,1.3647739946164488,0.0,1.003246925779465,10.854740841710417,67.43353445194029,0.9661416540786639,8.598180720047663,67.55279862616587,1.0128158742033417,10.22908802306584,67.64670444015815,1.0095463187088534,11.366440434229071,71.37578290010411,0.9651186940351868,11.3817501230131,65.8762205243474,0.9802045542641004,8.271223359554797,71.54664169091429
1825,49.97023838649245,28.880848083794586,1.024134497019107,0.0,0.97333039155137,8.043011499857682,66.62259371215796,0.9993771403491116,11.155189555852976,67.28836967128454,1.0076024437991153,5.636035756461881,69.06679819379407,0.9789571520339078,7.933277496578799,73.3737436484962,0.9855999095318191,8.204111073961792,68.4987295166021,1.0381241666385004,10.692086391691335,64.91497603460341
1826,49.974286200232044,38.08081881122815,0.1699953372443861,0.0,0.9850998887290089,10.878832810125528,67.11388526131388,1.0188803589073956,12.343305557146396,69.44486637111098,1.0186595616133027,9.207864531979158,70.73048071638992,0.992771608582592,9.766289511615948,65.34932496207924,0.9702713854637202,11.639450117749194,68.1341862790731,1.012641758160955,9.561720530258462,69.91604082918123
1827,49.97115304311829,20.82022168940944,1.0263438145365287,0.0,1.0021813061005669,9.81366735683144,69.58225374470744,0.9694438727123426,8.488988436323126,70.73417455339847,0.9979626132176178,9.137897877728735,70.70743084564779,0.9821607955407357,10.381900677899395,67.35071412020629,1.0159841074208165,10.557179644476502,66.92607922100198,1.0123237024255283,11.325278739724888,67.51572269339076
1828,49.981703024163174,24.51340094583652,0.43427923257409295,0.0,0.9876481243501324,6.9609074389037815,68.09616297427434,0.9826334351559814,12.486364676367945,68.89095934922568,1.0226992000814656,13.12540565745142,67.55906416184357,0.9967045391293073,10.040606980056282,67.6873921411133,0.9638165438662583,11.749077835476408,70.20476880542243,1.0290807045167127,15.123539872080572,68.66291649148386
1829,49.97528643821177,37.88176897040261,1.1047435471522804,0.0,0.9958220089748215,12.363502911088284,70.85185103422609,0.9838288975928574,8.402660951350512,68.74729393743145,1.0116639952348803,10.885556929158591,68.69211138777142,0.9460329618950196,9.853158029360054,66.67355394623128,0.9973903954676616,14.183229166391278,69.47283914264716,0.9997524637527386,7.384074523228201,66.20704584895275
1830,49.96632134445858,20.84913687440734,1.9020669563662849,0.0,0.9881428175848445,8.661091691775473,67.81659195597682,1.0240533090010706,8.945780803847827,66.40182354005755,0.9834456709334067,12.978128336835324,67.2489731930695,1.0184911293840357,6.6097638855416925,69.30854293018501,1.0047862121471314,12.126557481778384,69.56269953330926,1.0385409885685095,10.42814364460996,66.73166278886177
1831,49.97785167470165,39.9014807313309,1.4726189204348643,0.0,0.9973909657917174,9.618714967291538,69.38940340519409,1.0226901301859124,8.244212065388288,69.63790464295785,1.0162893100584167,9.479789860983256,68.90520234733559,0.9863055399932932,12.370534343101173,68.51333221781175,0.9818069640201298,11.575990735429947,65.38667307774219,1.0229435905978033,11.899265204800304,66.18106655662062
1832,49.953631570927406,25.5814999676855,1.3795166694042003,0.0,1.0003544983562143,11.600117470228776,66.50611791666108,0.962887996222269,14.393827065086736,66.98172978364593,0.9742422784369857,11.256135327615457,70.62267426226114,0.9780143875609426,7.971190013567689,73.05941987452987,1.0013965222555972,7.30951224517174,67.21967052389002,1.0039730026643188,9.841896391095814,67.13859257368402
1833,49.98254246627434,36.773738832346346,0.13096044288115816,0.0,1.002630283897961,13.918885323168816,64.98356442702149,0.9874132601024291,9.990754642160102,69.53413502904634,1.0104514591616331,8.390078162785564,67.00653838371183,1.017981537452996,10.568022326014626,70.82024163952096,0.9543188825273832,10.865034916288806,67.10299438646449,0.9904742779111196,11.696612957776514,70.81964981893202
1834,50.00048651463163,36.39860336400348,1.1296268695372385,0.0,1.0067677170683889,11.632466396112314,66.80205913366972,0.984921541679446,7.262201303959566,68.04141584486668,1.0162470795978131,12.911435222997856,65.36310655412294,1.0099003616925213,11.88224556686783,69.66670342286024,1.0217105018317887,8.950689893046855,70.27831363610801,1.005755839003468,10.027370704086115,67.45745418692944
1835,49.965774509101394,32.324614854765585,0.2689318932226987,0.0,0.9976032848932843,9.557423162992153,67.21540673214483,0.9750135905691121,11.907317165778569,64.89917019343886,1.0114636594472073,11.2709598238169,68.24455272114147,1.0317134805705332,9.800532296514712,65.97580250401428,1.0012727665093855,9.144241074111875,70.73111508200893,1.010304696761743,10.066464437370199,67.39836273351372
1836,49.98121450330407,31.822357436700166,1.170748734759931,0.0,0.9823380019421238,12.962222317371218,70.76849355264407,0.9974288625983889,7.53783741622401,68.75854635202192,1.0099189503699115,12.18599598697209,67.58890412312824,1.0102256485620984,11.012443173355463,65.30810626472986,1.00566059753822,8.785842529977588,69.73041426265512,0.9859124008753075,9.414992349452444,69.87711311205258
1837,49.97847764791852,36.061225253110166,0.5536164799293233,0.0,0.951116626395345,9.564234529351388,67.50968094632852,0.9989462169907071,10.130337698836184,66.73525568717345,0.9690333703851091,9.060573075760473,70.59750628775099,0.9990436313142451,8.295634640759943,68.06674097917215,0.9638936681230823,8.135797784171027,68.69437634509511,1.0107260914572327,10.35790626713674,69.42984524647417
1838,49.9790553752744,22.956022167183143,0.18848753042652167,0.0,0.9926150081103191,13.84440557144752,67.37460004323091,0.9821316015320156,13.819954331589473,65.66312243558002,0.9838671719934983,8.809718058198454,68.42482451541699,1.0421094893644698,11.208809028902591,65.44792188878982,1.0003967066021164,11.927308758128733,70.1325169615228,1.0141704220140055,7.69191213840201,71.21231142495174
1839,49.97374067069085,25.36641447566401,0.0041274301189273555,0.0,0.9998290994704938,11.531859834027893,71.07133082800223,0.9826915718200139,7.913900720180113,69.02397325024918,1.0252358068503158,12.509182819744458,68.62328137248326,1.0042044983831304,11.209937813444387,70.16410975596575,1.0382849128663356,7.300949208439732,71.76747958192234,1.0393656773373328,7.44366973097772,66.47990979612446
1840,49.98493256970907,37.12434687438039,1.8485167154912703,0.0,0.9974258472187179,12.844010557491679,70.11184853872082,1.0035976025071587,10.226009664110776,66.9876656474203,1.025897839832291,9.908421185101696,67.88910125256255,0.9803679216268807,9.418789711225738,69.84415043738151,0.9779502209034135,10.584478234514783,67.77799372541459,1.0175340861183033,12.011767203628047,69.67913119357972
1841,49.98520897597729,20.21906616064838,0.913060812081155,0.0,1.0089099958491043,8.428873342579978,68.25557733110315,1.033355654962293,10.331108087675094,66.98206051650726,1.009415122312395,11.07833127525268,68.07973400254829,0.997204693511545,12.700174525663936,70.06653526729012,1.0424246432498179,11.590585477374923,68.0965043968611,1.00280269809309,9.960583498690465,70.85697613432505
1842,49.98021771122205,29.09382812584709,0.030684063624909275,0.0,1.0285528666569856,11.656289202927093,69.0770385787858,0.9891827265105705,6.409203193160423,66.32067817990978,1.0082380989333555,11.939682099584608,68.62560354589071,1.0074832268236922,8.78352787020284,67.98524768288085,1.0230094511856733,13.99545770285895,69.91408141846276,1.0299762787438147,13.071876344891697,69.79206203316025
1843,49.975823469341194,31.91393976286257,0.3611634690085388,0.0,1.0417633233172532,11.083606089540764,65.75699997603158,1.0240167966550127,5.213535719041789,69.13013787345379,0.9914989531466702,8.777310883474634,68.93963943594318,0.988985567550679,11.826716095142661,70.51389777258024,1.0076868265607737,7.9930740562064155,67.28199157101011,1.0140440216141493,4.957854596182037,72.73719551397782
1844,49.986295454835016,37.46643438192655,0.4272751417664207,0.0,0.991343402300746,8.201245801509696,69.81944586560516,1.0037725639962467,9.942646429216337,68.4389025822336,1.0053168796853145,6.635573984841047,73.80438057203632,1.0253695700202767,10.16154790842637,70.98171997281597,1.0104971213967926,8.79128657863956,71.83826398912471,0.9668761511692406,11.409464532841309,66.94110534338171
1845,49.97643702365441,37.722100195197214,0.6060787849584601,0.0,0.9847190576229201,10.398163605259938,69.39682031594421,1.0164828675243889,13.167203604983793,71.84994333269817,1.0076075792533317,9.243095974002028,67.89299454276332,0.9880129447553014,9.138725960797153,70.61977374025398,1.0261518278446893,8.477495324056452,69.2132709754582,0.9954277508791213,11.562764230201388,69.3836946645615
1846,49.99307071644375,27.408091821098687,1.8007745558875994,0.0,1.0010977807775934,8.160129693506471,68.68220979149812,0.9956642966750949,10.35074424987094,69.02556635163643,1.0357249573357772,9.22251445931952,69.03702450756477,1.0331341644088516,9.840059012308613,70.3101252735801,0.9913464927754797,11.05032976142327,67.3629060652236,0.9991870873678451,9.801146757531074,68.47942566344726
1847,49.99397660790123,37.04323574943547,0.41889676269275533,0.0,1.0288620223878437,8.806270312174469,70.86713465620215,0.9902374085666221,7.440226066750755,68.52693997716864,0.9829991496383633,11.2885439635907,69.42250716167827,0.9923261747529973,8.382023493040247,66.40510851103886,1.0038424730936657,8.970685010082677,68.27249965717324,0.9973504469410993,10.410920749043179,72.48018494884354
1848,49.9728044526544,31.98261024472803,1.3257165461769558,0.0,0.9958385874145176,12.753647711766776,67.91342902766092,1.009154099497914,12.447693566868615,68.10606719085045,0.9862435331049394,12.307885244066291,68.83585603575365,0.9997356270669457,12.925895030517978,71.91348441860127,0.9938263025773266,8.003285239270786,67.58960183567781,0.9989266437314477,8.690721677413359,67.49711850208672
1849,49.986342877786846,23.871899119067542,0.03481244444653897,0.0,0.9795413370270776,12.490637020205565,70.23328963296333,1.0036084308595676,12.036575880876898,68.1057421010317,1.0049930207256947,10.802161012475304,66.58787533189685,1.0313693907386197,10.0548618442293,68.8509833908622,1.0250384552027183,10.356120539557624,67.1699262837176,0.9921057850265741,8.635513475448326,68.64625154018437
1850,49.97572315396567,34.072013741718706,1.688192024348448,0.0,1.009212725908553,7.623102806596883,66.88639967145008,1.0165136813378517,12.594396897908528,66.63603330441791,0.9501870390497288,13.94963085148271,67.76355734312737,1.0175707365399984,11.130842590868582,67.45568945976429,0.9877256011701482,8.753499253868563,66.51030120716918,1.0100534699336774,7.617262311559516,67.16584495366932
1851,49.990245375516196,31.272673746442436,1.071382583193186,0.0,1.0160106429691282,8.640224474202965,67.24702299019498,0.9795509433759525,7.594469196966218,67.70539671029472,1.0120449408234813,6.471372845086956,68.49653822378585,0.9850147307798854,12.324844793671835,68.8389432707932,1.0064204368926921,9.626126091102714,68.10663154060133,0.9990558193873941,9.642127595733761,72.41414593591799
1852,49.988841711126625,26.151992255716817,0.7677306109303679,0.0,0.9980455520088645,14.67579759889069,67.41973226277385,1.025578909314507,7.657900771996115,70.97647799689834,1.0223079726482545,12.293744985408313,70.06703878069484,1.005593399261221,10.881455804843524,68.87332942236185,1.0146432815285282,12.460168278504218,70.092585832069,0.9703957485747987,11.788632592481868,67.59366587388767
1853,49.972760543455536,33.43830919480767,1.1456163777236137,0.0,1.0043328785552563,13.842554304090784,69.35212277513635,1.0088798712764313,10.007539214965755,68.72974877250057,1.0082950651709381,7.7373672660507165,67.56229316492859,0.9840303392604834,9.173231402864516,68.1983777375531,0.9667055065077292,8.805127692753189,69.30635144294858,1.0183410965962731,10.418198686726562,69.88422512080872
1854,49.981292651427516,21.139605928316413,0.8071675592804592,0.0,1.0006085046703597,9.105434503444322,69.16282944567709,0.9969897541243591,10.542503133650369,68.58014933762713,1.0166502164583011,12.550431383296958,69.58211310548066,0.9995316289278192,11.320414029911973,68.78798650968143,0.977829451752865,9.066470470708502,70.10411564205292,1.01069719652687,11.631638917887562,73.47642385717995
1855,49.98515881102712,33.27496453260554,1.1224773471284684,0.0,0.9680382136924363,9.772517393759475,68.51630142434524,0.9866787108196594,10.660575115463837,72.66881562848263,1.0030799376402624,13.543692695768303,66.39774996462232,0.9919816753331677,5.490376010674419,70.2030880609475,1.017938491696064,10.460012434267274,67.08968126271628,0.9888908298733545,6.993854632580485,66.71269832924723
1856,49.9761583107467,22.054969193206176,1.3588886907742,0.0,1.0202408137850145,9.949921561877252,65.54646834081181,1.0092803853061745,11.13931843205955,68.43609393676229,1.0011259474144902,10.853566703825965,70.81398796890493,1.0046492937206974,8.351092480054954,68.20101373732578,1.0086365393468981,12.751228984111167,69.80153167175094,0.979741810393809,9.269292413106784,67.78995141163465
1857,49.99203368615303,39.788460968296604,0.4096726692793009,0.0,1.040405647729686,11.271883828303274,64.47860620868398,1.0033539801421925,11.354745960475562,69.30097819857679,1.0086369716070278,11.092630318237077,68.52248056954541,0.9786977734168377,11.503468302181268,67.62010945740788,1.0369665153301828,12.03662548229656,70.36184710924645,0.9946147834418122,11.292842645895115,64.80862386388314
1858,50.00126689688396,21.970429407372293,1.1355505878740513,0.0,1.0110395723644992,12.585260476364375,70.49559867368578,0.9984790974495051,9.729072825592928,66.23685166162244,1.003794544897699,9.476007893235094,69.28668142336292,0.9735341469506664,10.661321022654908,67.43862274674623,0.9842252897744743,9.158030054136423,68.02304760500402,1.018937501149031,11.46320050133087,69.64338541504385
1859,49.9869861810184,37.538086935644436,1.50041673948306,0.0,1.006491834944422,10.866748046799401,72.65580622408427,1.0294982176586065,5.633018696003453,69.06723956298949,0.9986569582735049,8.53197295547911,66.02344308216988,0.9970301984561976,8.992188366299827,69.23810204161074,0.9818129923063807,12.528053988783427,69.7769946725888,1.0457064422335396,11.839845596676005,71.23066457529212
1860,49.98123873926703,29.88538493328013,0.42977508340981285,0.0,0.9640075167853884,11.440952873808019,71.3984299404054,1.048561285959979,10.597698840151454,64.75987664882462,0.9840054722909397,7.965459034273823,70.28767515569128,1.0158063316041075,8.6662448195441,63.25829369118895,0.9748866466547819,9.368168076532074,68.10431587151842,1.0172866554730546,11.382167890686098,68.94684552816337
1861,49.987025938869905,24.77640246242992,1.7465195482943372,0.0,0.9918416647000737,13.342977161303374,69.68966025972011,0.9902033879495264,9.997222553193064,67.53606131070657,0.9727770366430564,6.879861364692168,70.36753963441362,1.0015818960762322,9.884321249131077,66.23220545492903,0.9870381742252641,9.255211851308072,67.09909135381781,1.0229621663180974,6.936319413033001,69.37112695448897
1862,49.97977599233653,35.7863659334474,1.5788991090437066,0.0,0.989732338397456,9.019207817149473,66.9498385896537,1.0060783267460063,9.249392822897443,68.49989710295966,1.0255815345823316,8.444224212264146,69.10997623126619,0.9802886863636904,11.109412661203676,70.63640769411379,0.9975982725796496,7.931204796099381,69.67112866754576,0.9915836075014413,9.936960339154503,65.18339401219352
1863,49.98210619981941,31.593061442433758,1.1911365291202236,0.0,1.0085489235703171,10.370859385410697,65.8117318233686,1.0038589536948317,10.811326335283818,71.87569512397073,1.0241023352515228,9.049421012154346,68.885251215507,0.9908553167747803,8.507265055527343,65.09940712523206,1.0138781638216838,13.648454013481716,66.90144235606749,1.0158769490513577,9.271666553742298,69.91004426257975
1864,49.99866624577502,22.964919803213004,1.4466949814337473,0.0,0.9712410587704832,10.377229380650471,69.37838180621854,0.9753836091607843,6.808365624657743,70.86419161619897,0.9773560876491229,11.699768423067143,68.95920822250646,0.9883135610590174,10.809199126089581,71.72446597428774,1.0029567631690746,11.195298854581456,68.0108626660121,0.9894181681276725,12.044070110416365,68.326685267236
1865,49.988788699554455,38.53852783777007,0.4832602407836357,0.0,0.9777858901790053,9.56107755429561,70.079689778861,0.99336224219276,11.983402741856704,68.57119190961713,1.0192486047500036,10.901213400411242,68.29844481206685,0.9915848946274932,10.9837903251862,64.04094754269686,1.018481625157635,8.22708486703918,72.62632902389946,0.9911269033883096,12.33819492926904,69.34520224007765
1866,49.99279269640063,28.096706107242966,0.6160730578604574,0.0,0.9768703449206053,13.58932529068432,67.82133165033027,1.0212495526060257,9.264038047794065,66.29864592414131,0.9888938102083562,11.881745785347418,66.78173834434352,1.0361122005062684,12.580513975083601,68.78969006193033,1.0304783186231434,9.408359511717793,69.55077351346844,0.9640550860673731,9.843069139845976,66.98691092777773
1867,49.994804813692326,23.397713032366102,1.9462868795766444,0.0,1.0104228606237382,11.7752075868287,67.69672215983404,0.9956735077434604,4.781172932640308,67.82707647966357,1.0008248461330578,14.066745794005497,66.16468490252649,0.9668162920473868,11.194812412352542,70.33163736813482,0.9667398469683066,8.735404672068917,69.2186838180696,0.9851350407834994,10.87390140020919,66.82565582195011
1868,50.0044426378703,25.539239161061857,1.6009398529314487,0.0,1.0342610511176387,13.468296022320105,66.23192282290194,0.9811879999886556,7.483458322490996,70.11911117897772,0.9904653994569149,14.351942804360714,70.56906798008268,0.9882654225370053,7.603979030392259,67.02187682209029,1.014452380083557,7.774258905264071,69.96554574703964,1.0102929178831341,7.390598601861551,67.26372378106271
1869,49.97894440616561,23.922663139122143,0.697454068433838,0.0,0.9914801499366154,8.51794425775399,71.42301642393313,1.017827711738269,10.325681102628785,72.32286022172357,1.0425678909382776,10.284402763319259,69.28810779809677,1.0014688039702755,7.993901382849598,69.61501976147053,1.008275757678299,8.812644731137269,70.88533739269586,1.0107896972637602,7.4722339343556605,69.94669583214305
1870,49.99791881501972,31.45366834224844,1.532192539932113,0.0,1.0024498309614405,10.084477985454228,67.97577606111659,1.0442840089023726,8.074556982409355,70.55942141298151,0.9984397393661878,10.015948332670748,68.78204754321668,0.9874411248611482,8.196311210164716,71.88861985441923,1.0348107881921749,12.09239211066006,67.02460665832824,1.00317804372318,12.765577702662094,68.38134772546024
1871,49.98085594058438,38.48169440445214,1.886465093025817,0.0,1.0235662435799526,8.972879665717649,69.11072123712411,0.9822252140859878,9.909201449512144,69.17893613625436,0.9881380292069922,10.115833074315546,68.55190974471105,0.9885036556935913,12.828534254455292,69.22036723735042,0.9903275314706736,10.256615612922133,73.95839172878863,1.0130401917360268,6.2140319348610396,70.73196557062388
1872,49.99097553499083,29.63415082751353,0.7237638501468515,0.0,1.0024021527722622,9.146949838021945,72.94838455318576,1.0033017387088314,9.565427400360349,67.01721520913668,1.0139996693655273,11.077696024943734,71.13556589751073,1.0088474007898085,13.093378344717804,63.42594718751685,0.9775442719898236,11.376238146672245,66.6248218366487,0.9828137051737156,10.386086596926315,67.78669376380792
1873,49.97496506703085,31.284599771336097,1.0262529589252547,0.0,1.0208656729379197,9.09154823444269,68.10212010870896,0.9867136151263236,12.537876262905929,66.47850557246694,1.013289716297551,8.792369092906519,69.62389882392814,0.9745361435488464,12.041771689804918,66.88396106224717,1.0354051465806047,8.953241386877671,68.76276098737267,1.039403323755942,5.877043037955468,69.87508386951424
1874,50.00876688286036,32.332468979948075,1.9317964833186796,0.0,1.0058805953017298,10.616277251261167,71.24406643012804,0.9867326355322428,11.194140968801285,69.99627478295704,0.9946698179898327,10.575958353521896,69.262333139254,0.9871769408206154,7.200207504717485,66.23637686397575,1.0075137533586007,16.577981603487228,69.61063853938454,0.985384811240207,9.961824833931786,68.12396011852151
1875,49.98845537913672,28.600072370200337,1.8428142868203883,0.0,1.0144557983568327,10.370985213137844,68.82173927219516,0.9832943218298679,9.288895346398677,69.8086173488538,0.9960844376820703,7.034240863825833,69.62601933353261,1.0100593548981878,7.593762312869057,69.3773069588153,0.9900854233419627,7.881649884133672,69.85383722485372,1.0342801932157752,9.870690140621457,67.44178786630187
1876,49.977077014097105,21.627846040455946,1.263888343381874,0.0,1.0493328804355118,10.58177365112157,67.23321580336805,1.004945121654255,8.642984486986832,65.96464595814429,1.0151962865889974,8.956304301265739,68.16309065441163,0.9784869943164127,11.461741122594146,69.5950337375577,0.9949627445269494,12.419769180398367,70.92057779487871,1.0482858251919476,8.566880630100094,67.80991624816893
1877,50.006240154761855,31.638231796899035,0.03317319017941256,0.0,1.0006985446023775,5.554472791815857,70.59229412364346,1.0306502083906037,11.008764577628286,65.36033363372272,1.012938811319894,9.394976354979493,65.87109231886605,0.9913721904051243,10.776209406314,68.92290257487042,0.9842746131084443,9.54092582018509,70.209217957457,0.9865681049434317,6.932184868936419,72.4642867594039
1878,49.9846021492489,31.03188235169786,1.9472712898390143,0.0,0.994475167350653,11.677385217456532,70.60429788590808,0.9627948497952113,9.59513940206463,67.01709762232261,0.9865135107673951,13.242973528067076,69.97360908083087,0.9622611741328688,9.448257616476694,68.8309990878822,0.9898046445806851,7.7384352022179055,68.95889986839019,1.0045445092378806,7.173644713512884,68.71452959606488
1879,49.99764964439037,29.134408629576242,0.3571937347766847,0.0,0.9877904158580226,14.985473706838718,69.99881633867362,1.0387987773529512,8.729979918672825,65.56603675209078,1.0054415241004704,9.186094193219999,70.68415611576836,1.025678338934897,12.229410514297706,69.77734403468564,1.0470113879405876,9.671047111600123,67.45816758679288,1.0002354189367915,8.429721051544215,69.49912620694803
1880,49.992623380897086,21.32482380928263,0.38639864265758694,0.0,1.0105870255489149,12.09269957958935,68.07563551772647,1.0041397949933846,9.67284731933285,73.56959798305319,0.9953051837443718,12.562731008393056,70.96622171271696,0.9651961671198687,11.611186907818484,65.64971790083457,1.001375527150353,10.206039417555195,71.03248176165921,0.9857541352256362,9.997111835889921,70.15167457237388
1881,49.99868915006279,28.779037263270574,0.5844309925454043,0.0,0.9718811807301129,7.321135252749855,66.11721615779103,0.9933343578070384,9.403311175081686,67.37703345701881,1.0054130681560134,13.393399924830728,66.97416944969649,1.023974897763961,10.579156145566902,65.83203869869202,1.0165701168775412,8.291990066831495,73.52704022942409,0.9931202583769413,9.623007003815813,69.11112258555046
1882,49.97808671258175,24.88396763777806,1.4828135698422427,0.0,0.9767318866822884,9.977836175226292,67.32542512213904,0.9983274809719951,11.442922446770876,68.95061104980358,1.0105641720217198,11.210983072786057,69.15932706879737,0.9919766101692611,10.683412068113949,66.46694525835805,0.9965239222013493,12.587466001489798,66.84732967122908,1.0263431104826035,8.923018669582834,68.35261372182251
1883,49.993128641706,37.30694603046706,0.77401894484403,0.0,0.9844519754624415,7.253339267873299,67.05653190874504,1.0120858994973359,12.48685745355149,67.21807750024242,1.0077569478651558,9.087681374418175,71.51483579047843,0.9678481567864026,9.92784015976561,66.84073250259367,1.0379722938329512,9.093842106343116,67.45310793302048,0.9994059704517531,8.832189743005,65.57776380112466
1884,50.00591827728655,28.87820344682908,0.7386629665805291,0.0,1.0051246373184315,7.321510708526322,69.84974676575578,0.9891170461116593,7.251388201023898,68.38997407915802,1.0698769809165527,12.02167752407267,66.42633769378297,1.0044016387162182,11.656863759272863,67.87463884925312,1.0033132187665774,8.847849486176738,69.42144647616841,0.9974858537460761,8.432626471172302,68.30818398560531
1885,50.00087052309103,28.90811788322994,1.0888095642326145,0.0,0.9909844767022449,8.594153775157434,68.18511621349305,1.0073290117049207,9.690482807321551,70.0431743139861,0.9800430856118999,12.710260898011178,71.04394429170111,1.0074857146351481,7.864189526917674,67.83293563630055,1.042156750583175,13.612110904868386,69.21458920946377,0.9793338653569307,9.502740620563937,66.04675057181737
1886,50.00708369174216,20.768262534277063,0.060719379437549126,0.0,0.9780842648312581,12.49723231814055,66.61810083347252,1.0105884364625666,7.885778783900495,66.43942611746897,0.9950610879619971,10.501447685469135,67.31354400825353,0.9658969484768719,11.307037532869414,67.91028058898361,1.0205774671664964,11.194020020811093,69.25045409317303,0.9993370161676614,13.361637232611828,68.96326329127743
1887,50.001055088746746,29.083559128731107,0.05402076631468189,0.0,0.9770857797730149,10.826900399692803,67.30853702591786,1.0223463290413668,8.882912299739145,72.32995876046893,1.017532747537124,10.405645934215475,68.61924957696456,0.9976510315195272,11.45246891714616,67.11298858048427,0.9825872016394736,8.62495713067646,71.04924532393501,0.990825201634301,7.946485589195774,74.08797748621618
1888,50.02534268879007,22.061654925607165,0.1658310767763287,0.0,1.0022767134198787,7.279278907033751,68.08123087289738,1.0111247310239913,9.341722841733734,67.50433788924931,1.0244206745820292,14.325333111008316,68.42327784594195,1.0133683387598038,12.990407410959591,68.48087250537257,0.9993054647217396,13.48553811789326,70.48530877124313,1.0068703855904657,7.90131871483106,70.60113217127352
1889,49.99828592208178,36.66135245077799,1.7486892024318967,0.0,0.9901670366326739,11.521120549490602,71.0555520104018,1.0007684530429077,13.918537215061829,68.14032415546663,0.9998444723650421,10.08751621374781,70.97417350856635,1.0030363717838893,10.146628979541832,67.91146779527611,0.9611590216769567,8.547615899021325,67.69574453827963,1.0197234408105085,8.357668640329315,69.97540108678477
1890,50.00868327953629,36.69698487073952,1.1355242915476071,0.0,0.9900793860534833,6.884850949134755,70.4752491960107,0.989217918534892,10.01886489018409,63.61723242106076,0.9933483139442552,12.00284896859575,69.85435610832195,1.0067701688613149,12.062745226047852,68.04140496340509,0.9868436659029108,6.5213242496509025,69.04799933482579,0.9835988539681698,9.700438372214157,73.56009740311762
1891,50.01655229541916,25.446857210625787,1.554090420050319,0.0,1.000204080510033,12.590060671057644,67.88249289584381,1.0126682212104254,8.982340042362127,67.67578679209248,0.9915495673267648,10.915483335203485,70.51077930489109,1.0320274609462226,9.838324598835372,67.47456356355505,0.9803455745440198,12.066894053956172,67.67508642020161,0.9753558631847074,10.797593323739063,73.84724462717546
1892,50.01020325595505,25.396673280825713,1.5490020549758745,0.0,1.0112149670290855,8.629985202578307,69.6628868076874,0.9999869560219673,11.14039808676288,67.97565014188646,0.9857044452034184,12.960964266667558,66.88882646696723,0.9987105712701946,10.425143551608764,69.62076110029946,1.0207207793159907,9.879425092003304,67.38521672559467,1.0206752805656625,11.10094573592534,69.08246490589053
1893,50.02433628000466,22.1007724437534,1.1253545777237228,0.0,1.0028688160670451,7.850003816409031,66.88602163669982,0.9985650764032299,11.618546963285556,71.84590523974803,0.9929586403899808,10.779825751207557,69.97397091919204,1.0009182624648294,7.478229180187178,64.29762649833498,0.9978313797319024,12.603457127257661,70.76790193943606,1.0101133508896218,10.580515993122875,71.001532372884
1894,50.019622055612714,27.459976716434213,0.8058122707771758,0.0,1.038299857527359,11.268680284083615,70.6205112533369,1.0301418613843398,10.736341567044114,67.04803407673111,0.9738208005531818,10.138550685071534,69.36614529506645,0.9972307871043218,11.978864810212166,69.413555304492,1.0021552404043235,7.9139436905900356,67.04555934722862,0.9920903416145972,12.040132379334386,68.9889689593083
1895,50.00078846209591,37.221497526740535,0.7468966057318769,0.0,1.0058865335512392,11.626812965625724,69.15490386900566,0.9744801547793993,11.662989743948394,67.94173628976584,0.9889265946604984,9.202216805299969,66.27322014897776,0.9767586882624892,4.534031243122037,66.65966533663894,1.0216198110710037,9.97498837648655,72.21378004324475,0.9839833254441713,11.94211017853926,69.48136682726098
1896,49.991657192907795,34.66561341932379,1.8670809910629729,0.0,0.9808105086980949,10.36480976553729,69.29115957026825,1.0224603729761874,9.675286446889476,68.44233320558044,0.98977411785292,10.327238431336017,69.58843009249225,1.0160478557890167,8.985336918312203,71.94675714536801,1.018746322606449,11.807341263201327,68.74939431934814,0.9897925438856283,15.088123307877257,69.34725395079346
1897,49.994614899888894,24.67667692628108,1.6150080479286675,0.0,1.0097181133764097,9.712688919209425,72.61364606837283,0.9919385511387171,8.716906732464317,65.01902221427632,1.0361539106184159,9.32988233721161,68.1534157200214,0.9914123447787498,8.510269716043853,70.44512946494332,1.013395187537335,10.480101914109287,69.44453288123904,0.9924894762550156,10.371860026553431,67.01031084639678
1898,50.011168835773034,25.592801384591187,0.01033145614980202,0.0,1.0368665102290247,9.849187426534247,71.11452321045957,1.0090356698625425,10.556507676480674,69.24856429358849,1.0288330830581698,11.979569444789437,68.4800738803559,1.0112780451129517,10.847772816305541,71.77019316432565,0.9958514613465269,12.963706584968051,72.01046053541603,0.9967835355455792,8.86371041814757,71.12656413247765
1899,50.012508437759685,36.01812004366981,0.9889697481107562,0.0,1.0145061597477425,9.558127282913732,65.87614978904752,0.9919804803851432,7.352252618549711,68.89002482251313,1.006007685072773,14.958131538891635,68.6865638481123,0.9603150369924819,7.236529253242365,71.23433577685955,1.0013280032224992,9.972574967052136,66.63344351753649,1.0051142213355837,13.131643660716913,65.01608066186292
1900,49.99600208003682,37.899743065468115,1.7778574121101083,0.0,1.0072349186722311,9.909178405251442,71.71477179382458,0.9829789029430541,7.16205130176668,69.25732550538292,1.0221192860214405,9.105775551623674,71.88958491805163,1.0000920759284642,9.557219596795228,68.93696308300406,0.9881714840320834,8.995684585817946,69.19603767576045,1.0008625877324295,12.579334370689304,70.40180966341032
1901,50.02647483774054,21.22815331514493,1.903615363132134,0.0,0.9750089250370259,11.795011697563105,69.35311400836558,0.9817064568506355,9.494174840280348,69.9719557348647,0.9784935894813171,10.089140202639204,70.97101501203807,0.9887808228848721,5.314739924137449,68.01898205886,1.0056008818491613,9.946025187639847,71.9727246779892,1.0020109392509733,14.40083689692398,68.18422698502465
1902,50.00226881080019,25.415173870398412,1.573086151750784,0.0,1.0365399487636024,8.95703996611426,68.03798223446366,0.9651493428763144,7.393991109880446,71.56018013549647,1.012963801176209,7.58879869648565,70.50581625993483,1.0020191386096693,11.799494247143166,70.87917022984486,1.0204822992205436,8.10359113306573,67.98316938814379,0.9898547815026046,14.32539867867711,68.48948889658769
1903,50.01413230732971,34.40819705099599,1.7156430897728967,0.0,1.0175196139385114,10.221861333144565,69.0389703296152,0.945271408611623,7.711436485761722,69.0626285219005,0.982063339715577,9.510037958506471,71.02912278373495,1.0109953744296094,12.53892328584617,71.3412842493216,0.9965817765485689,8.548719981833809,71.5689504997899,0.9773772223940668,10.994074750080252,72.01473258070187
1904,50.015464264645985,26.98685725362788,1.7043497978705822,0.0,0.9882362921096178,8.255827051149236,71.84648525509573,1.0317516068519055,12.89735937465649,69.32396609581072,0.9999699266881691,11.80635816312023,67.34454362841639,1.0387338480329926,7.390957202957731,68.67270739615698,0.9967719179673131,13.260211743080776,71.89310385171288,1.0328029780250227,12.052632990290618,70.66383077547825
1905,50.00020266040656,34.435459249748234,0.11215121907712411,0.0,0.9972511367568235,7.451543562096692,70.11877780658186,1.0216184722052637,10.937723663365421,71.17844086072925,0.9979659942389426,10.215059533610244,68.94471839299197,0.980315820412102,8.95211568207531,66.31970141623533,1.02137770919957,8.794285303180931,68.2985334885638,1.010008837657895,11.155137973227758,69.43127224104826
1906,50.01960612756744,23.30614239024222,0.691395189959745,0.0,1.016184966196332,11.764987822437767,67.8747117541577,0.9874656350807842,6.178495046775293,68.35374608141956,1.0294156326592772,11.580771380030543,67.77486784240205,1.0209163652355224,8.887085373916884,73.09221174570416,0.9943136874350411,10.670714224330723,69.695851957,1.0030788441542358,9.615558772000734,72.69547541630752
1907,49.996811626543,30.95935393647705,0.42793310716670896,0.0,1.0025930598945862,7.169100539033265,70.49767933891015,1.0039785642216492,11.033445963326628,71.64738128530234,1.016949086956128,8.042559991983547,72.23995008439212,0.9779535091448773,8.705280749698861,69.96875291187192,0.9694222468216125,10.964008740766785,69.76659921231256,1.0132266607696907,12.586612235591687,69.62794365764842
1908,50.01243068108972,27.30191110863772,1.5043142341149802,0.0,1.0122895681287332,8.35244792157408,70.70978269811316,1.0365666323860063,7.552057468794721,69.2525751758211,0.9890486532679175,8.712926380124603,66.36246146787627,1.014055613582483,11.571974192153423,67.72710766254657,1.015802430826701,9.014287646751479,68.93625527216503,0.9727549581987476,7.303748984400928,68.59248545401026
1909,50.021186010747655,23.09878400909811,1.178772929300531,0.0,1.0113100661043966,11.896134411939935,69.96166263218184,0.9758363750616789,10.402831751686325,66.4971385784643,1.018848372714805,7.337186112461911,69.97945949468455,0.9975859179136917,11.980697819565561,65.8313515078709,0.9773944339232239,8.332464789575297,72.50023494227509,1.0088527874838393,10.477296710532412,66.49560513123768
1910,50.025249721969566,29.11506918949825,1.651761306237112,0.0,1.000938574317432,10.631063684165651,69.96996113576895,1.02623550304316,5.820536380661462,70.69087976858428,0.9947615303241738,10.295119323227446,68.08814939694626,0.9972921149890847,11.77391482046134,68.23221481040326,1.0145848190575044,10.497433259655457,70.21584360649788,0.9853317821133326,14.788317841075774,69.31760068315826
1911,50.00761498327994,31.563566061453017,1.3036855290698015,0.0,0.9503850273812563,12.671019584013937,65.81208554860382,0.9913246912568402,8.720619633328566,71.20657882187719,0.9735291836759019,13.095729213694291,70.49535525507449,1.0125214300733472,11.943863960814664,67.58407079335304,0.9770482286796321,8.57254158245218,67.25624676330159,0.9509023221452477,10.03806186607333,72.62474993509744
1912,49.997381328576715,23.575881802146522,1.9703101792315763,0.0,0.9721388448850732,11.291809571346835,70.67524560164036,0.9811496557867722,9.820306581455402,71.39004576367135,1.0050805251289547,8.93321724536818,72.92225841198344,1.017383600820307,11.359919870153544,67.17734943353341,1.005239682917649,8.43710166472769,69.60362432744652,1.0158099071538351,11.264911394817403,69.9025458333485
1913,49.9888141428542,28.566157476662504,0.9007321273149371,0.0,1.0010766821236032,13.290929494728049,68.008743649019,0.9899035634839435,13.447872423531429,71.88334034119693,1.009548180738637,6.386032009476457,72.63208886861851,1.0073321775931534,10.165866140456657,68.43808256524119,1.0044418197730256,11.77639450064487,70.72677794193758,0.9971819196600713,11.022589161465767,68.56937666342824
1914,50.014626266266575,39.47703389946948,1.0058038805240128,0.0,1.0177426321057328,9.233280930980532,66.78110374404442,1.005495745045324,8.030017835677047,70.19973373192695,1.0212773414571856,10.639639431251853,69.62673330750312,1.008789390429445,9.854027876948782,70.87168159811671,1.0023528729730489,7.89271804348185,71.82310210674062,0.9974276233615764,7.333399505947151,70.49468064818932
1915,50.024345187133505,36.11469513544329,1.1610828122665824,0.0,0.9855771761383639,8.989249989303506,69.43185500672655,1.006707572487457,9.949310233237837,68.35515864478421,0.9949652672933518,8.3411299768659,69.48467776221077,1.0052511921631861,10.820911360059416,65.89507784937328,1.0018009257172837,11.263768151543765,73.2108872675015,1.0189630723713266,15.592619595220128,66.78840334453736
1916,50.01454282487551,34.31449527826827,0.2299075810372324,0.0,0.9670078520331621,11.633652108254124,69.67888432266867,0.9933990515215816,8.41294981377346,71.16573792797172,1.000418316628394,8.282958516395777,67.84383691589923,0.995921828413945,14.107019803494023,71.45932762203799,1.0051683796309658,10.370944076244601,71.36064882131011,0.9671476031896515,11.779147792150562,71.17441006204687
1917,50.00296320021251,29.751282260091525,1.4428215029950444,0.0,1.0216586564888823,8.676883565024333,76.37291156651777,0.974121854034548,10.502009094847512,72.25531201982935,0.977033877249943,10.554526096789617,65.42329971523229,1.00830229115259,10.363256926074236,65.9038043363454,0.9914780312052167,9.785470589651236,71.2150962291353,0.9925727223633332,12.15895639104469,71.1432020645484
1918,50.02516665517163,21.831253632711228,0.29819463284559067,0.0,1.0337115854821086,10.821839055280694,69.37875760553364,0.9937937160474372,11.49109458258527,69.85211336666886,0.9643680581090002,10.979627616184288,70.55642325190024,1.0204289364517403,8.711430706109395,67.66360091373872,1.0307508154096685,9.532944463357797,68.96124980074322,0.9857036750392283,8.700006270026257,67.79922423004082
1919,50.0141107215395,35.46554933340521,1.21153708365043,0.0,0.998222431641003,10.169710255324983,70.82910414975412,1.0162770374272976,7.381282014307715,69.52858520366392,0.9870532318109452,11.992865309931016,68.84350109182206,1.0250375160723237,9.982268505780688,68.12448186664116,0.9872885965585947,9.490911162606395,71.5625111986179,0.9839465614619378,8.609798397116412,70.24219843047109
1920,50.028954117726,38.19870357162504,1.6480317708332757,0.0,1.0102534791358873,10.022842055526263,70.72304434366248,1.0217972946221974,12.41630236837848,70.3658692429196,1.007990502042269,9.950690750233914,65.17731178473962,0.9980869535733821,5.923323377965528,65.78742598644656,0.978436057830954,8.66747185194366,65.78774411931407,1.0014652435024964,10.276806030453042,68.33291897044842
1921,50.003092567115495,38.910067731958556,0.40620085453266896,0.0,0.9965964803971421,7.426171836010268,72.42913815705789,1.015940557536754,10.738558287755211,69.83646615390742,1.0315398038422081,9.852619555801162,66.72625416058337,0.984816236434545,10.610480930675621,67.06723245946449,0.9882441526814192,11.86733527812558,68.51511137143433,1.0110826348147641,8.09584590152339,68.05737035955042
1922,50.0187986355316,38.10677008213976,0.8054511241275988,0.0,0.9904242103055808,13.506172993939753,69.47418358126791,0.980217389327203,8.669588055655634,67.60524775038942,1.0042162349929051,11.72117703200601,70.31884779519693,0.9779699282214254,9.24559151657179,71.49056407872888,1.0347058508143288,11.02943251101371,69.5096525859293,0.9899819782291152,10.523892282472117,68.52672765644544
1923,50.00968744361975,38.180076994958874,1.9958624670791854,0.0,0.9750255998216779,8.914751669764634,69.82266492619286,1.0032465687968521,11.225478641494131,69.90233311702323,0.9946329215683093,8.483022632582582,70.41032917813504,0.9923297304837281,8.331457773597137,66.77645340119149,0.9878593994288861,11.20610913030684,67.94308326535723,0.9904846946648144,7.009770917096053,69.93637222744447
1924,50.00626137597156,33.37309794706488,1.193071187289524,0.0,1.0023576314372409,11.129957111375163,67.94374824474838,0.9759773617642965,10.107081677123183,72.10112960807285,1.0274828550769841,11.500312250152138,71.40203048580926,1.014983271727202,7.300138420073438,68.22706738691662,1.0299782706165919,8.959700688418117,69.1125580476849,0.9954030198961153,9.2037261080121,70.81483269262407
1925,50.022572271864185,38.55105334235235,0.08071297905043573,0.0,1.029776325781414,7.410096254325175,69.20498423818616,1.0042450226909547,8.941089234783302,69.91636068890838,0.9950109655619226,11.683861223055025,68.01005631189793,0.9761520203890991,9.81936770303984,70.15087031895267,0.985415257495783,9.693029586386746,73.75286897351108,1.0087436228746829,9.517080447134491,74.09893803954553
1926,50.01705972501454,28.747883238882388,1.2643824990129973,0.0,0.9790438756606921,6.800579049877982,71.76224716466655,1.0159774547400737,10.970313675619318,69.24291304653111,0.9765849302196531,9.251231364640876,70.70547267609113,0.9865252697164464,10.453643385290363,67.21382532988778,0.9878498601296014,9.651066170913149,69.34755401415326,1.0102114383806955,7.9566554288470694,68.30106169106229
1927,50.015574372525315,32.57774313339228,1.2492848594620827,0.0,0.9928080417943758,12.780684537839164,68.19959574479562,0.9925995261804378,8.496705401781945,71.3324442212126,0.9994829457553913,10.47562621170054,71.21077567231688,0.969517600010763,6.584132780791126,73.56065627147679,0.9950517643711013,10.58419448018067,66.38440614578899,0.9738819897102827,8.636715485199794,72.16631307220834
1928,50.01375656329638,36.929428059973176,0.9848202410244957,0.0,1.018936800018029,13.676483816420808,72.7737947410735,1.0007528350004355,9.591736711628299,67.33812111815298,1.0161396540594054,9.233605348608512,68.96637142041676,1.0199540955901631,7.987686195009928,70.66829229572423,1.011670646763293,14.571022577068913,72.28088326594818,1.0167483825186294,7.639779700060184,72.76359444448725
1929,50.023198138038204,24.890914567349526,1.7186119773411421,0.0,0.97549892087182,9.090264624610887,71.89822732573404,1.0001971181141287,8.550264292990414,65.72006049863025,0.9917497153526791,9.190277941825338,70.8868392729158,1.0120601317853706,7.366429859913467,68.21779823644664,0.996628032708418,13.256327331242073,70.75099451826829,1.004155043102504,5.950552117015876,70.61906389146574
1930,50.018668810821914,25.511454140058948,0.7639903148286393,0.0,1.0248324936611881,9.421336447592605,71.22331606119738,0.9791935784666171,10.289624301735186,65.79714314273173,1.019299525633888,9.84018813997692,69.44740381148686,1.012692697641539,9.302446827040075,67.57534859847597,1.0111338470252829,13.36341878680592,69.14804912969099,1.0018068837554952,10.813730778521588,70.39804785720379
1931,50.024302300633494,24.48570981538629,0.22818243107484926,0.0,0.980612759043998,12.391667775590289,68.48617957997631,1.022468967130422,10.72848657499819,70.5459056035391,0.9972057380303284,8.266534519921136,71.65216034146803,0.9854678475021725,13.357629803067798,65.7671531734145,0.9617213549040364,12.326769735825446,68.40897909887883,0.98187326698814,9.010443949447305,68.71390977213065
1932,50.032477145194974,32.183961968532714,1.9114195147023159,0.0,1.0119201677412426,10.657015668577001,72.06308395092708,1.004503546050812,13.289363295562303,68.77125698400813,1.0003150959193674,11.028280434805206,69.92274825518774,0.9750778689813386,10.92483730693302,70.0889213251298,0.9810790963316005,10.539926243477115,71.40350891461304,0.9806723592237929,6.487642598180534,71.58445418318321
1933,50.0245032321602,23.801934311686207,0.18436557593021408,0.0,0.9859781213720504,11.314458843301729,71.10446150170881,0.9727851891499607,9.883058490784684,68.90661277796549,0.9646716116635673,9.330558405509956,67.4927961228434,0.9914531124800192,7.477860630540581,67.17776158627517,0.9939497149412002,11.66289457987989,72.98469834724948,1.0028965512848809,7.711479946534059,67.2167511105848
1934,50.016492089858424,21.911514289185963,1.2294124259141268,0.0,0.9715958267539874,11.978569389564678,69.05088326961959,1.0073100650804896,4.563431099954434,69.4939032050462,1.0037810469328778,10.39089973172269,70.28241482798741,1.0018264699629076,13.944489652670761,69.42464170832285,0.9741373342289531,11.628764765294633,70.64917038283812,0.9749452066467889,8.30270225796247,72.01340006359325
1935,50.00734976827343,24.85627513934062,0.28963598472502916,0.0,1.025435978426212,9.656055720570095,67.68363231362723,1.0151547733269446,11.0621472478091,68.63560659787129,0.96332390985727,13.020629022989704,70.22023597609821,1.0146407433150095,12.86337319772085,73.38484028698194,1.0191245057900744,11.712438592211605,68.07328219473413,0.9961272915697608,10.384456321623984,69.10561176773702
1936,50.0365100231701,31.483114947021278,0.30763621785899375,0.0,1.0116324094873785,13.098288407044965,68.48138247283721,0.9915900619641869,10.327087034412616,69.71781801793931,0.9464710556379203,9.106623643548769,69.62177305342261,0.9973550202542991,9.899218503088258,69.70086575454772,0.9921011280333253,9.201322050225018,67.99516277123719,1.01839091201495,11.866415670875707,68.9126478134054
1937,50.02139532301931,31.055142998643458,0.30452511607112687,0.0,1.03184688322188,10.570662797614906,72.46713980680538,1.0015757559554896,10.98976114808107,66.74986313600212,1.0450103934495762,9.556802329187871,66.96151596160429,0.9570023445138864,11.863261080822447,68.89342623857311,0.9729596731949254,8.678012584331725,68.39661878765153,1.0066971657665251,8.85544049114331,67.41886379266283
1938,50.030871642653636,28.282383084472237,0.877132558958233,0.0,0.9789737318016934,10.969164436608171,69.81841754097567,0.9977450919914932,9.751189198879311,67.33905240449606,1.0234958442681055,12.650909414373825,72.745558493246,0.9753601878731136,11.80370629282319,67.02406115831769,1.0087637379575078,10.879544823993829,69.04950542479139,0.9984741525827622,12.57096561640712,67.33430399211731
1939,50.03306762075783,24.579144810677853,0.23036353370173535,0.0,1.0050691668400769,11.872568904897276,71.00761261908211,0.9437779329795525,9.304943932860672,67.36370962148615,0.9869168740198111,9.454085574094,70.12911733847285,0.9828358106352425,13.124331144292391,70.53067672960093,0.9917196607746548,8.438850375796633,68.03568509441526,1.0176578482976242,8.969039336932983,69.12328096428979
1940,50.028464528900514,39.906197279032256,1.8044462685258857,0.0,0.9903456228317085,8.724167485306129,72.11319036726586,0.9889957412297775,10.872610268020736,69.70903788919372,0.9985229794241097,6.1085477493598415,68.89330157962175,0.9976346643512607,11.837049925603326,66.4496249478711,1.0251243915533164,11.283762481393284,70.40978943812344,0.9983542057222149,9.600104963733497,72.69541576229301
1941,50.03611403068468,35.26300998409738,1.4040766382454202,0.0,0.980258226461945,9.712646587159295,70.7252831381062,0.976154008484987,14.350683108263059,70.66157867302263,1.0156834903600425,8.492688408796555,66.32685063809927,0.9845637483341292,6.28297339437807,71.27349223251124,0.9928824615324447,6.233658675335844,70.2122796817344,1.0176112778133168,10.016724241303859,67.93514686284006
1942,50.023170673722845,28.052333010920364,1.739123609048943,0.0,0.9949330972586151,8.721862630898737,68.67423725471699,0.9993165501599133,9.296418927604504,67.5533859187954,1.0065013982620072,8.038437010216558,72.91509330718725,0.9840517410214322,9.449546782548992,71.26463786229617,1.0145855067138154,9.602775799255246,69.5043399010305,1.0034382271164324,10.262584411170353,64.70780420492503
1943,50.004275878059225,24.687586944766622,1.4089354773594207,0.0,0.9818611853647777,11.664181698578336,69.11018687891439,0.9981513838647966,8.776497144815004,68.13826576956212,0.979006699339173,9.243944610036017,67.24998204178125,0.9830713665294666,11.800254836902297,68.91602681113223,0.9737915884164066,9.055324530199902,70.04599938035047,0.9772292662498443,12.17250312116733,67.23102630050239
1944,50.02124886833667,38.73588983938461,1.7977552728607682,0.0,0.9785747785228303,8.257615688181211,69.967427908398,0.9935056986481458,12.605838865005527,67.86793790603551,1.0207444065725901,12.316532337895497,70.77262303052258,1.0067312226950529,10.701335933845796,67.32666103764723,0.987973685655869,6.879166753532546,72.4968861282744,1.0128761637328105,7.41627724879193,70.34512866508439
1945,50.02993921756485,27.249768335221567,0.9491965096289492,0.0,1.012747198425097,9.471529302004981,67.5358103226549,1.0177063368283217,8.626743334727621,71.58851574688211,1.008489728652895,11.539119025957808,74.33424600322805,1.0026651227517112,11.335139457820173,68.4806890945204,0.9826234993781785,10.89585148660652,70.81648652536637,1.000389170374662,11.292093372490635,71.62694878846524
1946,50.020125006089536,33.0349245782189,0.676654719660224,0.0,1.0232825732984245,10.796631421233997,68.80502427020512,1.019639528982902,12.379213379010356,69.57768115497872,1.014869845313514,8.336854373442439,73.06466887166215,0.956465571282835,14.586470539998146,68.98667997181967,0.9456895256422233,8.096162655659798,71.0611274912819,1.0112708147799412,7.15279334343583,67.7066331961404
1947,50.038934969650946,26.36743960716423,1.6324903165352345,0.0,0.9971751383609371,9.949463201299816,66.50777429109216,1.0191934566104592,10.446329106344292,70.1694225447899,1.0360557067541531,11.626000539105222,70.92359808159077,1.017302560406941,10.838915353144975,71.86873664312955,0.9962514919005838,11.996686116918982,68.53319524873481,0.9842736808362145,6.384131442040834,70.40221345262272
1948,50.0377513053603,21.573733347936134,0.17461625246309942,0.0,1.0007168679030034,8.604730862466923,73.01138066912063,1.0067927837327175,7.908133788377755,67.31344272470298,0.974483612783125,8.967160682397036,68.48664433907915,0.9622448005895667,8.550215710652044,70.04328742398312,1.0082693044610527,11.183789200837916,68.89649636370544,0.9916714190327289,11.722793041354915,70.10969970699404
1949,50.02247005473548,26.830374634226175,1.0477289925956892,0.0,1.0324728162553656,12.767315664836097,69.72882251666864,1.0251454110222733,8.838613855678002,68.07230909789273,0.9607319051373868,9.336739376122324,68.29537350374214,1.002326178063688,11.506579660965656,63.82277848997575,1.0373370207130743,7.725437277494653,67.89673168006256,1.016006576545516,11.085305002203771,70.27630774028665
1950,50.029473406318154,31.39183163362426,1.0463138287506806,0.0,1.0029569845895128,10.593950203072389,67.03780167288734,1.002356314242293,8.640572186951502,70.29887302006358,1.0386225452076965,9.975659083352605,71.88074308979355,0.9826883919498358,9.747742105995341,69.07449826449584,0.9632771190297125,14.55771006615402,67.86388558521827,1.0135481837469769,9.27213349135702,66.8755450626661
1951,50.02318184784033,28.14906728850122,0.8843779177038877,0.0,0.9608741011949237,8.749918792663166,67.28006616746393,0.972119703533428,10.606085588403566,70.07204584741731,0.9802566290458676,9.485299766868302,70.62972672075067,1.0178098515968899,10.705239668916017,67.84467027348931,0.9755107158007827,10.474229895298539,72.37615459202014,0.9990856259803353,7.848664869122258,69.55815857127298
1952,50.02065033984521,28.76431012563186,1.5923604003699634,0.0,1.0322604429065247,14.562853082545177,68.56221899902536,1.0130605001065613,12.756386313520611,65.97181683877496,0.9950876073041951,7.607025893017555,67.61348792581532,0.9956426320802669,13.098883734215859,68.3051792013232,1.0129412416693362,11.675632980319447,69.0265492126066,1.0177342987484481,13.553521360553475,68.66566378584649
1953,50.03946603872639,26.71178355816298,0.5905475488460963,0.0,1.0104185407506605,9.594945618487873,65.65002749401198,1.0026263626119296,6.954884390688925,71.39156879284035,0.9989949299748878,12.971928037989613,67.00823396769185,0.9981554606941302,9.062861128986366,69.54256970686465,1.0230495918202254,4.7165684454670815,70.6616136034292,1.0094205407954933,9.845175782900228,70.90667546850386
1954,50.032705245209435,32.97950087545565,0.9036829250145684,0.0,0.993515370277888,9.669721005006869,69.2404555576136,0.9986285258649562,10.09073616899579,67.09457724357459,1.0225048211180172,6.833484611061782,68.6720499810294,0.9726204087568145,10.950190626453772,72.41031400734937,1.0199761453619316,7.4433206603878865,68.33054627386643,1.0078720815594664,10.443068485018642,70.18525699686901
1955,50.01804047300921,29.123948615136957,0.03344936355287764,0.0,1.0050172663956392,12.449635113288931,68.50322588399449,1.0091284762163564,13.860545029914007,69.94478536764089,1.0026434834453395,9.502362379520708,73.12320671581752,0.9875040915465944,14.083701468383925,69.8276275193764,0.9856398455565959,11.922234514867593,71.3623608420404,0.9955203893845271,11.438224260925594,69.71077367953707
1956,50.02542640487533,30.908531346778233,0.6931318129297956,0.0,0.9826792288447223,9.423049100463626,71.2445685232028,0.9949841164766403,9.297610540297244,68.28478176048458,0.9785526118171473,11.307122238184519,71.05910435067457,0.9663384600325708,6.641300700125251,68.99270955600329,1.0074514257303502,11.096012894734342,69.73717423745454,1.0090678431882398,9.765649812127585,69.20073396946073
1957,50.0419866285587,20.83600613547109,0.38341601181596174,0.0,1.0321752746902217,10.015317329658048,73.31334649661231,1.0168255160383954,9.928365711069587,72.57809507377272,0.9746426068908299,11.726187543806175,71.57430324559402,1.0093072765998798,10.205296865245037,68.67475449709472,1.00675103427996,8.12626438175503,67.43112305412083,1.0220983812239064,8.672265901579824,64.54591332149626
1958,50.04107814066997,20.71535759601469,0.4786041383817521,0.0,0.9859822280810682,11.571254179830595,70.53560945224176,0.983921422860664,6.902034878650585,71.36896701613938,1.0135835437931915,10.109616344239306,70.60652295083487,0.9761606677525823,9.180053826243098,69.49440238770647,0.9726664440018256,10.264799273400822,71.43671597441273,1.0296358613000802,7.404919750854825,69.27546475476491
1959,50.03377579783418,21.721900620703614,1.6345880475109762,0.0,0.9795235192178435,11.786567085772369,70.38121039626165,0.9946909440860686,8.33725832502733,69.05324590886529,0.9837006486701051,11.036697117526106,72.00722153430233,1.0185900275230184,11.039730150718178,67.0641211575194,1.0044698086819803,7.069969917647032,68.17319476107865,1.006991427598947,10.79982943813066,68.91185673822896
1960,50.053058742489114,26.758910885126546,0.6797975682235824,0.0,1.0177365921227173,11.14439899634746,67.46584713076206,0.9924195314843189,11.376032790584862,73.34991736823473,1.0130783734692117,9.878586855979934,70.06624420887334,1.012030970707224,12.265614173680254,70.2533866557242,0.9576185104449759,13.705664574838996,72.7231403056521,0.9960205341780596,12.465724693612184,73.73520579373694
1961,50.02965008391734,36.11698515523039,1.879071576109586,0.0,0.9915156703441477,8.402514815640249,72.18031428423993,1.0245685065623111,8.59720954387661,71.55903144191073,0.9717015330027932,10.132467104993014,68.59819339160944,1.010653773769728,8.460300204852288,69.95833156720299,1.0305846941924661,10.051186980853267,67.41557485806443,1.007696506921194,9.205752898372834,68.44360395946471
1962,50.03911520432082,36.301411925856975,0.9362431085466305,0.0,0.9808563157228495,9.613878804445728,67.47808163635911,0.9824560904075835,8.157106660491252,69.65054141663097,1.0033246869050962,11.43273556123722,70.91484297894017,1.008862012867705,10.764856362261815,66.68367698674231,1.0030551117431852,12.377538600278918,70.25182195728172,1.0113702043896973,11.52305608329301,69.70240558586316
1963,50.06286485984704,20.289412787914873,0.7572941983486849,0.0,1.0203555648361022,9.403914948770911,67.79900484346737,1.0286190953679708,9.056198782427874,70.93820615993685,0.9833015826269009,10.27443379300121,66.55428315723377,0.9815566949783676,9.528484525853212,66.81253574497364,1.0400904106130944,12.75890446214264,69.33400204916649,1.0171363031226337,13.453989864280517,71.53570130937987
1964,50.036546212916925,21.216632417264393,0.8736068418330132,0.0,1.0202806806178089,12.517852051684294,71.47936433171074,0.99272237830762,10.747025623207723,69.7441163317364,1.0039364564554132,9.201855671415382,68.6571188330293,0.9576422813513559,9.319877456658261,70.48503091123892,1.0171868204427392,11.198540520715873,75.93158126016512,1.003322553126768,8.813661741359091,71.41424728648683
1965,50.059888412749785,29.76429818363966,1.807092864772,0.0,1.0193076478928522,9.018639657377575,69.85687529409063,1.0236781442371186,11.773438810273714,68.1814592048287,0.9848540030276576,8.747297717754074,70.14881553161074,1.0081246418443102,12.472166374049452,69.42049857067462,0.9843414669782797,10.567645973191546,70.70604639025422,0.9634622253450984,8.225049808371637,69.87445622338653
1966,50.03924264018583,39.37606896271659,1.116159949531911,0.0,1.0024167980402812,10.362453745020002,70.04037640207846,0.9887855400799467,10.958573833185776,69.14911501339452,0.9979051724218386,14.572552452696492,70.73594146619149,1.0149685709871843,7.124768038886864,67.41783543723298,1.0055403733840182,11.438820892779049,68.71347917600863,1.0179458173407554,7.526644011067344,68.55575371420072
1967,50.03855498313016,30.84675816866773,0.5918581416605229,0.0,1.0070106972467496,11.81061985169611,70.58458380505952,1.0045278687234611,10.143656996036922,72.41900128455899,0.9811850310064134,15.804465442343776,66.54133881401964,0.9956865871120344,10.035575193097923,69.7481979680203,0.9894883347175921,7.106454654108368,63.85051267591045,1.015547721421518,11.251726412142585,69.7724153463589
1968,50.04431398263587,39.298945220767266,0.8720484633632022,0.0,0.9966983345923006,9.278310270083521,68.14672189803815,0.9651955257357812,7.512214625762688,71.60053400087091,0.9963999697066906,5.087986115326371,70.35668361364588,0.9815695636324542,16.054542687709557,68.85801317086377,1.0072871731368491,7.541894419461306,69.40649316993273,0.9646008183120014,13.154532589364369,71.47713509144182
1969,50.0350262571893,21.2031188655912,0.9082002288752227,0.0,1.0367674952957553,11.808223526056768,72.36374583241583,1.0263881196767835,14.840937044611053,68.57418138291726,1.0104678584644728,11.643607915656553,70.3587018449774,0.9871031587930342,7.237830335461641,72.21515562713628,0.9873121222546599,7.217159911686231,69.46249621143609,0.993936055073968,10.733841227360562,68.83619601772357
1970,50.032916529074996,39.88230972860566,1.7009149198217954,0.0,1.0363415452273863,12.33562015703456,70.3631806778239,0.9895532468489047,10.137816943668737,69.76046053884066,1.0074165874909102,11.899829247225458,71.14718444006007,0.9927028591822086,8.371184844924981,67.77555087168405,1.001337365106723,8.58313361684001,71.41467740375194,0.9998776076565591,7.413486326668878,69.90940129391446
1971,50.03672693769635,21.286911865486832,0.581381444378904,0.0,1.00962949889584,10.119327665093364,69.26497800925716,1.0041835354954975,7.407602782852996,72.25603056355008,1.018399887839834,14.187430414972717,70.29268718425571,1.0084401766878925,8.068614504022406,71.20448771200368,1.005794468272663,10.573482088639574,70.11733351272316,1.0051844319206675,9.742901692690587,69.467301710835
1972,50.04223166337816,30.10295086316168,1.5845893538165146,0.0,1.0142695541299878,10.12513505203122,71.90204777686183,1.0077626497251484,10.833481476303213,69.85794767121487,1.0173998182753072,11.265533263646574,67.57596758106295,0.9863940155785175,10.399649966205201,67.4911348355759,1.0031410018171492,12.147617108033474,71.74945006345612,0.9983312365801184,10.292318226934006,68.61177405931925
1973,50.03948363853322,36.32860766300227,1.4594574165515342,0.0,1.007742254039022,10.882464780792118,69.09815493316567,0.9871541994721661,10.785248967223296,68.3101907225932,1.0188730840275813,7.992532479703096,70.93880305575361,1.0003715419388748,9.056528549842616,73.42642849714333,0.9807469178243646,9.125605234232882,70.74835894283686,1.0035165515663353,7.669462928110676,66.95769631043721
1974,50.04695640349911,23.48452670420617,0.020278746060171216,0.0,1.0479382395628354,9.426626431123697,68.2569048315891,1.0258267040514346,9.073323063412232,69.00928879670106,1.0022083579892656,9.870136035406839,67.35936838798456,1.0003602392403694,9.616753310655994,72.85742568264348,0.9859202365171597,10.427485008994768,71.87662060840579,1.002250949811395,10.426266572642444,68.28804705844931
1975,50.035099488766804,35.62329495678833,1.8443217729827608,0.0,0.9948877851221297,11.745252754328197,70.87530559817053,0.9964071026220398,8.414968128390601,70.36545379974308,0.9900658739589338,10.445730089514337,67.42909713733418,0.9896735869004506,9.714739617495932,68.78256034852895,1.0226529877538542,9.63098272681778,67.19035770316898,0.9968715273510754,14.50460904012952,71.81958082994356
1976,50.04084836457749,25.133862031173287,1.6042467524974124,0.0,0.9910949172854219,6.826395940787505,68.73955043480599,0.9941063636546416,6.5074799886878285,67.26644421897502,0.9915160946348719,9.828894891307034,66.62118214323408,1.032948102444656,6.08278268697511,67.13894909296961,0.9901265072641624,9.242265729113234,70.25007529089224,1.007158075179454,10.298760826797006,70.16166108258334
1977,50.03080441979775,35.83544806985574,1.484446788444637,0.0,1.039504225760552,8.655927050075315,69.99638051097698,1.0156540899728626,9.497070911843446,67.74447184281792,1.0180496062618807,9.101244314254695,68.67034910231361,0.9891560475497327,8.9049972485104,68.80881804752423,0.9614695227748429,11.498862316176506,68.78205072577254,0.9972307302062409,10.819504965787129,66.51314963893783
1978,50.02911219402802,21.466306447068188,0.7910917802339854,0.0,0.9942105026240223,9.780352183938064,68.71079308825034,0.9883659464794214,12.183777709229684,70.35627047168934,0.9969944012098064,8.049431737547897,67.78590609167945,1.0401708574499744,15.130024409145545,71.57457530468524,1.018219227518834,9.920823613169095,70.67100297047888,1.0280700235420281,10.72661460905958,68.94669212839979
1979,50.038957927177755,20.499550062828668,0.8283077822000608,0.0,1.0289765678252027,9.782085908952425,69.27508683729715,1.0213732375112607,8.181278706452018,70.04059811728067,0.9752941263381878,5.556230192677737,72.27210812584512,1.0074097192977038,9.84773521274926,69.84657800842673,1.0321068231197967,7.996932828246274,69.94746426619776,0.9786544534698299,11.152876189118619,70.12606851421495
1980,50.02908352339295,27.225140457946132,1.9562436533500513,0.0,1.0328155297119401,6.258149853728147,69.32415797996535,0.9897163590136272,10.855892184841846,70.2472140001218,1.0067114940630602,10.341265598145617,69.5628532801015,0.998088519979243,10.338005981512538,67.73724124188787,0.961676686242446,10.52621671560449,66.79204117464599,1.0148179718588486,11.67704752734948,72.19671425209623
1981,50.04125081951868,21.131589009068396,0.3325103890568524,0.0,1.0209910695249926,6.625278272855757,72.01637949732495,1.0074858609969413,9.822679128122381,66.96137969266178,0.9855110923585142,10.488991105100784,68.35253944387792,0.9861803532499006,7.151402109333265,69.5148284633647,0.9543194919585911,8.883947547686542,70.6596841042009,0.986809075932616,13.048969068754158,70.19635982326737
1982,50.03863802237054,39.29207422827081,1.1176513386681675,0.0,1.007435987186151,6.16852357438239,69.58471854815504,0.971620352955944,9.6483140078099,68.99683737695636,0.9657010430407482,8.869980141164676,66.64245542198428,0.9751943764952972,11.7292937153252,69.98804382383953,0.9730131187090144,8.572095906773553,70.45921299428937,1.028827519841023,12.087213062096223,72.14763244478712
1983,50.045031650380736,35.341608709253535,1.3143993769148654,0.0,1.000126404106935,9.529470026732527,69.32594368724452,1.007984647923585,8.592134606488422,68.22484853799833,0.9876494201403344,9.00029942513598,72.01364297918713,1.00688522154522,12.083644438841857,68.12428407136316,1.0423187782460743,7.6983702945865575,68.4559986807535,1.0393394059938528,7.988600344058131,69.20062923306718
1984,50.06600599554689,28.484411932082782,1.2005693653930636,0.0,0.9805756064098672,10.191909246318987,70.16411866707539,1.0156217368848819,8.538390527050197,69.28300166447352,0.9806923480078914,8.707936196902798,69.17056309574308,0.9927239251232501,11.210056445779818,73.57883104284896,0.9783386688767963,8.573574572963999,68.1264576368684,1.0274184631338823,12.313163056909518,71.99114447213539
1985,50.039840744579266,38.936693621284135,1.3629044791075458,0.0,1.0139179495973183,5.99017594472283,69.51667931264244,0.992984386048189,7.379797170386264,69.73687174635911,1.0057343365590035,8.84860373877822,73.9455266261571,0.9908135974087987,9.878114058617262,73.09832061962466,0.9968278479764717,6.9686246623205985,69.79196224258418,0.9889162948977477,10.817500271087528,72.54601459232289
1986,50.04652747066557,29.878408214811707,1.0537110416069482,0.0,1.0047945661374893,11.484736993541738,69.1451312921166,0.9570842356829915,11.670183890595668,69.87974430753752,0.9827214629765822,11.604626187164634,69.09552357758518,0.9698890568754371,9.642108500878876,69.16909063125293,1.0188986562254099,10.828312623073382,71.51374126291125,0.9964413448043309,16.208572529439632,72.7816353010243
1987,50.0507115908867,38.46727726226301,1.6317971609473385,0.0,0.9866365511297502,11.589798220035494,70.45243811674534,1.0322233497109778,8.475398118624327,70.04456427981944,1.0019698923868636,9.015342244484774,71.14652452031946,0.9806128928753678,11.58164057531316,68.43131619225571,0.9759923499282604,14.351452258111744,66.4826897803037,0.9905034888666163,7.118328971942915,70.33180724262904
1988,50.04594525039743,36.196088990044686,0.6271609470259885,0.0,0.9889233440057542,9.558256510113306,67.31433377098507,1.0236784967994752,7.412111879248187,70.99288377792475,1.0302045170051635,9.249076013224887,69.42603376691972,0.9876789936104228,9.713234390246079,71.18649683976386,0.9936390551827882,8.179778898466585,69.95877851914688,0.9867066741971425,10.033296868818846,69.3433661077448
1989,50.03817175867876,21.442611470791807,0.33383125283345394,0.0,0.9839429639604087,6.945610940937161,64.78374577264239,0.9875326471535303,10.734918813156558,70.05924632114221,0.9715659046892164,11.779693172822006,72.50292943583953,1.0043967730322134,11.123836018092906,69.9291673079454,0.9610342953229108,10.663022681475825,70.86220166910613,0.990643238224396,11.168470209709591,70.33076741151204
1990,50.03847176674243,20.619265131524386,0.5761199442988194,0.0,1.0118995728844982,8.041157625545457,69.33134955816834,0.9936638112398479,12.202309168534399,69.36467426116077,0.9766827822669193,12.095292675003057,67.59502529725545,1.0169311214025858,10.84876421506454,72.24776616195739,1.02883109640366,9.67187857800164,69.89021345634717,0.9781329206338564,11.26139205323845,72.46671049768787
1991,50.035760156339805,24.08087027076653,0.4956323116942394,0.0,0.9667256520411488,9.54798247730826,72.49011143812882,1.0147713962336076,12.038490594253282,70.23121272244086,1.0148613812616778,9.39711967876796,69.53522023166656,1.02162279752653,15.30841095950972,68.92438317530497,1.013058458325935,11.717488009432465,71.15075599672947,1.0182323877324397,10.396018118509238,68.26224125697162
1992,50.03211796007666,21.828664315352967,1.8556115978826269,0.0,1.0144756786607265,8.194736414133047,68.38252111364619,0.9411467512494078,11.8315379847128,69.21743118350561,0.9804153902178314,10.437603634102146,71.12230652601386,1.0019348414608469,7.423458186864386,72.50652191532458,1.041929570611702,10.624589757728542,70.44763473307013,1.0182255210860216,10.877141328039567,68.23159148962107
1993,50.04232994005967,38.963888147488596,0.6199317489917837,0.0,0.964584610671053,7.846841341660467,68.64311653619458,1.0048470577734219,8.200020064281626,69.78661943056821,1.0405031966523621,10.69734835339366,72.30867817983263,1.0014540262134992,7.541792831614236,69.8532740285142,0.9836034029509185,9.222640004493016,73.18077497751908,1.057389511401846,10.599829367533392,68.844303559724
1994,50.0551673950086,33.287597528137624,0.524953551558881,0.0,1.0226174347664054,14.825539110754164,73.01214820615276,1.029870236878856,13.389809701160745,69.90386528216312,1.0279319256918242,9.506745535194735,70.09923568137947,1.0030563936650732,8.833285745049846,70.25269481149547,1.0005911761774477,12.29037461512284,71.54788885216203,0.9653472859569817,12.867279524232593,68.14545939790841
1995,50.04633303730771,38.10836066499422,0.10975176576912671,0.0,1.0044185083531576,12.887596499302855,70.64830517591572,1.0233991671204654,12.452352679520738,69.33054858890794,0.9947371607433799,9.312332194511043,68.9645951724123,0.9960038793686787,9.009415578359464,71.49264855389976,0.9653419524396127,7.5028947814328015,69.2363266139377,0.99847436361419,9.361629039645543,69.45529626533882
1996,50.033573984710266,21.704448875560132,1.9760794526824559,0.0,1.0232642420874778,9.113893792331346,67.13564163159025,0.9949001500859814,11.5869974003003,69.46592977684377,1.003893200469495,5.025867968450591,68.9379969651142,0.9623534114728325,10.332576801157712,70.07038477215717,0.9868658217518654,11.511260525190298,66.8161938622261,0.9681303395870394,8.79490825267332,70.32552512643925
1997,50.062089365668704,36.8500567911218,1.7770970939187583,0.0,1.0102587135915289,8.816647600669251,68.83360656872884,0.980158273909274,12.405099271288924,69.04659101764337,0.9962245182908218,8.44133308068433,67.41892023584671,1.0007729240574599,10.624703611288222,68.03518341422891,0.9906364581491263,9.726197382791534,67.35037983957628,0.996272847244726,10.123633940344085,71.28101773364764
1998,50.04818257250527,29.742422846452534,0.33592297406957683,0.0,1.0145591276056491,5.689331883747949,72.92937414933432,0.9873644944938076,9.309485523709885,70.20392338514147,1.015950255392562,11.765968162327312,73.41514752636196,1.0091414754769166,11.510753327385803,68.57605192849276,0.9705798548992486,9.079056956911648,68.114754859169,1.0273949776469127,9.89891795680003,72.53300521588692
1999,50.04805538496268,24.256189453858674,0.3228099328785117,0.0,0.9973009645065917,9.241719981624906,68.98036285234491,0.9929832096455387,8.765486428489295,71.75500221517356,0.9975061627600748,10.153153698450257,69.62009384207386,0.9969640952467445,10.293773983771716,70.71936275892273,0.9617846190313514,9.928255213450287,68.03974579639593,1.0104168769650022,9.661110913219668,72.68301393881745
